cs,token,25,1,0.1775,NaN
cs,token,25,1,0.19125,0.182
cs,token,25,1,0.1825,0.176
cs,token,25,1,0.2275,0.215
cs,token,25,1,0.1925,NaN
cs,token,25,2,0.09875,NaN
cs,token,25,2,0.065,NaN
cs,token,25,2,0.105,NaN
cs,token,25,2,0.11125,NaN
cs,pos,25,1,0.21625,0.209
cs,token,25,2,0.08,NaN
cs,pos,25,1,0.14,NaN
cs,pos,25,1,0.16375,NaN
cs,pos,25,1,0.14625,NaN
cs,pos,25,1,0.16375,NaN
cs,pos,25,2,0.41875,0.404
cs,pos,25,2,0.3225,0.311
cs,pos,25,2,0.34875,0.337
cs,pos,25,2,0.365,0.356
cs,syl,25,1,0.23625,NaN
cs,syl,25,1,0.29125,NaN
cs,pos,25,2,0.405,0.386
cs,syl,25,1,0.2925,0.285
cs,syl,25,1,0.2525,0.245
cs,syl,25,1,0.26125,NaN
cs,syl,25,2,0.61125,0.605
cs,syl,25,2,0.58125,0.581
cs,syl,25,2,0.60875,0.599
cs,syl,25,2,0.61375,0.604
cs,syl,25,2,0.6275,0.621
cs,pos_syl,25,1,0.36625,0.359
cs,pos_syl,25,1,0.44875,NaN
cs,pos_syl,25,1,0.3875,0.375
cs,pos_syl,25,1,0.33625,0.333
cs,pos_syl,25,1,0.4025,0.381
cs,pos_syl,25,2,0.7075,0.692
cs,pos_syl,25,2,0.69,0.679
cs,pos_syl,25,2,0.65625,0.639
cs,pos_syl,25,2,0.655,0.639
cs,pos_syl,25,2,0.715,0.707
cs,token,50,1,0.33125,0.324
cs,token,50,1,0.27375,0.258
cs,token,50,1,0.33625,0.325
cs,token,50,1,0.38375,0.378
cs,token,50,1,0.3425,0.332
cs,token,50,2,0.1325,NaN
cs,pos,50,1,0.165,0.162
cs,token,50,2,0.1075,NaN
cs,token,50,2,0.20125,NaN
cs,token,50,2,0.10875,NaN
cs,pos,50,1,0.175,NaN
cs,pos,50,1,0.2125,NaN
cs,pos,50,1,0.21,0.196
cs,token,50,2,0.14,NaN
cs,pos,50,2,0.41625,0.405
cs,pos,50,1,0.28375,NaN
cs,syl,50,1,0.36125,0.35
cs,pos,50,2,0.4775,0.463
cs,pos,50,2,0.4325,0.419
cs,pos,50,2,0.4575,0.44
cs,syl,50,2,0.6925,0.685
cs,syl,50,1,0.42875,0.429
cs,syl,50,1,0.335,0.328
cs,syl,50,1,0.36875,NaN
cs,pos,50,2,0.4675,0.451
cs,pos_syl,50,1,0.47,0.463
cs,syl,50,2,0.73375,0.735
cs,syl,50,1,0.36875,0.367
cs,syl,50,2,0.665,0.659
cs,syl,50,2,0.695,0.695
cs,pos_syl,50,1,0.52,0.512
cs,syl,50,2,0.73,0.728
cs,pos_syl,50,1,0.465,0.446
cs,pos_syl,50,1,0.50625,0.495
cs,pos_syl,50,1,0.48125,0.467
cs,pos_syl,50,2,0.755,0.75
cs,pos_syl,50,2,0.7375,0.735
cs,pos_syl,50,2,0.725,0.725
cs,pos_syl,50,2,0.7475,0.748
cs,token,100,1,0.37625,0.365
cs,pos_syl,50,2,0.74,0.735
cs,token,100,1,0.46875,0.456
cs,token,100,1,0.41875,0.41
cs,token,100,1,0.40375,0.388
cs,token,100,1,0.4175,0.398
cs,token,100,2,0.1875,NaN
cs,token,100,2,0.14875,NaN
cs,pos,100,1,0.2425,0.229
cs,token,100,2,0.12625,NaN
cs,token,100,2,0.19,0.174
cs,pos,100,1,0.26125,NaN
cs,pos,100,1,0.28375,0.27
cs,pos,100,1,0.2825,NaN
cs,token,100,2,0.16125,0.156
cs,pos,100,1,0.2525,0.234
cs,pos,100,2,0.56375,0.547
cs,syl,100,1,0.40625,NaN
cs,pos,100,2,0.55375,0.543
cs,pos,100,2,0.52375,0.513
cs,syl,100,1,0.39125,0.387
cs,pos,100,2,0.57125,0.551
cs,syl,100,1,0.4175,0.411
cs,syl,100,2,0.825,0.818
cs,syl,100,1,0.43,0.417
cs,pos,100,2,0.53625,0.52
cs,syl,100,1,0.4675,NaN
cs,syl,100,2,0.84375,0.844
cs,syl,100,2,0.8525,0.851
cs,pos_syl,100,1,0.59375,0.594
cs,syl,100,2,0.7925,0.787
cs,pos_syl,100,1,0.54,0.527
cs,pos_syl,100,1,0.52625,0.518
cs,syl,100,2,0.86,0.857
cs,pos_syl,100,1,0.5975,0.589
cs,pos_syl,100,1,0.65625,0.648
cs,pos_syl,100,2,0.8225,0.816
cs,pos_syl,100,2,0.83,0.821
cs,pos_syl,100,2,0.835,0.829
cs,pos_syl,100,2,0.8475,0.847
cs,pos_syl,100,2,0.81625,0.814
cs,token,200,1,0.58875,0.565
cs,token,200,1,0.51125,0.511
cs,token,200,1,0.52625,0.508
cs,token,200,1,0.585,0.572
cs,token,200,1,0.52375,0.494
cs,token,200,2,0.24625,0.239
cs,pos,200,1,0.37,NaN
cs,token,200,2,0.27625,NaN
cs,token,200,2,0.21125,NaN
cs,token,200,2,0.28875,NaN
cs,pos,200,1,0.29125,NaN
cs,pos,200,1,0.395,0.386
cs,token,200,2,0.235,NaN
cs,pos,200,1,0.45375,0.421
cs,pos,200,1,0.325,NaN
cs,pos,200,2,0.66875,0.655
cs,syl,200,1,0.55625,0.552
cs,pos,200,2,0.6625,0.648
cs,pos,200,2,0.7025,0.697
cs,syl,200,1,0.64125,0.631
cs,pos,200,2,0.71375,0.704
cs,syl,200,1,0.6525,0.649
cs,pos,200,2,0.6525,0.64
cs,syl,200,1,0.585,0.576
cs,syl,200,2,0.92875,0.927
cs,syl,200,1,0.5575,0.551
cs,pos_syl,200,1,0.62375,0.616
cs,syl,200,2,0.92625,0.924
cs,syl,200,2,0.93875,0.939
cs,syl,200,2,0.94625,0.947
cs,pos_syl,200,1,0.71125,0.706
cs,syl,200,2,0.9275,0.926
cs,pos_syl,200,1,0.70875,0.703
cs,pos_syl,200,1,0.725,0.721
cs,pos_syl,200,1,0.68,0.679
cs,pos_syl,200,2,0.915,0.914
cs,pos_syl,200,2,0.91625,0.914
cs,pos_syl,200,2,0.88625,0.884
cs,pos_syl,200,2,0.91375,0.912
cs,pos_syl,200,2,0.87875,0.878
cs,token,300,1,0.6525,0.642
cs,token,300,1,0.54,0.529
cs,token,300,1,0.6125,0.602
cs,token,300,1,0.5975,0.584
cs,token,300,1,0.6675,0.661
cs,token,300,2,0.34125,0.314
cs,pos,300,1,0.48625,0.465
cs,token,300,2,0.375,0.355
cs,pos,300,1,0.43625,0.424
cs,token,300,2,0.37,0.353
cs,token,300,2,0.35125,0.334
cs,token,300,2,0.2875,NaN
cs,pos,300,1,0.50375,0.485
cs,pos,300,1,0.5075,0.481
cs,pos,300,1,0.43375,0.43
cs,pos,300,2,0.79625,0.793
cs,syl,300,1,0.65125,0.648
cs,pos,300,2,0.75125,0.742
cs,pos,300,2,0.79,0.781
cs,syl,300,1,0.65,0.644
cs,pos,300,2,0.7875,0.781
cs,syl,300,1,0.65375,0.648
cs,pos,300,2,0.78875,0.787
cs,syl,300,1,0.61125,0.605
cs,syl,300,1,0.575,0.569
cs,syl,300,2,0.9575,0.957
cs,syl,300,2,0.9625,0.963
cs,pos_syl,300,1,0.79875,0.797
cs,syl,300,2,0.96875,0.969
cs,syl,300,2,0.96375,0.963
cs,pos_syl,300,1,0.81,0.807
cs,syl,300,2,0.94125,0.94
cs,pos_syl,300,1,0.755,0.752
cs,pos_syl,300,1,0.78,0.774
cs,pos_syl,300,1,0.83,0.829
cs,pos_syl,300,2,0.92125,0.921
cs,pos_syl,300,2,0.94125,0.941
cs,pos_syl,300,2,0.935,0.934
cs,pos_syl,300,2,0.9425,0.938
cs,pos_syl,300,2,0.93,0.93
cs,token,500,1,0.68125,0.675
cs,token,500,1,0.72,0.711
cs,token,500,1,0.68625,0.685
cs,token,500,1,0.67625,0.666
cs,token,500,1,0.63375,0.624
cs,token,500,2,0.3775,0.367
cs,pos,500,1,0.54125,0.53
cs,token,500,2,0.40375,0.387
cs,pos,500,1,0.56625,0.558
cs,token,500,2,0.4375,0.425
cs,token,500,2,0.395,0.381
cs,pos,500,1,0.61,0.604
cs,token,500,2,0.41375,0.397
cs,pos,500,1,0.56375,0.559
cs,pos,500,1,0.57375,0.566
cs,pos,500,2,0.86125,0.859
cs,syl,500,1,0.71875,0.709
cs,pos,500,2,0.875,0.874
cs,syl,500,1,0.7075,0.703
cs,pos,500,2,0.875,0.868
cs,pos,500,2,0.8675,0.864
cs,syl,500,1,0.69375,0.69
cs,syl,500,2,0.99125,0.991
cs,syl,500,1,0.69375,0.69
cs,pos,500,2,0.89375,0.892
cs,syl,500,1,0.7325,0.727
cs,pos_syl,500,1,0.86,0.854
cs,syl,500,2,0.975,0.975
cs,pos_syl,500,1,0.88,0.878
cs,syl,500,2,0.9825,0.982
cs,syl,500,2,0.98875,0.989
cs,pos_syl,500,1,0.93375,0.933
cs,pos_syl,500,1,0.92,0.919
cs,syl,500,2,0.995,0.995
cs,pos_syl,500,1,0.89,0.889
cs,pos_syl,500,2,0.9675,0.966
cs,pos_syl,500,2,0.97375,0.973
cs,token,750,1,0.75625,0.751
cs,pos_syl,500,2,0.96625,0.966
cs,pos_syl,500,2,0.975,0.975
cs,pos_syl,500,2,0.97875,0.979
cs,token,750,1,0.735,0.728
cs,token,750,1,0.71625,0.705
cs,token,750,1,0.72,0.707
cs,token,750,1,0.69875,0.684
cs,token,750,2,0.49375,0.467
cs,pos,750,1,0.66875,0.654
cs,token,750,2,0.53,0.52
cs,token,750,2,0.515,0.499
cs,token,750,2,0.53375,0.518
cs,pos,750,1,0.68125,0.67
cs,pos,750,1,0.72125,0.717
cs,token,750,2,0.4925,0.48
cs,pos,750,1,0.61625,0.6
cs,pos,750,1,0.67875,0.673
cs,pos,750,2,0.91,0.907
cs,syl,750,1,0.77125,0.761
cs,pos,750,2,0.93,0.928
cs,pos,750,2,0.90375,0.902
cs,syl,750,2,0.9925,0.992
cs,syl,750,1,0.79,0.781
cs,syl,750,1,0.75125,0.746
cs,pos,750,2,0.92375,0.922
cs,pos,750,2,0.88875,0.886
cs,syl,750,1,0.77125,0.768
cs,syl,750,1,0.815,0.806
cs,pos_syl,750,1,0.925,0.925
cs,syl,750,2,0.9975,0.997
cs,syl,750,2,0.9825,0.982
cs,syl,750,2,0.98375,0.984
cs,pos_syl,750,1,0.96,0.96
cs,syl,750,2,0.98625,0.986
cs,pos_syl,750,1,0.94875,0.947
cs,pos_syl,750,1,0.9175,0.917
cs,pos_syl,750,1,0.9175,0.917
cs,pos_syl,750,2,0.97,0.969
cs,token,1000,1,0.812903225806452,0.808
cs,pos_syl,750,2,0.9675,0.967
cs,pos_syl,750,2,0.975,0.974
cs,pos_syl,750,2,0.9725,0.972
cs,pos_syl,750,2,0.99,0.99
cs,token,1000,1,0.765161290322581,0.76
cs,token,1000,1,0.775483870967742,0.771
cs,token,1000,1,0.79741935483871,0.781
cs,token,1000,1,0.754838709677419,0.739
cs,token,1000,2,0.581935483870968,0.569
cs,pos,1000,1,0.729032258064516,0.737
cs,token,1000,2,0.619354838709677,0.609
cs,token,1000,2,0.601290322580645,0.559
cs,pos,1000,1,0.674838709677419,0.676
cs,token,1000,2,0.579354838709677,NA
cs,pos,1000,1,0.770322580645161,0.774
cs,token,1000,2,0.548387096774194,0.524
cs,pos,1000,1,0.712258064516129,0.712
cs,pos,1000,1,0.725161290322581,0.728
cs,pos,1000,2,0.926451612903226,0.927
cs,syl,1000,1,0.767741935483871,0.758
cs,pos,1000,2,0.926451612903226,0.925
cs,pos,1000,2,0.95741935483871,0.959
cs,pos,1000,2,0.950967741935484,0.953
cs,syl,1000,1,0.783225806451613,0.771
cs,pos,1000,2,0.958709677419355,0.96
cs,syl,1000,1,0.793548387096774,0.784
cs,syl,1000,1,0.807741935483871,0.801
cs,syl,1000,1,0.810322580645161,0.798
cs,syl,1000,2,0.989677419354839,0.99
cs,pos_syl,1000,1,0.939354838709677,0.941
cs,syl,1000,2,0.988387096774194,0.989
cs,syl,1000,2,0.993548387096774,0.994
cs,syl,1000,2,1,1
cs,syl,1000,2,1,1
cs,pos_syl,1000,1,0.96258064516129,0.965
cs,pos_syl,1000,1,0.95741935483871,0.955
cs,pos_syl,1000,1,0.934193548387097,0.935
cs,pos_syl,1000,1,0.956129032258065,0.957
cs,pos_syl,1000,2,0.972903225806452,0.974
cs,token,25,1,0.21875,NaN
cs,pos_syl,1000,2,0.992258064516129,0.992
cs,pos_syl,1000,2,0.987096774193548,0.988
cs,token,25,2,0.1,NaN
cs,pos_syl,1000,2,0.984516129032258,0.985
cs,pos,25,1,0.19375,NaN
cs,pos_syl,1000,2,0.987096774193548,0.988
cs,token,25,1,0.16875,0.153
cs,token,25,1,0.2475,NaN
cs,pos,25,2,0.35875,0.352
cs,syl,25,1,0.2775,0.275
cs,token,25,1,0.19375,NaN
cs,token,25,1,0.21,0.202
cs,syl,25,2,0.57375,0.565
cs,token,25,2,0.08625,NaN
cs,token,25,2,0.11375,NaN
cs,pos_syl,25,1,0.425,0.414
cs,pos,25,1,0.18375,0.174
cs,pos,25,1,0.1425,NaN
cs,token,25,2,0.13125,NaN
cs,token,25,2,0.0425,NaN
cs,pos,25,1,0.1375,NaN
cs,pos,25,1,0.1425,NaN
cs,pos,25,2,0.315,NaN
cs,pos,25,2,0.295,0.279
cs,syl,25,1,0.33375,NaN
cs,syl,25,1,0.23125,NaN
cs,pos,25,2,0.3625,0.354
cs,pos,25,2,0.36375,0.358
cs,syl,25,2,0.595,0.584
cs,syl,25,2,0.53625,0.53
cs,syl,25,1,0.18875,NaN
cs,syl,25,1,0.295,NaN
cs,pos_syl,25,1,0.3875,0.382
cs,pos_syl,25,1,0.41,0.394
cs,syl,25,2,0.55375,0.546
cs,syl,25,2,0.57375,0.561
cs,pos_syl,25,1,0.41625,0.397
cs,pos_syl,25,1,0.38375,0.374
cs,pos_syl,25,2,0.68375,0.68
cs,token,50,1,0.31875,0.3
cs,pos_syl,25,2,0.715,0.708
cs,pos_syl,25,2,0.685,0.676
cs,pos_syl,25,2,0.61125,0.606
cs,token,50,2,0.16,NaN
cs,token,50,1,0.3375,0.312
cs,pos_syl,25,2,0.65,0.644
cs,pos,50,1,0.195,NaN
cs,token,50,1,0.315,0.305
cs,token,50,1,0.31875,0.302
cs,pos,50,2,0.42375,0.408
cs,token,50,1,0.3075,0.297
cs,syl,50,1,0.3825,NaN
cs,syl,50,2,0.76625,0.764
cs,token,50,2,0.09,NaN
cs,pos_syl,50,1,0.58625,0.572
cs,pos,50,1,0.185,NaN
cs,token,50,2,0.115,NaN
cs,pos,50,1,0.175,0.17
cs,token,50,2,0.12125,NaN
cs,pos,50,1,0.1575,NaN
cs,token,50,2,0.14,NaN
cs,pos,50,2,0.485,0.478
cs,pos,50,1,0.2275,NaN
cs,pos_syl,50,2,0.7775,0.778
cs,syl,50,1,0.43625,0.431
cs,pos,50,2,0.46,0.448
cs,pos,50,2,0.42875,0.42
cs,syl,50,1,0.42125,0.414
cs,syl,50,2,0.71,0.702
cs,syl,50,1,0.42,0.402
cs,pos,50,2,0.5275,0.51
cs,syl,50,2,0.66375,0.66
cs,token,100,1,0.45375,0.438
cs,syl,50,1,0.34875,0.339
cs,pos_syl,50,1,0.4575,0.453
cs,syl,50,2,0.68375,0.675
cs,pos_syl,50,1,0.5375,0.532
cs,syl,50,2,0.6925,0.689
cs,pos_syl,50,1,0.52125,0.506
cs,pos_syl,50,1,0.54625,0.531
cs,pos_syl,50,2,0.74,0.74
cs,pos_syl,50,2,0.715,0.71
cs,pos_syl,50,2,0.775,0.776
cs,token,100,2,0.1775,NaN
cs,pos_syl,50,2,0.7875,0.784
cs,pos,100,1,0.29,0.269
cs,token,100,1,0.42875,0.423
cs,token,100,1,0.4725,0.474
cs,token,100,1,0.48375,0.48
cs,token,100,1,0.43875,0.415
cs,pos,100,2,0.53,0.5
cs,syl,100,1,0.52625,0.513
cs,syl,100,2,0.8525,0.849
cs,token,100,2,0.18875,0.185
cs,pos,100,1,0.26625,NaN
cs,pos_syl,100,1,0.5775,0.576
cs,token,100,2,0.14625,NaN
cs,token,100,2,0.19125,0.183
cs,pos,100,1,0.2475,NaN
cs,pos,100,1,0.35375,0.329
cs,token,100,2,0.17625,0.167
cs,pos,100,2,0.59125,0.576
cs,pos,100,1,0.23125,NaN
cs,syl,100,1,0.4575,0.447
cs,pos_syl,100,2,0.8075,0.807
cs,pos,100,2,0.62875,0.617
cs,pos,100,2,0.665,0.658
cs,syl,100,1,0.48,0.468
cs,syl,100,2,0.8125,0.811
cs,syl,100,1,0.55875,0.551
cs,syl,100,2,0.84125,0.835
cs,pos,100,2,0.53625,0.507
cs,pos_syl,100,1,0.53625,0.531
cs,token,200,1,0.57625,0.572
cs,syl,100,2,0.81,0.804
cs,syl,100,1,0.4375,0.426
cs,pos_syl,100,1,0.55625,0.554
cs,pos_syl,100,1,0.615,0.606
cs,syl,100,2,0.835,0.835
cs,pos_syl,100,1,0.55625,0.552
cs,pos_syl,100,2,0.82625,0.824
cs,pos_syl,100,2,0.87,0.869
cs,pos_syl,100,2,0.8575,0.855
cs,token,200,2,0.21,0.198
cs,token,200,1,0.5675,0.561
cs,pos,200,1,0.35625,0.34
cs,pos_syl,100,2,0.84125,0.84
cs,token,200,1,0.535,0.529
cs,token,200,1,0.53,0.52
cs,token,200,1,0.585,0.581
cs,pos,200,2,0.6675,0.658
cs,syl,200,1,0.55125,0.546
cs,token,200,2,0.2725,NaN
cs,syl,200,2,0.925,0.925
cs,pos,200,1,0.345,0.334
cs,token,200,2,0.27125,0.259
cs,pos_syl,200,1,0.705,0.701
cs,token,200,2,0.18625,NaN
cs,pos,200,1,0.375,0.367
cs,pos,200,1,0.3675,0.349
cs,token,200,2,0.2125,NaN
cs,pos,200,1,0.43375,NaN
cs,pos,200,2,0.6675,0.661
cs,syl,200,1,0.56625,0.561
cs,pos,200,2,0.71,0.701
cs,pos_syl,200,2,0.90125,0.901
cs,syl,200,1,0.615,0.609
cs,pos,200,2,0.7125,0.705
cs,syl,200,1,0.565,0.56
cs,syl,200,2,0.92875,0.928
cs,pos,200,2,0.67625,0.669
cs,syl,200,2,0.94375,0.944
cs,syl,200,1,0.6275,0.626
cs,pos_syl,200,1,0.72125,0.719
cs,syl,200,2,0.9325,0.931
cs,token,300,1,0.5725,0.567
cs,pos_syl,200,1,0.69375,0.686
cs,pos_syl,200,1,0.69875,0.699
cs,syl,200,2,0.93,0.925
cs,pos_syl,200,1,0.73375,0.728
cs,pos_syl,200,2,0.91,0.91
cs,pos_syl,200,2,0.89625,0.893
cs,pos_syl,200,2,0.8925,0.892
cs,token,300,1,0.58625,0.57
cs,pos_syl,200,2,0.91375,0.914
cs,token,300,2,0.39375,0.375
cs,token,300,1,0.56,0.552
cs,pos,300,1,0.42125,NaN
cs,token,300,1,0.55,0.529
cs,token,300,1,0.57875,0.564
cs,pos,300,2,0.73125,0.722
cs,syl,300,1,0.6475,0.633
cs,token,300,2,0.2975,NaN
cs,pos,300,1,0.505,0.484
cs,token,300,2,0.3475,NaN
cs,pos,300,1,0.42875,0.413
cs,token,300,2,0.29375,0.283
cs,syl,300,2,0.945,0.945
cs,pos,300,1,0.43,0.411
cs,pos_syl,300,1,0.7775,0.772
cs,token,300,2,0.38375,0.37
cs,pos,300,1,0.4625,0.449
cs,pos,300,2,0.76625,0.758
cs,syl,300,1,0.6875,0.683
cs,pos,300,2,0.73375,0.727
cs,syl,300,1,0.61875,0.613
cs,pos,300,2,0.715,0.702
cs,syl,300,1,0.61125,0.605
cs,syl,300,2,0.925,0.926
cs,pos_syl,300,2,0.91125,0.911
cs,pos,300,2,0.75,0.741
cs,pos_syl,300,1,0.81125,0.807
cs,syl,300,1,0.5875,0.576
cs,syl,300,2,0.965,0.965
cs,syl,300,2,0.97,0.969
cs,pos_syl,300,1,0.80375,0.803
cs,pos_syl,300,1,0.7425,0.744
cs,token,500,1,0.58,0.563
cs,syl,300,2,0.92375,0.921
cs,pos_syl,300,1,0.795,0.792
cs,pos_syl,300,2,0.9325,0.931
cs,pos_syl,300,2,0.9125,0.908
cs,pos_syl,300,2,0.955,0.955
cs,token,500,1,0.65375,0.639
cs,pos_syl,300,2,0.94,0.939
cs,token,500,1,0.69,0.672
cs,token,500,1,0.6275,0.607
cs,token,500,2,0.5025,0.477
cs,token,500,1,0.6925,0.682
cs,pos,500,1,0.57875,0.569
cs,pos,500,2,0.805,0.799
cs,token,500,2,0.43875,0.415
cs,syl,500,1,0.68625,0.684
cs,pos,500,1,0.57125,0.56
cs,token,500,2,0.445,0.434
cs,token,500,2,0.4125,0.396
cs,pos,500,1,0.53375,0.518
cs,pos,500,1,0.5225,0.512
cs,token,500,2,0.47625,0.458
cs,syl,500,2,0.9625,0.962
cs,pos,500,1,0.55875,0.553
cs,pos_syl,500,1,0.895,0.894
cs,pos,500,2,0.865,0.863
cs,pos,500,2,0.84375,0.84
cs,syl,500,1,0.66375,0.657
cs,syl,500,1,0.7475,0.745
cs,pos,500,2,0.86625,0.865
cs,syl,500,1,0.715,0.699
cs,pos,500,2,0.8475,0.846
cs,syl,500,2,0.98,0.98
cs,syl,500,1,0.71875,0.714
cs,syl,500,2,0.98375,0.984
cs,syl,500,2,0.9825,0.982
cs,pos_syl,500,2,0.95125,0.95
cs,pos_syl,500,1,0.845,0.845
cs,pos_syl,500,1,0.8775,0.876
cs,pos_syl,500,1,0.87375,0.873
cs,syl,500,2,0.975,0.975
cs,token,750,1,0.71875,0.715
cs,pos_syl,500,1,0.8775,0.872
cs,pos_syl,500,2,0.96,0.96
cs,pos_syl,500,2,0.94875,0.947
cs,pos_syl,500,2,0.9825,0.982
cs,token,750,1,0.69875,0.688
cs,token,750,1,0.70125,0.691
cs,pos_syl,500,2,0.9675,0.966
cs,token,750,1,0.69375,0.689
cs,token,750,1,0.74,0.73
cs,token,750,2,0.53625,0.519
cs,pos,750,1,0.67375,0.663
cs,token,750,2,0.525,0.497
cs,pos,750,1,0.65,0.638
cs,token,750,2,0.50625,0.475
cs,pos,750,1,0.67,0.67
cs,pos,750,2,0.90125,0.901
cs,token,750,2,0.575,0.561
cs,syl,750,1,0.72,0.715
cs,pos,750,1,0.7075,0.699
cs,token,750,2,0.5,NA
cs,pos,750,1,0.66,0.651
cs,pos,750,2,0.8775,0.874
cs,syl,750,1,0.73125,0.723
cs,syl,750,2,0.99625,0.996
cs,pos,750,2,0.91375,0.912
cs,pos_syl,750,1,0.93,0.929
cs,pos,750,2,0.93,0.93
cs,syl,750,1,0.755,0.749
cs,syl,750,1,0.725,0.72
cs,pos,750,2,0.8875,0.886
cs,syl,750,1,0.7675,0.758
cs,syl,750,2,0.98875,0.989
cs,pos_syl,750,1,0.9175,0.915
cs,syl,750,2,0.97875,0.979
cs,pos_syl,750,1,0.92375,0.923
cs,pos_syl,750,2,0.98,0.98
cs,syl,750,2,0.99875,0.999
cs,pos_syl,750,1,0.92125,0.922
cs,token,1000,1,0.761290322580645,0.757
cs,syl,750,2,0.98,0.98
cs,pos_syl,750,1,0.92875,0.927
cs,pos_syl,750,2,0.97,0.969
cs,pos_syl,750,2,0.975,0.975
cs,pos_syl,750,2,0.985,0.985
cs,token,1000,1,0.779354838709677,0.773
cs,token,1000,1,0.752258064516129,0.755
cs,pos_syl,750,2,0.9725,0.972
cs,token,1000,1,0.738064516129032,0.729
cs,token,1000,1,0.805161290322581,0.804
cs,token,1000,2,0.507096774193548,0.469
cs,pos,1000,1,0.710967741935484,0.713
cs,token,1000,2,0.593548387096774,0.575
cs,pos,1000,1,0.672258064516129,0.679
cs,token,1000,2,0.619354838709677,0.613
cs,pos,1000,1,0.738064516129032,0.746
cs,token,1000,2,0.632258064516129,0.617
cs,pos,1000,2,0.950967741935484,0.952
cs,pos,1000,1,0.716129032258065,0.714
cs,syl,1000,1,0.776774193548387,0.755
cs,token,1000,2,0.574193548387097,0.562
cs,pos,1000,1,0.743225806451613,0.748
cs,pos,1000,2,0.930322580645161,0.927
cs,syl,1000,1,0.815483870967742,0.809
cs,pos,1000,2,0.948387096774194,0.949
cs,syl,1000,2,1,1
cs,syl,1000,1,0.774193548387097,0.762
cs,pos,1000,2,0.929032258064516,0.931
cs,pos_syl,1000,1,0.945806451612903,0.947
cs,syl,1000,1,0.803870967741935,0.793
cs,pos,1000,2,0.936774193548387,0.938
cs,syl,1000,1,0.805161290322581,0.799
cs,syl,1000,2,0.994838709677419,0.995
cs,syl,1000,2,1,1
cs,syl,1000,2,1,1
cs,pos_syl,1000,1,0.939354838709677,0.938
cs,pos_syl,1000,1,0.956129032258065,0.956
cs,pos_syl,1000,1,0.950967741935484,0.952
cs,pos_syl,1000,2,0.980645161290323,0.982
cs,token,25,1,0.16625,NaN
cs,syl,1000,2,0.985806451612903,0.986
cs,pos_syl,1000,1,0.96,0.959
cs,pos_syl,1000,2,0.985806451612903,0.986
cs,token,25,2,0.1375,NaN
cs,pos,25,1,0.14875,NaN
cs,pos_syl,1000,2,0.975483870967742,0.976
cs,pos_syl,1000,2,0.988387096774194,0.989
cs,token,25,1,0.1875,NaN
cs,pos,25,2,0.39125,0.379
cs,syl,25,1,0.33625,NaN
cs,token,25,1,0.26625,0.248
cs,token,25,1,0.2675,0.262
cs,syl,25,2,0.5775,0.559
cs,pos_syl,25,1,0.3775,0.355
cs,token,25,2,0.10125,NaN
cs,pos,25,1,0.15,NaN
cs,token,25,2,0.0875,NaN
cs,pos_syl,1000,2,0.976774193548387,0.978
cs,token,25,2,0.06625,NaN
cs,pos,25,1,0.19,NaN
cs,pos,25,1,0.17625,NaN
cs,pos,25,2,0.3225,0.316
cs,syl,25,1,0.33625,NaN
cs,token,25,1,0.22,NaN
cs,pos,25,2,0.37125,0.358
cs,syl,25,2,0.6425,0.639
cs,pos,25,2,0.395,NaN
cs,syl,25,1,0.34125,0.331
cs,syl,25,1,0.33875,0.33
cs,pos_syl,25,1,0.4025,0.383
cs,syl,25,2,0.53375,0.521
cs,syl,25,2,0.55625,0.547
cs,pos_syl,25,1,0.49125,0.477
cs,pos_syl,25,1,0.44,0.428
cs,token,25,2,0.10625,NaN
cs,pos,25,1,0.14625,NaN
cs,pos_syl,25,2,0.69625,0.689
cs,pos,25,2,0.3875,0.369
cs,syl,25,1,0.28625,NaN
cs,syl,25,2,0.61375,0.604
cs,token,50,1,0.2725,0.261
cs,pos_syl,25,1,0.3875,0.378
cs,pos_syl,25,2,0.68125,0.677
cs,pos_syl,25,2,0.69375,0.685
cs,pos_syl,25,2,0.68125,0.672
cs,token,50,1,0.32375,0.313
cs,token,50,2,0.12,NaN
cs,pos,50,1,0.1575,NaN
cs,token,50,1,0.33625,NaN
cs,token,50,1,0.345,0.326
cs,pos,50,2,0.49875,0.494
cs,syl,50,1,0.41625,0.409
cs,syl,50,2,0.67125,0.661
cs,token,50,2,0.14375,NaN
cs,pos_syl,50,1,0.5125,0.507
cs,pos_syl,25,2,0.695,0.686
cs,pos,50,1,0.29375,NaN
cs,token,50,2,0.11125,NaN
cs,token,50,2,0.1625,0.159
cs,pos,50,1,0.24625,NaN
cs,pos,50,1,0.195,NaN
cs,pos,50,2,0.46625,0.452
cs,token,50,1,0.32,NaN
cs,pos_syl,50,2,0.675,0.67
cs,syl,50,1,0.355,0.349
cs,pos,50,2,0.50125,0.491
cs,pos,50,2,0.45375,0.443
cs,syl,50,2,0.63125,0.631
cs,syl,50,1,0.3925,0.385
cs,syl,50,1,0.38375,0.379
cs,pos_syl,50,1,0.4775,0.471
cs,token,100,1,0.4875,0.463
cs,syl,50,2,0.705,0.7
cs,syl,50,2,0.715,0.711
cs,pos_syl,50,1,0.5325,0.527
cs,pos_syl,50,1,0.46375,0.457
cs,token,50,2,0.13,NaN
cs,pos,50,1,0.2175,0.203
cs,pos_syl,50,2,0.755,0.751
cs,pos_syl,50,2,0.725,0.72
cs,pos_syl,50,2,0.7175,0.712
cs,token,100,2,0.19375,NaN
cs,pos,50,2,0.4325,0.418
cs,token,100,1,0.4675,0.453
cs,syl,50,1,0.35375,0.344
cs,pos,100,1,0.2475,NaN
cs,token,100,1,0.37,0.351
cs,token,100,1,0.4075,0.393
cs,syl,50,2,0.6625,0.661
cs,pos_syl,50,1,0.5075,0.499
cs,pos,100,2,0.5325,0.528
cs,syl,100,1,0.50125,0.492
cs,syl,100,2,0.82875,0.828
cs,token,100,2,0.15875,NaN
cs,pos_syl,100,1,0.53375,0.521
cs,pos_syl,50,2,0.72,0.718
cs,pos,100,1,0.265,NaN
cs,token,100,2,0.1675,NaN
cs,token,100,2,0.1125,0.108
cs,pos,100,1,0.31,0.298
cs,pos,100,1,0.26875,0.262
cs,token,100,1,0.4575,0.437
cs,pos,100,2,0.5425,0.533
cs,pos,100,2,0.59875,0.586
cs,syl,100,1,0.475,0.466
cs,pos,100,2,0.5775,0.575
cs,pos_syl,100,2,0.835,0.834
cs,syl,100,1,0.405,0.397
cs,syl,100,1,0.4925,0.48
cs,syl,100,2,0.85,0.847
cs,syl,100,2,0.78125,0.778
cs,syl,100,2,0.89375,0.89
cs,pos_syl,100,1,0.63125,0.631
cs,token,200,1,0.5575,0.545
cs,pos_syl,100,1,0.5575,0.548
cs,pos_syl,100,1,0.57,0.558
cs,token,100,2,0.13875,0.132
cs,pos,100,1,0.23875,NaN
cs,pos_syl,100,2,0.77375,0.771
cs,pos_syl,100,2,0.81125,0.81
cs,pos_syl,100,2,0.84125,0.84
cs,pos,100,2,0.6275,0.615
cs,syl,100,1,0.495,0.489
cs,token,200,2,0.20375,NaN
cs,token,200,1,0.57875,0.574
cs,token,200,1,0.5275,0.514
cs,pos,200,1,0.38625,0.372
cs,syl,100,2,0.81,0.805
cs,token,200,1,0.59875,0.586
cs,pos_syl,100,1,0.53625,0.535
cs,pos,200,2,0.72625,0.722
cs,syl,200,1,0.60625,0.596
cs,pos_syl,100,2,0.8,0.796
cs,token,200,2,0.275,0.256
cs,pos,200,1,0.40625,0.381
cs,token,200,2,0.2025,0.193
cs,syl,200,2,0.93125,0.93
cs,pos,200,1,0.345,0.322
cs,token,200,2,0.2925,0.281
cs,token,200,1,0.53125,0.524
cs,pos_syl,200,1,0.73125,0.728
cs,pos,200,1,0.36625,0.343
cs,pos,200,2,0.6575,0.648
cs,pos,200,2,0.69875,0.689
cs,syl,200,1,0.6375,0.623
cs,syl,200,1,0.5825,0.575
cs,pos,200,2,0.73875,0.726
cs,syl,200,2,0.9175,0.915
cs,pos_syl,200,2,0.9025,0.903
cs,syl,200,1,0.6325,0.627
cs,syl,200,2,0.92375,0.922
cs,pos_syl,200,1,0.70375,0.696
cs,pos_syl,200,1,0.70375,0.698
cs,token,200,2,0.2275,NaN
cs,pos,200,1,0.3575,0.333
cs,syl,200,2,0.93625,0.935
cs,token,300,1,0.57,0.557
cs,pos_syl,200,1,0.7075,0.705
cs,pos_syl,200,2,0.87125,0.869
cs,pos_syl,200,2,0.89,0.889
cs,pos,200,2,0.67125,0.658
cs,syl,200,1,0.59375,0.586
cs,pos_syl,200,2,0.905,0.904
cs,token,300,1,0.63875,0.632
cs,token,300,1,0.56125,0.548
cs,syl,200,2,0.9275,0.925
cs,token,300,2,0.34625,NaN
cs,pos_syl,200,1,0.70375,0.702
cs,pos,300,1,0.4725,NaN
cs,token,300,1,0.59625,0.584
cs,pos_syl,200,2,0.91125,0.91
cs,pos,300,2,0.80375,0.803
cs,token,300,2,0.35125,0.342
cs,syl,300,1,0.685,0.683
cs,token,300,2,0.36625,0.356
cs,pos,300,1,0.50375,0.493
cs,pos,300,1,0.45375,0.443
cs,token,300,1,0.5975,0.585
cs,syl,300,2,0.94375,0.943
cs,token,300,2,0.30625,0.291
cs,pos,300,1,0.48875,0.471
cs,pos_syl,300,1,0.845,0.842
cs,pos,300,2,0.7875,0.782
cs,pos,300,2,0.77375,0.768
cs,syl,300,1,0.68875,0.687
cs,syl,300,1,0.62625,0.622
cs,pos,300,2,0.77875,0.774
cs,syl,300,2,0.93625,0.935
cs,syl,300,1,0.63,0.622
cs,syl,300,2,0.95125,0.948
cs,token,300,2,0.315,0.307
cs,pos_syl,300,1,0.82375,0.821
cs,pos_syl,300,2,0.935,0.934
cs,pos_syl,300,1,0.8075,0.807
cs,pos,300,1,0.48125,0.48
cs,syl,300,2,0.9325,0.932
cs,pos_syl,300,1,0.7775,0.765
cs,token,500,1,0.60625,0.596
cs,pos_syl,300,2,0.92875,0.928
cs,pos,300,2,0.7475,0.739
cs,pos_syl,300,2,0.92625,0.925
cs,syl,300,1,0.62375,0.617
cs,pos_syl,300,2,0.91,0.906
cs,token,500,1,0.6775,0.669
cs,syl,300,2,0.9575,0.958
cs,token,500,1,0.705,0.695
cs,pos_syl,300,1,0.75625,0.751
cs,token,500,1,0.68875,0.684
cs,token,500,2,0.4575,0.439
cs,pos,500,1,0.61875,0.616
cs,pos_syl,300,2,0.94375,0.941
cs,token,500,2,0.485,0.466
cs,token,500,1,0.68125,0.677
cs,token,500,2,0.4375,0.422
cs,pos,500,1,0.59,0.589
cs,pos,500,2,0.82625,0.825
cs,pos,500,1,0.5475,0.535
cs,syl,500,1,0.70375,0.699
cs,token,500,2,0.4425,0.42
cs,pos,500,1,0.6275,0.622
cs,syl,500,2,0.99125,0.991
cs,pos,500,2,0.8825,0.882
cs,pos,500,2,0.83875,0.835
cs,syl,500,1,0.685,0.677
cs,pos_syl,500,1,0.8875,0.886
cs,syl,500,1,0.76875,0.764
cs,pos,500,2,0.8675,0.864
cs,syl,500,1,0.72875,0.723
cs,token,500,2,0.425,0.417
cs,syl,500,2,0.98125,0.981
cs,pos,500,1,0.5525,0.539
cs,syl,500,2,0.96625,0.966
cs,pos_syl,500,1,0.87,0.867
cs,pos_syl,500,1,0.9,0.899
cs,pos_syl,500,2,0.97,0.97
cs,syl,500,2,0.96625,0.966
cs,pos_syl,500,1,0.86375,0.856
cs,token,750,1,0.74375,0.739
cs,pos,500,2,0.855,0.856
cs,syl,500,1,0.75875,0.76
cs,pos_syl,500,2,0.9575,0.956
cs,pos_syl,500,2,0.98625,0.986
cs,token,750,1,0.74,0.732
cs,syl,500,2,0.97375,0.974
cs,pos_syl,500,2,0.9625,0.962
cs,token,750,1,0.7725,0.764
cs,pos_syl,500,1,0.88875,0.888
cs,token,750,1,0.745,0.735
cs,pos_syl,500,2,0.97125,0.97
cs,token,750,2,0.5725,0.554
cs,pos,750,1,0.65625,0.651
cs,token,750,1,0.75875,0.756
cs,token,750,2,0.5225,0.506
cs,pos,750,1,0.67125,0.669
cs,token,750,2,0.525,0.511
cs,pos,750,1,0.68,0.67
cs,pos,750,2,0.91125,0.909
cs,syl,750,1,0.77,0.765
cs,token,750,2,0.52625,0.506
cs,pos,750,1,0.655,0.649
cs,pos,750,2,0.9225,0.922
cs,syl,750,1,0.77,0.763
cs,syl,750,2,0.98625,0.986
cs,pos,750,2,0.90125,0.9
cs,syl,750,1,0.75125,0.743
cs,pos_syl,750,1,0.92375,0.922
cs,pos,750,2,0.91875,0.918
cs,token,750,2,0.5325,0.517
cs,syl,750,2,0.98625,0.986
cs,syl,750,1,0.78875,0.784
cs,pos,750,1,0.63,0.62
cs,pos_syl,750,1,0.9425,0.941
cs,syl,750,2,0.9925,0.992
cs,pos_syl,750,1,0.94875,0.947
cs,pos_syl,750,2,0.9775,0.977
cs,syl,750,2,1,1
cs,pos_syl,750,1,0.95,0.949
cs,pos,750,2,0.91375,0.913
cs,token,1000,1,0.794838709677419,0.789
cs,syl,750,1,0.7575,0.756
cs,pos_syl,750,2,0.97875,0.978
cs,pos_syl,750,2,0.98875,0.989
cs,token,1000,1,0.738064516129032,0.735
cs,token,1000,1,0.721290322580645,0.713
cs,syl,750,2,0.99125,0.991
cs,pos_syl,750,2,0.9825,0.982
cs,pos_syl,750,1,0.9375,0.937
cs,token,1000,1,0.796129032258065,0.785
cs,token,1000,2,0.583225806451613,0.57
cs,pos_syl,750,2,0.97875,0.979
cs,pos,1000,1,0.710967741935484,0.709
cs,token,1000,2,0.579354838709677,0.572
cs,token,1000,1,0.781935483870968,0.775
cs,pos,1000,1,0.71741935483871,0.721
cs,token,1000,2,0.628387096774194,0.601
cs,pos,1000,1,0.669677419354839,0.664
cs,pos,1000,2,0.945806451612903,0.947
cs,syl,1000,1,0.801290322580645,0.785
cs,token,1000,2,0.643870967741936,0.63
cs,pos,1000,1,0.705806451612903,0.706
cs,pos,1000,2,0.966451612903226,0.967
cs,syl,1000,1,0.784516129032258,0.767
cs,pos,1000,2,0.921290322580645,0.923
cs,syl,1000,2,0.989677419354839,0.99
cs,syl,1000,1,0.748387096774194,0.73
cs,pos_syl,1000,1,0.950967741935484,0.949
cs,token,1000,2,0.534193548387097,0.505
cs,pos,1000,2,0.944516129032258,0.946
cs,pos,1000,1,0.767741935483871,0.775
cs,syl,1000,1,0.838709677419355,0.833
cs,syl,1000,2,0.996129032258064,0.996
cs,pos_syl,1000,1,0.953548387096774,0.955
cs,syl,1000,2,0.989677419354839,0.99
cs,pos_syl,1000,1,0.941935483870968,0.943
cs,pos_syl,1000,2,0.970322580645161,0.971
cs,syl,1000,2,0.993548387096774,0.993
cs,token,25,1,0.22125,0.212
cs,pos_syl,1000,1,0.921290322580645,0.921
cs,pos,1000,2,0.961290322580645,0.962
cs,syl,1000,1,0.80258064516129,0.786
cs,pos_syl,1000,2,0.985806451612903,0.986
cs,token,25,2,0.08375,NaN
cs,pos,25,1,0.16375,NaN
cs,pos_syl,1000,2,0.966451612903226,0.968
cs,token,25,1,0.24125,0.23
cs,pos,25,2,0.34,0.33
cs,syl,25,1,0.2875,NaN
cs,token,25,1,0.185,0.178
cs,syl,25,2,0.575,0.563
cs,syl,1000,2,0.984516129032258,0.985
cs,pos_syl,1000,2,0.965161290322581,0.967
cs,token,25,2,0.08375,NaN
cs,pos_syl,25,1,0.3025,NaN
cs,pos_syl,1000,1,0.978064516129032,0.978
cs,pos,25,1,0.14375,NaN
cs,token,25,2,0.085,NaN
cs,token,25,1,0.20625,0.194
cs,pos,25,1,0.1575,NaN
cs,pos,25,2,0.29375,NaN
cs,syl,25,1,0.27625,0.275
cs,syl,25,2,0.6225,0.621
cs,pos,25,2,0.35125,0.335
cs,syl,25,1,0.29625,0.29
cs,token,25,2,0.08125,NaN
cs,pos_syl,25,1,0.3975,0.386
cs,syl,25,2,0.50375,0.499
cs,pos,25,1,0.17875,NaN
cs,pos_syl,25,1,0.38375,0.368
cs,pos,25,2,0.32625,0.31
cs,syl,25,1,0.2925,NaN
cs,pos_syl,1000,2,0.976774193548387,0.977
cs,syl,25,2,0.61125,0.601
cs,pos_syl,25,1,0.37875,0.363
cs,pos_syl,25,2,0.68125,0.667
cs,token,25,1,0.1875,0.174
cs,token,50,1,0.3525,0.345
cs,token,25,2,0.08125,NaN
cs,pos,25,1,0.135,NaN
cs,pos_syl,25,2,0.70125,0.697
cs,pos,25,2,0.41375,0.39
cs,pos_syl,25,2,0.665,0.652
cs,token,50,2,0.16875,NaN
cs,syl,25,1,0.23625,NaN
cs,pos,50,1,0.22125,0.213
cs,token,50,1,0.33625,0.319
cs,syl,25,2,0.60625,0.602
cs,pos_syl,25,1,0.4375,0.418
cs,pos_syl,25,2,0.6575,0.652
cs,token,50,1,0.41,0.4
cs,pos,50,2,0.43125,0.42
cs,syl,50,1,0.3725,NaN
cs,syl,50,2,0.74875,0.742
cs,token,50,1,0.31375,0.296
cs,pos_syl,50,1,0.4625,0.451
cs,token,50,2,0.155,NaN
cs,pos,50,1,0.20125,NaN
cs,token,50,2,0.09125,NaN
cs,pos,50,1,0.2175,NaN
cs,pos_syl,50,2,0.76,0.752
cs,pos,50,2,0.44125,0.427
cs,syl,50,1,0.36375,0.354
cs,token,50,2,0.12125,NaN
cs,pos,50,2,0.45375,0.443
cs,pos,50,1,0.23375,NaN
cs,syl,50,1,0.41625,NaN
cs,syl,50,2,0.675,0.67
cs,token,100,1,0.475,0.449
cs,pos_syl,25,2,0.66875,0.66
cs,pos_syl,50,1,0.49625,0.481
cs,syl,50,2,0.71875,0.717
cs,pos,50,2,0.46875,0.457
cs,pos_syl,50,1,0.51875,0.512
cs,syl,50,1,0.36125,NaN
cs,token,50,1,0.33375,0.33
cs,syl,50,2,0.70125,0.695
cs,pos_syl,50,2,0.72125,0.717
cs,pos_syl,50,1,0.52875,0.522
cs,token,100,2,0.2025,0.189
cs,pos_syl,50,2,0.725,0.723
cs,pos,100,1,0.24,NaN
cs,token,100,1,0.44,0.432
cs,token,100,1,0.4475,0.436
cs,pos_syl,50,2,0.7475,0.744
cs,pos,100,2,0.645,0.632
cs,token,50,2,0.1025,NaN
cs,syl,100,1,0.4575,0.452
cs,pos,50,1,0.24,NaN
cs,token,100,1,0.44875,0.434
cs,syl,100,2,0.8675,0.861
cs,pos_syl,100,1,0.5725,0.564
cs,pos,50,2,0.47875,0.472
cs,token,100,2,0.0775,NaN
cs,syl,50,1,0.425,0.416
cs,pos,100,1,0.2725,NaN
cs,syl,50,2,0.67,0.66
cs,token,100,2,0.17625,NaN
cs,pos,100,1,0.2575,0.24
cs,pos_syl,50,1,0.555,0.534
cs,pos_syl,100,2,0.8525,0.85
cs,pos,100,2,0.55625,0.54
cs,token,100,2,0.1225,NaN
cs,syl,100,1,0.5575,0.551
cs,pos,100,1,0.2025,NaN
cs,pos,100,2,0.54125,0.517
cs,syl,100,1,0.5375,0.532
cs,syl,100,2,0.87,0.87
cs,token,200,1,0.55875,0.541
cs,pos_syl,50,2,0.69625,0.693
cs,pos_syl,100,1,0.585,0.587
cs,syl,100,2,0.845,0.84
cs,pos,100,2,0.58625,0.567
cs,syl,100,1,0.5275,0.519
cs,pos_syl,100,1,0.58875,0.585
cs,token,100,1,0.4725,0.458
cs,syl,100,2,0.85375,0.852
cs,pos_syl,100,1,0.5625,0.552
cs,pos_syl,100,2,0.83125,0.829
cs,token,200,2,0.2425,NaN
cs,pos_syl,100,2,0.86125,0.859
cs,pos,200,1,0.405,0.385
cs,token,200,1,0.59875,0.588
cs,pos_syl,100,2,0.8325,0.828
cs,token,100,2,0.175,NaN
cs,pos,100,1,0.22,NaN
cs,token,200,1,0.55125,0.543
cs,pos,200,2,0.72875,0.716
cs,syl,200,1,0.55875,0.551
cs,token,200,1,0.53125,0.518
cs,pos,100,2,0.50125,0.486
cs,syl,100,1,0.52125,0.515
cs,syl,200,2,0.9475,0.947
cs,token,200,2,0.23125,NaN
cs,syl,100,2,0.82,0.818
cs,pos_syl,200,1,0.70125,0.698
cs,pos,200,1,0.35,0.338
cs,pos_syl,100,1,0.565,0.561
cs,token,200,2,0.245,NaN
cs,pos,200,1,0.3475,0.341
cs,token,200,2,0.23125,0.22
cs,pos,200,2,0.69125,0.683
cs,pos,200,1,0.35625,0.339
cs,pos_syl,200,2,0.90375,0.903
cs,syl,200,1,0.56375,0.555
cs,pos_syl,100,2,0.81625,0.812
cs,pos,200,2,0.7175,0.715
cs,syl,200,1,0.5675,0.559
cs,syl,200,2,0.94625,0.945
cs,token,300,1,0.6025,0.589
cs,pos,200,2,0.72875,0.726
cs,token,200,1,0.56625,0.551
cs,pos_syl,200,1,0.70625,0.705
cs,syl,200,1,0.58125,0.576
cs,syl,200,2,0.9475,0.945
cs,pos_syl,200,1,0.735,0.728
cs,syl,200,2,0.94375,0.944
cs,pos_syl,200,1,0.7125,0.704
cs,pos_syl,200,2,0.89875,0.898
cs,pos_syl,200,2,0.86125,0.856
cs,token,300,2,0.27875,NaN
cs,token,200,2,0.3,NaN
cs,pos,300,1,0.465,0.456
cs,pos,200,1,0.37875,0.366
cs,token,300,1,0.62625,0.614
cs,pos_syl,200,2,0.88625,0.885
cs,token,300,1,0.60375,0.586
cs,pos,200,2,0.705,0.694
cs,token,300,1,0.61625,0.601
cs,syl,200,1,0.57125,0.565
cs,pos,300,2,0.78,0.777
cs,syl,300,1,0.635,0.622
cs,syl,200,2,0.9175,0.917
cs,token,300,2,0.2925,0.279
cs,pos_syl,200,1,0.69125,0.69
cs,syl,300,2,0.96,0.958
cs,pos,300,1,0.4575,0.432
cs,pos_syl,300,1,0.78125,0.775
cs,token,300,2,0.32375,NaN
cs,pos,300,1,0.4975,0.487
cs,token,300,2,0.3375,0.317
cs,pos,300,1,0.3525,0.342
cs,pos_syl,200,2,0.89625,0.895
cs,pos,300,2,0.70875,0.702
cs,syl,300,1,0.62625,0.617
cs,pos_syl,300,2,0.945,0.941
cs,pos,300,2,0.76125,0.753
cs,token,300,1,0.52875,0.519
cs,syl,300,1,0.5975,0.587
cs,syl,300,2,0.9675,0.967
cs,pos,300,2,0.75125,0.743
cs,syl,300,1,0.61875,0.612
cs,pos_syl,300,1,0.76625,0.762
cs,token,500,1,0.63,0.621
cs,syl,300,2,0.95625,0.956
cs,pos_syl,300,1,0.8275,0.82
cs,syl,300,2,0.96,0.959
cs,pos_syl,300,1,0.77875,0.775
cs,pos_syl,300,2,0.91375,0.912
cs,token,300,2,0.32375,0.306
cs,pos,300,1,0.445,0.428
cs,pos_syl,300,2,0.945,0.944
cs,token,500,1,0.69625,0.684
cs,pos_syl,300,2,0.91875,0.917
cs,token,500,2,0.49875,0.479
cs,pos,300,2,0.7775,0.775
cs,syl,300,1,0.675,0.66
cs,pos,500,1,0.54625,0.537
cs,token,500,1,0.6225,0.608
cs,token,500,1,0.6475,0.641
cs,syl,300,2,0.97,0.97
cs,pos_syl,300,1,0.805,0.799
cs,pos,500,2,0.86375,0.86
cs,syl,500,1,0.71125,0.703
cs,token,500,2,0.44875,0.44
cs,pos,500,1,0.58625,0.575
cs,pos_syl,300,2,0.9175,0.916
cs,token,500,2,0.43375,0.417
cs,pos,500,1,0.62,0.614
cs,syl,500,2,0.975,0.975
cs,token,500,2,0.42125,0.407
cs,pos,500,1,0.60625,0.593
cs,pos_syl,500,1,0.91125,0.908
cs,token,500,1,0.60625,0.589
cs,pos,500,2,0.87125,0.869
cs,syl,500,1,0.67625,0.672
cs,pos,500,2,0.82625,0.817
cs,syl,500,1,0.73875,0.734
cs,pos,500,2,0.83375,0.832
cs,syl,500,1,0.65125,0.644
cs,syl,500,2,0.97625,0.976
cs,pos_syl,500,2,0.97125,0.971
cs,pos_syl,500,1,0.87875,0.877
cs,syl,500,2,0.9825,0.982
cs,syl,500,2,0.985,0.985
cs,pos_syl,500,1,0.8375,0.832
cs,token,750,1,0.70875,0.701
cs,pos_syl,500,1,0.87875,0.877
cs,token,500,2,0.42125,0.398
cs,pos,500,1,0.5675,0.555
cs,pos_syl,500,2,0.9475,0.945
cs,pos_syl,500,2,0.975,0.975
cs,pos_syl,500,2,0.9675,0.966
cs,token,750,1,0.69875,0.682
cs,pos,500,2,0.84125,0.838
cs,syl,500,1,0.66,0.657
cs,token,750,1,0.7325,0.729
cs,token,750,1,0.7525,0.747
cs,syl,500,2,0.9775,0.977
cs,pos_syl,500,1,0.8775,0.875
cs,token,750,2,0.55375,0.519
cs,pos,750,1,0.6725,0.67
cs,token,750,2,0.57875,0.556
cs,pos,750,1,0.68125,0.667
cs,pos_syl,500,2,0.9675,0.966
cs,pos,750,2,0.92875,0.927
cs,syl,750,1,0.765,0.761
cs,token,750,2,0.4975,0.485
cs,token,750,2,0.50625,0.485
cs,pos,750,1,0.6225,0.611
cs,pos,750,1,0.6075,0.598
cs,token,750,1,0.735,0.729
cs,pos,750,2,0.90375,0.901
cs,syl,750,1,0.71375,0.707
cs,syl,750,2,0.97625,0.976
cs,pos_syl,750,1,0.94125,0.94
cs,pos,750,2,0.935,0.934
cs,pos,750,2,0.925,0.923
cs,syl,750,1,0.7275,0.72
cs,syl,750,1,0.79,0.786
cs,syl,750,2,0.965,0.965
cs,pos_syl,750,1,0.91125,0.911
cs,token,750,2,0.54625,0.539
cs,pos_syl,750,2,0.97375,0.972
cs,syl,750,2,1,1
cs,pos,750,1,0.73625,0.735
cs,syl,750,2,0.99375,0.994
cs,pos_syl,750,1,0.92875,0.927
cs,pos_syl,750,1,0.915,0.914
cs,token,1000,1,0.752258064516129,0.743
cs,pos_syl,750,2,0.98375,0.984
cs,pos,750,2,0.9325,0.931
cs,syl,750,1,0.71375,0.704
cs,token,1000,1,0.758709677419355,0.75
cs,pos_syl,750,2,0.98125,0.981
cs,pos_syl,750,2,0.98875,0.989
cs,token,1000,1,0.829677419354839,0.829
cs,syl,750,2,0.99625,0.996
cs,token,1000,1,0.79741935483871,0.795
cs,pos_syl,750,1,0.92875,0.924
cs,token,1000,2,0.567741935483871,NaN
cs,pos,1000,1,0.748387096774194,0.747
cs,pos_syl,750,2,0.9825,0.982
cs,token,1000,2,0.550967741935484,0.523
cs,pos,1000,1,0.71741935483871,0.716
cs,pos,1000,2,0.941935483870968,0.942
cs,token,1000,1,0.805161290322581,0.809
cs,syl,1000,1,0.833548387096774,0.819
cs,token,1000,2,0.565161290322581,0.538
cs,token,1000,2,0.584516129032258,0.569
cs,pos,1000,1,0.651612903225806,0.65
cs,pos,1000,1,0.827096774193548,0.827
cs,pos,1000,2,0.940645161290323,0.942
cs,syl,1000,1,0.834838709677419,0.828
cs,syl,1000,2,0.990967741935484,0.991
cs,pos_syl,1000,1,0.958709677419355,0.96
cs,pos,1000,2,0.96,0.961
cs,pos,1000,2,0.950967741935484,0.952
cs,syl,1000,1,0.794838709677419,0.786
cs,syl,1000,1,0.783225806451613,0.771
cs,syl,1000,2,0.993548387096774,0.994
cs,pos_syl,1000,1,0.953548387096774,0.955
cs,syl,1000,2,0.983225806451613,0.984
cs,token,1000,2,0.615483870967742,0.606
cs,syl,1000,2,0.99741935483871,0.997
cs,pos,1000,1,0.727741935483871,0.73
cs,pos_syl,1000,2,0.993548387096774,0.994
cs,pos_syl,1000,1,0.953548387096774,0.955
cs,pos_syl,1000,1,0.938064516129032,0.939
cs,token,25,1,0.195,NaN
cs,pos_syl,1000,2,0.963870967741935,0.966
cs,token,25,1,0.1825,NaN
cs,token,25,2,0.10625,NaN
cs,pos,25,1,0.235,0.217
cs,pos,1000,2,0.931612903225806,0.932
cs,token,25,2,0.07125,NaN
cs,syl,1000,1,0.771612903225806,0.765
cs,pos,25,2,0.42375,0.413
cs,pos,25,1,0.21875,NaN
cs,pos_syl,1000,2,0.984516129032258,0.985
cs,pos_syl,1000,2,0.967741935483871,0.969
cs,syl,25,1,0.31625,0.304
cs,syl,25,2,0.52375,0.522
cs,pos,25,2,0.3675,0.349
cs,token,25,1,0.16,NaN
cs,pos_syl,25,1,0.36375,0.358
cs,token,25,1,0.2575,0.239
cs,syl,25,1,0.37125,0.353
cs,syl,25,2,0.59625,0.589
cs,pos_syl,25,1,0.43125,0.417
cs,token,25,2,0.0775,NaN
cs,token,25,2,0.0725,NaN
cs,pos,25,1,0.14375,0.139
cs,pos,25,1,0.14375,NaN
cs,syl,1000,2,0.985806451612903,0.986
cs,pos_syl,1000,1,0.936774193548387,0.938
cs,pos,25,2,0.41625,0.402
cs,pos,25,2,0.355,0.346
cs,syl,25,1,0.36,0.347
cs,syl,25,1,0.24125,NaN
cs,syl,25,2,0.60625,0.6
cs,syl,25,2,0.55,0.543
cs,pos_syl,25,1,0.3925,0.381
cs,pos_syl,25,1,0.40125,0.387
cs,pos_syl,25,2,0.73875,0.73
cs,token,50,1,0.37125,0.353
cs,pos_syl,25,2,0.71875,0.712
cs,pos_syl,1000,2,0.970322580645161,0.972
cs,token,50,1,0.33,0.318
cs,token,25,1,0.18125,NaN
cs,token,50,2,0.09375,NaN
cs,pos_syl,25,2,0.70875,0.704
cs,pos,50,1,0.205,NaN
cs,pos_syl,25,2,0.67375,0.669
cs,token,25,2,0.07375,NaN
cs,token,50,1,0.3775,0.368
cs,token,50,2,0.065,NaN
cs,pos,25,1,0.1375,NaN
cs,pos,50,2,0.50875,0.498
cs,pos,50,1,0.25625,NaN
cs,syl,50,1,0.32875,0.329
cs,token,50,1,0.3275,0.323
cs,syl,50,2,0.70875,0.702
cs,pos,25,2,0.34875,0.334
cs,syl,25,1,0.33375,0.329
cs,pos,50,2,0.4675,0.444
cs,pos_syl,50,1,0.42375,0.42
cs,syl,50,1,0.325,NaN
cs,syl,25,2,0.4825,0.475
cs,syl,50,2,0.63625,0.625
cs,pos_syl,25,1,0.45,0.431
cs,token,50,2,0.125,NaN
cs,pos,50,1,0.19875,NaN
cs,pos_syl,50,1,0.52875,0.514
cs,token,50,2,0.14,NaN
cs,pos_syl,50,2,0.72125,0.712
cs,pos,50,1,0.21125,NaN
cs,pos,50,2,0.50375,0.494
cs,syl,50,1,0.4475,0.441
cs,token,100,1,0.48625,0.47
cs,pos_syl,50,2,0.74,0.739
cs,pos,50,2,0.5225,0.511
cs,syl,50,2,0.73625,0.729
cs,syl,50,1,0.345,0.335
cs,pos_syl,50,1,0.49,0.478
cs,syl,50,2,0.61125,0.604
cs,token,100,1,0.44375,0.445
cs,pos_syl,50,1,0.4825,0.474
cs,token,100,2,0.15125,NaN
cs,pos_syl,50,2,0.72,0.721
cs,pos,100,1,0.37125,0.362
cs,pos_syl,50,2,0.73,0.727
cs,pos_syl,25,2,0.67875,0.669
cs,token,100,1,0.3825,0.373
cs,token,100,2,0.15625,NaN
cs,pos,100,2,0.625,0.614
cs,pos,100,1,0.23,NaN
cs,syl,100,1,0.4625,0.449
cs,token,100,1,0.49125,0.475
cs,token,50,1,0.3025,0.294
cs,syl,100,2,0.85875,0.857
cs,pos_syl,100,1,0.6125,0.604
cs,pos,100,2,0.5525,0.535
cs,syl,100,1,0.47125,0.466
cs,token,100,2,0.15625,NaN
cs,pos,100,1,0.255,NaN
cs,syl,100,2,0.875,0.873
cs,token,100,2,0.1325,NaN
cs,pos_syl,100,1,0.6175,0.613
cs,pos_syl,100,2,0.84875,0.848
cs,pos,100,1,0.2575,NaN
cs,token,50,2,0.14625,0.147
cs,pos,50,1,0.2275,0.216
cs,pos,100,2,0.525,0.51
cs,syl,100,1,0.48125,0.469
cs,pos,100,2,0.49625,0.472
cs,token,200,1,0.55375,0.543
cs,syl,100,2,0.87625,0.876
cs,pos,50,2,0.46375,0.457
cs,syl,100,1,0.5725,0.566
cs,pos_syl,100,2,0.85375,0.853
cs,syl,50,1,0.3675,NaN
cs,pos_syl,100,1,0.64,0.635
cs,syl,100,2,0.87125,0.87
cs,syl,50,2,0.7125,0.708
cs,pos_syl,100,1,0.57125,0.564
cs,token,200,1,0.5625,0.543
cs,pos_syl,50,1,0.50875,0.499
cs,pos_syl,100,2,0.83875,0.837
cs,token,200,2,0.265,0.261
cs,pos,200,1,0.395,0.372
cs,pos_syl,100,2,0.815,0.813
cs,pos_syl,50,2,0.75125,0.748
cs,token,200,1,0.57,0.551
cs,token,200,2,0.255,0.235
cs,token,200,1,0.54875,0.546
cs,token,100,1,0.46375,0.453
cs,pos,200,2,0.69125,0.681
cs,pos,200,1,0.37,0.345
cs,syl,200,1,0.5975,0.587
cs,syl,200,2,0.9425,0.942
cs,pos_syl,200,1,0.74875,0.743
cs,token,200,2,0.23625,0.233
cs,pos,200,2,0.65875,0.637
cs,pos,200,1,0.3825,0.364
cs,syl,200,1,0.6325,0.621
cs,token,100,2,0.23625,NaN
cs,pos,100,1,0.29125,NaN
cs,token,200,2,0.26375,0.253
cs,syl,200,2,0.92625,0.924
cs,pos,200,1,0.3025,0.288
cs,pos_syl,200,1,0.6775,0.668
cs,pos_syl,200,2,0.9125,0.908
cs,pos,200,2,0.69375,0.682
cs,pos,100,2,0.605,0.593
cs,syl,200,1,0.585,0.578
cs,syl,100,1,0.47875,0.473
cs,pos,200,2,0.68125,0.673
cs,syl,100,2,0.82875,0.827
cs,syl,200,1,0.57625,0.571
cs,syl,200,2,0.93125,0.929
cs,token,300,1,0.60125,0.597
cs,pos_syl,100,1,0.5875,0.572
cs,pos_syl,200,1,0.7575,0.754
cs,pos_syl,200,2,0.90625,0.904
cs,syl,200,2,0.93625,0.935
cs,pos_syl,200,1,0.63125,0.627
cs,token,300,1,0.54625,0.537
cs,pos_syl,100,2,0.84375,0.843
cs,pos_syl,200,2,0.87875,0.877
cs,token,200,1,0.58375,0.564
cs,token,300,2,0.325,0.309
cs,pos_syl,200,2,0.8775,0.871
cs,pos,300,1,0.41,0.403
cs,token,300,1,0.66625,0.658
cs,token,300,1,0.56125,0.547
cs,token,300,2,0.36,0.344
cs,pos,300,2,0.69875,0.679
cs,pos,300,1,0.4625,0.453
cs,syl,300,1,0.66375,0.661
cs,token,200,2,0.2675,0.261
cs,pos,200,1,0.32,0.308
cs,syl,300,2,0.96875,0.969
cs,token,300,2,0.36625,0.346
cs,pos_syl,300,1,0.79375,0.792
cs,pos,300,1,0.44875,0.439
cs,pos,300,2,0.79,0.787
cs,syl,300,1,0.64125,0.633
cs,pos,200,2,0.64125,0.629
cs,syl,200,1,0.58875,0.575
cs,token,300,2,0.33,0.322
cs,pos,300,1,0.48375,0.473
cs,syl,200,2,0.91,0.908
cs,syl,300,2,0.93625,0.936
cs,pos,300,2,0.75625,0.746
cs,syl,300,1,0.6475,0.643
cs,pos_syl,200,1,0.71125,0.702
cs,pos_syl,300,2,0.9325,0.928
cs,pos_syl,300,1,0.80625,0.804
cs,pos,300,2,0.78625,0.782
cs,syl,300,1,0.6525,0.646
cs,syl,300,2,0.94875,0.949
cs,token,500,1,0.70125,0.7
cs,pos_syl,300,1,0.8175,0.815
cs,pos_syl,200,2,0.9075,0.904
cs,pos_syl,300,2,0.93125,0.929
cs,syl,300,2,0.965,0.965
cs,pos_syl,300,1,0.79625,0.794
cs,token,300,1,0.59625,0.59
cs,pos_syl,300,2,0.935,0.936
cs,token,500,1,0.63125,0.612
cs,pos_syl,300,2,0.92375,0.923
cs,token,500,1,0.64,0.622
cs,token,500,2,0.45125,0.426
cs,pos,500,1,0.5625,0.556
cs,token,500,1,0.60125,0.59
cs,token,300,2,0.315,0.298
cs,pos,300,1,0.47125,0.452
cs,token,500,2,0.47375,0.464
cs,pos,500,1,0.55875,0.542
cs,pos,300,2,0.8275,0.824
cs,pos,500,2,0.83125,0.825
cs,syl,300,1,0.65875,NaN
cs,syl,500,1,0.78,0.778
cs,token,500,2,0.43875,0.423
cs,pos,500,1,0.57125,0.554
cs,syl,300,2,0.9675,0.966
cs,pos_syl,300,1,0.82375,0.821
cs,token,500,2,0.42,0.392
cs,syl,500,2,0.975,0.974
cs,pos,500,2,0.88375,0.88
cs,pos,500,1,0.515,0.507
cs,syl,500,1,0.645,0.643
cs,pos_syl,500,1,0.87,0.871
cs,pos,500,2,0.88,0.878
cs,syl,500,1,0.66875,0.666
cs,pos_syl,300,2,0.9325,0.931
cs,syl,500,2,0.96375,0.963
cs,pos,500,2,0.8825,0.881
cs,pos_syl,500,1,0.80375,0.796
cs,syl,500,1,0.7025,0.696
cs,pos_syl,500,2,0.97125,0.97
cs,syl,500,2,0.9625,0.962
cs,token,500,1,0.65625,0.645
cs,pos_syl,500,1,0.88625,0.886
cs,syl,500,2,0.9675,0.966
cs,token,750,1,0.6875,0.683
cs,pos_syl,500,1,0.87875,0.877
cs,pos_syl,500,2,0.96125,0.96
cs,pos_syl,500,2,0.96625,0.965
cs,token,750,1,0.76625,0.757
cs,token,500,2,0.4225,0.412
cs,pos_syl,500,2,0.96125,0.961
cs,pos,500,1,0.49125,0.479
cs,token,750,1,0.72125,0.714
cs,token,750,1,0.785,0.785
cs,pos,500,2,0.85375,0.852
cs,token,750,2,0.54,0.501
cs,syl,500,1,0.74875,0.749
cs,pos,750,1,0.62,0.613
cs,token,750,2,0.49625,0.473
cs,syl,500,2,0.985,0.985
cs,pos,750,1,0.6675,0.662
cs,pos_syl,500,1,0.87625,0.872
cs,token,750,2,0.56875,0.554
cs,pos,750,2,0.91,0.908
cs,pos,750,1,0.63625,0.627
cs,syl,750,1,0.775,0.772
cs,token,750,2,0.59375,0.566
cs,pos,750,1,0.705,0.703
cs,pos_syl,500,2,0.965,0.963
cs,pos,750,2,0.89625,0.895
cs,syl,750,1,0.78125,0.779
cs,syl,750,2,0.9975,0.997
cs,pos_syl,750,1,0.92125,0.921
cs,token,750,1,0.70625,0.697
cs,pos,750,2,0.88875,0.884
cs,syl,750,1,0.73375,0.731
cs,syl,750,2,0.995,0.995
cs,pos,750,2,0.9125,0.912
cs,pos_syl,750,1,0.91875,0.917
cs,syl,750,1,0.735,0.723
cs,syl,750,2,1,1
cs,pos_syl,750,2,0.96875,0.968
cs,pos_syl,750,1,0.9325,0.932
cs,syl,750,2,0.97625,0.976
cs,token,1000,1,0.793548387096774,0.781
cs,pos_syl,750,2,0.98625,0.986
cs,pos_syl,750,1,0.95625,0.956
cs,token,750,2,0.48125,0.463
cs,pos,750,1,0.64625,0.637
cs,pos_syl,750,2,0.9875,0.987
cs,token,1000,1,0.748387096774194,0.743
cs,token,1000,1,0.772903225806452,0.765
cs,pos_syl,750,2,0.99375,0.994
cs,pos,750,2,0.8875,0.886
cs,syl,750,1,0.715,0.71
cs,token,1000,1,0.743225806451613,0.74
cs,token,1000,2,0.578064516129032,NA
cs,pos,1000,1,0.685161290322581,0.688
cs,syl,750,2,0.98875,0.989
cs,pos_syl,750,1,0.91375,0.911
cs,token,1000,2,0.60258064516129,0.571
cs,pos,1000,1,0.767741935483871,0.766
cs,token,1000,2,0.550967741935484,0.52
cs,pos,1000,2,0.950967741935484,0.952
cs,pos,1000,1,0.753548387096774,0.754
cs,syl,1000,1,0.79741935483871,0.796
cs,pos_syl,750,2,0.98,0.98
cs,pos,1000,2,0.950967741935484,0.952
cs,token,1000,2,0.612903225806452,0.606
cs,syl,1000,1,0.793548387096774,0.785
cs,pos,1000,1,0.709677419354839,0.708
cs,token,1000,1,0.748387096774194,0.753
cs,syl,1000,2,0.985806451612903,0.986
cs,pos,1000,2,0.953548387096774,0.955
cs,syl,1000,1,0.792258064516129,0.788
cs,pos_syl,1000,1,0.939354838709677,0.94
cs,syl,1000,2,0.99741935483871,0.997
cs,pos_syl,1000,1,0.967741935483871,0.967
cs,pos,1000,2,0.914838709677419,0.916
cs,syl,1000,1,0.796129032258065,0.787
cs,syl,1000,2,0.993548387096774,0.994
cs,pos_syl,1000,1,0.930322580645161,0.926
cs,pos_syl,1000,2,0.974193548387097,0.975
cs,token,25,1,0.21,0.205
cs,syl,1000,2,1,1
cs,pos_syl,1000,2,0.984516129032258,0.985
cs,pos_syl,1000,1,0.948387096774194,0.948
cs,token,1000,2,0.570322580645161,0.554
cs,pos,1000,1,0.668387096774194,0.673
cs,token,25,2,0.105,NaN
cs,pos,25,1,0.1725,NaN
cs,token,25,1,0.22125,NaN
cs,pos_syl,1000,2,0.985806451612903,0.986
cs,pos,25,2,0.39625,0.386
cs,syl,25,1,0.325,0.319
cs,token,25,2,0.08125,NaN
cs,syl,25,2,0.67625,0.671
cs,token,25,1,0.17,NaN
cs,pos,25,1,0.21875,0.205
cs,pos_syl,25,1,0.37875,0.365
cs,pos_syl,1000,2,0.971612903225806,0.972
cs,pos,25,2,0.38375,0.367
cs,pos,1000,2,0.932903225806452,0.935
cs,token,25,2,0.055,NaN
cs,syl,25,1,0.295,NaN
cs,syl,1000,1,0.819354838709677,0.818
cs,pos,25,1,0.20375,NaN
cs,syl,25,2,0.52,NaN
cs,token,25,1,0.2625,0.243
cs,pos_syl,25,1,0.35125,0.343
cs,pos,25,2,0.38125,0.363
cs,syl,25,1,0.2675,0.263
cs,syl,25,2,0.61,0.61
cs,token,25,2,0.05,NaN
cs,pos_syl,25,1,0.4175,0.391
cs,pos,25,1,0.1675,NaN
cs,syl,1000,2,0.992258064516129,0.992
cs,pos_syl,25,2,0.72375,0.719
cs,pos,25,2,0.38625,0.367
cs,syl,25,1,0.27625,0.265
cs,pos_syl,1000,1,0.944516129032258,0.946
cs,syl,25,2,0.565,0.556
cs,token,50,1,0.28125,0.27
cs,pos_syl,25,1,0.44125,0.425
cs,pos_syl,25,2,0.6825,0.679
cs,token,50,2,0.09125,NaN
cs,token,50,1,0.31125,0.296
cs,pos,50,1,0.19125,NaN
cs,pos_syl,25,2,0.68875,0.678
cs,pos_syl,1000,2,0.984516129032258,0.985
cs,pos,50,2,0.455,0.447
cs,token,50,1,0.29875,0.286
cs,syl,50,1,0.3725,0.369
cs,syl,50,2,0.7475,0.741
cs,token,25,1,0.2275,NaN
cs,token,50,2,0.10875,NaN
cs,pos_syl,25,2,0.67875,0.658
cs,pos_syl,50,1,0.4475,0.436
cs,pos,50,1,0.1975,0.189
cs,token,25,2,0.06125,NaN
cs,token,50,1,0.325,NaN
cs,pos,50,2,0.425,0.416
cs,pos,25,1,0.165,NaN
cs,syl,50,1,0.39,NaN
cs,token,50,2,0.125,NaN
cs,pos_syl,50,2,0.715,0.709
cs,pos,50,1,0.19375,NaN
cs,syl,50,2,0.7425,0.732
cs,pos,25,2,0.375,NaN
cs,pos_syl,50,1,0.4525,0.447
cs,syl,25,1,0.335,NaN
cs,token,100,1,0.42625,0.42
cs,pos,50,2,0.4,0.391
cs,syl,50,1,0.3925,0.377
cs,syl,25,2,0.59625,0.582
cs,token,50,2,0.15625,NaN
cs,pos_syl,25,1,0.45,0.445
cs,syl,50,2,0.67875,0.67
cs,pos,50,1,0.245,0.238
cs,pos_syl,50,2,0.695,0.691
cs,pos_syl,50,1,0.545,0.537
cs,pos,50,2,0.45,0.446
cs,token,100,1,0.4375,0.425
cs,syl,50,1,0.36375,NaN
cs,token,100,2,0.1425,NaN
cs,pos,100,1,0.2525,0.244
cs,syl,50,2,0.65625,0.65
cs,pos_syl,50,2,0.72875,0.725
cs,pos_syl,50,1,0.51625,0.512
cs,pos,100,2,0.57375,0.557
cs,token,100,1,0.44,0.424
cs,syl,100,1,0.56375,0.558
cs,token,100,2,0.1325,0.131
cs,pos_syl,50,2,0.6625,0.657
cs,syl,100,2,0.85625,0.853
cs,pos,100,1,0.24875,0.243
cs,pos_syl,25,2,0.68625,0.673
cs,pos_syl,100,1,0.6275,0.627
cs,token,100,1,0.465,0.446
cs,pos,100,2,0.53,0.519
cs,token,100,2,0.16375,NaN
cs,syl,100,1,0.50375,0.495
cs,token,50,1,0.29125,0.272
cs,pos,100,1,0.32,0.31
cs,pos_syl,100,2,0.835,0.83
cs,syl,100,2,0.87125,0.869
cs,pos_syl,100,1,0.53625,0.523
cs,pos,100,2,0.66625,0.66
cs,token,200,1,0.56875,0.563
cs,syl,100,1,0.41625,0.411
cs,token,100,2,0.21375,NaN
cs,pos,100,1,0.31375,0.299
cs,syl,100,2,0.85375,0.853
cs,token,50,2,0.17875,NaN
cs,pos_syl,100,2,0.7875,0.787
cs,pos,50,1,0.16625,NaN
cs,pos_syl,100,1,0.60875,0.593
cs,pos,100,2,0.57,0.561
cs,syl,100,1,0.54875,0.543
cs,pos,50,2,0.45125,0.434
cs,token,200,1,0.5925,0.582
cs,syl,50,1,0.3625,NaN
cs,syl,100,2,0.81875,0.806
cs,token,200,2,0.27875,0.26
cs,pos_syl,100,2,0.80875,0.806
cs,pos,200,1,0.3375,0.329
cs,syl,50,2,0.7025,0.694
cs,pos_syl,100,1,0.61,0.611
cs,pos_syl,50,1,0.46375,0.45
cs,token,200,1,0.5875,0.574
cs,pos,200,2,0.69375,0.681
cs,syl,200,1,0.59625,0.591
cs,pos_syl,100,2,0.855,0.853
cs,pos_syl,50,2,0.7375,0.735
cs,token,200,2,0.26875,0.257
cs,pos,200,1,0.415,0.404
cs,syl,200,2,0.925,0.925
cs,token,200,1,0.545,0.533
cs,pos_syl,200,1,0.7175,0.713
cs,token,100,1,0.48375,0.474
cs,token,200,2,0.21875,0.212
cs,pos,200,2,0.65875,0.642
cs,pos,200,1,0.32625,NaN
cs,syl,200,1,0.6075,0.6
cs,pos_syl,200,2,0.93125,0.93
cs,syl,200,2,0.9275,0.926
cs,token,100,2,0.16875,NaN
cs,pos,200,2,0.68875,0.681
cs,pos_syl,200,1,0.715,0.711
cs,token,200,2,0.18625,NaN
cs,pos,100,1,0.29375,0.287
cs,syl,200,1,0.60375,0.598
cs,pos,200,1,0.36875,NaN
cs,token,300,1,0.62375,0.615
cs,syl,200,2,0.91375,0.913
cs,pos,100,2,0.59125,0.582
cs,pos_syl,200,1,0.69375,0.69
cs,syl,100,1,0.4375,0.434
cs,pos_syl,200,2,0.8825,0.878
cs,pos,200,2,0.64625,0.626
cs,syl,200,1,0.56875,0.566
cs,syl,100,2,0.84,0.835
cs,pos_syl,100,1,0.6,0.595
cs,syl,200,2,0.915,0.914
cs,token,300,1,0.635,0.622
cs,pos_syl,200,2,0.9175,0.916
cs,pos_syl,200,1,0.7175,0.713
cs,token,300,2,0.285,0.27
cs,pos,300,1,0.4125,NaN
cs,pos_syl,100,2,0.88875,0.887
cs,token,300,1,0.56,0.558
cs,pos_syl,200,2,0.90375,0.902
cs,token,200,1,0.53,0.514
cs,pos,300,2,0.795,0.786
cs,syl,300,1,0.66625,0.659
cs,token,300,2,0.31875,0.308
cs,pos,300,1,0.42,0.398
cs,token,300,1,0.54625,0.533
cs,syl,300,2,0.955,0.955
cs,pos_syl,300,1,0.82125,0.819
cs,token,300,2,0.27625,NaN
cs,pos,300,1,0.43375,0.422
cs,pos,300,2,0.7775,0.766
cs,token,200,2,0.2475,0.236
cs,syl,300,1,0.66125,0.658
cs,pos,200,1,0.335,0.323
cs,pos_syl,300,2,0.94,0.939
cs,token,300,2,0.3575,NaN
cs,pos,300,2,0.72,0.717
cs,syl,300,2,0.93375,0.934
cs,pos,300,1,0.43375,0.42
cs,syl,300,1,0.6675,0.662
cs,pos,200,2,0.66625,0.656
cs,pos_syl,300,1,0.7925,0.791
cs,syl,200,1,0.555,0.55
cs,token,500,1,0.65875,0.654
cs,syl,200,2,0.92125,0.919
cs,syl,300,2,0.94125,0.94
cs,pos_syl,200,1,0.74875,0.746
cs,pos,300,2,0.79125,0.784
cs,pos_syl,300,1,0.82,0.816
cs,syl,300,1,0.60625,0.596
cs,pos_syl,300,2,0.92375,0.921
cs,syl,300,2,0.94875,0.946
cs,pos_syl,200,2,0.9075,0.906
cs,token,500,1,0.61375,0.6
cs,pos_syl,300,1,0.765,0.763
cs,pos_syl,300,2,0.91125,0.909
cs,token,500,2,0.44125,0.421
cs,token,300,1,0.6,0.58
cs,pos,500,1,0.64125,0.633
cs,token,500,1,0.65875,0.65
cs,pos_syl,300,2,0.92,0.919
cs,token,500,1,0.6525,0.641
cs,token,500,2,0.5175,0.506
cs,pos,500,2,0.9,0.899
cs,pos,500,1,0.55,0.533
cs,syl,500,1,0.66,0.656
cs,token,300,2,0.3475,0.33
cs,pos,300,1,0.46375,0.443
cs,token,500,2,0.39375,0.378
cs,syl,500,2,0.97875,0.979
cs,pos,500,2,0.8275,0.825
cs,pos,500,1,0.53875,0.535
cs,syl,500,1,0.7,0.692
cs,pos,300,2,0.7925,0.789
cs,pos_syl,500,1,0.875,0.874
cs,syl,300,1,0.71,0.706
cs,token,500,2,0.435,0.424
cs,pos,500,1,0.5625,0.547
cs,syl,300,2,0.96625,0.966
cs,syl,500,2,0.98625,0.986
cs,pos,500,2,0.88,0.879
cs,pos_syl,300,1,0.84,0.836
cs,pos_syl,500,1,0.90625,0.905
cs,syl,500,1,0.70375,0.705
cs,pos_syl,500,2,0.94125,0.937
cs,pos,500,2,0.8775,0.874
cs,syl,500,1,0.67375,0.67
cs,syl,500,2,0.98625,0.986
cs,pos_syl,300,2,0.93625,0.932
cs,token,750,1,0.77625,0.774
cs,pos_syl,500,1,0.865,0.863
cs,pos_syl,500,2,0.9675,0.967
cs,syl,500,2,0.98125,0.981
cs,token,500,1,0.67125,0.663
cs,pos_syl,500,1,0.89,0.889
cs,token,750,1,0.6925,0.691
cs,pos_syl,500,2,0.96875,0.968
cs,token,750,1,0.73,0.726
cs,pos_syl,500,2,0.96125,0.96
cs,token,750,2,0.4775,0.458
cs,pos,750,1,0.64875,0.643
cs,token,500,2,0.4925,0.466
cs,pos,500,1,0.52125,0.508
cs,token,750,1,0.7775,0.765
cs,token,750,2,0.48625,0.471
cs,pos,750,1,0.72,0.717
cs,pos,500,2,0.85375,0.851
cs,pos,750,2,0.90625,0.904
cs,syl,500,1,0.67,0.664
cs,syl,750,1,0.7675,0.764
cs,token,750,2,0.46875,0.453
cs,pos,750,1,0.66875,0.655
cs,syl,500,2,0.98375,0.983
cs,pos,750,2,0.91625,0.914
cs,pos_syl,500,1,0.89875,0.898
cs,syl,750,1,0.7525,0.751
cs,syl,750,2,0.9875,0.987
cs,token,750,2,0.535,0.521
cs,pos,750,1,0.6,0.597
cs,pos_syl,750,1,0.93625,0.935
cs,pos,750,2,0.89875,0.898
cs,syl,750,2,0.985,0.985
cs,syl,750,1,0.6925,0.687
cs,pos_syl,500,2,0.9775,0.977
cs,pos_syl,750,1,0.93875,0.938
cs,pos,750,2,0.92875,0.928
cs,syl,750,1,0.765,0.76
cs,pos_syl,750,2,0.97375,0.974
cs,token,750,1,0.7575,0.749
cs,syl,750,2,0.99625,0.996
cs,pos_syl,750,1,0.93,0.929
cs,token,1000,1,0.756129032258064,0.755
cs,pos_syl,750,2,0.98875,0.989
cs,syl,750,2,0.9875,0.987
cs,pos_syl,750,1,0.91,0.91
cs,token,1000,1,0.75741935483871,0.759
cs,pos_syl,750,2,0.96625,0.965
cs,token,750,2,0.48125,0.449
cs,pos_syl,750,2,0.98125,0.981
cs,pos,750,1,0.7075,0.701
cs,token,1000,1,0.798709677419355,0.794
cs,token,1000,2,0.579354838709677,0.557
cs,token,1000,1,0.798709677419355,0.795
cs,pos,1000,1,0.771612903225806,0.775
cs,pos,750,2,0.9,0.898
cs,syl,750,1,0.675,0.668
cs,token,1000,2,0.543225806451613,0.508
cs,pos,1000,1,0.769032258064516,0.769
cs,pos,1000,2,0.91741935483871,0.919
cs,syl,1000,1,0.803870967741935,0.794
cs,syl,750,2,0.99125,0.991
cs,pos_syl,750,1,0.94875,0.948
cs,token,1000,2,0.570322580645161,0.554
cs,pos,1000,1,0.749677419354839,0.753
cs,pos,1000,2,0.972903225806452,0.973
cs,syl,1000,1,0.779354838709677,0.77
cs,token,1000,2,0.570322580645161,0.542
cs,pos,1000,1,0.792258064516129,0.791
cs,syl,1000,2,0.983225806451613,0.984
cs,pos_syl,1000,1,0.95741935483871,0.957
cs,pos_syl,750,2,0.98875,0.989
cs,pos,1000,2,0.948387096774194,0.949
cs,syl,1000,2,1,1
cs,syl,1000,1,0.743225806451613,0.73
cs,pos_syl,1000,1,0.95741935483871,0.957
cs,token,1000,1,0.825806451612903,0.82
cs,pos,1000,2,0.918709677419355,0.919
cs,syl,1000,1,0.756129032258064,0.746
cs,pos_syl,1000,2,0.974193548387097,0.975
cs,syl,1000,2,0.99741935483871,0.997
cs,token,25,1,0.255,0.246
cs,pos_syl,1000,1,0.954838709677419,0.953
cs,pos_syl,1000,2,0.988387096774194,0.989
cs,syl,1000,2,0.980645161290323,0.981
cs,token,25,2,0.1725,NaN
cs,pos_syl,1000,1,0.963870967741935,0.965
cs,pos,25,1,0.15625,0.151
cs,token,25,1,0.22375,0.218
cs,pos,25,2,0.34,0.334
cs,syl,25,1,0.25875,NaN
cs,syl,25,2,0.55375,0.546
cs,token,25,2,0.11,NaN
cs,pos_syl,25,1,0.4125,0.406
cs,pos,25,1,0.095,NaN
cs,pos_syl,1000,2,0.985806451612903,0.986
cs,token,1000,2,0.574193548387097,0.555
cs,pos,25,2,0.3675,0.355
cs,pos,1000,1,0.740645161290323,0.738
cs,syl,25,1,0.32625,NaN
cs,token,25,1,0.25,NaN
cs,syl,25,2,0.61875,0.603
cs,pos_syl,1000,2,0.981935483870968,0.982
cs,pos_syl,25,1,0.41625,0.411
cs,token,25,1,0.205,NaN
cs,token,25,2,0.1525,NaN
cs,pos,25,1,0.1625,NaN
cs,pos,25,2,0.4,0.385
cs,token,25,2,0.1425,0.14
cs,syl,25,1,0.26375,NaN
cs,pos,1000,2,0.947096774193548,0.946
cs,pos,25,1,0.10875,NaN
cs,syl,1000,1,0.833548387096774,0.823
cs,syl,25,2,0.55625,0.551
cs,pos_syl,25,2,0.6475,0.638
cs,pos_syl,25,1,0.39875,0.383
cs,pos,25,2,0.39125,0.379
cs,syl,25,1,0.34875,0.337
cs,token,50,1,0.24375,0.227
cs,syl,25,2,0.5275,0.506
cs,pos_syl,25,2,0.7525,0.746
cs,pos_syl,25,1,0.355,0.346
cs,token,50,1,0.29875,NaN
cs,syl,1000,2,0.99741935483871,0.997
cs,pos_syl,1000,1,0.947096774193548,0.949
cs,token,50,2,0.18625,NaN
cs,pos,50,1,0.2525,0.239
cs,pos,50,2,0.48,0.471
cs,syl,50,1,0.3425,0.33
cs,pos_syl,25,2,0.65375,0.644
cs,token,50,2,0.0925,NaN
cs,pos,50,1,0.2025,NaN
cs,syl,50,2,0.6825,0.674
cs,pos_syl,50,1,0.48375,0.473
cs,token,50,1,0.36875,0.347
cs,pos,50,2,0.50375,0.49
cs,pos_syl,25,2,0.6975,0.693
cs,syl,50,1,0.3675,0.363
cs,syl,50,2,0.7325,0.73
cs,pos_syl,1000,2,0.994838709677419,0.995
cs,pos_syl,50,2,0.7125,0.707
cs,pos_syl,50,1,0.5525,0.545
cs,token,50,1,0.33375,0.32
cs,token,25,1,0.21,NaN
cs,token,50,2,0.09375,NaN
cs,pos,50,1,0.17,NaN
cs,token,100,1,0.41875,0.408
cs,pos_syl,50,2,0.715,0.715
cs,pos,50,2,0.48,0.468
cs,token,25,2,0.07375,NaN
cs,syl,50,1,0.3575,0.349
cs,token,100,1,0.4275,0.417
cs,pos,25,1,0.17875,0.172
cs,token,50,2,0.115,NaN
cs,syl,50,2,0.63375,0.63
cs,pos,50,1,0.16,NaN
cs,pos_syl,50,1,0.5275,0.519
cs,token,100,2,0.1675,NaN
cs,pos,25,2,0.31125,0.299
cs,pos,100,1,0.26125,0.256
cs,syl,25,1,0.25375,NaN
cs,pos,50,2,0.46125,0.436
cs,syl,25,2,0.5275,0.516
cs,syl,50,1,0.38,0.364
cs,token,100,2,0.14375,NaN
cs,pos_syl,50,2,0.7575,0.752
cs,pos_syl,25,1,0.33125,0.314
cs,syl,50,2,0.68125,0.678
cs,pos,100,2,0.5625,0.543
cs,pos,100,1,0.2175,NaN
cs,syl,100,1,0.44875,0.441
cs,pos_syl,50,1,0.425,0.413
cs,token,100,1,0.445,0.443
cs,syl,100,2,0.85,0.849
cs,pos,100,2,0.56375,0.545
cs,pos_syl,100,1,0.5575,0.553
cs,syl,100,1,0.47125,0.473
cs,pos_syl,50,2,0.6875,0.685
cs,syl,100,2,0.82125,0.821
cs,pos_syl,100,1,0.6075,0.603
cs,pos_syl,100,2,0.83125,0.829
cs,token,100,1,0.46375,0.45
cs,token,100,2,0.185,NaN
cs,pos,100,1,0.31375,0.297
cs,token,200,1,0.515,0.507
cs,pos_syl,100,2,0.85125,0.848
cs,pos_syl,25,2,0.65875,0.643
cs,pos,100,2,0.6,0.592
cs,syl,100,1,0.535,0.528
cs,token,100,2,0.13875,NaN
cs,token,200,1,0.57125,0.551
cs,token,50,1,0.2775,0.265
cs,syl,100,2,0.84875,0.843
cs,pos,100,1,0.24375,0.232
cs,pos_syl,100,1,0.59125,0.581
cs,token,200,2,0.27,NaN
cs,pos,200,1,0.3125,0.299
cs,pos,100,2,0.62375,0.619
cs,syl,100,1,0.45,0.439
cs,pos_syl,100,2,0.8375,0.837
cs,token,50,2,0.085,NaN
cs,syl,100,2,0.8575,0.855
cs,token,200,2,0.32625,NaN
cs,pos,50,1,0.23,NaN
cs,pos,200,1,0.37625,0.364
cs,pos,200,2,0.6375,0.62
cs,pos_syl,100,1,0.56125,0.551
cs,syl,200,1,0.64,0.632
cs,token,200,1,0.48125,0.46
cs,pos,50,2,0.47625,0.461
cs,syl,50,1,0.3625,0.354
cs,syl,200,2,0.92125,0.92
cs,pos,200,2,0.7475,0.739
cs,pos_syl,200,1,0.72625,0.717
cs,pos_syl,100,2,0.81875,0.819
cs,syl,50,2,0.6625,0.654
cs,syl,200,1,0.58,0.574
cs,pos_syl,50,1,0.485,0.469
cs,syl,200,2,0.95,0.947
cs,token,200,1,0.51375,0.491
cs,pos_syl,200,1,0.72,0.709
cs,token,200,2,0.23,0.212
cs,pos,200,1,0.3925,0.375
cs,pos_syl,200,2,0.87375,0.869
cs,pos_syl,50,2,0.69625,0.693
cs,token,300,1,0.5425,0.529
cs,pos_syl,200,2,0.91125,0.907
cs,pos,200,2,0.6975,0.683
cs,token,100,1,0.43375,0.418
cs,syl,200,1,0.52,0.517
cs,token,200,2,0.305,0.292
cs,pos,200,1,0.3375,NaN
cs,syl,200,2,0.90875,0.905
cs,token,300,1,0.5925,0.587
cs,pos_syl,200,1,0.725,0.717
cs,pos,200,2,0.6625,0.648
cs,token,100,2,0.1575,0.155
cs,syl,200,1,0.56,0.55
cs,pos,100,1,0.2425,0.228
cs,token,300,2,0.295,NaN
cs,pos,300,1,0.37125,0.357
cs,pos_syl,200,2,0.88625,0.887
cs,syl,200,2,0.9525,0.952
cs,pos,100,2,0.5775,0.553
cs,token,300,2,0.355,0.343
cs,syl,100,1,0.43875,0.44
cs,pos_syl,200,1,0.7075,0.694
cs,pos,300,1,0.3825,NaN
cs,token,300,1,0.58375,0.554
cs,syl,100,2,0.8625,0.859
cs,pos,300,2,0.71,0.704
cs,syl,300,1,0.63875,0.63
cs,pos_syl,100,1,0.4875,0.488
cs,pos_syl,200,2,0.9375,0.937
cs,pos,300,2,0.7725,0.763
cs,syl,300,2,0.95375,0.953
cs,syl,300,1,0.68625,0.685
cs,pos_syl,300,1,0.7675,0.764
cs,pos_syl,100,2,0.84,0.834
cs,token,300,1,0.52125,0.505
cs,token,300,2,0.31125,0.299
cs,syl,300,2,0.9825,0.983
cs,pos,300,1,0.4275,NaN
cs,token,200,1,0.55,0.533
cs,pos_syl,300,1,0.8475,0.847
cs,pos_syl,300,2,0.95375,0.952
cs,pos,300,2,0.7775,0.774
cs,syl,300,1,0.59,0.581
cs,token,300,2,0.32,0.292
cs,pos_syl,300,2,0.92,0.916
cs,token,500,1,0.71875,0.712
cs,pos,300,1,0.48625,0.477
cs,token,200,2,0.27125,NaN
cs,pos,200,1,0.41375,0.4
cs,syl,300,2,0.97,0.97
cs,token,500,1,0.72875,0.708
cs,pos_syl,300,1,0.8225,0.824
cs,pos,300,2,0.8025,0.798
cs,pos,200,2,0.7075,0.696
cs,syl,300,1,0.62375,0.612
cs,syl,200,1,0.565,0.556
cs,pos_syl,300,2,0.93,0.929
cs,syl,300,2,0.94,0.94
cs,syl,200,2,0.93125,0.927
cs,pos_syl,300,1,0.78625,0.778
cs,token,500,2,0.4075,0.399
cs,pos_syl,200,1,0.75875,0.753
cs,pos,500,1,0.52,0.505
cs,token,500,1,0.61,0.601
cs,token,500,2,0.435,0.417
cs,pos,500,1,0.64875,0.637
cs,pos_syl,200,2,0.89625,0.894
cs,pos_syl,300,2,0.91375,0.911
cs,pos,500,2,0.84625,0.844
cs,syl,500,1,0.6825,0.675
cs,token,300,1,0.5825,0.57
cs,token,500,1,0.6425,0.64
cs,pos,500,2,0.88875,0.885
cs,syl,500,1,0.7725,0.77
cs,syl,500,2,0.9775,0.977
cs,pos_syl,500,1,0.89125,0.89
cs,token,500,2,0.41125,0.389
cs,pos,500,1,0.6175,0.616
cs,syl,500,2,0.98,0.98
cs,token,300,2,0.3025,0.295
cs,pos_syl,500,1,0.9125,0.913
cs,pos,300,1,0.45,0.441
cs,pos_syl,500,2,0.97375,0.974
cs,token,500,2,0.41125,0.388
cs,pos,500,2,0.87125,0.868
cs,pos,500,1,0.575,0.568
cs,syl,500,1,0.73625,0.735
cs,pos,300,2,0.79375,0.79
cs,syl,300,1,0.6275,0.616
cs,pos_syl,500,2,0.95875,0.957
cs,token,750,1,0.7275,0.719
cs,syl,300,2,0.92,0.918
cs,syl,500,2,0.97875,0.977
cs,pos,500,2,0.87875,0.875
cs,pos_syl,300,1,0.75875,0.756
cs,pos_syl,500,1,0.88125,0.88
cs,syl,500,1,0.73375,0.722
cs,token,750,1,0.735,0.729
cs,syl,500,2,0.9575,0.957
cs,pos_syl,300,2,0.9275,0.925
cs,pos_syl,500,1,0.865,0.862
cs,pos_syl,500,2,0.96,0.956
cs,token,500,1,0.675,0.667
cs,token,750,1,0.77,0.758
cs,token,750,2,0.52,0.512
cs,pos,750,1,0.69625,0.694
cs,pos_syl,500,2,0.9625,0.962
cs,token,750,2,0.535,0.513
cs,pos,750,1,0.6925,0.692
cs,token,750,1,0.71625,0.714
cs,pos,750,2,0.915,0.913
cs,syl,750,1,0.75625,0.755
cs,token,500,2,0.42125,0.41
cs,pos,500,1,0.51875,0.511
cs,pos,750,2,0.9175,0.916
cs,syl,750,1,0.76875,0.766
cs,token,750,2,0.505,0.475
cs,pos,750,1,0.68375,0.684
cs,syl,750,2,0.9875,0.987
cs,pos_syl,750,1,0.90875,0.906
cs,pos,500,2,0.87,0.868
cs,syl,500,1,0.72875,0.726
cs,syl,750,2,0.97875,0.979
cs,token,750,2,0.4975,0.475
cs,pos,750,1,0.67,0.664
cs,pos_syl,750,1,0.93375,0.932
cs,pos,750,2,0.92875,0.928
cs,syl,500,2,0.99,0.99
cs,syl,750,1,0.805,0.802
cs,pos_syl,500,1,0.87,0.868
cs,pos_syl,750,2,0.97,0.97
cs,pos,750,2,0.90625,0.905
cs,pos_syl,750,2,0.97625,0.976
cs,syl,750,1,0.8025,0.792
cs,syl,750,2,0.99875,0.999
cs,pos_syl,500,2,0.96125,0.96
cs,token,1000,1,0.744516129032258,0.743
cs,pos_syl,750,1,0.93125,0.93
cs,token,1000,1,0.727741935483871,0.718
cs,token,750,1,0.795,0.788
cs,syl,750,2,0.98375,0.984
cs,pos_syl,750,1,0.92875,0.927
cs,pos_syl,750,2,0.975,0.975
cs,token,1000,1,0.750967741935484,0.748
cs,pos_syl,750,2,0.97375,0.973
cs,token,1000,2,0.59741935483871,0.591
cs,pos,1000,1,0.72258064516129,0.73
cs,token,750,2,0.50625,0.498
cs,pos,750,1,0.69375,0.691
cs,token,1000,1,0.765161290322581,0.762
cs,token,1000,2,0.584516129032258,0.561
cs,pos,1000,1,0.758709677419355,0.753
cs,pos,1000,2,0.925161290322581,0.927
cs,pos,750,2,0.91875,0.916
cs,syl,1000,1,0.758709677419355,0.751
cs,syl,750,1,0.75125,0.746
cs,pos,1000,2,0.966451612903226,0.968
cs,syl,1000,1,0.776774193548387,0.762
cs,token,1000,2,0.529032258064516,0.523
cs,pos,1000,1,0.758709677419355,0.758
cs,syl,750,2,0.98625,0.986
cs,token,1000,2,0.625806451612903,0.601
cs,pos,1000,1,0.745806451612903,0.743
cs,pos_syl,750,1,0.905,0.901
cs,syl,1000,2,0.984516129032258,0.985
cs,pos_syl,1000,1,0.949677419354839,0.948
cs,syl,1000,2,0.984516129032258,0.985
cs,pos_syl,1000,1,0.952258064516129,0.954
cs,pos,1000,2,0.925161290322581,0.926
cs,syl,1000,1,0.814193548387097,0.805
cs,pos_syl,750,2,0.9775,0.977
cs,pos,1000,2,0.945806451612903,0.947
cs,syl,1000,1,0.780645161290323,0.778
cs,pos_syl,1000,2,0.990967741935484,0.991
cs,pos_syl,1000,2,0.967741935483871,0.97
cs,syl,1000,2,0.981935483870968,0.982
cs,token,1000,1,0.771612903225806,0.771
cs,token,25,1,0.25125,NaN
cs,pos_syl,1000,1,0.947096774193548,0.947
cs,token,25,1,0.26,NaN
cs,syl,1000,2,1,1
cs,token,25,2,0.09875,NaN
cs,pos_syl,1000,1,0.953548387096774,0.953
cs,pos,25,1,0.14875,0.142
cs,token,25,2,0.12875,NaN
cs,pos,25,1,0.16875,NaN
cs,pos,25,2,0.35125,0.344
cs,syl,25,1,0.2875,NaN
cs,pos,25,2,0.34,0.33
cs,syl,25,1,0.24,0.234
cs,syl,25,2,0.55375,0.539
cs,syl,25,2,0.49375,0.487
cs,pos_syl,25,1,0.3575,0.35
cs,pos_syl,1000,2,0.976774193548387,0.978
cs,pos_syl,25,1,0.34375,0.33
cs,token,25,1,0.23875,0.228
cs,pos_syl,1000,2,0.984516129032258,0.985
cs,token,1000,2,0.558709677419355,0.523
cs,pos,1000,1,0.713548387096774,0.71
cs,token,25,1,0.1925,NaN
cs,token,25,2,0.05125,NaN
cs,pos,25,1,0.2125,NaN
cs,token,25,2,0.10125,NaN
cs,pos,25,1,0.17125,NaN
cs,pos,25,2,0.40375,0.39
cs,syl,25,1,0.32375,0.322
cs,pos_syl,25,2,0.625,0.621
cs,pos_syl,25,2,0.61375,0.605
cs,syl,25,2,0.63375,0.618
cs,pos,25,2,0.4025,0.387
cs,syl,25,1,0.26,0.25
cs,pos_syl,25,1,0.35875,0.352
cs,syl,25,2,0.565,0.556
cs,pos,1000,2,0.940645161290323,0.942
cs,token,50,1,0.3975,0.385
cs,token,50,1,0.30375,NaN
cs,syl,1000,1,0.740645161290323,0.717
cs,pos_syl,25,1,0.48375,0.47
cs,token,50,2,0.115,NaN
cs,pos,50,1,0.23125,NaN
cs,token,50,2,0.15125,NaN
cs,pos,50,1,0.2125,0.199
cs,syl,1000,2,0.998709677419355,0.999
cs,pos_syl,1000,1,0.943225806451613,0.944
cs,pos,50,2,0.48125,0.471
cs,pos,50,2,0.49375,0.487
cs,syl,50,1,0.3675,NaN
cs,syl,50,1,0.3875,0.385
cs,pos_syl,25,2,0.7,0.691
cs,syl,50,2,0.72625,0.72
cs,syl,50,2,0.64625,0.633
cs,pos_syl,25,2,0.68125,0.669
cs,pos_syl,50,1,0.44,0.413
cs,pos_syl,50,1,0.52,0.512
cs,token,50,1,0.31125,0.285
cs,token,50,1,0.34125,0.328
cs,pos_syl,50,2,0.7425,0.738
cs,pos_syl,50,2,0.72,0.712
cs,pos_syl,1000,2,0.989677419354839,0.99
cs,token,100,1,0.43375,0.42
cs,token,100,1,0.495,0.479
cs,token,50,2,0.1175,NaN
cs,pos,50,1,0.2125,NaN
cs,token,25,1,0.2125,0.201
cs,token,50,2,0.1175,NaN
cs,pos,50,1,0.1675,NaN
cs,pos,50,2,0.475,0.465
cs,syl,50,1,0.31875,NaN
cs,pos,50,2,0.45375,0.441
cs,token,25,2,0.08375,NaN
cs,syl,50,2,0.7175,0.705
cs,token,100,2,0.16125,NaN
cs,syl,50,1,0.38625,NaN
cs,token,100,2,0.1975,NaN
cs,pos,25,1,0.15875,NaN
cs,pos,100,1,0.295,NaN
cs,pos,100,1,0.21625,NaN
cs,pos_syl,50,1,0.45625,0.439
cs,syl,50,2,0.68375,0.685
cs,pos_syl,50,1,0.55125,0.53
cs,pos,25,2,0.3925,0.379
cs,pos,100,2,0.58125,0.561
cs,pos,100,2,0.52125,0.509
cs,syl,25,1,0.30125,NaN
cs,syl,100,1,0.525,0.516
cs,syl,100,1,0.5,0.489
cs,pos_syl,50,2,0.72875,0.721
cs,syl,25,2,0.55375,0.544
cs,syl,100,2,0.86875,0.866
cs,syl,100,2,0.835,0.834
cs,pos_syl,25,1,0.39625,0.378
cs,pos_syl,50,2,0.7475,0.746
cs,pos_syl,100,1,0.63125,0.621
cs,pos_syl,100,1,0.53875,0.529
cs,token,100,1,0.43,0.41
cs,token,100,1,0.51125,0.491
cs,pos_syl,100,2,0.8125,0.808
cs,pos_syl,100,2,0.79,0.786
cs,token,100,2,0.195,NaN
cs,pos,100,1,0.26875,NaN
cs,token,200,1,0.55,0.54
cs,token,200,1,0.48875,0.473
cs,token,100,2,0.20125,NaN
cs,pos,100,1,0.21875,NaN
cs,pos,100,2,0.55875,0.553
cs,syl,100,1,0.4575,NaN
cs,pos_syl,25,2,0.71,0.704
cs,syl,100,2,0.835,0.83
cs,pos,100,2,0.5675,0.554
cs,syl,100,1,0.53,0.52
cs,pos_syl,100,1,0.5525,0.54
cs,token,200,2,0.22625,NaN
cs,token,50,1,0.3475,0.336
cs,token,200,2,0.2275,0.217
cs,pos,200,1,0.36125,0.35
cs,syl,100,2,0.84,0.839
cs,pos,200,1,0.3475,0.339
cs,pos_syl,100,1,0.59125,0.583
cs,pos_syl,100,2,0.79625,0.793
cs,pos,200,2,0.69875,0.686
cs,syl,200,1,0.60875,NaN
cs,pos,200,2,0.705,0.7
cs,syl,200,1,0.54,0.533
cs,pos_syl,100,2,0.815,0.809
cs,token,50,2,0.13625,NaN
cs,token,200,1,0.5925,0.565
cs,pos,50,1,0.2125,NaN
cs,syl,200,2,0.925,0.922
cs,syl,200,2,0.94,0.939
cs,pos_syl,200,1,0.69125,0.688
cs,token,200,1,0.52125,0.51
cs,pos_syl,200,1,0.6925,0.689
cs,pos,50,2,0.50375,0.492
cs,syl,50,1,0.39,0.382
cs,syl,50,2,0.67875,0.673
cs,pos_syl,50,1,0.39375,0.39
cs,token,200,2,0.2475,NaN
cs,pos_syl,200,2,0.875,0.87
cs,pos,200,1,0.375,0.358
cs,pos_syl,200,2,0.89375,0.893
cs,token,200,2,0.255,0.246
cs,pos_syl,50,2,0.8125,0.812
cs,token,300,1,0.58,0.567
cs,pos,200,1,0.34875,0.335
cs,pos,200,2,0.6775,0.665
cs,token,300,1,0.5825,0.571
cs,syl,200,1,0.58625,0.581
cs,token,100,1,0.4475,0.435
cs,syl,200,2,0.90375,0.903
cs,pos,200,2,0.67875,0.671
cs,syl,200,1,0.59625,0.592
cs,pos_syl,200,1,0.6825,0.678
cs,syl,200,2,0.92875,0.927
cs,pos_syl,200,1,0.655,0.651
cs,token,300,2,0.32375,0.308
cs,token,100,2,0.1625,NaN
cs,token,300,2,0.28,0.267
cs,pos,300,1,0.38375,NaN
cs,pos_syl,200,2,0.91125,0.908
cs,pos,100,1,0.2375,NaN
cs,pos,300,1,0.52375,0.504
cs,pos,100,2,0.56375,0.555
cs,pos_syl,200,2,0.87125,0.87
cs,token,300,1,0.63,0.622
cs,syl,100,1,0.4625,0.441
cs,pos,300,2,0.72875,0.724
cs,syl,300,1,0.67625,0.67
cs,pos,300,2,0.7725,0.766
cs,syl,100,2,0.84125,0.838
cs,syl,300,1,0.6025,0.59
cs,token,300,1,0.64,0.645
cs,pos_syl,100,1,0.53375,0.524
cs,syl,300,2,0.96625,0.964
cs,syl,300,2,0.9625,0.962
cs,pos_syl,300,1,0.8125,0.809
cs,pos_syl,300,1,0.7625,0.758
cs,pos_syl,100,2,0.82625,0.825
cs,token,300,2,0.35,0.32
cs,pos,300,1,0.4325,0.417
cs,token,200,1,0.53375,0.517
cs,token,300,2,0.32875,0.317
cs,pos_syl,300,2,0.91375,0.913
cs,pos_syl,300,2,0.92125,0.917
cs,pos,300,1,0.46125,0.451
cs,pos,300,2,0.765,0.758
cs,syl,300,1,0.685,0.678
cs,token,500,1,0.63625,0.628
cs,token,500,1,0.6575,0.642
cs,pos,300,2,0.74875,0.736
cs,syl,300,2,0.975,0.974
cs,syl,300,1,0.65,0.642
cs,token,200,2,0.22,NaN
cs,pos,200,1,0.37625,0.351
cs,pos_syl,300,1,0.8025,0.799
cs,syl,300,2,0.95375,0.953
cs,pos_syl,300,1,0.77875,0.774
cs,pos,200,2,0.715,0.701
cs,syl,200,1,0.5975,0.592
cs,pos_syl,300,2,0.93375,0.931
cs,syl,200,2,0.92875,0.927
cs,token,500,2,0.42875,0.426
cs,token,500,2,0.40375,0.378
cs,pos,500,1,0.56625,0.562
cs,pos,500,1,0.57,0.556
cs,pos_syl,200,1,0.7275,0.72
cs,pos_syl,300,2,0.9425,0.942
cs,token,500,1,0.71875,0.711
cs,token,500,1,0.65375,0.638
cs,pos_syl,200,2,0.885,0.883
cs,pos,500,2,0.8025,0.797
cs,pos,500,2,0.865,0.863
cs,syl,500,1,0.74125,0.74
cs,syl,500,1,0.71,0.706
cs,token,300,1,0.5475,0.533
cs,syl,500,2,0.98125,0.981
cs,syl,500,2,0.9875,0.988
cs,token,500,2,0.48625,0.462
cs,pos_syl,500,1,0.86875,0.867
cs,pos,500,1,0.5975,0.587
cs,pos_syl,500,1,0.845,0.838
cs,token,500,2,0.4475,0.424
cs,pos,500,1,0.59875,0.584
cs,token,300,2,0.25625,0.236
cs,pos,300,1,0.43875,0.42
cs,pos,500,2,0.88,0.876
cs,syl,500,1,0.68625,0.676
cs,pos_syl,500,2,0.925,0.92
cs,pos_syl,500,2,0.95625,0.955
cs,pos,300,2,0.7375,0.734
cs,pos,500,2,0.87,0.868
cs,syl,300,1,0.64375,0.636
cs,syl,500,1,0.7325,0.728
cs,token,750,1,0.745,0.737
cs,syl,500,2,0.975,0.975
cs,token,750,1,0.69625,0.689
cs,pos_syl,500,1,0.83375,0.825
cs,syl,300,2,0.95,0.949
cs,syl,500,2,0.995,0.995
cs,pos_syl,300,1,0.75625,0.754
cs,pos_syl,500,1,0.89125,0.89
cs,pos_syl,500,2,0.93625,0.934
cs,pos_syl,300,2,0.9275,0.922
cs,token,750,1,0.73375,0.727
cs,pos_syl,500,2,0.955,0.953
cs,token,500,1,0.66625,0.655
cs,token,750,2,0.4875,0.468
cs,token,750,2,0.50875,0.479
cs,pos,750,1,0.69375,0.682
cs,pos,750,1,0.6525,0.649
cs,token,750,1,0.72625,0.716
cs,pos,750,2,0.90375,0.902
cs,syl,750,1,0.73625,0.726
cs,pos,750,2,0.935,0.934
cs,syl,750,1,0.73125,0.726
cs,token,500,2,0.42,0.4
cs,pos,500,1,0.56625,0.556
cs,token,750,2,0.5025,0.476
cs,pos,750,1,0.6525,0.649
cs,syl,750,2,1,1
cs,syl,750,2,0.99125,0.991
cs,pos_syl,750,1,0.9,0.899
cs,token,750,2,0.55,0.521
cs,pos_syl,750,1,0.92875,0.927
cs,pos,500,2,0.8175,0.815
cs,pos,750,1,0.62,0.613
cs,syl,500,1,0.68625,0.675
cs,pos,750,2,0.925,0.924
cs,syl,750,1,0.6975,0.687
cs,syl,500,2,0.98375,0.984
cs,pos_syl,500,1,0.89125,0.89
cs,pos_syl,750,2,0.9925,0.992
cs,pos,750,2,0.925,0.923
cs,pos_syl,750,2,0.98625,0.986
cs,syl,750,1,0.755,0.747
cs,syl,750,2,0.97,0.97
cs,pos_syl,750,1,0.91,0.908
cs,token,1000,1,0.779354838709677,0.776
cs,pos_syl,500,2,0.95,0.949
cs,token,1000,1,0.748387096774194,0.743
cs,syl,750,2,0.9825,0.982
cs,pos_syl,750,1,0.91125,0.91
cs,token,750,1,0.77625,0.774
cs,pos_syl,750,2,0.9875,0.988
cs,token,1000,1,0.743225806451613,0.729
cs,pos_syl,750,2,0.99,0.99
cs,token,1000,2,0.610322580645161,0.606
cs,pos,1000,1,0.735483870967742,0.744
cs,token,1000,2,0.569032258064516,0.557
cs,pos,1000,1,0.774193548387097,0.771
cs,token,1000,1,0.778064516129032,0.773
cs,token,750,2,0.5175,0.494
cs,pos,750,1,0.7075,0.703
cs,pos,1000,2,0.939354838709677,0.94
cs,syl,1000,1,0.772903225806452,0.766
cs,pos,1000,2,0.948387096774194,0.95
cs,syl,1000,1,0.790967741935484,0.787
cs,pos,750,2,0.9025,0.902
cs,token,1000,2,0.592258064516129,0.58
cs,syl,750,1,0.72125,0.707
cs,pos,1000,1,0.723870967741935,0.729
cs,token,1000,2,0.56258064516129,0.556
cs,syl,1000,2,0.998709677419355,0.999
cs,pos,1000,1,0.76,0.763
cs,pos_syl,1000,1,0.953548387096774,0.955
cs,syl,1000,2,0.998709677419355,0.999
cs,syl,750,2,0.985,0.985
cs,pos_syl,1000,1,0.943225806451613,0.945
cs,pos_syl,750,1,0.9375,0.936
cs,pos,1000,2,0.931612903225806,0.933
cs,syl,1000,1,0.83741935483871,0.829
cs,pos,1000,2,0.91741935483871,0.919
cs,syl,1000,1,0.789677419354839,0.782
cs,pos_syl,1000,2,0.99741935483871,0.998
cs,pos_syl,750,2,0.98625,0.986
cs,syl,1000,2,0.994838709677419,0.995
cs,pos_syl,1000,2,0.972903225806452,0.974
cs,token,25,1,0.225,0.215
cs,pos_syl,1000,1,0.956129032258065,0.955
cs,token,25,1,0.2325,NaN
cs,token,1000,1,0.789677419354839,0.782
cs,token,25,2,0.0875,NaN
cs,syl,1000,2,0.998709677419355,0.999
cs,pos,25,1,0.14875,0.139
cs,pos_syl,1000,1,0.899354838709677,0.906
cs,token,25,2,0.08125,NaN
cs,pos,25,1,0.12875,NaN
cs,pos,25,2,0.38,0.367
cs,syl,25,1,0.335,0.322
cs,syl,25,2,0.555,0.548
cs,pos_syl,1000,2,0.974193548387097,0.975
cs,pos,25,2,0.37625,0.365
cs,pos_syl,25,1,0.3975,0.388
cs,syl,25,1,0.29,NaN
cs,syl,25,2,0.6175,0.613
cs,token,25,1,0.24,0.229
cs,pos_syl,25,1,0.31125,0.305
cs,pos_syl,1000,2,0.992258064516129,0.992
cs,token,25,2,0.09375,NaN
cs,pos,25,1,0.18625,NaN
cs,token,25,1,0.26875,0.244
cs,token,1000,2,0.629677419354839,0.619
cs,pos,1000,1,0.703225806451613,0.709
cs,pos,25,2,0.36,0.355
cs,syl,25,1,0.325,0.312
cs,syl,25,2,0.63875,0.638
cs,token,25,2,0.10375,NaN
cs,pos_syl,25,2,0.69375,0.688
cs,pos,25,1,0.20125,NaN
cs,pos_syl,25,1,0.37875,0.371
cs,pos_syl,25,2,0.69375,0.692
cs,token,50,1,0.3675,0.36
cs,pos,25,2,0.37125,0.365
cs,syl,25,1,0.29625,0.289
cs,token,50,1,0.29125,0.269
cs,syl,25,2,0.58375,0.574
cs,pos,1000,2,0.932903225806452,0.931
cs,pos_syl,25,1,0.3475,0.328
cs,syl,1000,1,0.76258064516129,0.754
cs,token,50,2,0.10625,NaN
cs,pos,50,1,0.24,NaN
cs,token,50,2,0.14,NaN
cs,pos,50,1,0.195,NaN
cs,pos,50,2,0.44125,0.43
cs,syl,50,1,0.385,NaN
cs,pos_syl,25,2,0.70875,0.706
cs,pos,50,2,0.48,0.457
cs,syl,50,2,0.73625,0.732
cs,syl,50,1,0.3575,NaN
cs,syl,1000,2,0.992258064516129,0.992
cs,pos_syl,50,1,0.50375,0.492
cs,token,50,1,0.3225,0.305
cs,syl,50,2,0.6675,0.655
cs,pos_syl,1000,1,0.950967741935484,0.952
cs,pos_syl,50,1,0.5,0.495
cs,pos_syl,25,2,0.67375,0.66
cs,pos_syl,50,2,0.7475,0.74
cs,token,50,1,0.29875,0.284
cs,pos_syl,50,2,0.71375,0.711
cs,token,100,1,0.515,0.488
cs,token,50,2,0.0725,NaN
cs,pos,50,1,0.1625,NaN
cs,token,100,1,0.4675,0.452
cs,pos,50,2,0.39375,0.384
cs,syl,50,1,0.31875,0.314
cs,pos_syl,1000,2,0.981935483870968,0.983
cs,token,50,2,0.1425,NaN
cs,token,100,2,0.2175,NaN
cs,pos,50,1,0.225,0.22
cs,syl,50,2,0.6775,0.665
cs,pos,100,1,0.24625,NaN
cs,token,100,2,0.14375,NaN
cs,pos_syl,50,1,0.47,0.459
cs,token,25,1,0.285,0.273
cs,pos,100,1,0.3075,NaN
cs,pos,50,2,0.41875,0.407
cs,syl,50,1,0.43375,0.424
cs,pos,100,2,0.50625,0.497
cs,syl,100,1,0.53625,0.528
cs,syl,50,2,0.70125,0.7
cs,token,25,2,0.10625,NaN
cs,pos_syl,50,2,0.72875,0.729
cs,pos,100,2,0.5425,0.529
cs,pos_syl,50,1,0.4125,0.406
cs,syl,100,2,0.7975,0.792
cs,pos,25,1,0.1375,NaN
cs,syl,100,1,0.455,0.45
cs,pos_syl,100,1,0.615,0.611
cs,syl,100,2,0.85875,0.858
cs,token,100,1,0.4275,0.411
cs,pos,25,2,0.3825,0.37
cs,pos_syl,100,1,0.51375,0.509
cs,pos_syl,50,2,0.75625,0.758
cs,syl,25,1,0.34875,0.34
cs,syl,25,2,0.56875,0.56
cs,pos_syl,100,2,0.845,0.84
cs,pos_syl,25,1,0.34875,0.338
cs,token,100,1,0.505,0.488
cs,pos_syl,100,2,0.85875,0.857
cs,token,200,1,0.5775,0.567
cs,token,100,2,0.12,NaN
cs,pos,100,1,0.2325,NaN
cs,token,200,1,0.5125,0.506
cs,pos,100,2,0.50125,0.488
cs,token,100,2,0.16125,0.152
cs,syl,100,1,0.505,NaN
cs,pos,100,1,0.26625,NaN
cs,token,200,2,0.285,0.272
cs,syl,100,2,0.85875,0.856
cs,pos,200,1,0.34375,0.322
cs,pos_syl,100,1,0.63125,0.619
cs,token,200,2,0.26375,0.252
cs,pos,100,2,0.58125,0.568
cs,pos,200,1,0.2475,NaN
cs,syl,100,1,0.465,0.458
cs,pos_syl,25,2,0.6425,0.632
cs,syl,100,2,0.84875,0.842
cs,pos,200,2,0.6675,0.65
cs,syl,200,1,0.56625,0.56
cs,pos_syl,100,2,0.79625,0.791
cs,pos_syl,100,1,0.59,0.581
cs,token,50,1,0.32,0.304
cs,pos,200,2,0.67625,0.664
cs,syl,200,1,0.60375,0.595
cs,syl,200,2,0.915,0.912
cs,token,200,1,0.48375,0.47
cs,pos_syl,200,1,0.66625,0.661
cs,pos_syl,100,2,0.8525,0.85
cs,syl,200,2,0.92,0.918
cs,pos_syl,200,1,0.70875,0.705
cs,token,50,2,0.13375,0.133
cs,pos_syl,200,2,0.8475,0.846
cs,token,200,1,0.5325,0.517
cs,pos,50,1,0.23625,0.227
cs,token,200,2,0.27375,NaN
cs,pos_syl,200,2,0.91875,0.919
cs,pos,200,1,0.35,NaN
cs,pos,50,2,0.53,0.52
cs,token,300,1,0.58625,0.57
cs,syl,50,1,0.30125,0.301
cs,syl,50,2,0.76125,0.752
cs,token,300,1,0.5475,0.541
cs,pos,200,2,0.67625,0.664
cs,token,200,2,0.2075,0.208
cs,pos_syl,50,1,0.59625,0.585
cs,syl,200,1,0.625,0.616
cs,pos,200,1,0.38375,0.365
cs,syl,200,2,0.95,0.949
cs,pos_syl,200,1,0.665,0.662
cs,pos_syl,50,2,0.76375,0.757
cs,pos,200,2,0.73,0.718
cs,token,300,2,0.33625,0.317
cs,syl,200,1,0.5625,0.561
cs,pos,300,1,0.51625,0.498
cs,token,300,2,0.3375,0.321
cs,token,100,1,0.42125,0.407
cs,pos,300,1,0.50125,0.49
cs,syl,200,2,0.95,0.95
cs,pos_syl,200,2,0.9275,0.927
cs,pos_syl,200,1,0.70375,0.701
cs,pos,300,2,0.81,0.807
cs,syl,300,1,0.645,0.634
cs,token,300,1,0.57625,0.553
cs,pos,300,2,0.71125,0.698
cs,syl,300,1,0.64875,0.642
cs,token,100,2,0.11125,NaN
cs,pos_syl,200,2,0.9225,0.922
cs,syl,300,2,0.96625,0.965
cs,pos,100,1,0.2325,NaN
cs,pos_syl,300,1,0.7925,0.792
cs,syl,300,2,0.97625,0.976
cs,token,300,1,0.58875,0.569
cs,pos_syl,300,1,0.825,0.818
cs,pos,100,2,0.565,0.562
cs,syl,100,1,0.49125,0.481
cs,token,300,2,0.30625,NaN
cs,syl,100,2,0.81875,0.817
cs,pos,300,1,0.4025,0.392
cs,pos_syl,300,2,0.9375,0.937
cs,pos_syl,100,1,0.61625,0.598
cs,pos_syl,300,2,0.94875,0.947
cs,token,500,1,0.60875,0.596
cs,token,300,2,0.31,NaN
cs,pos,300,2,0.74,0.731
cs,pos_syl,100,2,0.85625,0.855
cs,syl,300,1,0.66,0.652
cs,pos,300,1,0.435,NaN
cs,token,500,1,0.6725,0.665
cs,token,200,1,0.52,0.513
cs,syl,300,2,0.96125,0.962
cs,pos,300,2,0.73625,0.725
cs,pos_syl,300,1,0.77,0.766
cs,syl,300,1,0.6525,0.646
cs,syl,300,2,0.96875,0.968
cs,token,500,2,0.42375,0.395
cs,token,200,2,0.2425,NaN
cs,pos,500,1,0.54875,0.538
cs,pos_syl,300,1,0.79875,0.793
cs,pos_syl,300,2,0.91,0.908
cs,pos,200,1,0.38875,NaN
cs,token,500,2,0.475,0.465
cs,pos,500,1,0.55875,0.551
cs,token,500,1,0.65625,0.637
cs,pos,200,2,0.69,0.676
cs,syl,200,1,0.595,0.582
cs,pos_syl,300,2,0.94,0.937
cs,pos,500,2,0.81375,0.81
cs,syl,500,1,0.71,0.707
cs,syl,200,2,0.9275,0.924
cs,pos,500,2,0.84625,0.841
cs,syl,500,1,0.76375,0.763
cs,pos_syl,200,1,0.6675,0.66
cs,token,500,1,0.67,0.661
cs,syl,500,2,0.9575,0.956
cs,pos_syl,500,1,0.87625,0.875
cs,syl,500,2,0.98375,0.984
cs,pos_syl,200,2,0.885,0.884
cs,pos_syl,500,1,0.87875,0.876
cs,token,500,2,0.45375,0.424
cs,pos,500,1,0.55375,0.55
cs,token,300,1,0.645,0.625
cs,pos_syl,500,2,0.93125,0.929
cs,token,500,2,0.44875,0.439
cs,pos,500,1,0.56,0.556
cs,pos,500,2,0.91375,0.912
cs,syl,500,1,0.715,0.706
cs,pos_syl,500,2,0.97125,0.971
cs,token,750,1,0.7325,0.728
cs,token,300,2,0.33125,NaN
cs,pos,300,1,0.4225,0.405
cs,token,750,1,0.69625,0.691
cs,syl,500,2,0.97,0.969
cs,pos,500,2,0.90625,0.905
cs,pos_syl,500,1,0.8725,0.869
cs,syl,500,1,0.70125,0.697
cs,pos,300,2,0.79625,0.791
cs,syl,300,1,0.6075,0.604
cs,syl,500,2,0.98875,0.989
cs,pos_syl,500,1,0.86625,0.866
cs,syl,300,2,0.96,0.96
cs,pos_syl,500,2,0.96625,0.966
cs,pos_syl,300,1,0.8075,0.803
cs,token,750,2,0.52875,0.516
cs,token,750,1,0.695,0.693
cs,pos,750,1,0.59625,0.593
cs,token,750,2,0.535,0.519
cs,pos_syl,500,2,0.95875,0.958
cs,pos,750,1,0.6825,0.674
cs,pos_syl,300,2,0.95875,0.958
cs,token,750,1,0.695,0.677
cs,token,500,1,0.71875,0.716
cs,pos,750,2,0.8975,0.897
cs,syl,750,1,0.79875,0.792
cs,pos,750,2,0.91,0.908
cs,syl,750,1,0.7575,0.749
cs,token,750,2,0.5725,0.561
cs,pos,750,1,0.59875,0.596
cs,syl,750,2,0.99375,0.994
cs,pos_syl,750,1,0.94375,0.943
cs,syl,750,2,0.98625,0.986
cs,token,500,2,0.4325,0.409
cs,pos_syl,750,1,0.91125,0.91
cs,pos,500,1,0.5625,0.549
cs,token,750,2,0.52375,0.504
cs,pos,750,1,0.655,0.639
cs,pos,750,2,0.95125,0.951
cs,syl,750,1,0.71375,0.701
cs,pos,500,2,0.87,0.867
cs,syl,500,1,0.725,0.723
cs,pos_syl,750,2,0.98125,0.981
cs,pos_syl,750,2,0.97125,0.971
cs,pos,750,2,0.92625,0.925
cs,syl,750,1,0.785,0.784
cs,syl,750,2,0.98,0.98
cs,token,1000,1,0.756129032258064,0.755
cs,syl,500,2,0.9925,0.992
cs,token,1000,1,0.770322580645161,0.768
cs,pos_syl,750,1,0.9275,0.926
cs,pos_syl,500,1,0.91375,0.913
cs,syl,750,2,0.985,0.985
cs,pos_syl,750,1,0.95625,0.957
cs,pos_syl,500,2,0.97,0.969
cs,pos_syl,750,2,0.9775,0.977
cs,token,750,1,0.735,0.72
cs,pos_syl,750,2,0.98625,0.986
cs,token,1000,1,0.775483870967742,0.764
cs,token,1000,2,0.625806451612903,0.611
cs,pos,1000,1,0.703225806451613,0.7
cs,token,1000,2,0.594838709677419,0.582
cs,token,1000,1,0.767741935483871,0.759
cs,pos,1000,1,0.736774193548387,0.742
cs,pos,1000,2,0.92,0.922
cs,syl,1000,1,0.827096774193548,0.822
cs,token,750,2,0.4675,0.447
cs,pos,1000,2,0.918709677419355,0.921
cs,pos,750,1,0.6475,0.644
cs,syl,1000,1,0.781935483870968,0.777
cs,token,1000,2,0.536774193548387,0.514
cs,pos,1000,1,0.779354838709677,0.783
cs,syl,1000,2,0.992258064516129,0.992
cs,pos_syl,1000,1,0.948387096774194,0.95
cs,pos,750,2,0.89625,0.893
cs,syl,1000,2,0.994838709677419,0.995
cs,syl,750,1,0.74625,0.743
cs,token,1000,2,0.592258064516129,0.591
cs,pos_syl,1000,1,0.963870967741935,0.965
cs,pos,1000,1,0.694193548387097,0.683
cs,pos,1000,2,0.958709677419355,0.96
cs,syl,1000,1,0.850322580645161,0.851
cs,syl,750,2,0.98375,0.984
cs,pos_syl,750,1,0.92125,0.921
cs,pos_syl,1000,2,0.979354838709677,0.98
cs,pos,1000,2,0.947096774193548,0.948
cs,pos_syl,1000,2,0.983225806451613,0.984
cs,syl,1000,1,0.8,0.801
cs,token,25,1,0.21875,0.207
cs,token,25,1,0.18625,NaN
cs,syl,1000,2,0.988387096774194,0.989
cs,pos_syl,1000,1,0.954838709677419,0.956
cs,token,25,2,0.11125,NaN
cs,pos,25,1,0.1275,NaN
cs,pos_syl,750,2,0.975,0.974
cs,token,25,2,0.09625,NaN
cs,pos,25,1,0.1975,NaN
cs,pos,25,2,0.3725,0.355
cs,syl,1000,2,0.988387096774194,0.989
cs,syl,25,1,0.2475,0.239
cs,pos_syl,1000,1,0.950967741935484,0.953
cs,syl,25,2,0.54375,0.538
cs,pos,25,2,0.375,0.368
cs,syl,25,1,0.2975,0.282
cs,pos_syl,25,1,0.38,0.37
cs,token,1000,1,0.75741935483871,0.759
cs,syl,25,2,0.5375,0.527
cs,pos_syl,25,1,0.4475,0.438
cs,pos_syl,1000,2,0.979354838709677,0.98
cs,token,25,1,0.1925,0.183
cs,pos_syl,1000,2,0.981935483870968,0.983
cs,token,25,1,0.2425,NaN
cs,token,25,2,0.08875,NaN
cs,pos,25,1,0.1025,NaN
cs,pos_syl,25,2,0.69375,0.692
cs,pos_syl,25,2,0.63875,0.632
cs,pos,25,2,0.305,0.292
cs,token,25,2,0.06875,NaN
cs,syl,25,1,0.28125,0.272
cs,token,50,1,0.31375,0.304
cs,pos,25,1,0.1975,NaN
cs,syl,25,2,0.58375,0.58
cs,token,50,1,0.30125,0.286
cs,pos_syl,25,1,0.39875,0.393
cs,token,1000,2,0.569032258064516,0.557
cs,pos,25,2,0.3725,0.364
cs,pos,1000,1,0.72,0.721
cs,syl,25,1,0.27875,0.264
cs,syl,25,2,0.54125,0.523
cs,pos_syl,25,1,0.45375,0.447
cs,token,50,2,0.12125,NaN
cs,pos,50,1,0.1825,NaN
cs,token,50,2,0.12375,NaN
cs,pos,50,1,0.18375,NaN
cs,pos,50,2,0.44875,0.442
cs,syl,50,1,0.41875,0.419
cs,pos,50,2,0.45125,0.431
cs,syl,50,1,0.3575,NaN
cs,pos,1000,2,0.934193548387097,0.935
cs,syl,50,2,0.70375,0.693
cs,syl,1000,1,0.789677419354839,0.776
cs,syl,50,2,0.725,0.72
cs,pos_syl,50,1,0.47,0.465
cs,pos_syl,25,2,0.625,0.615
cs,pos_syl,50,1,0.5425,0.538
cs,token,50,1,0.25125,0.24
cs,pos_syl,50,2,0.70375,0.7
cs,pos_syl,50,2,0.74375,0.744
cs,pos_syl,25,2,0.6675,0.654
cs,token,100,1,0.37875,0.363
cs,syl,1000,2,0.989677419354839,0.99
cs,token,50,1,0.3075,0.3
cs,token,100,1,0.46125,0.456
cs,pos_syl,1000,1,0.948387096774194,0.948
cs,token,50,2,0.1,NaN
cs,pos,50,1,0.19875,0.192
cs,token,100,2,0.1475,NaN
cs,pos,50,2,0.43125,0.414
cs,token,50,2,0.13375,NaN
cs,syl,50,1,0.315,0.303
cs,token,100,2,0.23375,NaN
cs,pos,100,1,0.21125,NaN
cs,pos,50,1,0.21875,NaN
cs,pos,100,1,0.2175,0.211
cs,syl,50,2,0.6575,0.655
cs,pos,50,2,0.47125,0.458
cs,pos,100,2,0.5275,0.514
cs,pos_syl,50,1,0.4425,0.424
cs,syl,50,1,0.42,0.413
cs,syl,100,1,0.46,0.456
cs,pos,100,2,0.60625,0.595
cs,pos_syl,1000,2,0.976774193548387,0.978
cs,syl,100,1,0.43375,0.421
cs,syl,50,2,0.75,0.748
cs,syl,100,2,0.85375,0.851
cs,pos_syl,50,1,0.58875,0.586
cs,syl,100,2,0.77625,0.767
cs,pos_syl,100,1,0.57375,0.565
cs,pos_syl,50,2,0.67375,0.663
cs,token,25,1,0.1875,NaN
cs,pos_syl,100,1,0.5575,0.549
cs,token,100,1,0.48,0.467
cs,pos_syl,50,2,0.71875,0.715
cs,pos_syl,100,2,0.82625,0.823
cs,token,25,2,0.1075,NaN
cs,pos,25,1,0.15125,NaN
cs,pos_syl,100,2,0.84125,0.84
cs,token,100,1,0.4725,0.459
cs,token,200,1,0.45375,0.437
cs,pos,25,2,0.40625,0.392
cs,syl,25,1,0.28625,0.281
cs,token,200,1,0.52375,0.507
cs,token,100,2,0.15625,NaN
cs,syl,25,2,0.50125,0.493
cs,pos,100,1,0.21375,NaN
cs,pos_syl,25,1,0.41875,0.401
cs,token,100,2,0.18375,0.177
cs,pos,100,1,0.33625,NaN
cs,pos,100,2,0.58125,0.561
cs,syl,100,1,0.49125,NaN
cs,token,200,2,0.25125,0.231
cs,pos,200,1,0.35125,0.339
cs,syl,100,2,0.8325,0.825
cs,token,200,2,0.29625,NaN
cs,pos,100,2,0.5625,0.551
cs,syl,100,1,0.5,0.494
cs,pos,200,1,0.32875,0.321
cs,pos_syl,100,1,0.6325,0.615
cs,syl,100,2,0.83875,0.839
cs,pos,200,2,0.6225,0.594
cs,syl,200,1,0.5125,NaN
cs,pos_syl,100,1,0.57125,0.562
cs,pos,200,2,0.67375,0.664
cs,syl,200,1,0.6075,0.603
cs,pos_syl,100,2,0.85125,0.852
cs,syl,200,2,0.925,0.918
cs,pos_syl,200,1,0.67,0.66
cs,pos_syl,25,2,0.70875,0.701
cs,syl,200,2,0.94125,0.941
cs,pos_syl,100,2,0.825,0.824
cs,token,200,1,0.6375,0.632
cs,pos_syl,200,1,0.62,0.615
cs,token,50,1,0.29125,NaN
cs,token,200,1,0.5625,0.539
cs,pos_syl,200,2,0.89875,0.897
cs,pos_syl,200,2,0.9175,0.917
cs,token,300,1,0.56625,0.547
cs,token,200,2,0.19625,0.188
cs,token,50,2,0.125,NaN
cs,token,300,1,0.605,0.59
cs,pos,200,1,0.42125,0.4
cs,pos,50,1,0.20375,0.197
cs,token,200,2,0.22,0.213
cs,pos,200,1,0.3825,0.366
cs,pos,50,2,0.435,0.428
cs,syl,50,1,0.46,0.453
cs,pos,200,2,0.68875,0.678
cs,syl,200,1,0.6025,0.599
cs,syl,50,2,0.695,0.692
cs,pos,200,2,0.675,0.659
cs,token,300,2,0.355,0.338
cs,pos_syl,50,1,0.515,0.504
cs,syl,200,1,0.5825,0.577
cs,syl,200,2,0.955,0.953
cs,pos,300,1,0.49875,0.483
cs,token,300,2,0.33,0.315
cs,pos_syl,200,1,0.6825,0.671
cs,pos,300,1,0.50875,0.494
cs,syl,200,2,0.90875,0.906
cs,pos_syl,50,2,0.75625,0.747
cs,pos_syl,200,1,0.7175,0.71
cs,pos,300,2,0.81625,0.816
cs,syl,300,1,0.665,0.661
cs,pos,300,2,0.76,0.757
cs,pos_syl,200,2,0.91625,0.911
cs,token,100,1,0.49875,0.48
cs,syl,300,1,0.63,0.627
cs,pos_syl,200,2,0.90375,0.902
cs,syl,300,2,0.95,0.949
cs,token,300,1,0.58625,0.573
cs,syl,300,2,0.9525,0.949
cs,pos_syl,300,1,0.7775,0.77
cs,pos_syl,300,1,0.7375,0.734
cs,token,300,1,0.5575,0.529
cs,token,100,2,0.13625,NaN
cs,pos,100,1,0.28,0.261
cs,pos,100,2,0.5825,0.571
cs,pos_syl,300,2,0.91125,0.904
cs,pos_syl,300,2,0.9425,0.939
cs,syl,100,1,0.43125,NaN
cs,token,300,2,0.31625,0.306
cs,syl,100,2,0.84,0.836
cs,pos,300,1,0.4,NaN
cs,token,300,2,0.33875,0.325
cs,pos_syl,100,1,0.5875,0.577
cs,token,500,1,0.58125,0.565
cs,pos,300,1,0.49375,0.478
cs,token,500,1,0.70625,0.702
cs,pos,300,2,0.76875,0.766
cs,syl,300,1,0.65375,0.65
cs,pos_syl,100,2,0.83625,0.835
cs,pos,300,2,0.7525,0.742
cs,syl,300,1,0.6025,0.599
cs,syl,300,2,0.9675,0.967
cs,token,200,1,0.53625,0.527
cs,pos_syl,300,1,0.75375,0.744
cs,syl,300,2,0.95875,0.959
cs,pos_syl,300,1,0.8,0.797
cs,token,500,2,0.45125,0.432
cs,token,500,2,0.4825,0.459
cs,pos,500,1,0.56875,0.557
cs,pos,500,1,0.60875,0.596
cs,pos_syl,300,2,0.94,0.94
cs,token,200,2,0.22,NaN
cs,pos,200,1,0.33375,0.319
cs,pos_syl,300,2,0.93375,0.932
cs,token,500,1,0.6325,0.611
cs,pos,500,2,0.855,0.854
cs,pos,500,2,0.82125,0.816
cs,syl,500,1,0.68625,0.68
cs,syl,500,1,0.75125,0.75
cs,pos,200,2,0.70625,0.701
cs,token,500,1,0.67,0.666
cs,syl,200,1,0.61,0.604
cs,syl,200,2,0.925,0.924
cs,pos_syl,200,1,0.69375,0.691
cs,syl,500,2,0.975,0.974
cs,syl,500,2,0.9675,0.968
cs,pos_syl,500,1,0.88,0.878
cs,pos_syl,500,1,0.855,0.85
cs,token,500,2,0.4425,0.419
cs,pos_syl,200,2,0.90125,0.901
cs,pos,500,1,0.57125,0.563
cs,token,500,2,0.395,0.374
cs,pos,500,1,0.565,0.551
cs,pos_syl,500,2,0.95875,0.958
cs,pos_syl,500,2,0.95875,0.958
cs,token,300,1,0.625,0.609
cs,pos,500,2,0.89625,0.895
cs,syl,500,1,0.72625,0.722
cs,token,750,1,0.75,0.744
cs,token,750,1,0.7225,0.715
cs,pos,500,2,0.8975,0.896
cs,syl,500,1,0.6975,0.696
cs,syl,500,2,0.9875,0.987
cs,token,300,2,0.3525,0.331
cs,pos_syl,500,1,0.84,0.839
cs,pos,300,1,0.41625,0.407
cs,syl,500,2,0.99375,0.994
cs,pos_syl,500,1,0.89,0.889
cs,pos,300,2,0.74,0.732
cs,syl,300,1,0.635,0.626
cs,pos_syl,500,2,0.97375,0.974
cs,syl,300,2,0.9475,0.946
cs,token,750,2,0.5675,0.557
cs,token,750,2,0.60625,0.593
cs,pos_syl,300,1,0.76625,0.761
cs,pos,750,1,0.6975,0.687
cs,pos,750,1,0.65125,0.642
cs,pos_syl,500,2,0.96875,0.968
cs,token,750,1,0.72625,0.72
cs,pos_syl,300,2,0.93125,0.93
cs,token,750,1,0.70375,0.698
cs,pos,750,2,0.87375,0.871
cs,syl,750,1,0.7925,0.791
cs,pos,750,2,0.915,0.913
cs,syl,750,1,0.76125,0.756
cs,token,500,1,0.6675,0.657
cs,syl,750,2,0.99625,0.996
cs,token,750,2,0.5425,0.513
cs,syl,750,2,0.9775,0.977
cs,pos,750,1,0.66125,0.658
cs,pos_syl,750,1,0.94625,0.944
cs,pos_syl,750,1,0.94625,0.946
cs,token,750,2,0.51,0.476
cs,pos,750,1,0.6925,0.692
cs,token,500,2,0.4475,0.432
cs,pos,500,1,0.5425,0.53
cs,pos,750,2,0.9075,0.906
cs,syl,750,1,0.76375,0.76
cs,pos_syl,750,2,0.97,0.968
cs,pos_syl,750,2,0.98625,0.986
cs,pos,500,2,0.8675,0.866
cs,syl,500,1,0.65125,0.642
cs,pos,750,2,0.9075,0.906
cs,token,1000,1,0.72258064516129,0.723
cs,syl,750,1,0.7775,0.769
cs,token,1000,1,0.783225806451613,0.785
cs,syl,750,2,0.99625,0.996
cs,pos_syl,750,1,0.9175,0.916
cs,syl,500,2,0.9775,0.977
cs,pos_syl,500,1,0.89,0.886
cs,syl,750,2,0.97625,0.976
cs,pos_syl,750,1,0.94875,0.948
cs,pos_syl,750,2,0.98125,0.981
cs,pos_syl,500,2,0.9525,0.952
cs,token,1000,1,0.810322580645161,0.804
cs,token,1000,2,0.605161290322581,0.578
cs,pos,1000,1,0.723870967741935,0.712
cs,pos_syl,750,2,0.9675,0.967
cs,token,750,1,0.7175,0.717
cs,token,1000,2,0.558709677419355,0.522
cs,pos,1000,1,0.694193548387097,0.698
cs,token,1000,1,0.80258064516129,0.797
cs,pos,1000,2,0.929032258064516,0.93
cs,syl,1000,1,0.765161290322581,0.743
cs,pos,1000,2,0.918709677419355,0.921
cs,syl,1000,1,0.820645161290323,0.817
cs,token,750,2,0.5525,0.541
cs,pos,750,1,0.6325,0.63
cs,token,1000,2,0.618064516129032,0.604
cs,pos,1000,1,0.774193548387097,0.777
cs,syl,1000,2,0.990967741935484,0.991
cs,syl,1000,2,0.99741935483871,0.997
cs,pos_syl,1000,1,0.945806451612903,0.946
cs,pos_syl,1000,1,0.929032258064516,0.93
cs,token,1000,2,0.575483870967742,0.556
cs,pos,1000,1,0.741935483870968,0.739
cs,pos,750,2,0.89625,0.895
cs,syl,750,1,0.73375,0.728
cs,pos,1000,2,0.95741935483871,0.959
cs,syl,1000,1,0.747096774193548,0.731
cs,pos_syl,1000,2,0.994838709677419,0.995
cs,pos_syl,1000,2,0.966451612903226,0.967
cs,syl,750,2,0.99,0.99
cs,pos,1000,2,0.948387096774194,0.95
cs,pos_syl,750,1,0.93625,0.935
cs,token,25,1,0.1975,0.196
cs,syl,1000,1,0.832258064516129,0.825
cs,syl,1000,2,0.983225806451613,0.984
cs,token,25,1,0.24125,NaN
cs,pos_syl,1000,1,0.939354838709677,0.938
cs,token,25,2,0.06,NaN
cs,pos,25,1,0.15,NaN
cs,token,25,2,0.09125,NaN
cs,pos,25,1,0.15875,0.156
cs,pos,25,2,0.38875,0.379
cs,syl,25,1,0.23625,NaN
cs,pos,25,2,0.37,0.363
cs,pos_syl,750,2,0.9775,0.977
cs,syl,1000,2,0.992258064516129,0.992
cs,syl,25,1,0.2175,NaN
cs,syl,25,2,0.50625,0.5
cs,pos_syl,1000,1,0.966451612903226,0.968
cs,syl,25,2,0.585,0.578
cs,pos_syl,25,1,0.43625,0.421
cs,pos_syl,25,1,0.39625,0.381
cs,pos_syl,1000,2,0.963870967741935,0.965
cs,token,1000,1,0.781935483870968,0.78
cs,token,25,1,0.20125,NaN
cs,token,25,2,0.12375,NaN
cs,pos,25,1,0.2,NaN
cs,pos_syl,1000,2,0.993548387096774,0.994
cs,pos,25,2,0.41875,0.404
cs,token,25,1,0.2275,NaN
cs,syl,25,1,0.32625,NaN
cs,pos_syl,25,2,0.64,0.629
cs,syl,25,2,0.58875,0.577
cs,pos_syl,25,2,0.69,0.685
cs,pos_syl,25,1,0.41375,0.383
cs,token,50,1,0.3125,0.299
cs,token,25,2,0.0975,NaN
cs,pos,25,1,0.11875,NaN
cs,token,50,1,0.3,0.283
cs,pos,25,2,0.31625,0.315
cs,syl,25,1,0.2475,0.237
cs,token,1000,2,0.592258064516129,0.58
cs,syl,25,2,0.555,0.55
cs,pos,1000,1,0.72,0.727
cs,pos_syl,25,1,0.4475,0.438
cs,token,50,2,0.115,NaN
cs,token,50,2,0.10875,NaN
cs,pos,50,1,0.2375,NaN
cs,pos,50,1,0.195,NaN
cs,pos,50,2,0.4875,0.471
cs,pos,50,2,0.53625,0.523
cs,syl,50,1,0.38625,0.385
cs,syl,50,1,0.32,0.313
cs,pos_syl,25,2,0.7,0.688
cs,syl,50,2,0.68375,0.677
cs,syl,50,2,0.66125,0.653
cs,pos_syl,50,1,0.53,0.522
cs,pos_syl,50,1,0.49125,0.486
cs,token,50,1,0.37125,0.356
cs,pos,1000,2,0.914838709677419,0.916
cs,syl,1000,1,0.785806451612903,0.778
cs,pos_syl,50,2,0.75375,0.751
cs,pos_syl,50,2,0.705,0.699
cs,pos_syl,25,2,0.70625,0.699
cs,token,100,1,0.43875,0.423
cs,token,100,1,0.38,0.359
cs,token,50,2,0.17375,NaN
cs,token,50,1,0.285,NaN
cs,pos,50,1,0.17625,NaN
cs,syl,1000,2,0.996129032258064,0.996
cs,pos,50,2,0.46125,0.445
cs,pos_syl,1000,1,0.969032258064516,0.969
cs,syl,50,1,0.39625,0.391
cs,token,100,2,0.13125,0.128
cs,token,100,2,0.17375,NaN
cs,syl,50,2,0.7325,0.725
cs,pos,100,1,0.195,NaN
cs,token,50,2,0.14625,NaN
cs,pos,100,1,0.2725,0.26
cs,pos,50,1,0.19875,0.192
cs,pos_syl,50,1,0.48875,0.475
cs,pos,100,2,0.58375,0.561
cs,pos,100,2,0.5875,0.576
cs,pos,50,2,0.44375,0.434
cs,syl,100,1,0.43,0.42
cs,syl,100,1,0.53625,0.535
cs,syl,50,1,0.39125,0.386
cs,pos_syl,50,2,0.7275,0.726
cs,syl,50,2,0.7875,0.775
cs,syl,100,2,0.8375,0.836
cs,syl,100,2,0.82125,0.816
cs,pos_syl,50,1,0.4825,0.47
cs,pos_syl,100,1,0.5125,0.511
cs,pos_syl,100,1,0.5575,0.552
cs,token,100,1,0.405,0.397
cs,pos_syl,1000,2,0.965161290322581,0.967
cs,pos_syl,50,2,0.72,0.717
cs,pos_syl,100,2,0.8675,0.868
cs,pos_syl,100,2,0.8375,0.833
cs,token,25,1,0.19625,NaN
cs,token,100,1,0.445,0.43
cs,token,100,2,0.1725,NaN
cs,token,200,1,0.5375,0.528
cs,token,200,1,0.59875,0.588
cs,pos,100,1,0.2875,0.277
cs,token,25,2,0.09,NaN
cs,pos,25,1,0.23375,NaN
cs,pos,100,2,0.50375,0.489
cs,syl,100,1,0.50875,0.498
cs,pos,25,2,0.335,0.321
cs,syl,25,1,0.26125,0.255
cs,token,100,2,0.19125,0.18
cs,syl,100,2,0.85875,0.852
cs,pos,100,1,0.2325,NaN
cs,syl,25,2,0.54375,NaN
cs,token,200,2,0.30375,0.295
cs,pos_syl,100,1,0.63875,0.636
cs,token,200,2,0.27,NaN
cs,pos,200,1,0.39625,0.392
cs,pos_syl,25,1,0.39375,0.382
cs,pos,200,1,0.4075,0.395
cs,pos,100,2,0.57375,0.56
cs,syl,100,1,0.53625,0.527
cs,pos_syl,100,2,0.8325,0.832
cs,pos,200,2,0.71375,0.709
cs,pos,200,2,0.64,0.639
cs,syl,100,2,0.8625,0.858
cs,syl,200,1,0.575,0.553
cs,syl,200,1,0.58875,0.589
cs,pos_syl,100,1,0.59,0.577
cs,token,200,1,0.585,0.576
cs,syl,200,2,0.9325,0.932
cs,syl,200,2,0.9125,0.909
cs,pos_syl,200,1,0.66,0.652
cs,pos_syl,200,1,0.74875,0.744
cs,pos_syl,100,2,0.86875,0.867
cs,pos_syl,25,2,0.62625,0.613
cs,token,200,1,0.50375,0.486
cs,pos_syl,200,2,0.895,0.893
cs,token,200,2,0.25875,NaN
cs,pos_syl,200,2,0.91875,0.918
cs,pos,200,1,0.38875,0.387
cs,token,50,1,0.32625,0.32
cs,token,300,1,0.58625,0.578
cs,token,300,1,0.59625,0.585
cs,pos,200,2,0.71875,0.707
cs,syl,200,1,0.58125,NaN
cs,token,200,2,0.24875,NaN
cs,pos,200,1,0.325,0.318
cs,syl,200,2,0.96875,0.969
cs,token,50,2,0.12875,NaN
cs,pos,50,1,0.23375,NaN
cs,pos_syl,200,1,0.6825,0.679
cs,token,300,2,0.34625,0.336
cs,pos,200,2,0.69125,0.682
cs,pos,50,2,0.4625,0.45
cs,syl,200,1,0.59375,0.587
cs,token,300,2,0.27875,0.26
cs,pos,300,1,0.42625,0.418
cs,syl,50,1,0.28625,0.29
cs,pos,300,1,0.35625,0.345
cs,syl,50,2,0.6775,0.675
cs,pos_syl,200,2,0.88125,0.88
cs,syl,200,2,0.91375,0.911
cs,pos_syl,50,1,0.46625,0.455
cs,pos_syl,200,1,0.66125,0.658
cs,pos,300,2,0.78625,0.778
cs,pos,300,2,0.7275,0.723
cs,syl,300,1,0.5925,0.585
cs,token,300,1,0.57875,0.566
cs,syl,300,1,0.635,0.631
cs,pos_syl,50,2,0.7675,0.764
cs,syl,300,2,0.9375,0.936
cs,pos_syl,200,2,0.9025,0.901
cs,syl,300,2,0.95875,0.959
cs,token,100,1,0.44125,0.421
cs,pos_syl,300,1,0.75,0.746
cs,pos_syl,300,1,0.77,0.759
cs,token,300,1,0.635,0.626
cs,token,300,2,0.29,0.283
cs,pos,300,1,0.49,NaN
cs,token,100,2,0.1575,NaN
cs,pos_syl,300,2,0.92375,0.922
cs,pos_syl,300,2,0.935,0.935
cs,pos,100,1,0.27375,NaN
cs,pos,300,2,0.77875,0.775
cs,syl,300,1,0.7,0.693
cs,pos,100,2,0.59375,0.583
cs,token,300,2,0.3175,NaN
cs,token,500,1,0.6,0.583
cs,syl,100,1,0.44,0.431
cs,token,500,1,0.66,0.652
cs,pos,300,1,0.44875,0.441
cs,syl,100,2,0.83125,0.83
cs,syl,300,2,0.98375,0.984
cs,pos_syl,100,1,0.57375,0.571
cs,pos_syl,300,1,0.86375,0.856
cs,pos,300,2,0.70625,0.696
cs,syl,300,1,0.63625,0.628
cs,pos_syl,100,2,0.88125,0.882
cs,syl,300,2,0.97375,0.974
cs,pos_syl,300,2,0.92125,0.917
cs,pos_syl,300,1,0.80375,0.795
cs,token,200,1,0.535,0.513
cs,token,500,2,0.51125,0.482
cs,pos,500,1,0.5925,0.589
cs,token,500,2,0.4125,NaN
cs,pos,500,1,0.6075,0.597
cs,token,500,1,0.6725,0.657
cs,pos_syl,300,2,0.925,0.925
cs,token,200,2,0.29625,0.285
cs,pos,500,2,0.81375,0.808
cs,pos,500,2,0.9075,0.907
cs,pos,200,1,0.33375,0.322
cs,syl,500,1,0.74125,0.738
cs,syl,500,1,0.68,0.672
cs,token,500,1,0.65125,0.642
cs,pos,200,2,0.69375,0.684
cs,syl,200,1,0.59,0.581
cs,syl,500,2,0.9875,0.988
cs,syl,500,2,0.9725,0.973
cs,token,500,2,0.44,0.419
cs,pos_syl,500,1,0.85875,0.854
cs,pos,500,1,0.5775,0.561
cs,pos_syl,500,1,0.8475,0.843
cs,syl,200,2,0.96875,0.968
cs,pos_syl,200,1,0.665,0.657
cs,pos,500,2,0.84,0.835
cs,token,500,2,0.39875,0.382
cs,syl,500,1,0.745,0.742
cs,pos_syl,500,2,0.98625,0.986
cs,pos,500,1,0.5975,0.582
cs,pos_syl,200,2,0.9275,0.925
cs,pos_syl,500,2,0.955,0.954
cs,token,300,1,0.68375,0.677
cs,syl,500,2,0.9775,0.977
cs,token,750,1,0.71625,0.709
cs,token,750,1,0.7375,0.73
cs,pos_syl,500,1,0.86125,0.859
cs,pos,500,2,0.82,0.814
cs,syl,500,1,0.71875,0.716
cs,syl,500,2,0.99,0.99
cs,token,300,2,0.355,0.343
cs,pos_syl,500,2,0.94125,0.939
cs,pos,300,1,0.425,0.415
cs,pos_syl,500,1,0.86625,0.861
cs,token,750,1,0.6875,0.677
cs,pos,300,2,0.71625,0.709
cs,token,750,2,0.51875,0.49
cs,syl,300,1,0.59125,0.587
cs,pos,750,1,0.6375,0.629
cs,token,750,2,0.475,0.443
cs,pos,750,1,0.64625,0.647
cs,pos_syl,500,2,0.96125,0.961
cs,syl,300,2,0.965,0.965
cs,pos_syl,300,1,0.77,0.764
cs,token,750,1,0.815,0.812
cs,pos,750,2,0.89375,0.892
cs,pos,750,2,0.91625,0.916
cs,syl,750,1,0.72,0.717
cs,syl,750,1,0.7625,0.75
cs,pos_syl,300,2,0.94,0.939
cs,token,750,2,0.5225,0.512
cs,pos,750,1,0.66375,0.658
cs,token,500,1,0.5975,0.588
cs,syl,750,2,0.98875,0.989
cs,syl,750,2,0.98125,0.981
cs,pos_syl,750,1,0.94,0.941
cs,pos_syl,750,1,0.91,0.91
cs,pos,750,2,0.8925,0.89
cs,token,750,2,0.53875,0.52
cs,syl,750,1,0.71125,0.704
cs,pos,750,1,0.71125,0.703
cs,pos_syl,750,2,0.98625,0.986
cs,token,500,2,0.4175,0.397
cs,pos_syl,750,2,0.9725,0.972
cs,pos,500,1,0.55,0.538
cs,syl,750,2,0.99625,0.996
cs,pos_syl,750,1,0.92,0.919
cs,pos,750,2,0.9325,0.933
cs,token,1000,1,0.747096774193548,0.752
cs,syl,750,1,0.78375,0.78
cs,token,1000,1,0.767741935483871,0.768
cs,pos,500,2,0.84875,0.837
cs,syl,500,1,0.6675,0.666
cs,syl,750,2,0.99,0.99
cs,pos_syl,750,2,0.975,0.975
cs,syl,500,2,0.975,0.975
cs,pos_syl,750,1,0.92625,0.925
cs,pos_syl,500,1,0.8775,0.875
cs,token,1000,1,0.790967741935484,0.791
cs,pos_syl,500,2,0.945,0.941
cs,token,1000,2,0.581935483870968,0.567
cs,token,1000,2,0.598709677419355,0.57
cs,pos,1000,1,0.691612903225806,0.691
cs,pos,1000,1,0.718709677419355,0.718
cs,pos_syl,750,2,0.9725,0.972
cs,token,750,1,0.755,0.746
cs,token,1000,1,0.747096774193548,0.735
cs,pos,1000,2,0.932903225806452,0.934
cs,syl,1000,1,0.761290322580645,0.74
cs,pos,1000,2,0.948387096774194,0.95
cs,syl,1000,1,0.796129032258065,0.786
cs,token,1000,2,0.540645161290323,0.528
cs,pos,1000,1,0.705806451612903,0.703
cs,syl,1000,2,0.980645161290323,0.981
cs,pos_syl,1000,1,0.908387096774194,0.908
cs,token,750,2,0.51375,0.495
cs,syl,1000,2,0.993548387096774,0.994
cs,pos,750,1,0.70375,0.696
cs,pos_syl,1000,1,0.927741935483871,0.929
cs,pos,1000,2,0.949677419354839,0.951
cs,token,1000,2,0.610322580645161,0.584
cs,syl,1000,1,0.796129032258065,0.786
cs,pos,1000,1,0.707096774193548,0.708
cs,pos_syl,1000,2,0.972903225806452,0.974
cs,pos,750,2,0.89,0.888
cs,syl,750,1,0.75375,0.751
cs,syl,1000,2,0.984516129032258,0.985
cs,token,25,1,0.185,0.178
cs,pos_syl,1000,1,0.947096774193548,0.948
cs,pos_syl,1000,2,0.970322580645161,0.972
cs,pos,1000,2,0.945806451612903,0.947
cs,syl,1000,1,0.801290322580645,0.796
cs,token,25,2,0.1025,NaN
cs,token,25,1,0.23625,NaN
cs,syl,750,2,0.9975,0.997
cs,pos,25,1,0.20125,NaN
cs,pos_syl,750,1,0.93375,0.933
cs,pos,25,2,0.3375,0.333
cs,token,25,2,0.0775,NaN
cs,syl,25,1,0.28625,0.28
cs,pos,25,1,0.18375,NaN
cs,syl,25,2,0.55125,0.545
cs,pos_syl,25,1,0.41,0.391
cs,pos,25,2,0.33625,0.318
cs,pos_syl,1000,2,0.974193548387097,0.976
cs,syl,1000,2,0.985806451612903,0.986
cs,syl,25,1,0.2925,NaN
cs,pos_syl,1000,1,0.931612903225806,0.935
cs,syl,25,2,0.6675,0.657
cs,pos_syl,25,1,0.4475,0.441
cs,token,25,1,0.1575,NaN
cs,pos_syl,750,2,0.98125,0.981
cs,token,25,2,0.06625,NaN
cs,pos,25,1,0.18875,NaN
cs,token,1000,1,0.8,0.797
cs,pos,25,2,0.30375,0.287
cs,syl,25,1,0.35875,NaN
cs,pos_syl,1000,2,0.979354838709677,0.98
cs,pos_syl,25,2,0.6675,0.665
cs,syl,25,2,0.5475,0.545
cs,pos_syl,25,1,0.365,0.355
cs,token,25,1,0.225,0.211
cs,token,50,1,0.27,0.262
cs,pos_syl,25,2,0.74125,0.732
cs,token,25,2,0.075,NaN
cs,pos,25,1,0.18625,NaN
cs,token,50,1,0.30375,0.29
cs,pos,25,2,0.40375,0.39
cs,token,50,2,0.135,NaN
cs,syl,25,1,0.28125,NaN
cs,pos,50,1,0.16625,NaN
cs,syl,25,2,0.53375,0.529
cs,pos_syl,25,1,0.35875,0.338
cs,token,50,2,0.12875,NaN
cs,pos,50,2,0.45125,0.441
cs,token,1000,2,0.554838709677419,0.539
cs,pos,50,1,0.185,0.162
cs,syl,50,1,0.395,NaN
cs,pos,1000,1,0.76258064516129,0.772
cs,pos_syl,25,2,0.64375,0.636
cs,syl,50,2,0.7025,0.696
cs,pos,50,2,0.53125,0.516
cs,pos_syl,50,1,0.52375,0.519
cs,syl,50,1,0.3675,0.361
cs,token,50,1,0.3375,0.322
cs,syl,50,2,0.695,0.69
cs,pos_syl,50,1,0.50125,0.489
cs,pos_syl,50,2,0.77,0.764
cs,pos_syl,50,2,0.72875,0.723
cs,token,100,1,0.4575,0.454
cs,pos,1000,2,0.939354838709677,0.941
cs,token,50,2,0.06125,NaN
cs,syl,1000,1,0.83741935483871,0.828
cs,pos_syl,25,2,0.70375,0.7
cs,pos,50,1,0.17375,NaN
cs,token,100,1,0.41625,0.398
cs,token,50,1,0.32875,0.318
cs,pos,50,2,0.5,0.49
cs,syl,50,1,0.35875,0.351
cs,token,100,2,0.205,NaN
cs,syl,50,2,0.70375,0.694
cs,pos,100,1,0.23625,NaN
cs,pos_syl,50,1,0.5325,0.519
cs,syl,1000,2,0.981935483870968,0.982
cs,token,100,2,0.17875,0.173
cs,pos,100,1,0.30625,NaN
cs,pos_syl,1000,1,0.932903225806452,0.934
cs,token,50,2,0.18625,NaN
cs,pos,100,2,0.5475,0.536
cs,pos,50,1,0.25,NaN
cs,syl,100,1,0.48,0.476
cs,pos_syl,50,2,0.735,0.732
cs,syl,100,2,0.8375,0.837
cs,pos,100,2,0.56875,0.551
cs,syl,100,1,0.41125,0.405
cs,pos,50,2,0.5275,0.52
cs,pos_syl,100,1,0.545,0.532
cs,syl,50,1,0.3775,0.365
cs,token,100,1,0.415,0.413
cs,syl,100,2,0.79875,0.788
cs,syl,50,2,0.6625,0.657
cs,pos_syl,50,1,0.48875,0.474
cs,pos_syl,100,1,0.545,0.535
cs,pos_syl,100,2,0.79875,0.798
cs,token,100,2,0.2075,NaN
cs,pos_syl,1000,2,0.987096774193548,0.988
cs,pos_syl,50,2,0.73625,0.729
cs,pos,100,1,0.28,0.268
cs,pos_syl,100,2,0.835,0.835
cs,token,200,1,0.575,0.566
cs,token,100,1,0.4425,0.434
cs,token,25,1,0.185,NaN
cs,token,200,1,0.5225,0.507
cs,pos,100,2,0.53625,0.521
cs,syl,100,1,0.47125,0.467
cs,syl,100,2,0.84375,0.837
cs,token,25,2,0.07,NaN
cs,pos_syl,100,1,0.5725,0.561
cs,pos,25,1,0.21375,NaN
cs,token,200,2,0.275,NaN
cs,token,100,2,0.205,NaN
cs,pos,200,1,0.37,0.356
cs,pos,100,1,0.34125,0.328
cs,token,200,2,0.22375,NaN
cs,pos,25,2,0.36,0.348
cs,syl,25,1,0.2725,NaN
cs,pos,200,1,0.35875,NaN
cs,pos_syl,100,2,0.87125,0.862
cs,syl,25,2,0.68625,0.682
cs,pos,100,2,0.5925,0.58
cs,pos,200,2,0.67875,0.662
cs,syl,100,1,0.47875,0.474
cs,syl,200,1,0.5475,0.544
cs,pos_syl,25,1,0.39875,0.383
cs,token,200,1,0.56625,0.547
cs,pos,200,2,0.72625,0.723
cs,syl,100,2,0.82,0.814
cs,syl,200,1,0.5625,NaN
cs,syl,200,2,0.93,0.928
cs,pos_syl,100,1,0.62625,0.621
cs,pos_syl,200,1,0.71375,0.707
cs,syl,200,2,0.94125,0.937
cs,pos_syl,200,1,0.6825,0.678
cs,pos_syl,100,2,0.86875,0.867
cs,token,200,2,0.23375,NaN
cs,pos,200,1,0.34125,0.322
cs,pos_syl,200,2,0.89,0.888
cs,token,200,1,0.57875,0.55
cs,pos_syl,200,2,0.85,0.845
cs,token,300,1,0.58,0.577
cs,pos,200,2,0.7,0.687
cs,pos_syl,25,2,0.67875,0.673
cs,syl,200,1,0.61,0.606
cs,token,300,1,0.59875,0.589
cs,token,50,1,0.34375,0.325
cs,syl,200,2,0.91625,0.914
cs,pos_syl,200,1,0.71,0.705
cs,token,200,2,0.25125,0.242
cs,pos,200,1,0.36375,NaN
cs,token,300,2,0.3425,0.335
cs,pos,300,1,0.475,0.468
cs,pos_syl,200,2,0.90125,0.9
cs,pos,200,2,0.6875,0.68
cs,token,50,2,0.1125,NaN
cs,syl,200,1,0.57125,0.567
cs,pos,50,1,0.19875,NaN
cs,token,300,2,0.3125,NaN
cs,pos,300,1,0.41,0.406
cs,token,300,1,0.59625,0.581
cs,syl,200,2,0.9175,0.917
cs,pos,50,2,0.46625,0.449
cs,pos,300,2,0.785,0.782
cs,syl,50,1,0.33375,NaN
cs,pos_syl,200,1,0.71,0.701
cs,syl,300,1,0.66,0.66
cs,syl,50,2,0.68,0.673
cs,pos,300,2,0.75875,0.751
cs,syl,300,1,0.665,0.657
cs,pos_syl,50,1,0.4875,0.48
cs,syl,300,2,0.95125,0.951
cs,pos_syl,200,2,0.93875,0.938
cs,pos_syl,300,1,0.8,0.797
cs,syl,300,2,0.95125,0.95
cs,pos_syl,50,2,0.74375,0.74
cs,token,300,2,0.33125,NaN
cs,pos_syl,300,1,0.785,0.784
cs,pos,300,1,0.475,0.467
cs,token,300,1,0.5525,0.542
cs,token,100,1,0.47,0.449
cs,pos_syl,300,2,0.9575,0.957
cs,pos,300,2,0.78125,0.775
cs,syl,300,1,0.5975,0.592
cs,pos_syl,300,2,0.9175,0.915
cs,token,500,1,0.6975,0.695
cs,token,100,2,0.15125,NaN
cs,syl,300,2,0.95625,0.956
cs,token,300,2,0.265,NaN
cs,token,500,1,0.70375,0.697
cs,pos,100,1,0.25125,NaN
cs,pos,300,1,0.40625,0.389
cs,pos_syl,300,1,0.78,0.776
cs,pos,100,2,0.56625,0.557
cs,syl,100,1,0.50625,0.501
cs,pos,300,2,0.7625,0.752
cs,syl,300,1,0.61375,0.61
cs,syl,100,2,0.815,0.815
cs,pos_syl,300,2,0.9275,0.923
cs,pos_syl,100,1,0.57375,0.571
cs,token,500,2,0.48125,0.459
cs,syl,300,2,0.97,0.97
cs,pos,500,1,0.565,0.558
cs,token,500,1,0.7,0.688
cs,pos_syl,300,1,0.79125,0.787
cs,token,500,2,0.43625,0.422
cs,pos_syl,100,2,0.81375,0.813
cs,pos,500,1,0.585,0.573
cs,pos,500,2,0.87125,0.864
cs,token,200,1,0.5425,0.526
cs,syl,500,1,0.725,0.721
cs,pos_syl,300,2,0.93875,0.937
cs,pos,500,2,0.87625,0.873
cs,syl,500,1,0.72375,0.716
cs,token,500,1,0.67125,0.655
cs,syl,500,2,0.95625,0.955
cs,token,500,2,0.4925,0.471
cs,token,200,2,0.22,0.199
cs,pos_syl,500,1,0.8725,0.865
cs,pos,500,1,0.56125,0.555
cs,pos,200,1,0.2725,0.257
cs,syl,500,2,0.97,0.97
cs,pos_syl,500,1,0.86875,0.867
cs,pos,200,2,0.70125,0.696
cs,syl,200,1,0.58375,0.578
cs,pos,500,2,0.86125,0.859
cs,syl,500,1,0.73625,0.726
cs,pos_syl,500,2,0.9675,0.966
cs,syl,200,2,0.915,0.913
cs,pos_syl,200,1,0.62875,0.623
cs,token,500,2,0.4125,0.397
cs,pos_syl,500,2,0.9675,0.967
cs,pos,500,1,0.59875,0.588
cs,token,750,1,0.695,0.685
cs,syl,500,2,0.97625,0.976
cs,pos_syl,500,1,0.9,0.9
cs,token,750,1,0.71375,0.701
cs,pos_syl,200,2,0.90375,0.904
cs,pos,500,2,0.84,0.834
cs,syl,500,1,0.6625,0.661
cs,token,300,1,0.6225,0.603
cs,pos_syl,500,2,0.95625,0.954
cs,syl,500,2,0.9875,0.987
cs,pos_syl,500,1,0.89,0.888
cs,token,750,1,0.75875,0.753
cs,token,300,2,0.235,0.225
cs,token,750,2,0.45,0.429
cs,pos,750,1,0.70125,0.697
cs,pos,300,1,0.50375,0.49
cs,token,750,2,0.5075,0.493
cs,pos,750,1,0.68,0.671
cs,pos_syl,500,2,0.9525,0.952
cs,pos,300,2,0.77375,0.767
cs,syl,300,1,0.66625,0.667
cs,pos,750,2,0.8825,0.879
cs,syl,750,1,0.695,0.691
cs,token,750,1,0.685,0.669
cs,syl,300,2,0.97125,0.971
cs,pos,750,2,0.9025,0.902
cs,syl,750,1,0.77125,0.765
cs,pos_syl,300,1,0.76,0.761
cs,token,750,2,0.58,0.559
cs,pos,750,1,0.7475,0.742
cs,syl,750,2,0.9925,0.992
cs,pos_syl,300,2,0.95625,0.956
cs,pos_syl,750,1,0.93375,0.933
cs,syl,750,2,0.99375,0.994
cs,pos_syl,750,1,0.9025,0.901
cs,pos,750,2,0.94,0.94
cs,token,500,1,0.69,0.68
cs,syl,750,1,0.8075,0.807
cs,token,750,2,0.5725,0.554
cs,pos,750,1,0.6175,0.61
cs,pos_syl,750,2,0.96,0.959
cs,pos_syl,750,2,0.99625,0.996
cs,syl,750,2,0.98625,0.986
cs,pos_syl,750,1,0.9325,0.933
cs,token,1000,1,0.765161290322581,0.757
cs,token,1000,1,0.790967741935484,0.788
cs,token,500,2,0.41875,0.389
cs,pos,500,1,0.54125,0.541
cs,pos,750,2,0.9425,0.942
cs,syl,750,1,0.71625,0.709
cs,pos_syl,750,2,0.9825,0.982
cs,pos,500,2,0.82875,0.825
cs,syl,500,1,0.73375,0.727
cs,syl,750,2,0.98875,0.989
cs,pos_syl,750,1,0.90125,0.901
cs,token,1000,1,0.792258064516129,0.785
cs,syl,500,2,0.98875,0.989
cs,pos_syl,500,1,0.8725,0.872
cs,token,1000,2,0.56,0.544
cs,pos,1000,1,0.72,0.719
cs,token,1000,2,0.552258064516129,0.542
cs,pos,1000,1,0.721290322580645,0.721
cs,pos_syl,750,2,0.97375,0.973
cs,pos_syl,500,2,0.9675,0.966
cs,token,1000,1,0.730322580645161,0.724
cs,pos,1000,2,0.941935483870968,0.942
cs,token,750,1,0.7625,0.752
cs,syl,1000,1,0.816774193548387,0.809
cs,pos,1000,2,0.921290322580645,0.922
cs,syl,1000,1,0.76,0.748
cs,token,1000,2,0.614193548387097,0.594
cs,pos,1000,1,0.712258064516129,0.708
cs,syl,1000,2,0.99741935483871,0.997
cs,pos_syl,1000,1,0.949677419354839,0.95
cs,syl,1000,2,0.993548387096774,0.994
cs,pos_syl,1000,1,0.943225806451613,0.944
cs,pos,1000,2,0.92,0.923
cs,syl,1000,1,0.787096774193548,0.773
cs,token,750,2,0.53,0.513
cs,pos,750,1,0.65125,0.64
cs,token,1000,2,0.596129032258064,0.569
cs,pos,1000,1,0.758709677419355,0.763
cs,pos_syl,1000,2,0.985806451612903,0.986
cs,syl,1000,2,0.993548387096774,0.994
cs,token,25,1,0.18875,NaN
cs,pos_syl,1000,1,0.910967741935484,0.904
cs,pos_syl,1000,2,0.974193548387097,0.975
cs,pos,750,2,0.93,0.929
cs,syl,750,1,0.74,0.732
cs,token,25,1,0.16125,0.154
cs,token,25,2,0.08875,NaN
cs,pos,25,1,0.15,NaN
cs,pos,1000,2,0.914838709677419,0.918
cs,syl,1000,1,0.818064516129032,0.809
cs,pos,25,2,0.355,0.346
cs,token,25,2,0.07,NaN
cs,syl,25,1,0.32375,0.316
cs,pos,25,1,0.18,NaN
cs,syl,25,2,0.54875,0.545
cs,pos_syl,25,1,0.3975,0.376
cs,syl,750,2,0.98625,0.986
cs,pos,25,2,0.31125,0.299
cs,pos_syl,1000,2,0.978064516129032,0.979
cs,syl,25,1,0.33875,NaN
cs,pos_syl,750,1,0.9275,0.923
cs,syl,25,2,0.50875,0.509
cs,pos_syl,25,1,0.39125,0.384
cs,token,25,1,0.22875,NaN
cs,syl,1000,2,0.998709677419355,0.999
cs,pos_syl,1000,1,0.981935483870968,0.982
cs,token,25,2,0.06125,NaN
cs,pos,25,1,0.1775,NaN
cs,pos_syl,750,2,0.985,0.985
cs,pos,25,2,0.39125,0.38
cs,pos_syl,25,2,0.69625,0.692
cs,syl,25,1,0.24875,0.243
cs,syl,25,2,0.43,0.422
cs,pos_syl,25,1,0.43375,0.429
cs,token,50,1,0.29125,0.282
cs,token,1000,1,0.812903225806452,0.807
cs,pos_syl,25,2,0.69,0.683
cs,pos_syl,1000,2,0.992258064516129,0.992
cs,token,50,1,0.37,0.351
cs,token,25,1,0.19625,NaN
cs,token,50,2,0.11875,NaN
cs,pos,50,1,0.22375,NaN
cs,token,25,2,0.0925,NaN
cs,pos,25,1,0.1575,NaN
cs,pos,50,2,0.47625,0.459
cs,token,50,2,0.14875,0.141
cs,syl,50,1,0.37,0.359
cs,pos,50,1,0.23,NaN
cs,pos_syl,25,2,0.66875,0.661
cs,syl,50,2,0.69125,0.687
cs,pos,25,2,0.38,0.371
cs,pos_syl,50,1,0.47375,0.464
cs,syl,25,1,0.3125,NaN
cs,pos,50,2,0.44125,0.427
cs,syl,25,2,0.56,0.555
cs,syl,50,1,0.37625,0.37
cs,token,50,1,0.33375,0.314
cs,pos_syl,25,1,0.43,0.412
cs,syl,50,2,0.7025,0.698
cs,pos_syl,50,2,0.735,0.729
cs,pos_syl,50,1,0.5225,0.504
cs,token,1000,2,0.641290322580645,0.619
cs,pos,1000,1,0.710967741935484,0.712
cs,token,100,1,0.4225,0.415
cs,token,50,2,0.105,NaN
cs,pos_syl,50,2,0.7525,0.751
cs,pos,50,1,0.26625,0.257
cs,token,100,1,0.46,0.452
cs,pos,50,2,0.47875,0.46
cs,syl,50,1,0.32875,0.315
cs,token,100,2,0.14,NaN
cs,syl,50,2,0.76375,0.753
cs,pos,100,1,0.225,NaN
cs,pos_syl,50,1,0.55125,0.539
cs,pos,1000,2,0.950967741935484,0.952
cs,pos_syl,25,2,0.7325,0.718
cs,syl,1000,1,0.76,0.752
cs,token,100,2,0.1025,NaN
cs,pos,100,2,0.545,0.533
cs,pos,100,1,0.30625,0.292
cs,syl,100,1,0.49125,0.476
cs,token,50,1,0.3525,0.339
cs,pos_syl,50,2,0.71625,0.713
cs,syl,100,2,0.78125,0.778
cs,pos,100,2,0.6025,0.581
cs,pos_syl,100,1,0.625,0.613
cs,syl,100,1,0.48875,0.479
cs,token,100,1,0.47125,0.457
cs,syl,100,2,0.87,0.866
cs,syl,1000,2,0.996129032258064,0.996
cs,token,50,2,0.13875,NaN
cs,pos_syl,100,1,0.56875,0.558
cs,pos,50,1,0.1975,NaN
cs,pos_syl,1000,1,0.932903225806452,0.932
cs,pos_syl,100,2,0.84,0.839
cs,pos,50,2,0.48625,0.462
cs,token,100,2,0.16125,NaN
cs,pos_syl,100,2,0.8375,0.836
cs,token,200,1,0.52875,0.514
cs,syl,50,1,0.33625,0.331
cs,pos,100,1,0.2425,NaN
cs,syl,50,2,0.6525,0.648
cs,pos_syl,50,1,0.46,0.446
cs,token,200,1,0.4575,0.43
cs,pos,100,2,0.5625,0.543
cs,syl,100,1,0.46375,0.462
cs,syl,100,2,0.79875,0.796
cs,pos_syl,50,2,0.73,0.728
cs,token,200,2,0.22875,NaN
cs,pos_syl,100,1,0.61,0.603
cs,pos_syl,1000,2,0.979354838709677,0.98
cs,pos,200,1,0.38375,0.363
cs,token,100,1,0.45875,0.457
cs,token,200,2,0.3125,0.297
cs,pos,200,1,0.385,0.373
cs,token,25,1,0.2125,NaN
cs,pos,200,2,0.6975,0.687
cs,pos_syl,100,2,0.8625,0.857
cs,syl,200,1,0.5375,0.529
cs,pos,200,2,0.655,0.64
cs,token,200,1,0.565,0.546
cs,syl,200,2,0.895,0.891
cs,syl,200,1,0.60375,0.602
cs,token,25,2,0.05625,NaN
cs,token,100,2,0.17625,NaN
cs,pos,25,1,0.16375,NaN
cs,pos_syl,200,1,0.71875,0.723
cs,pos,100,1,0.26875,0.248
cs,syl,200,2,0.92875,0.926
cs,pos,25,2,0.375,NaN
cs,pos_syl,200,1,0.725,0.722
cs,syl,25,1,0.25125,NaN
cs,pos,100,2,0.59625,0.584
cs,syl,100,1,0.50125,0.497
cs,syl,25,2,0.5625,0.549
cs,pos_syl,200,2,0.905,0.904
cs,token,200,2,0.1925,0.19
cs,pos_syl,25,1,0.46,0.449
cs,syl,100,2,0.84375,0.842
cs,pos,200,1,0.4025,0.387
cs,pos_syl,100,1,0.54125,0.534
cs,pos_syl,200,2,0.89,0.883
cs,token,300,1,0.665,0.648
cs,pos,200,2,0.67375,0.661
cs,syl,200,1,0.60375,0.6
cs,token,300,1,0.6325,0.619
cs,pos_syl,100,2,0.8675,0.865
cs,syl,200,2,0.9525,0.952
cs,pos_syl,200,1,0.70375,0.703
cs,token,200,1,0.5525,0.537
cs,token,300,2,0.31,0.28
cs,pos,300,1,0.42875,0.42
cs,pos_syl,25,2,0.69875,0.692
cs,pos_syl,200,2,0.9,0.899
cs,token,300,2,0.355,0.344
cs,token,50,1,0.34625,0.335
cs,pos,300,1,0.44,0.421
cs,token,200,2,0.23,NaN
cs,pos,300,2,0.7475,0.747
cs,pos,200,1,0.30625,0.294
cs,token,300,1,0.67375,0.663
cs,syl,300,1,0.66,0.653
cs,pos,300,2,0.7725,0.77
cs,syl,300,1,0.615,0.615
cs,pos,200,2,0.65125,0.639
cs,syl,300,2,0.945,0.945
cs,token,50,2,0.1425,NaN
cs,syl,200,1,0.6425,0.63
cs,pos,50,1,0.26,NaN
cs,pos_syl,300,1,0.76125,0.755
cs,syl,300,2,0.9775,0.977
cs,syl,200,2,0.92375,0.923
cs,pos_syl,300,1,0.7725,0.767
cs,pos,50,2,0.48875,0.478
cs,syl,50,1,0.3925,0.391
cs,token,300,2,0.2675,NaN
cs,pos_syl,200,1,0.685,0.678
cs,pos,300,1,0.49,0.481
cs,syl,50,2,0.75625,0.753
cs,pos_syl,300,2,0.95,0.95
cs,pos_syl,50,1,0.585,0.579
cs,pos_syl,300,2,0.9275,0.927
cs,pos_syl,200,2,0.9075,0.906
cs,pos,300,2,0.77,0.758
cs,syl,300,1,0.63125,0.625
cs,token,500,1,0.69875,0.695
cs,pos_syl,50,2,0.74,0.733
cs,token,500,1,0.67875,0.661
cs,token,300,1,0.54875,0.539
cs,token,100,1,0.47875,0.455
cs,syl,300,2,0.975,0.975
cs,pos_syl,300,1,0.80375,0.803
cs,token,100,2,0.15625,0.15
cs,pos,100,1,0.275,0.263
cs,pos_syl,300,2,0.94125,0.941
cs,token,500,2,0.4575,0.438
cs,token,300,2,0.33125,0.311
cs,pos,500,1,0.49875,0.484
cs,pos,300,1,0.5375,0.525
cs,token,500,2,0.47,0.454
cs,pos,100,2,0.56,0.547
cs,pos,500,1,0.515,0.504
cs,syl,100,1,0.4775,0.472
cs,token,500,1,0.67375,0.66
cs,syl,100,2,0.8225,0.82
cs,pos,300,2,0.7325,0.719
cs,syl,300,1,0.625,0.613
cs,pos_syl,100,1,0.6225,0.607
cs,pos,500,2,0.83375,0.825
cs,syl,500,1,0.6825,0.68
cs,pos,500,2,0.86625,0.862
cs,syl,500,1,0.6525,0.644
cs,syl,300,2,0.93875,0.933
cs,pos_syl,100,2,0.84,0.837
cs,pos_syl,300,1,0.8225,0.819
cs,syl,500,2,0.9825,0.982
cs,pos_syl,500,1,0.9,0.898
cs,syl,500,2,0.985,0.985
cs,token,200,1,0.61,0.597
cs,token,500,2,0.44125,0.422
cs,pos_syl,500,1,0.86875,0.866
cs,pos,500,1,0.56875,0.557
cs,pos_syl,300,2,0.93,0.928
cs,token,200,2,0.27875,0.254
cs,token,500,1,0.68875,0.684
cs,pos_syl,500,2,0.95875,0.957
cs,pos,500,2,0.8675,0.866
cs,pos,200,1,0.36625,0.343
cs,pos_syl,500,2,0.9675,0.967
cs,syl,500,1,0.6975,0.691
cs,token,750,1,0.74875,0.746
cs,pos,200,2,0.63625,0.619
cs,token,750,1,0.7575,0.744
cs,syl,200,1,0.56875,0.564
cs,syl,500,2,0.98375,0.983
cs,pos_syl,500,1,0.91375,0.911
cs,syl,200,2,0.92125,0.919
cs,pos_syl,200,1,0.705,0.695
cs,token,500,2,0.4525,0.437
cs,pos,500,1,0.56375,0.545
cs,pos_syl,500,2,0.9575,0.957
cs,pos_syl,200,2,0.9075,0.907
cs,pos,500,2,0.80875,0.805
cs,syl,500,1,0.6625,0.657
cs,token,300,1,0.56125,0.525
cs,token,750,2,0.5075,0.491
cs,token,750,2,0.57375,0.556
cs,token,750,1,0.75,0.744
cs,pos,750,1,0.66125,0.651
cs,pos,750,1,0.6325,0.624
cs,syl,500,2,0.98125,0.981
cs,pos_syl,500,1,0.805,0.801
cs,token,300,2,0.305,NaN
cs,pos,750,2,0.865,0.862
cs,pos,300,1,0.44625,0.442
cs,pos,750,2,0.90875,0.908
cs,syl,750,1,0.72,0.719
cs,syl,750,1,0.7975,0.794
cs,pos_syl,500,2,0.9725,0.972
cs,pos,300,2,0.7575,0.742
cs,syl,300,1,0.65875,0.649
cs,token,750,2,0.54375,0.515
cs,pos,750,1,0.7,0.695
cs,syl,750,2,0.97,0.97
cs,syl,750,2,0.985,0.985
cs,token,750,1,0.735,0.727
cs,pos_syl,750,1,0.9525,0.952
cs,pos_syl,750,1,0.91,0.907
cs,syl,300,2,0.93625,0.936
cs,pos_syl,300,1,0.80375,0.8
cs,pos,750,2,0.9225,0.92
cs,pos_syl,300,2,0.9275,0.927
cs,syl,750,1,0.74125,0.733
cs,pos_syl,750,2,0.97125,0.969
cs,pos_syl,750,2,0.9725,0.973
cs,token,500,1,0.62125,0.611
cs,token,1000,1,0.789677419354839,0.782
cs,token,750,2,0.5225,0.499
cs,token,1000,1,0.841290322580645,0.835
cs,pos,750,1,0.705,0.702
cs,syl,750,2,0.99125,0.991
cs,pos_syl,750,1,0.92875,0.925
cs,pos,750,2,0.9,0.898
cs,syl,750,1,0.77125,0.764
cs,token,500,2,0.4575,0.444
cs,pos_syl,750,2,0.985,0.985
cs,pos,500,1,0.535,0.518
cs,token,1000,1,0.76258064516129,0.757
cs,syl,750,2,0.98375,0.984
cs,token,1000,2,0.567741935483871,0.55
cs,pos,500,2,0.84375,0.841
cs,pos,1000,1,0.714838709677419,0.713
cs,pos_syl,750,1,0.94125,0.94
cs,token,1000,2,0.55741935483871,0.536
cs,syl,500,1,0.66375,0.658
cs,pos,1000,1,0.761290322580645,0.764
cs,syl,500,2,0.97875,0.979
cs,pos_syl,500,1,0.87625,0.875
cs,pos_syl,750,2,0.97125,0.969
cs,pos,1000,2,0.929032258064516,0.931
cs,pos,1000,2,0.941935483870968,0.944
cs,syl,1000,1,0.778064516129032,0.765
cs,syl,1000,1,0.784516129032258,0.773
cs,token,1000,1,0.792258064516129,0.788
cs,token,1000,2,0.580645161290323,0.57
cs,pos_syl,500,2,0.95125,0.952
cs,pos,1000,1,0.736774193548387,0.741
cs,token,750,1,0.6975,0.689
cs,syl,1000,2,1,1
cs,syl,1000,2,0.992258064516129,0.992
cs,pos_syl,1000,1,0.929032258064516,0.928
cs,pos_syl,1000,1,0.954838709677419,0.956
cs,pos,1000,2,0.925161290322581,0.925
cs,syl,1000,1,0.750967741935484,0.741
cs,token,1000,2,0.500645161290323,0.492
cs,pos,1000,1,0.704516129032258,0.705
cs,pos_syl,1000,2,0.984516129032258,0.985
cs,pos_syl,1000,2,0.980645161290323,0.981
cs,syl,1000,2,0.984516129032258,0.985
cs,token,25,1,0.27,0.263
cs,token,25,1,0.24125,0.226
cs,pos_syl,1000,1,0.949677419354839,0.95
cs,token,750,2,0.4825,0.47
cs,pos,750,1,0.6825,0.682
cs,token,25,2,0.08,NaN
cs,token,25,2,0.0775,NaN
cs,pos,25,1,0.20375,0.188
cs,pos,25,1,0.17625,NaN
cs,pos,1000,2,0.927741935483871,0.93
cs,syl,1000,1,0.756129032258064,0.744
cs,pos,25,2,0.375,0.354
cs,pos,25,2,0.3425,0.321
cs,syl,25,1,0.34625,0.332
cs,syl,25,1,0.3575,NaN
cs,syl,25,2,0.55375,0.54
cs,syl,25,2,0.545,0.523
cs,pos,750,2,0.94125,0.941
cs,pos_syl,1000,2,0.974193548387097,0.975
cs,pos_syl,25,1,0.4075,0.403
cs,syl,750,1,0.75875,0.754
cs,pos_syl,25,1,0.38125,0.361
cs,token,25,1,0.185,NaN
cs,syl,1000,2,0.989677419354839,0.99
cs,pos_syl,1000,1,0.971612903225806,0.973
cs,token,25,2,0.09875,NaN
cs,pos,25,1,0.16875,0.16
cs,syl,750,2,0.99,0.99
cs,pos_syl,750,1,0.9175,0.916
cs,pos,25,2,0.32625,0.319
cs,syl,25,1,0.29625,0.283
cs,syl,25,2,0.58875,0.573
cs,pos_syl,25,2,0.66875,0.653
cs,pos_syl,25,1,0.4175,0.41
cs,pos_syl,1000,2,0.981935483870968,0.983
cs,pos_syl,25,2,0.635,0.619
cs,token,50,1,0.315,NaN
cs,token,25,1,0.22625,NaN
cs,token,50,1,0.2925,0.288
cs,pos_syl,750,2,0.9725,0.972
cs,token,25,2,0.09,NaN
cs,pos,25,1,0.14625,0.136
cs,token,1000,1,0.747096774193548,0.744
cs,token,50,2,0.09125,NaN
cs,pos,50,1,0.28875,NaN
cs,pos,25,2,0.3525,0.344
cs,token,50,2,0.17625,NaN
cs,syl,25,1,0.30375,0.289
cs,pos,50,1,0.195,0.186
cs,syl,25,2,0.59375,0.587
cs,pos_syl,25,2,0.65125,0.641
cs,pos,50,2,0.50875,0.497
cs,pos_syl,25,1,0.42875,0.422
cs,syl,50,1,0.35875,0.346
cs,pos,50,2,0.53,0.518
cs,syl,50,1,0.39625,NaN
cs,syl,50,2,0.7625,0.755
cs,token,50,1,0.28125,NaN
cs,syl,50,2,0.67625,0.666
cs,pos_syl,50,1,0.52375,0.518
cs,pos_syl,50,1,0.4525,0.44
cs,pos_syl,50,2,0.72625,0.718
cs,pos_syl,50,2,0.7025,0.695
cs,token,50,2,0.12625,NaN
cs,pos,50,1,0.19875,NaN
cs,token,100,1,0.44375,0.429
cs,token,100,1,0.4825,0.476
cs,pos,50,2,0.4525,0.441
cs,syl,50,1,0.46125,0.454
cs,token,1000,2,0.56258064516129,0.539
cs,syl,50,2,0.71125,0.701
cs,pos,1000,1,0.749677419354839,0.751
cs,pos_syl,50,1,0.44,0.437
cs,token,100,2,0.21125,NaN
cs,pos_syl,25,2,0.6475,0.631
cs,pos,100,1,0.29625,NaN
cs,token,100,2,0.1975,NaN
cs,pos,100,1,0.215,NaN
cs,pos_syl,50,2,0.68875,0.683
cs,token,50,1,0.305,0.295
cs,pos,100,2,0.58,0.57
cs,syl,100,1,0.46125,0.455
cs,pos,100,2,0.585,0.58
cs,syl,100,1,0.52,0.509
cs,token,100,1,0.465,0.441
cs,syl,100,2,0.87125,0.868
cs,syl,100,2,0.8275,0.825
cs,pos_syl,100,1,0.53875,0.537
cs,pos,1000,2,0.913548387096774,0.916
cs,syl,1000,1,0.811612903225806,0.794
cs,pos_syl,100,1,0.57125,0.562
cs,token,50,2,0.2,NaN
cs,pos,50,1,0.2025,NaN
cs,token,100,2,0.20625,NaN
cs,pos_syl,100,2,0.81,0.807
cs,pos,100,1,0.3175,0.295
cs,pos,50,2,0.44625,0.422
cs,pos_syl,100,2,0.82,0.818
cs,syl,50,1,0.4275,0.423
cs,syl,50,2,0.69875,0.702
cs,token,200,1,0.60125,0.59
cs,pos,100,2,0.63875,0.627
cs,token,200,1,0.58125,0.573
cs,pos_syl,50,1,0.50375,0.496
cs,syl,100,1,0.38875,0.388
cs,syl,1000,2,0.993548387096774,0.994
cs,pos_syl,1000,1,0.941935483870968,0.943
cs,syl,100,2,0.82125,0.817
cs,pos_syl,100,1,0.61875,0.617
cs,pos_syl,50,2,0.71875,0.718
cs,token,200,2,0.255,0.247
cs,token,200,2,0.2275,NaN
cs,pos,200,1,0.41375,NaN
cs,token,100,1,0.47375,0.462
cs,pos,200,1,0.38625,NaN
cs,pos_syl,100,2,0.8925,0.892
cs,pos,200,2,0.69875,0.685
cs,token,200,1,0.5825,0.573
cs,pos,200,2,0.64875,0.639
cs,syl,200,1,0.555,0.543
cs,syl,200,1,0.67625,0.669
cs,pos_syl,1000,2,0.967741935483871,0.969
cs,token,100,2,0.1875,NaN
cs,syl,200,2,0.94375,0.944
cs,pos,100,1,0.28,0.263
cs,syl,200,2,0.9375,0.937
cs,token,25,1,0.1825,0.176
cs,pos_syl,200,1,0.755,0.749
cs,pos_syl,200,1,0.7275,0.722
cs,pos,100,2,0.52625,0.52
cs,token,200,2,0.24375,NaN
cs,syl,100,1,0.455,0.446
cs,pos,200,1,0.415,NaN
cs,token,25,2,0.05375,NaN
cs,syl,100,2,0.81625,0.812
cs,pos,25,1,0.10125,NaN
cs,pos_syl,200,2,0.89375,0.89
cs,pos_syl,200,2,0.90625,0.907
cs,pos_syl,100,1,0.6025,0.597
cs,pos,200,2,0.7175,0.711
cs,pos,25,2,0.3225,NaN
cs,syl,200,1,0.56,0.549
cs,syl,25,1,0.23125,NaN
cs,token,300,1,0.54,0.526
cs,token,300,1,0.545,0.536
cs,syl,25,2,0.5975,0.589
cs,pos_syl,100,2,0.8125,0.811
cs,syl,200,2,0.92,0.916
cs,pos_syl,25,1,0.37,0.364
cs,pos_syl,200,1,0.71125,0.705
cs,token,200,1,0.62375,0.614
cs,pos_syl,200,2,0.94,0.94
cs,token,300,2,0.27125,0.258
cs,token,300,2,0.3325,NaN
cs,pos,300,1,0.4225,0.399
cs,pos,300,1,0.48875,0.479
cs,token,200,2,0.24125,0.22
cs,token,300,1,0.59125,0.574
cs,pos,200,1,0.38875,0.377
cs,pos,300,2,0.78,0.776
cs,syl,300,1,0.6575,0.654
cs,pos_syl,25,2,0.65,0.636
cs,pos,300,2,0.7725,0.764
cs,syl,300,1,0.6725,0.665
cs,pos,200,2,0.7325,0.727
cs,syl,200,1,0.57,0.565
cs,token,50,1,0.34,0.321
cs,syl,300,2,0.9575,0.957
cs,syl,300,2,0.9575,0.956
cs,pos_syl,300,1,0.8225,0.82
cs,syl,200,2,0.935,0.934
cs,pos_syl,300,1,0.8075,0.806
cs,token,300,2,0.3925,0.361
cs,pos_syl,200,1,0.67625,0.677
cs,pos,300,1,0.44625,0.43
cs,token,50,2,0.115,NaN
cs,pos_syl,300,2,0.9475,0.946
cs,pos,50,1,0.18625,0.175
cs,pos_syl,200,2,0.93375,0.932
cs,pos_syl,300,2,0.9225,0.922
cs,pos,300,2,0.7675,0.759
cs,syl,300,1,0.65625,0.657
cs,pos,50,2,0.4625,0.451
cs,token,500,1,0.69875,0.691
cs,syl,50,1,0.39625,0.383
cs,token,300,1,0.565,0.553
cs,token,500,1,0.65875,0.647
cs,syl,50,2,0.74625,0.744
cs,syl,300,2,0.96625,0.966
cs,pos_syl,50,1,0.395,0.373
cs,pos_syl,300,1,0.78125,0.779
cs,pos_syl,50,2,0.775,0.771
cs,pos_syl,300,2,0.9325,0.932
cs,token,300,2,0.3175,NaN
cs,pos,300,1,0.42,0.405
cs,token,100,1,0.435,0.429
cs,token,500,2,0.46,0.441
cs,pos,500,1,0.645,0.63
cs,token,500,2,0.45,NaN
cs,pos,500,1,0.5325,0.525
cs,token,500,1,0.6725,0.661
cs,pos,300,2,0.69,0.68
cs,syl,300,1,0.66625,0.667
cs,token,100,2,0.13,NaN
cs,pos,100,1,0.265,NaN
cs,pos,500,2,0.90875,0.907
cs,syl,300,2,0.98,0.979
cs,syl,500,1,0.63125,0.623
cs,pos,500,2,0.85,0.844
cs,syl,500,1,0.71,0.702
cs,pos_syl,300,1,0.7675,0.766
cs,pos,100,2,0.5625,0.555
cs,syl,100,1,0.46375,0.457
cs,syl,500,2,0.9825,0.982
cs,token,500,2,0.3975,0.374
cs,syl,100,2,0.8175,0.814
cs,syl,500,2,0.985,0.985
cs,pos,500,1,0.53,0.524
cs,pos_syl,500,1,0.88125,0.879
cs,pos_syl,100,1,0.56875,0.557
cs,pos_syl,500,1,0.89375,0.893
cs,pos_syl,300,2,0.89,0.885
cs,pos_syl,100,2,0.82125,0.816
cs,token,500,1,0.66,0.645
cs,pos,500,2,0.84625,0.843
cs,pos_syl,500,2,0.9725,0.973
cs,syl,500,1,0.72625,0.715
cs,token,200,1,0.53625,0.52
cs,pos_syl,500,2,0.95875,0.958
cs,token,750,1,0.68875,0.68
cs,token,750,1,0.67375,0.65
cs,syl,500,2,0.9875,0.987
cs,pos_syl,500,1,0.86125,0.859
cs,token,200,2,0.23625,NaN
cs,pos,200,1,0.3575,0.341
cs,token,500,2,0.4475,0.434
cs,pos,500,1,0.63125,0.629
cs,pos,200,2,0.73625,0.726
cs,syl,200,1,0.5275,0.517
cs,pos_syl,500,2,0.94625,0.945
cs,syl,200,2,0.92125,0.919
cs,pos_syl,200,1,0.75,0.744
cs,pos,500,2,0.83875,0.835
cs,syl,500,1,0.67,0.662
cs,token,750,1,0.68625,0.681
cs,token,750,2,0.53125,0.502
cs,pos,750,1,0.64,0.632
cs,token,750,2,0.50625,0.478
cs,pos,750,1,0.64125,0.635
cs,pos_syl,200,2,0.9325,0.933
cs,syl,500,2,0.98375,0.984
cs,pos_syl,500,1,0.91125,0.91
cs,token,300,1,0.64,0.629
cs,pos,750,2,0.9,0.897
cs,syl,750,1,0.7275,0.718
cs,pos,750,2,0.86625,0.862
cs,syl,750,1,0.7375,0.727
cs,pos_syl,500,2,0.9675,0.966
cs,token,750,2,0.5175,0.496
cs,pos,750,1,0.68375,0.678
cs,syl,750,2,0.98375,0.984
cs,token,300,2,0.38125,0.361
cs,pos_syl,750,1,0.9425,0.941
cs,pos,300,1,0.43,0.419
cs,syl,750,2,0.98875,0.989
cs,token,750,1,0.75875,0.752
cs,pos_syl,750,1,0.8975,0.896
cs,pos,300,2,0.785,0.779
cs,syl,300,1,0.6475,NaN
cs,pos,750,2,0.94,0.94
cs,syl,750,1,0.7,0.695
cs,syl,300,2,0.9375,0.937
cs,pos_syl,750,2,0.9875,0.987
cs,pos_syl,300,1,0.745,0.74
cs,pos_syl,750,2,0.97875,0.979
cs,token,1000,1,0.779354838709677,0.778
cs,syl,750,2,0.99,0.99
cs,pos_syl,750,1,0.94875,0.949
cs,token,750,2,0.59,0.569
cs,pos_syl,300,2,0.92375,0.922
cs,token,1000,1,0.752258064516129,0.747
cs,pos,750,1,0.67375,0.666
cs,token,500,1,0.65125,0.646
cs,pos_syl,750,2,0.97625,0.976
cs,pos,750,2,0.9025,0.9
cs,syl,750,1,0.785,0.773
cs,token,1000,1,0.832258064516129,0.828
cs,token,1000,2,0.510967741935484,0.506
cs,pos,1000,1,0.676129032258065,0.661
cs,token,500,2,0.4225,0.397
cs,syl,750,2,0.97125,0.971
cs,pos,500,1,0.59875,0.596
cs,token,1000,2,0.623225806451613,0.609
cs,pos_syl,750,1,0.92875,0.926
cs,pos,1000,1,0.730322580645161,0.719
cs,pos,500,2,0.83875,0.835
cs,syl,500,1,0.7175,0.707
cs,pos,1000,2,0.899354838709677,0.9
cs,syl,1000,1,0.776774193548387,0.763
cs,pos_syl,750,2,0.98875,0.989
cs,pos,1000,2,0.901935483870968,0.903
cs,syl,1000,1,0.780645161290323,0.767
cs,syl,500,2,0.97125,0.971
cs,pos_syl,500,1,0.8675,0.864
cs,token,1000,2,0.592258064516129,0.567
cs,pos,1000,1,0.726451612903226,0.732
cs,token,1000,1,0.793548387096774,0.795
cs,syl,1000,2,0.994838709677419,0.995
cs,pos_syl,1000,1,0.947096774193548,0.947
cs,syl,1000,2,0.994838709677419,0.995
cs,pos_syl,500,2,0.9575,0.957
cs,pos_syl,1000,1,0.953548387096774,0.954
cs,pos,1000,2,0.92258064516129,0.921
cs,syl,1000,1,0.752258064516129,0.748
cs,token,750,1,0.71125,0.702
cs,pos_syl,1000,2,0.976774193548387,0.978
cs,token,25,1,0.2375,0.222
cs,syl,1000,2,0.996129032258064,0.996
cs,pos_syl,1000,2,0.970322580645161,0.972
cs,token,1000,2,0.541935483870968,0.529
cs,pos_syl,1000,1,0.948387096774194,0.95
cs,pos,1000,1,0.745806451612903,0.741
cs,token,25,1,0.1775,NaN
cs,token,25,2,0.10625,NaN
cs,pos,25,1,0.17,NaN
cs,pos,25,2,0.3175,NaN
cs,token,25,2,0.10875,NaN
cs,syl,25,1,0.285,0.285
cs,pos,25,1,0.1725,NaN
cs,token,750,2,0.53,0.52
cs,syl,25,2,0.54125,0.532
cs,pos,750,1,0.63375,0.631
cs,pos_syl,25,1,0.38875,0.37
cs,pos,25,2,0.335,0.331
cs,syl,25,1,0.24,0.236
cs,pos_syl,1000,2,0.983225806451613,0.984
cs,pos,1000,2,0.949677419354839,0.949
cs,syl,25,2,0.5475,0.537
cs,syl,1000,1,0.775483870967742,0.767
cs,pos_syl,25,1,0.41375,0.41
cs,token,25,1,0.285,0.281
cs,pos,750,2,0.9075,0.907
cs,syl,750,1,0.77625,0.767
cs,token,25,2,0.0775,NaN
cs,pos,25,1,0.16375,NaN
cs,syl,1000,2,0.996129032258064,0.996
cs,pos,25,2,0.385,0.368
cs,syl,25,1,0.30625,0.299
cs,pos_syl,1000,1,0.949677419354839,0.95
cs,pos_syl,25,2,0.73,0.725
cs,syl,25,2,0.5725,0.57
cs,syl,750,2,0.97,0.97
cs,pos_syl,25,1,0.44375,0.433
cs,token,50,1,0.34875,0.335
cs,pos_syl,750,1,0.94,0.94
cs,pos_syl,25,2,0.7325,0.729
cs,token,50,1,0.29625,0.291
cs,token,50,2,0.1475,NaN
cs,pos_syl,1000,2,0.978064516129032,0.979
cs,pos,50,1,0.1725,0.158
cs,pos_syl,750,2,0.9775,0.977
cs,token,50,2,0.155,NaN
cs,token,25,1,0.2775,0.272
cs,pos,50,2,0.42625,0.414
cs,pos,50,1,0.23875,NaN
cs,syl,50,1,0.36125,NaN
cs,pos_syl,25,2,0.72375,0.713
cs,syl,50,2,0.65375,0.648
cs,pos,50,2,0.46625,0.444
cs,pos_syl,50,1,0.47375,0.464
cs,token,1000,1,0.818064516129032,0.817
cs,syl,50,1,0.40375,NaN
cs,token,25,2,0.0675,NaN
cs,token,50,1,0.31375,0.285
cs,pos,25,1,0.10375,NaN
cs,syl,50,2,0.7225,0.718
cs,pos_syl,50,1,0.5275,0.522
cs,pos_syl,50,2,0.72,0.717
cs,pos,25,2,0.325,NaN
cs,syl,25,1,0.26375,NaN
cs,syl,25,2,0.58375,0.58
cs,token,50,2,0.11875,NaN
cs,token,100,1,0.44375,0.427
cs,pos_syl,50,2,0.73,0.726
cs,pos_syl,25,1,0.42,0.399
cs,pos,50,1,0.17625,NaN
cs,token,100,1,0.42125,0.409
cs,pos,50,2,0.43,0.396
cs,syl,50,1,0.40875,0.397
cs,syl,50,2,0.68,0.673
cs,token,100,2,0.20625,NaN
cs,pos,100,1,0.2875,0.268
cs,pos_syl,50,1,0.49875,0.468
cs,token,100,2,0.17625,0.171
cs,pos,100,2,0.58,0.569
cs,pos,100,1,0.27375,NaN
cs,syl,100,1,0.51375,NaN
cs,pos_syl,50,2,0.705,0.699
cs,token,1000,2,0.645161290322581,0.635
cs,pos,1000,1,0.770322580645161,0.768
cs,syl,100,2,0.8375,0.835
cs,pos_syl,25,2,0.6575,0.643
cs,pos,100,2,0.585,0.573
cs,pos_syl,100,1,0.64875,0.642
cs,syl,100,1,0.5,0.49
cs,token,100,1,0.39375,0.38
cs,syl,100,2,0.83375,0.83
cs,token,50,1,0.3775,0.364
cs,pos_syl,100,1,0.57,0.555
cs,pos_syl,100,2,0.84625,0.845
cs,token,100,2,0.16375,NaN
cs,pos_syl,100,2,0.835,0.834
cs,pos,1000,2,0.952258064516129,0.953
cs,token,200,1,0.565,0.538
cs,pos,100,1,0.21125,0.195
cs,syl,1000,1,0.785806451612903,0.784
cs,token,50,2,0.15875,NaN
cs,pos,50,1,0.19875,NaN
cs,token,200,1,0.51875,0.502
cs,pos,100,2,0.51375,0.495
cs,syl,100,1,0.44625,0.444
cs,pos,50,2,0.45,0.442
cs,syl,50,1,0.39375,NaN
cs,syl,100,2,0.7825,0.774
cs,syl,50,2,0.7275,0.716
cs,token,200,2,0.32875,NaN
cs,pos_syl,100,1,0.5725,0.557
cs,pos_syl,50,1,0.48125,0.469
cs,pos,200,1,0.35,NaN
cs,syl,1000,2,0.996129032258064,0.996
cs,token,200,2,0.23,0.22
cs,pos_syl,1000,1,0.921290322580645,0.921
cs,pos,200,1,0.3775,0.372
cs,pos_syl,100,2,0.83,0.828
cs,pos_syl,50,2,0.7175,0.717
cs,pos,200,2,0.6825,0.677
cs,syl,200,1,0.6625,0.659
cs,pos,200,2,0.735,0.73
cs,token,100,1,0.4825,0.467
cs,token,200,1,0.53,0.514
cs,syl,200,1,0.54875,0.542
cs,syl,200,2,0.95,0.949
cs,pos_syl,200,1,0.75875,0.755
cs,syl,200,2,0.95375,0.953
cs,pos_syl,200,1,0.7575,0.751
cs,pos_syl,1000,2,0.967741935483871,0.969
cs,token,100,2,0.14625,NaN
cs,pos_syl,200,2,0.9325,0.931
cs,pos,100,1,0.23625,NaN
cs,token,200,2,0.2625,NaN
cs,pos,200,1,0.3675,0.351
cs,token,25,1,0.185,NaN
cs,pos_syl,200,2,0.92,0.92
cs,pos,100,2,0.57125,0.559
cs,token,300,1,0.60875,0.595
cs,syl,100,1,0.51,0.503
cs,pos,200,2,0.645,0.632
cs,syl,200,1,0.64625,0.64
cs,token,25,2,0.08625,NaN
cs,syl,100,2,0.85875,0.853
cs,token,300,1,0.62625,0.616
cs,pos,25,1,0.1725,NaN
cs,pos_syl,100,1,0.62875,0.623
cs,syl,200,2,0.95125,0.95
cs,pos,25,2,0.3875,0.376
cs,pos_syl,200,1,0.77625,0.772
cs,syl,25,1,0.3375,0.321
cs,syl,25,2,0.5725,0.564
cs,pos_syl,100,2,0.89125,0.891
cs,token,300,2,0.34125,0.33
cs,pos,300,1,0.47625,0.463
cs,pos_syl,25,1,0.42125,0.407
cs,token,200,1,0.5575,0.529
cs,token,300,2,0.32875,0.309
cs,pos_syl,200,2,0.8825,0.882
cs,pos,300,1,0.4875,NaN
cs,pos,300,2,0.7975,0.79
cs,syl,300,1,0.66875,0.658
cs,token,300,1,0.63625,0.62
cs,pos,300,2,0.81,0.804
cs,syl,300,2,0.95875,0.957
cs,syl,300,1,0.67375,0.663
cs,token,200,2,0.21375,0.192
cs,pos_syl,300,1,0.79125,0.786
cs,pos,200,1,0.41375,0.399
cs,syl,300,2,0.9475,0.945
cs,pos_syl,25,2,0.73,0.725
cs,pos_syl,300,1,0.8,0.793
cs,token,300,2,0.275,0.266
cs,pos,300,1,0.45875,0.438
cs,pos,200,2,0.7475,0.74
cs,pos_syl,300,2,0.9375,0.938
cs,syl,200,1,0.565,0.562
cs,token,50,1,0.27125,NaN
cs,syl,200,2,0.9075,0.904
cs,pos_syl,300,2,0.92125,0.92
cs,pos_syl,200,1,0.73625,0.736
cs,token,500,1,0.57125,0.563
cs,pos,300,2,0.73,0.721
cs,syl,300,1,0.62375,0.616
cs,token,50,2,0.1275,NaN
cs,pos,50,1,0.2525,NaN
cs,syl,300,2,0.97875,0.979
cs,token,500,1,0.7125,0.704
cs,pos_syl,200,2,0.91625,0.917
cs,pos_syl,300,1,0.8175,0.814
cs,pos,50,2,0.44,0.426
cs,syl,50,1,0.38625,0.386
cs,token,300,1,0.58875,0.577
cs,syl,50,2,0.675,0.67
cs,pos_syl,50,1,0.425,0.418
cs,pos_syl,300,2,0.93375,0.932
cs,token,500,2,0.47875,0.46
cs,pos,500,1,0.56875,0.552
cs,pos_syl,50,2,0.76125,0.759
cs,token,500,1,0.64375,0.619
cs,token,500,2,0.41125,0.388
cs,token,300,2,0.3225,0.307
cs,pos,500,1,0.4725,0.457
cs,token,100,1,0.50125,0.493
cs,pos,300,1,0.34125,0.324
cs,pos,500,2,0.825,0.82
cs,syl,500,1,0.69625,0.693
cs,pos,300,2,0.7775,0.772
cs,syl,300,1,0.67875,0.675
cs,pos,500,2,0.85125,0.848
cs,syl,500,2,0.97375,0.974
cs,syl,500,1,0.68125,0.672
cs,token,100,2,0.19,0.179
cs,pos,100,1,0.2925,0.283
cs,pos_syl,500,1,0.87875,0.875
cs,syl,300,2,0.945,0.943
cs,token,500,2,0.3525,NaN
cs,pos_syl,300,1,0.77875,0.778
cs,pos,500,1,0.5275,0.513
cs,pos,100,2,0.60875,0.599
cs,syl,500,2,0.97375,0.974
cs,syl,100,1,0.4925,0.479
cs,pos_syl,500,1,0.865,0.85
cs,syl,100,2,0.84875,0.842
cs,pos_syl,500,2,0.9625,0.962
cs,pos_syl,100,1,0.61625,0.614
cs,pos_syl,300,2,0.9175,0.915
cs,pos,500,2,0.85875,0.856
cs,syl,500,1,0.68375,0.675
cs,pos_syl,100,2,0.835,0.833
cs,token,750,1,0.7125,0.705
cs,token,500,1,0.6975,0.681
cs,pos_syl,500,2,0.9825,0.982
cs,syl,500,2,0.9675,0.966
cs,token,200,1,0.56375,0.548
cs,pos_syl,500,1,0.86375,0.863
cs,token,750,1,0.7225,0.715
cs,token,200,2,0.29375,0.281
cs,pos_syl,500,2,0.95625,0.955
cs,pos,200,1,0.40625,0.396
cs,token,500,2,0.455,0.442
cs,pos,500,1,0.61125,0.596
cs,token,750,2,0.51625,0.487
cs,token,750,1,0.74875,0.742
cs,pos,750,1,0.63,0.619
cs,pos,200,2,0.7125,0.712
cs,syl,200,1,0.5625,0.55
cs,syl,200,2,0.92625,0.925
cs,pos,500,2,0.86375,0.86
cs,syl,500,1,0.76875,0.768
cs,pos_syl,200,1,0.7275,0.724
cs,token,750,2,0.555,0.534
cs,pos,750,1,0.71375,0.71
cs,pos,750,2,0.8875,0.885
cs,syl,750,1,0.7125,0.708
cs,syl,500,2,1,1
cs,pos_syl,200,2,0.89125,0.885
cs,pos_syl,500,1,0.88125,0.876
cs,pos,750,2,0.90125,0.899
cs,token,300,1,0.6175,0.605
cs,token,750,2,0.53125,0.513
cs,syl,750,1,0.74,0.742
cs,pos,750,1,0.6725,0.667
cs,syl,750,2,0.99,0.99
cs,pos_syl,750,1,0.92125,0.919
cs,pos_syl,500,2,0.965,0.963
cs,syl,750,2,0.98125,0.981
cs,token,750,1,0.6975,0.692
cs,pos_syl,750,1,0.91375,0.911
cs,token,300,2,0.3675,0.357
cs,pos,750,2,0.90125,0.9
cs,pos,300,1,0.3875,0.368
cs,syl,750,1,0.795,0.791
cs,pos_syl,750,2,0.985,0.985
cs,pos,300,2,0.76625,0.762
cs,syl,300,1,0.67625,0.674
cs,syl,750,2,0.9975,0.998
cs,pos_syl,750,2,0.955,0.954
cs,token,1000,1,0.787096774193548,0.782
cs,pos_syl,750,1,0.9075,0.908
cs,syl,300,2,0.95125,0.951
cs,pos_syl,300,1,0.7975,0.795
cs,token,1000,1,0.753548387096774,0.743
cs,token,750,2,0.5875,0.571
cs,pos,750,1,0.6025,0.588
cs,pos_syl,300,2,0.95,0.947
cs,pos_syl,750,2,0.96625,0.965
cs,token,500,1,0.66875,0.653
cs,token,1000,1,0.781935483870968,0.776
cs,pos,750,2,0.88125,0.879
cs,syl,750,1,0.7725,0.767
cs,token,1000,2,0.603870967741935,0.581
cs,pos,1000,1,0.700645161290323,0.705
cs,token,1000,2,0.56,0.527
cs,pos,1000,1,0.735483870967742,0.741
cs,syl,750,2,0.99875,0.999
cs,token,500,2,0.37875,0.351
cs,pos_syl,750,1,0.8975,0.897
cs,pos,500,1,0.53,0.521
cs,pos,1000,2,0.931612903225806,0.933
cs,syl,1000,1,0.783225806451613,0.773
cs,pos,500,2,0.81375,0.81
cs,syl,500,1,0.72625,0.72
cs,token,1000,2,0.550967741935484,0.538
cs,pos,1000,2,0.939354838709677,0.941
cs,pos,1000,1,0.68258064516129,0.684
cs,pos_syl,750,2,0.9725,0.972
cs,syl,1000,1,0.758709677419355,0.749
cs,syl,500,2,0.98625,0.986
cs,syl,1000,2,0.985806451612903,0.986
cs,token,1000,1,0.747096774193548,0.748
cs,pos_syl,500,1,0.89625,0.891
cs,pos_syl,1000,1,0.965161290322581,0.966
cs,syl,1000,2,0.988387096774194,0.989
cs,pos_syl,1000,1,0.966451612903226,0.967
cs,pos,1000,2,0.932903225806452,0.934
cs,syl,1000,1,0.763870967741936,0.753
cs,pos_syl,500,2,0.94875,0.945
cs,pos_syl,1000,2,0.988387096774194,0.989
cs,token,25,1,0.24625,0.234
cs,token,750,1,0.72875,0.722
cs,pos_syl,1000,2,0.992258064516129,0.992
cs,syl,1000,2,0.989677419354839,0.99
cs,pos_syl,1000,1,0.938064516129032,0.938
cs,token,1000,2,0.593548387096774,0.585
cs,token,25,2,0.1,NaN
cs,pos,1000,1,0.698064516129032,0.699
cs,token,25,1,0.19125,NaN
cs,pos,25,1,0.1725,NaN
cs,pos,25,2,0.37,0.364
cs,syl,25,1,0.32125,NaN
cs,token,25,2,0.08125,NaN
cs,pos,25,1,0.17875,NaN
cs,syl,25,2,0.555,0.546
cs,pos_syl,25,1,0.3825,0.373
cs,pos,25,2,0.41,0.399
cs,syl,25,1,0.2825,0.275
cs,pos_syl,1000,2,0.988387096774194,0.989
cs,pos,1000,2,0.958709677419355,0.96
cs,syl,25,2,0.56375,0.551
cs,syl,1000,1,0.79741935483871,0.786
cs,token,750,2,0.535,0.524
cs,pos_syl,25,1,0.3725,0.36
cs,pos,750,1,0.76125,0.754
cs,token,25,1,0.20375,0.2
cs,token,25,2,0.08875,NaN
cs,pos,25,1,0.19,NaN
cs,syl,1000,2,0.993548387096774,0.994
cs,pos,25,2,0.38125,0.356
cs,pos_syl,1000,1,0.979354838709677,0.98
cs,syl,25,1,0.29125,0.282
cs,pos_syl,25,2,0.6775,0.67
cs,pos,750,2,0.9225,0.922
cs,syl,750,1,0.755,0.742
cs,syl,25,2,0.6625,0.653
cs,pos_syl,25,1,0.42,0.412
cs,token,50,1,0.305,0.289
cs,pos_syl,25,2,0.70125,0.697
cs,token,50,1,0.33875,0.334
cs,syl,750,2,0.9825,0.982
cs,pos_syl,1000,2,0.971612903225806,0.971
cs,pos_syl,750,1,0.92625,0.924
cs,token,50,2,0.145,NaN
cs,pos,50,1,0.27625,NaN
cs,token,50,2,0.11,NaN
cs,token,25,1,0.2625,0.254
cs,pos,50,1,0.19,0.179
cs,pos,50,2,0.54125,0.527
cs,syl,50,1,0.4075,0.406
cs,pos_syl,25,2,0.72125,0.711
cs,syl,50,2,0.71625,0.712
cs,pos,50,2,0.54125,0.531
cs,token,25,2,0.09375,NaN
cs,syl,50,1,0.35,NaN
cs,pos_syl,50,1,0.49875,0.488
cs,pos,25,1,0.15,NaN
cs,token,50,1,0.33875,0.317
cs,syl,50,2,0.71875,0.712
cs,pos_syl,750,2,0.98125,0.981
cs,pos_syl,50,1,0.5175,0.514
cs,pos,25,2,0.32,0.304
cs,syl,25,1,0.24875,NaN
cs,pos_syl,50,2,0.745,0.737
cs,syl,25,2,0.5825,0.572
cs,pos_syl,25,1,0.3675,0.36
cs,pos_syl,50,2,0.76875,0.762
cs,token,1000,1,0.792258064516129,0.784
cs,token,100,1,0.52125,0.489
cs,token,50,2,0.07875,NaN
cs,pos,50,1,0.14375,NaN
cs,token,100,1,0.475,0.456
cs,pos,50,2,0.46375,0.444
cs,syl,50,1,0.35625,NaN
cs,token,100,2,0.22625,NaN
cs,syl,50,2,0.7325,0.724
cs,pos,100,1,0.27125,NaN
cs,pos_syl,50,1,0.48875,0.477
cs,token,100,2,0.19375,NaN
cs,pos,100,1,0.28125,NaN
cs,pos,100,2,0.60625,0.597
cs,syl,100,1,0.50875,0.501
cs,pos_syl,50,2,0.71375,0.706
cs,pos_syl,25,2,0.6525,0.641
cs,pos,100,2,0.54875,0.532
cs,syl,100,2,0.84625,0.841
cs,syl,100,1,0.495,0.482
cs,pos_syl,100,1,0.6325,0.63
cs,token,50,1,0.3325,0.322
cs,token,100,1,0.44625,0.434
cs,syl,100,2,0.80875,0.805
cs,pos_syl,100,1,0.5525,0.547
cs,token,1000,2,0.550967741935484,0.538
cs,pos,1000,1,0.752258064516129,0.756
cs,pos_syl,100,2,0.84375,0.844
cs,pos_syl,100,2,0.8275,0.825
cs,token,100,2,0.15125,NaN
cs,token,50,2,0.1225,NaN
cs,token,200,1,0.54125,0.524
cs,pos,100,1,0.2575,NaN
cs,pos,50,1,0.1875,NaN
cs,token,200,1,0.52375,0.511
cs,pos,100,2,0.6125,0.587
cs,pos,50,2,0.4675,0.456
cs,syl,100,1,0.41375,0.413
cs,syl,50,1,0.365,NaN
cs,syl,50,2,0.67625,0.667
cs,pos,1000,2,0.923870967741935,0.925
cs,syl,100,2,0.81125,0.808
cs,syl,1000,1,0.723870967741935,0.717
cs,pos_syl,50,1,0.48125,0.471
cs,token,200,2,0.26625,NaN
cs,pos_syl,100,1,0.59625,0.584
cs,pos,200,1,0.35375,0.34
cs,token,200,2,0.2525,0.241
cs,pos,200,1,0.41125,0.401
cs,pos_syl,50,2,0.74,0.736
cs,pos_syl,100,2,0.87,0.87
cs,pos,200,2,0.675,0.669
cs,syl,200,1,0.58125,0.577
cs,pos,200,2,0.6525,0.638
cs,syl,200,1,0.59125,0.583
cs,token,100,1,0.3925,0.391
cs,syl,1000,2,0.992258064516129,0.992
cs,token,200,1,0.515,0.489
cs,syl,200,2,0.93625,0.933
cs,pos_syl,1000,1,0.958709677419355,0.96
cs,pos_syl,200,1,0.6675,0.663
cs,syl,200,2,0.93875,0.933
cs,pos_syl,200,1,0.70875,0.702
cs,pos_syl,200,2,0.9,0.897
cs,token,100,2,0.15625,NaN
cs,pos,100,1,0.18125,0.175
cs,token,200,2,0.2125,0.204
cs,pos,200,1,0.35375,0.339
cs,pos_syl,200,2,0.915,0.913
cs,token,300,1,0.59625,0.593
cs,pos,100,2,0.5325,0.517
cs,syl,100,1,0.45375,0.448
cs,token,300,1,0.55375,0.55
cs,pos,200,2,0.73875,0.729
cs,pos_syl,1000,2,0.975483870967742,0.977
cs,syl,200,1,0.525,0.516
cs,syl,100,2,0.85625,0.852
cs,pos_syl,100,1,0.52625,0.521
cs,syl,200,2,0.94625,0.946
cs,token,25,1,0.1875,0.176
cs,pos_syl,200,1,0.685,0.678
cs,token,300,2,0.305,0.288
cs,pos_syl,100,2,0.77625,0.777
cs,pos,300,1,0.485,0.479
cs,token,25,2,0.0625,NaN
cs,token,300,2,0.39625,0.38
cs,pos,25,1,0.16625,0.166
cs,pos,300,1,0.41125,NaN
cs,pos_syl,200,2,0.8825,0.881
cs,token,200,1,0.50625,0.491
cs,pos,25,2,0.40125,0.388
cs,pos,300,2,0.8025,0.793
cs,syl,25,1,0.26875,0.257
cs,syl,300,1,0.65125,0.645
cs,syl,25,2,0.5575,0.558
cs,token,300,1,0.5725,0.552
cs,pos,300,2,0.73125,0.717
cs,syl,300,1,0.675,0.667
cs,pos_syl,25,1,0.41,0.399
cs,syl,300,2,0.9775,0.977
cs,pos_syl,300,1,0.82875,0.822
cs,token,200,2,0.24875,0.234
cs,syl,300,2,0.965,0.965
cs,pos,200,1,0.31,NaN
cs,pos_syl,300,1,0.78875,0.783
cs,token,300,2,0.31375,NaN
cs,pos,200,2,0.68,0.67
cs,pos,300,1,0.43125,0.423
cs,syl,200,1,0.655,0.654
cs,pos_syl,300,2,0.9175,0.913
cs,pos_syl,300,2,0.935,0.934
cs,syl,200,2,0.9525,0.952
cs,token,500,1,0.66875,0.661
cs,pos_syl,200,1,0.76,0.761
cs,pos,300,2,0.75625,0.755
cs,syl,300,1,0.64,0.636
cs,pos_syl,25,2,0.6925,0.684
cs,token,500,1,0.66125,0.656
cs,token,50,1,0.27625,0.255
cs,syl,300,2,0.96125,0.96
cs,pos_syl,200,2,0.9175,0.918
cs,pos_syl,300,1,0.8225,0.815
cs,token,300,1,0.60875,0.599
cs,token,50,2,0.1175,NaN
cs,pos_syl,300,2,0.9275,0.927
cs,token,500,2,0.38,0.349
cs,pos,50,1,0.1775,NaN
cs,pos,500,1,0.48625,0.474
cs,token,500,2,0.44125,0.41
cs,pos,500,1,0.4725,0.466
cs,pos,50,2,0.38125,0.373
cs,token,500,1,0.655,0.639
cs,syl,50,1,0.40125,0.39
cs,token,300,2,0.35625,0.337
cs,syl,50,2,0.6925,0.682
cs,pos,300,1,0.42875,0.417
cs,pos_syl,50,1,0.55375,0.541
cs,pos,500,2,0.80125,0.798
cs,syl,500,1,0.71375,0.709
cs,pos,500,2,0.80625,0.804
cs,syl,500,1,0.73375,0.728
cs,pos,300,2,0.77375,0.769
cs,pos_syl,50,2,0.71875,0.717
cs,syl,300,1,0.69,0.681
cs,syl,500,2,0.99,0.99
cs,token,100,1,0.47625,0.463
cs,pos_syl,500,1,0.855,0.853
cs,token,500,2,0.525,0.512
cs,syl,500,2,0.99125,0.991
cs,syl,300,2,0.95375,0.954
cs,pos,500,1,0.525,0.517
cs,pos_syl,500,1,0.87,0.869
cs,pos_syl,300,1,0.76125,0.762
cs,token,100,2,0.16,NaN
cs,pos,100,1,0.335,0.326
cs,pos_syl,500,2,0.98375,0.984
cs,pos_syl,300,2,0.92375,0.922
cs,pos,500,2,0.88,0.877
cs,syl,500,1,0.7075,0.7
cs,pos_syl,500,2,0.95625,0.954
cs,pos,100,2,0.6225,0.599
cs,syl,100,1,0.475,0.466
cs,token,750,1,0.65625,0.646
cs,token,500,1,0.62,0.605
cs,syl,100,2,0.8525,0.847
cs,syl,500,2,0.9925,0.992
cs,pos_syl,100,1,0.575,0.57
cs,token,750,1,0.69875,0.693
cs,pos_syl,500,1,0.8875,0.887
cs,pos_syl,100,2,0.82,0.816
cs,token,200,1,0.53125,0.519
cs,pos_syl,500,2,0.975,0.974
cs,token,500,2,0.42625,0.414
cs,pos,500,1,0.57,0.554
cs,token,750,2,0.47625,0.454
cs,pos,750,1,0.57375,0.568
cs,token,750,1,0.73625,0.734
cs,token,750,2,0.58875,0.573
cs,pos,750,1,0.67,0.667
cs,token,200,2,0.26375,NaN
cs,pos,500,2,0.8275,0.82
cs,pos,200,1,0.38625,0.371
cs,syl,500,1,0.77,0.77
cs,pos,750,2,0.90125,0.9
cs,pos,200,2,0.705,0.7
cs,syl,750,1,0.75,0.745
cs,syl,200,1,0.53125,0.523
cs,syl,500,2,0.9825,0.982
cs,pos,750,2,0.88125,0.879
cs,pos_syl,500,1,0.8925,0.89
cs,syl,750,1,0.7425,0.738
cs,syl,200,2,0.93625,0.935
cs,pos_syl,200,1,0.76375,0.76
cs,token,750,2,0.56875,0.559
cs,pos,750,1,0.7075,0.705
cs,syl,750,2,0.99,0.99
cs,pos_syl,750,1,0.90125,0.9
cs,syl,750,2,0.9825,0.982
cs,pos_syl,200,2,0.86875,0.863
cs,pos_syl,500,2,0.97,0.97
cs,pos_syl,750,1,0.91,0.909
cs,token,300,1,0.55125,0.534
cs,pos,750,2,0.9075,0.907
cs,token,750,1,0.74125,0.73
cs,syl,750,1,0.7225,0.708
cs,pos_syl,750,2,0.98625,0.986
cs,pos_syl,750,2,0.98375,0.983
cs,token,1000,1,0.834838709677419,0.831
cs,syl,750,2,0.9925,0.992
cs,token,300,2,0.3675,0.354
cs,pos,300,1,0.45875,0.442
cs,pos_syl,750,1,0.93375,0.933
cs,token,1000,1,0.741935483870968,0.74
cs,pos,300,2,0.76125,0.755
cs,syl,300,1,0.6325,0.625
cs,token,750,2,0.5325,0.519
cs,pos,750,1,0.6475,0.641
cs,syl,300,2,0.96625,0.965
cs,pos_syl,750,2,0.9825,0.982
cs,pos_syl,300,1,0.7875,0.783
cs,token,1000,1,0.80258064516129,0.799
cs,token,1000,2,0.538064516129032,0.53
cs,pos,750,2,0.92375,0.923
cs,pos,1000,1,0.740645161290323,0.74
cs,pos_syl,300,2,0.925,0.923
cs,syl,750,1,0.8075,0.803
cs,token,1000,2,0.554838709677419,0.544
cs,pos,1000,1,0.704516129032258,0.71
cs,token,500,1,0.65,0.646
cs,syl,750,2,1,1
cs,pos_syl,750,1,0.91625,0.916
cs,pos,1000,2,0.927741935483871,0.929
cs,syl,1000,1,0.785806451612903,0.784
cs,pos,1000,2,0.940645161290323,0.942
cs,syl,1000,1,0.807741935483871,0.793
cs,token,1000,2,0.592258064516129,0.571
cs,token,500,2,0.47875,0.466
cs,pos,1000,1,0.727741935483871,0.723
cs,pos,500,1,0.525,0.513
cs,pos_syl,750,2,0.97625,0.976
cs,syl,1000,2,0.988387096774194,0.989
cs,pos_syl,1000,1,0.96258064516129,0.958
cs,syl,1000,2,0.994838709677419,0.995
cs,pos_syl,1000,1,0.975483870967742,0.975
cs,pos,500,2,0.815,0.812
cs,token,1000,1,0.763870967741936,0.762
cs,syl,500,1,0.7575,0.748
cs,pos,1000,2,0.898064516129032,0.903
cs,syl,1000,1,0.828387096774194,0.815
cs,syl,500,2,0.98,0.98
cs,pos_syl,500,1,0.8825,0.881
cs,pos_syl,1000,2,0.974193548387097,0.975
cs,pos_syl,1000,2,0.985806451612903,0.986
cs,syl,1000,2,0.989677419354839,0.99
cs,token,25,1,0.17,NaN
cs,pos_syl,1000,1,0.921290322580645,0.919
cs,token,25,1,0.2325,0.228
cs,pos_syl,500,2,0.98,0.979
cs,token,25,2,0.06875,NaN
cs,pos,25,1,0.1825,NaN
cs,token,25,2,0.10875,NaN
cs,token,1000,2,0.588387096774194,0.576
cs,pos,25,1,0.15,NaN
cs,pos,1000,1,0.689032258064516,0.696
cs,pos,25,2,0.37375,0.362
cs,syl,25,1,0.245,NaN
cs,token,750,1,0.7375,0.724
cs,pos,25,2,0.33375,0.321
cs,syl,25,2,0.5875,0.582
cs,syl,25,1,0.29625,0.284
cs,pos_syl,1000,2,0.978064516129032,0.978
cs,pos_syl,25,1,0.4375,0.426
cs,syl,25,2,0.54125,0.53
cs,pos_syl,25,1,0.38,0.364
cs,token,25,1,0.215,NaN
cs,pos,1000,2,0.929032258064516,0.931
cs,syl,1000,1,0.794838709677419,0.785
cs,token,25,2,0.08375,NaN
cs,pos,25,1,0.15625,0.152
cs,pos,25,2,0.34875,0.338
cs,syl,25,1,0.31625,NaN
cs,syl,25,2,0.54,NaN
cs,token,750,2,0.50375,0.479
cs,pos_syl,25,1,0.38375,0.37
cs,pos_syl,25,2,0.72875,0.726
cs,pos,750,1,0.65875,0.651
cs,syl,1000,2,0.993548387096774,0.994
cs,pos_syl,25,2,0.67875,0.672
cs,pos_syl,1000,1,0.926451612903226,0.929
cs,token,50,1,0.32375,0.307
cs,token,50,1,0.41375,0.398
cs,pos,750,2,0.9125,0.91
cs,token,50,2,0.15,NaN
cs,syl,750,1,0.7375,0.733
cs,pos,50,1,0.21125,NaN
cs,token,50,2,0.1125,NaN
cs,pos,50,1,0.1775,NaN
cs,pos_syl,1000,2,0.984516129032258,0.985
cs,pos,50,2,0.4775,0.463
cs,syl,50,1,0.36625,0.356
cs,pos_syl,25,2,0.675,0.667
cs,syl,50,2,0.72625,0.724
cs,pos,50,2,0.47125,0.446
cs,syl,50,1,0.4025,NaN
cs,token,25,1,0.25875,0.252
cs,syl,750,2,0.99625,0.996
cs,pos_syl,50,1,0.47625,0.472
cs,token,50,1,0.27875,0.265
cs,syl,50,2,0.7075,0.704
cs,pos_syl,750,1,0.925,0.924
cs,pos_syl,50,1,0.42625,0.411
cs,token,25,2,0.0825,NaN
cs,pos_syl,50,2,0.7675,0.768
cs,pos,25,1,0.1725,NaN
cs,pos_syl,50,2,0.75,0.749
cs,token,50,2,0.21,NaN
cs,token,100,1,0.39875,0.377
cs,pos,25,2,0.4025,0.389
cs,pos,50,1,0.16875,NaN
cs,syl,25,1,0.315,NaN
cs,token,100,1,0.375,0.358
cs,syl,25,2,0.58125,0.575
cs,pos_syl,750,2,0.995,0.995
cs,pos,50,2,0.3825,0.366
cs,pos_syl,25,1,0.4125,0.406
cs,syl,50,1,0.36625,0.361
cs,syl,50,2,0.685,0.674
cs,token,100,2,0.12125,NaN
cs,pos_syl,50,1,0.49375,0.487
cs,pos,100,1,0.30125,0.288
cs,token,1000,1,0.772903225806452,0.777
cs,token,100,2,0.1775,NaN
cs,pos,100,1,0.2675,NaN
cs,pos_syl,50,2,0.72875,0.72
cs,pos,100,2,0.585,0.574
cs,syl,100,1,0.51,0.497
cs,pos,100,2,0.57,0.549
cs,syl,100,1,0.44625,NaN
cs,syl,100,2,0.86375,0.864
cs,token,100,1,0.48875,0.463
cs,syl,100,2,0.8575,0.856
cs,pos_syl,100,1,0.62,0.615
cs,pos_syl,100,1,0.51875,0.508
cs,pos_syl,25,2,0.6675,0.659
cs,pos_syl,100,2,0.88875,0.889
cs,token,50,1,0.35625,0.347
cs,pos_syl,100,2,0.845,0.841
cs,token,100,2,0.18,NaN
cs,pos,100,1,0.23125,0.221
cs,token,200,1,0.55125,0.54
cs,token,200,1,0.555,0.543
cs,pos,100,2,0.59625,0.587
cs,syl,100,1,0.52,0.512
cs,token,50,2,0.13,NaN
cs,token,1000,2,0.589677419354839,0.549
cs,pos,50,1,0.20875,NaN
cs,syl,100,2,0.77875,0.774
cs,pos,1000,1,0.793548387096774,0.797
cs,pos_syl,100,1,0.5925,0.582
cs,pos,50,2,0.49875,0.489
cs,token,200,2,0.2775,NaN
cs,token,200,2,0.22,0.214
cs,syl,50,1,0.4125,NaN
cs,pos,200,1,0.3575,NaN
cs,pos,200,1,0.3575,0.342
cs,syl,50,2,0.74625,0.741
cs,pos_syl,100,2,0.85375,0.854
cs,pos_syl,50,1,0.43625,0.418
cs,pos,200,2,0.6575,0.646
cs,syl,200,1,0.59625,NaN
cs,pos,200,2,0.67,0.66
cs,token,200,1,0.56875,0.54
cs,syl,200,1,0.5925,0.585
cs,pos,1000,2,0.929032258064516,0.93
cs,pos_syl,50,2,0.775,0.769
cs,syl,200,2,0.90875,0.905
cs,syl,1000,1,0.76258064516129,0.754
cs,syl,200,2,0.9425,0.941
cs,pos_syl,200,1,0.6775,0.669
cs,pos_syl,200,1,0.7675,0.764
cs,token,100,1,0.4325,0.425
cs,token,200,2,0.26625,NaN
cs,pos,200,1,0.39,0.377
cs,pos_syl,200,2,0.86125,0.859
cs,pos_syl,200,2,0.89625,0.893
cs,token,100,2,0.215,0.205
cs,syl,1000,2,0.994838709677419,0.995
cs,pos,200,2,0.5875,0.579
cs,pos,100,1,0.3,0.28
cs,syl,200,1,0.51125,0.505
cs,token,300,1,0.5825,0.568
cs,token,300,1,0.5875,0.58
cs,pos_syl,1000,1,0.950967741935484,0.952
cs,syl,200,2,0.94125,0.941
cs,pos,100,2,0.56125,0.543
cs,syl,100,1,0.45625,0.447
cs,pos_syl,200,1,0.69125,0.687
cs,syl,100,2,0.82,0.813
cs,pos_syl,100,1,0.60125,0.588
cs,token,300,2,0.35875,0.342
cs,token,300,2,0.28,0.271
cs,pos,300,1,0.44875,0.436
cs,pos_syl,200,2,0.875,0.873
cs,pos,300,1,0.39375,0.384
cs,pos_syl,1000,2,0.988387096774194,0.989
cs,pos_syl,100,2,0.8425,0.837
cs,token,300,1,0.6275,0.622
cs,pos,300,2,0.79875,0.794
cs,pos,300,2,0.69125,0.681
cs,token,200,1,0.5125,0.493
cs,token,25,1,0.20625,NaN
cs,syl,300,1,0.64625,0.641
cs,syl,300,1,0.66375,0.657
cs,token,25,2,0.11125,NaN
cs,syl,300,2,0.97875,0.979
cs,syl,300,2,0.975,0.975
cs,pos,25,1,0.1325,NaN
cs,pos_syl,300,1,0.76375,0.758
cs,pos_syl,300,1,0.72375,0.716
cs,token,300,2,0.3125,0.303
cs,token,200,2,0.2075,NaN
cs,pos,25,2,0.3675,0.348
cs,pos,300,1,0.45375,0.437
cs,pos,200,1,0.33625,0.32
cs,syl,25,1,0.285,NaN
cs,syl,25,2,0.555,0.547
cs,pos_syl,25,1,0.39875,0.377
cs,pos_syl,300,2,0.92875,0.927
cs,pos,200,2,0.665,0.659
cs,pos_syl,300,2,0.9025,0.896
cs,pos,300,2,0.78,0.77
cs,syl,200,1,0.60875,0.604
cs,syl,300,1,0.63,0.621
cs,syl,200,2,0.9225,0.921
cs,token,500,1,0.635,0.629
cs,token,500,1,0.71,0.704
cs,pos_syl,200,1,0.71625,0.706
cs,syl,300,2,0.935,0.932
cs,pos_syl,300,1,0.7625,0.758
cs,pos_syl,200,2,0.8525,0.853
cs,pos_syl,300,2,0.92,0.919
cs,token,300,1,0.6175,0.61
cs,token,500,2,0.44125,0.43
cs,pos,500,1,0.64875,0.64
cs,pos_syl,25,2,0.68375,0.675
cs,token,500,1,0.6675,0.652
cs,token,500,2,0.445,0.422
cs,pos,500,1,0.61625,0.604
cs,token,50,1,0.3325,NaN
cs,token,300,2,0.3525,0.331
cs,pos,500,2,0.86125,0.859
cs,pos,300,1,0.41875,NaN
cs,syl,500,1,0.695,0.69
cs,pos,500,2,0.89375,0.893
cs,syl,500,1,0.72,0.715
cs,token,50,2,0.1575,0.156
cs,pos,50,1,0.17125,NaN
cs,token,500,2,0.44875,0.431
cs,pos,300,2,0.72625,0.715
cs,syl,500,2,0.95625,0.955
cs,syl,300,1,0.57625,0.575
cs,pos,500,1,0.61,0.601
cs,pos_syl,500,1,0.825,0.821
cs,syl,500,2,0.9875,0.987
cs,pos,50,2,0.5025,0.496
cs,syl,50,1,0.3975,0.393
cs,pos_syl,500,1,0.885,0.884
cs,syl,300,2,0.95875,0.958
cs,syl,50,2,0.72875,0.728
cs,pos_syl,300,1,0.7875,0.778
cs,pos_syl,50,1,0.51875,0.517
cs,pos,500,2,0.83,0.826
cs,syl,500,1,0.67,0.67
cs,pos_syl,500,2,0.96625,0.965
cs,pos_syl,50,2,0.7775,0.775
cs,pos_syl,500,2,0.96375,0.963
cs,pos_syl,300,2,0.95125,0.951
cs,syl,500,2,0.99625,0.996
cs,token,100,1,0.49625,0.485
cs,token,750,1,0.72,0.714
cs,pos_syl,500,1,0.8425,0.84
cs,token,750,1,0.69125,0.684
cs,token,500,1,0.635,0.624
cs,token,100,2,0.15,0.137
cs,pos,100,1,0.28,NaN
cs,pos_syl,500,2,0.96375,0.96
cs,pos,100,2,0.5575,0.549
cs,syl,100,1,0.4825,0.478
cs,syl,100,2,0.87375,0.871
cs,token,750,1,0.7075,0.695
cs,token,500,2,0.4375,0.419
cs,pos_syl,100,1,0.605,0.598
cs,pos,500,1,0.59125,0.576
cs,token,750,2,0.5675,0.544
cs,pos,750,1,0.62875,0.62
cs,token,750,2,0.5375,0.516
cs,pos,750,1,0.65375,0.649
cs,pos_syl,100,2,0.84,0.834
cs,pos,500,2,0.83625,0.835
cs,syl,500,1,0.71,0.705
cs,token,200,1,0.57,0.552
cs,pos,750,2,0.8825,0.88
cs,syl,750,1,0.70375,0.701
cs,syl,500,2,0.985,0.985
cs,pos,750,2,0.8975,0.894
cs,syl,750,1,0.76875,0.77
cs,pos_syl,500,1,0.88125,0.88
cs,token,750,2,0.5275,0.513
cs,pos,750,1,0.6225,0.62
cs,token,200,2,0.2875,0.283
cs,pos,200,1,0.365,NaN
cs,syl,750,2,0.96375,0.964
cs,syl,750,2,0.99875,0.999
cs,pos,200,2,0.6825,0.677
cs,pos_syl,750,1,0.895,0.894
cs,syl,200,1,0.6225,0.619
cs,pos_syl,750,1,0.915,0.914
cs,pos_syl,500,2,0.97125,0.97
cs,pos,750,2,0.93,0.93
cs,syl,750,1,0.78375,0.774
cs,syl,200,2,0.92125,0.921
cs,pos_syl,200,1,0.7225,0.718
cs,token,750,1,0.73625,0.727
cs,syl,750,2,0.9875,0.987
cs,pos_syl,750,2,0.9625,0.962
cs,pos_syl,200,2,0.91875,0.913
cs,pos_syl,750,2,0.98125,0.981
cs,pos_syl,750,1,0.9025,0.9
cs,token,300,1,0.55,0.534
cs,token,1000,1,0.754838709677419,0.742
cs,token,1000,1,0.776774193548387,0.777
cs,pos_syl,750,2,0.97125,0.97
cs,token,750,2,0.53625,0.522
cs,pos,750,1,0.70125,0.702
cs,token,300,2,0.27125,0.248
cs,pos,300,1,0.42,0.401
cs,token,1000,1,0.766451612903226,0.762
cs,pos,300,2,0.77125,0.763
cs,syl,300,1,0.68375,0.671
cs,pos,750,2,0.95625,0.956
cs,syl,750,1,0.79,0.786
cs,token,1000,2,0.541935483870968,NaN
cs,pos,1000,1,0.748387096774194,0.752
cs,syl,300,2,0.96375,0.963
cs,token,1000,2,0.584516129032258,0.561
cs,pos_syl,300,1,0.81125,0.806
cs,pos,1000,1,0.723870967741935,0.723
cs,syl,750,2,0.97,0.969
cs,pos_syl,750,1,0.90875,0.907
cs,pos_syl,300,2,0.9275,0.926
cs,pos,1000,2,0.954838709677419,0.955
cs,token,1000,2,0.606451612903226,0.59
cs,syl,1000,1,0.780645161290323,0.774
cs,pos,1000,1,0.68258064516129,0.679
cs,pos,1000,2,0.935483870967742,0.936
cs,token,500,1,0.7,0.692
cs,syl,1000,1,0.758709677419355,0.747
cs,pos_syl,750,2,0.99375,0.994
cs,syl,1000,2,0.992258064516129,0.992
cs,pos,1000,2,0.936774193548387,0.939
cs,syl,1000,2,0.990967741935484,0.991
cs,pos_syl,1000,1,0.939354838709677,0.938
cs,syl,1000,1,0.803870967741935,0.794
cs,pos_syl,1000,1,0.96258064516129,0.964
cs,token,1000,1,0.809032258064516,0.808
cs,token,500,2,0.4525,0.433
cs,pos,500,1,0.57875,0.569
cs,syl,1000,2,0.996129032258064,0.996
cs,pos_syl,1000,2,0.985806451612903,0.986
cs,pos_syl,1000,1,0.923870967741935,0.921
cs,pos,500,2,0.87625,0.875
cs,pos_syl,1000,2,0.985806451612903,0.986
cs,syl,500,1,0.7375,0.739
cs,token,25,1,0.26625,NaN
cs,token,25,1,0.24,NaN
cs,syl,500,2,0.96125,0.96
cs,token,25,2,0.07,NaN
cs,pos,25,1,0.1525,NaN
cs,pos_syl,500,1,0.88875,0.887
cs,token,25,2,0.09625,NaN
cs,pos,25,1,0.20125,NaN
cs,token,1000,2,0.547096774193548,0.527
cs,pos_syl,1000,2,0.979354838709677,0.98
cs,pos,1000,1,0.704516129032258,0.702
cs,pos,25,2,0.3625,0.346
cs,syl,25,1,0.26125,0.257
cs,pos,25,2,0.3725,0.361
cs,syl,25,2,0.54875,0.54
cs,syl,25,1,0.29,0.286
cs,token,25,1,0.18125,0.166
cs,syl,25,2,0.57625,0.566
cs,pos_syl,25,1,0.3825,0.375
cs,pos_syl,25,1,0.46875,0.456
cs,pos_syl,500,2,0.9575,0.954
cs,token,25,2,0.07375,NaN
cs,pos,25,1,0.13125,NaN
cs,token,750,1,0.68625,0.671
cs,pos,1000,2,0.966451612903226,0.968
cs,syl,1000,1,0.807741935483871,0.804
cs,pos,25,2,0.36,0.355
cs,syl,25,1,0.295,0.285
cs,syl,25,2,0.5475,0.537
cs,pos_syl,25,1,0.425,0.409
cs,pos_syl,25,2,0.64125,0.626
cs,pos_syl,25,2,0.6925,0.676
cs,syl,1000,2,0.998709677419355,0.999
cs,token,50,1,0.33125,NaN
cs,pos_syl,1000,1,0.925161290322581,0.922
cs,token,50,1,0.34125,0.325
cs,token,750,2,0.5625,0.538
cs,pos,750,1,0.65875,0.656
cs,pos_syl,25,2,0.70625,0.698
cs,token,50,2,0.13875,NaN
cs,pos,50,1,0.22625,0.215
cs,token,50,2,0.13125,NaN
cs,pos,50,1,0.175,NaN
cs,token,50,1,0.335,0.313
cs,pos,50,2,0.50125,0.487
cs,syl,50,1,0.43125,0.421
cs,pos,50,2,0.51875,0.507
cs,pos_syl,1000,2,0.971612903225806,0.973
cs,syl,50,1,0.34625,0.339
cs,syl,50,2,0.7275,0.722
cs,syl,50,2,0.695,0.695
cs,pos_syl,50,1,0.4725,0.466
cs,pos,750,2,0.89625,0.895
cs,token,25,1,0.235,0.225
cs,pos_syl,50,1,0.485,0.479
cs,syl,750,1,0.71875,0.71
cs,token,50,2,0.115,NaN
cs,pos,50,1,0.1925,NaN
cs,pos_syl,50,2,0.735,0.728
cs,token,25,2,0.0925,NaN
cs,pos_syl,50,2,0.74,0.73
cs,pos,50,2,0.445,0.424
cs,syl,50,1,0.4025,0.391
cs,pos,25,1,0.1875,NaN
cs,token,100,1,0.42,0.407
cs,syl,50,2,0.69625,0.687
cs,syl,750,2,0.99875,0.999
cs,token,100,1,0.41625,0.403
cs,pos_syl,50,1,0.46875,0.464
cs,pos,25,2,0.36125,0.356
cs,syl,25,1,0.2675,NaN
cs,pos_syl,750,1,0.945,0.944
cs,syl,25,2,0.60875,0.597
cs,pos_syl,25,1,0.37,0.358
cs,pos_syl,50,2,0.71625,0.713
cs,token,100,2,0.12,NaN
cs,pos,100,1,0.245,0.238
cs,token,100,2,0.215,NaN
cs,pos,100,1,0.2725,NaN
cs,token,100,1,0.4275,0.408
cs,pos,100,2,0.565,0.558
cs,pos_syl,750,2,0.9875,0.987
cs,syl,100,1,0.475,0.465
cs,pos,100,2,0.58625,0.571
cs,syl,100,1,0.47375,NaN
cs,syl,100,2,0.8,0.793
cs,syl,100,2,0.81875,0.811
cs,pos_syl,100,1,0.6,0.593
cs,token,100,2,0.14875,NaN
cs,pos_syl,100,1,0.60625,0.603
cs,token,1000,1,0.825806451612903,0.822
cs,pos,100,1,0.21625,0.199
cs,pos_syl,25,2,0.6725,0.665
cs,pos_syl,100,2,0.83125,0.83
cs,pos,100,2,0.59375,0.587
cs,pos_syl,100,2,0.8225,0.82
cs,syl,100,1,0.42875,0.422
cs,token,50,1,0.375,0.352
cs,syl,100,2,0.85125,0.85
cs,token,200,1,0.48375,0.459
cs,pos_syl,100,1,0.5975,0.589
cs,token,200,1,0.57875,0.559
cs,pos_syl,100,2,0.8175,0.812
cs,token,50,2,0.115,NaN
cs,pos,50,1,0.155,NaN
cs,token,200,2,0.28,NaN
cs,token,200,2,0.29125,0.286
cs,pos,200,1,0.3475,0.328
cs,token,200,1,0.525,0.515
cs,pos,200,1,0.41625,0.393
cs,pos,50,2,0.40375,0.39
cs,syl,50,1,0.37375,NaN
cs,syl,50,2,0.6975,0.687
cs,token,1000,2,0.567741935483871,0.558
cs,pos,200,2,0.71875,0.711
cs,syl,200,1,0.57125,0.558
cs,pos,1000,1,0.721290322580645,0.723
cs,pos,200,2,0.73125,0.726
cs,pos_syl,50,1,0.47875,0.455
cs,syl,200,1,0.62125,0.616
cs,syl,200,2,0.96125,0.96
cs,token,200,2,0.255,NaN
cs,pos,200,1,0.39375,0.385
cs,syl,200,2,0.9475,0.946
cs,pos_syl,200,1,0.6725,0.668
cs,pos_syl,50,2,0.71875,0.717
cs,pos_syl,200,1,0.71,0.703
cs,pos,200,2,0.655,0.645
cs,token,100,1,0.4875,0.479
cs,syl,200,1,0.53125,NaN
cs,pos_syl,200,2,0.91375,0.911
cs,pos,1000,2,0.931612903225806,0.934
cs,pos_syl,200,2,0.9225,0.922
cs,syl,1000,1,0.76258064516129,0.753
cs,syl,200,2,0.91,0.905
cs,pos_syl,200,1,0.68,0.671
cs,token,300,1,0.6275,0.616
cs,token,300,1,0.60875,0.596
cs,token,100,2,0.175,NaN
cs,pos,100,1,0.27,0.261
cs,pos_syl,200,2,0.89625,0.894
cs,pos,100,2,0.5325,0.523
cs,syl,1000,2,0.993548387096774,0.994
cs,syl,100,1,0.44375,0.438
cs,pos_syl,1000,1,0.940645161290323,0.942
cs,token,300,1,0.5775,0.561
cs,syl,100,2,0.87625,0.877
cs,token,300,2,0.29625,NaN
cs,token,300,2,0.32625,0.314
cs,pos_syl,100,1,0.56,0.555
cs,pos,300,1,0.4825,NaN
cs,pos,300,1,0.4975,0.484
cs,pos,300,2,0.7125,0.7
cs,pos_syl,100,2,0.83625,0.834
cs,pos,300,2,0.74375,0.737
cs,syl,300,1,0.645,0.639
cs,syl,300,1,0.645,0.64
cs,token,300,2,0.2925,NaN
cs,pos,300,1,0.45,0.447
cs,token,200,1,0.53625,0.526
cs,syl,300,2,0.9675,0.967
cs,pos_syl,1000,2,0.987096774193548,0.988
cs,syl,300,2,0.9475,0.944
cs,pos_syl,300,1,0.81,0.809
cs,pos_syl,300,1,0.8075,0.805
cs,token,25,1,0.16375,NaN
cs,pos,300,2,0.75375,0.748
cs,syl,300,1,0.6475,0.645
cs,token,200,2,0.2625,0.249
cs,pos_syl,300,2,0.9025,0.897
cs,token,25,2,0.06625,NaN
cs,pos,200,1,0.315,0.297
cs,pos_syl,300,2,0.945,0.942
cs,syl,300,2,0.97125,0.971
cs,pos,25,1,0.14875,NaN
cs,pos_syl,300,1,0.77,0.764
cs,pos,25,2,0.3975,0.386
cs,token,500,1,0.6025,0.594
cs,token,500,1,0.67375,0.665
cs,syl,25,1,0.2775,NaN
cs,pos,200,2,0.62625,0.614
cs,syl,200,1,0.5925,0.584
cs,syl,25,2,0.59875,0.592
cs,pos_syl,25,1,0.41875,0.409
cs,syl,200,2,0.92125,0.92
cs,pos_syl,300,2,0.93625,0.936
cs,pos_syl,200,1,0.71375,0.708
cs,token,500,1,0.68125,0.679
cs,pos_syl,200,2,0.8925,0.889
cs,token,500,2,0.4125,NaN
cs,token,500,2,0.4575,0.442
cs,pos,500,1,0.525,NaN
cs,pos,500,1,0.5325,0.52
cs,token,300,1,0.57125,0.567
cs,pos_syl,25,2,0.69125,0.683
cs,pos,500,2,0.81125,0.803
cs,token,50,1,0.3525,0.338
cs,pos,500,2,0.87125,0.867
cs,syl,500,1,0.73,0.724
cs,token,500,2,0.475,0.451
cs,syl,500,1,0.68,0.676
cs,pos,500,1,0.5975,0.591
cs,token,300,2,0.275,0.26
cs,pos,300,1,0.49,0.478
cs,syl,500,2,0.9875,0.987
cs,syl,500,2,0.9875,0.987
cs,pos_syl,500,1,0.835,0.829
cs,token,50,2,0.14,NaN
cs,pos_syl,500,1,0.85875,0.857
cs,pos,500,2,0.82125,0.818
cs,pos,50,1,0.19125,NaN
cs,syl,500,1,0.73,0.729
cs,pos,300,2,0.77375,0.77
cs,syl,300,1,0.65875,0.658
cs,pos,50,2,0.45625,0.434
cs,syl,50,1,0.31875,0.305
cs,syl,300,2,0.96125,0.961
cs,syl,500,2,0.98375,0.983
cs,syl,50,2,0.6675,0.668
cs,pos_syl,500,2,0.95625,0.956
cs,pos_syl,300,1,0.84375,0.842
cs,pos_syl,500,1,0.88,0.873
cs,pos_syl,500,2,0.94625,0.946
cs,pos_syl,50,1,0.4675,0.446
cs,token,750,1,0.71375,0.707
cs,token,750,1,0.705,0.699
cs,pos_syl,50,2,0.7975,0.797
cs,pos_syl,300,2,0.95,0.95
cs,token,100,1,0.4325,0.417
cs,pos_syl,500,2,0.9675,0.966
cs,token,500,1,0.62875,0.62
cs,token,750,1,0.7775,0.773
cs,token,100,2,0.1875,NaN
cs,pos,100,1,0.27375,NaN
cs,pos,100,2,0.52875,0.51
cs,syl,100,1,0.485,NaN
cs,token,750,2,0.6025,0.582
cs,token,750,2,0.59375,0.583
cs,pos,750,1,0.6325,0.613
cs,pos,750,1,0.68125,0.67
cs,syl,100,2,0.81375,0.811
cs,token,500,2,0.38875,0.371
cs,pos,500,1,0.5875,0.577
cs,pos_syl,100,1,0.63,0.625
cs,pos_syl,100,2,0.89125,0.89
cs,token,750,2,0.58125,0.557
cs,pos,500,2,0.8275,0.822
cs,pos,750,2,0.8975,0.894
cs,pos,750,2,0.9125,0.912
cs,pos,750,1,0.6725,0.666
cs,syl,500,1,0.7075,0.695
cs,syl,750,1,0.735,0.731
cs,syl,750,1,0.78875,0.788
cs,token,200,1,0.55375,0.545
cs,syl,500,2,0.965,0.965
cs,pos_syl,500,1,0.8825,0.881
cs,syl,750,2,0.9675,0.967
cs,syl,750,2,0.98375,0.984
cs,pos_syl,750,1,0.9025,0.902
cs,pos,750,2,0.91125,0.91
cs,token,200,2,0.21875,0.207
cs,syl,750,1,0.785,0.777
cs,pos,200,1,0.3175,NaN
cs,pos_syl,750,1,0.95375,0.953
cs,pos_syl,500,2,0.9725,0.972
cs,pos,200,2,0.6075,0.594
cs,syl,200,1,0.605,0.594
cs,syl,750,2,0.98875,0.989
cs,syl,200,2,0.89125,0.883
cs,pos_syl,750,2,0.97875,0.978
cs,pos_syl,750,1,0.90625,0.906
cs,token,750,1,0.68,0.67
cs,pos_syl,200,1,0.66625,0.658
cs,pos_syl,750,2,0.96875,0.968
cs,token,1000,1,0.784516129032258,0.778
cs,pos_syl,200,2,0.90875,0.906
cs,token,1000,1,0.738064516129032,0.715
cs,token,300,1,0.585,0.583
cs,pos_syl,750,2,0.98125,0.981
cs,token,1000,1,0.798709677419355,0.794
cs,token,750,2,0.5425,0.533
cs,pos,750,1,0.69625,0.692
cs,token,300,2,0.3125,0.301
cs,pos,300,1,0.46625,0.448
cs,token,1000,2,0.558709677419355,0.525
cs,pos,1000,1,0.739354838709677,0.737
cs,pos,750,2,0.90875,0.906
cs,pos,300,2,0.8,0.791
cs,syl,750,1,0.77125,0.771
cs,syl,300,1,0.6525,0.651
cs,token,1000,2,0.525161290322581,0.505
cs,pos,1000,1,0.710967741935484,0.704
cs,syl,300,2,0.9675,0.967
cs,pos_syl,300,1,0.78125,0.776
cs,syl,750,2,0.99,0.99
cs,token,1000,2,0.561290322580645,0.537
cs,pos,1000,2,0.932903225806452,0.934
cs,pos_syl,750,1,0.93875,0.938
cs,pos,1000,1,0.748387096774194,0.746
cs,syl,1000,1,0.801290322580645,0.795
cs,pos_syl,300,2,0.9375,0.937
cs,pos,1000,2,0.91741935483871,0.919
cs,syl,1000,1,0.801290322580645,0.792
cs,token,500,1,0.675,0.669
cs,syl,1000,2,1,1
cs,pos_syl,750,2,0.9825,0.982
cs,pos_syl,1000,1,0.954838709677419,0.955
cs,pos,1000,2,0.935483870967742,0.938
cs,syl,1000,1,0.776774193548387,0.768
cs,syl,1000,2,0.99741935483871,0.998
cs,pos_syl,1000,1,0.947096774193548,0.949
cs,token,1000,1,0.776774193548387,0.775
cs,syl,1000,2,0.992258064516129,0.992
cs,pos_syl,1000,2,0.969032258064516,0.97
cs,token,500,2,0.4475,0.423
cs,pos_syl,1000,1,0.96,0.96
cs,pos,500,1,0.5775,0.579
cs,token,25,1,0.18375,NaN
cs,pos_syl,1000,2,0.983225806451613,0.984
cs,pos,500,2,0.87375,0.869
cs,token,25,2,0.03875,NaN
cs,syl,500,1,0.795,0.792
cs,pos,25,1,0.1875,NaN
cs,token,25,1,0.1825,NaN
cs,pos,25,2,0.33,0.322
cs,syl,25,1,0.28125,0.274
cs,pos_syl,1000,2,0.965161290322581,0.966
cs,syl,25,2,0.58,0.565
cs,token,25,2,0.06375,NaN
cs,token,1000,2,0.575483870967742,0.558
cs,syl,500,2,0.97125,0.971
cs,pos,25,1,0.13625,NaN
cs,pos,1000,1,0.743225806451613,0.749
cs,pos_syl,25,1,0.36375,0.359
cs,pos_syl,500,1,0.92125,0.92
cs,token,25,1,0.2025,0.199
cs,pos,25,2,0.30375,0.287
cs,syl,25,1,0.3125,0.304
cs,syl,25,2,0.53625,0.527
cs,token,25,2,0.0775,NaN
cs,pos,25,1,0.13875,0.138
cs,pos_syl,25,1,0.38375,0.375
cs,pos_syl,500,2,0.9775,0.977
cs,pos,25,2,0.34875,0.331
cs,pos,1000,2,0.929032258064516,0.929
cs,syl,25,1,0.38,NaN
cs,syl,1000,1,0.801290322580645,0.79
cs,syl,25,2,0.55125,0.548
cs,pos_syl,25,1,0.39875,NaN
cs,token,750,1,0.7275,0.717
cs,pos_syl,25,2,0.72375,0.717
cs,token,50,1,0.3925,0.386
cs,syl,1000,2,0.975483870967742,0.977
cs,pos_syl,1000,1,0.961290322580645,0.962
cs,pos_syl,25,2,0.69375,0.687
cs,token,50,1,0.35625,0.337
cs,token,50,2,0.12875,NaN
cs,pos,50,1,0.2525,0.233
cs,pos_syl,25,2,0.66125,0.655
cs,pos,50,2,0.47875,0.451
cs,syl,50,1,0.38125,0.377
cs,token,750,2,0.575,0.563
cs,syl,50,2,0.69125,0.683
cs,token,50,1,0.31125,0.296
cs,pos,750,1,0.59875,0.581
cs,token,50,2,0.11125,NaN
cs,pos_syl,50,1,0.54125,0.529
cs,pos_syl,1000,2,0.972903225806452,0.974
cs,pos,50,1,0.2075,0.195
cs,token,25,1,0.2375,NaN
cs,pos_syl,50,2,0.795,0.791
cs,pos,50,2,0.5325,0.52
cs,syl,50,1,0.42875,NaN
cs,token,50,2,0.1175,NaN
cs,syl,50,2,0.64375,0.635
cs,pos,50,1,0.17625,NaN
cs,pos,750,2,0.93125,0.931
cs,token,100,1,0.47375,0.455
cs,pos_syl,50,1,0.47375,0.454
cs,syl,750,1,0.74125,0.734
cs,token,25,2,0.0925,NaN
cs,pos,25,1,0.13625,NaN
cs,pos,50,2,0.4925,0.483
cs,syl,50,1,0.34125,0.333
cs,syl,50,2,0.72,0.712
cs,pos_syl,50,2,0.7825,0.778
cs,pos,25,2,0.345,0.336
cs,syl,25,1,0.24125,NaN
cs,pos_syl,50,1,0.45,0.445
cs,syl,25,2,0.5675,0.563
cs,token,100,2,0.15125,NaN
cs,token,100,1,0.4875,0.467
cs,syl,750,2,0.98625,0.986
cs,pos,100,1,0.2925,0.281
cs,pos_syl,25,1,0.34625,0.343
cs,pos_syl,750,1,0.91625,0.914
cs,pos_syl,50,2,0.75375,0.746
cs,pos,100,2,0.6225,0.614
cs,syl,100,1,0.47375,0.456
cs,token,100,1,0.475,0.457
cs,syl,100,2,0.87875,0.877
cs,token,100,2,0.20125,NaN
cs,pos_syl,100,1,0.64125,0.645
cs,pos,100,1,0.2625,NaN
cs,pos_syl,750,2,0.98625,0.986
cs,pos,100,2,0.63875,0.618
cs,token,100,2,0.1425,NaN
cs,pos_syl,100,2,0.8125,0.81
cs,syl,100,1,0.48625,0.484
cs,pos,100,1,0.25375,0.24
cs,syl,100,2,0.805,0.801
cs,pos_syl,25,2,0.675,0.668
cs,token,200,1,0.6,0.581
cs,pos_syl,100,1,0.61875,0.614
cs,pos,100,2,0.61875,0.609
cs,token,1000,1,0.798709677419355,0.789
cs,syl,100,1,0.51375,0.511
cs,token,50,1,0.375,0.345
cs,syl,100,2,0.8775,0.877
cs,pos_syl,100,2,0.81875,0.817
cs,pos_syl,100,1,0.56,0.55
cs,token,200,2,0.2225,NaN
cs,token,200,1,0.50625,0.493
cs,pos,200,1,0.2775,NaN
cs,pos_syl,100,2,0.86875,0.867
cs,token,50,2,0.185,NaN
cs,pos,50,1,0.16375,NaN
cs,pos,200,2,0.61875,0.603
cs,token,200,1,0.55375,0.537
cs,syl,200,1,0.5875,0.576
cs,pos,50,2,0.44125,0.433
cs,syl,50,1,0.35,0.342
cs,syl,50,2,0.675,0.668
cs,token,200,2,0.235,0.223
cs,syl,200,2,0.91625,0.915
cs,pos,200,1,0.4575,0.448
cs,pos_syl,50,1,0.48625,0.481
cs,pos_syl,200,1,0.6425,0.633
cs,token,1000,2,0.516129032258065,0.477
cs,token,200,2,0.26375,NaN
cs,pos,1000,1,0.694193548387097,0.698
cs,pos,200,2,0.6525,0.638
cs,pos,200,1,0.3975,0.382
cs,syl,200,1,0.5175,NaN
cs,pos_syl,50,2,0.72,0.714
cs,pos_syl,200,2,0.8525,0.849
cs,syl,200,2,0.9275,0.925
cs,token,100,1,0.46625,0.447
cs,pos,200,2,0.7375,0.729
cs,pos_syl,200,1,0.68,0.679
cs,syl,200,1,0.64125,0.636
cs,token,300,1,0.55375,0.528
cs,syl,200,2,0.94875,0.948
cs,pos_syl,200,1,0.72875,0.725
cs,pos,1000,2,0.939354838709677,0.94
cs,pos_syl,200,2,0.90625,0.904
cs,token,100,2,0.14375,NaN
cs,syl,1000,1,0.794838709677419,0.789
cs,pos,100,1,0.21,0.212
cs,token,300,1,0.57875,0.567
cs,pos,100,2,0.55125,0.539
cs,pos_syl,200,2,0.91375,0.912
cs,token,300,2,0.29125,0.276
cs,syl,100,1,0.46,0.447
cs,pos,300,1,0.43625,NaN
cs,syl,100,2,0.81375,0.813
cs,pos_syl,100,1,0.565,0.556
cs,token,300,1,0.51375,0.507
cs,syl,1000,2,0.99741935483871,0.997
cs,pos,300,2,0.68,0.665
cs,pos_syl,1000,1,0.971612903225806,0.972
cs,syl,300,1,0.67625,0.679
cs,pos_syl,100,2,0.82375,0.822
cs,token,300,2,0.2775,0.268
cs,pos,300,1,0.41625,0.404
cs,syl,300,2,0.94,0.938
cs,token,200,1,0.5925,0.577
cs,pos_syl,300,1,0.80125,0.793
cs,token,300,2,0.3275,0.315
cs,pos,300,1,0.4025,0.393
cs,pos,300,2,0.745,0.735
cs,syl,300,1,0.57375,0.568
cs,pos_syl,1000,2,0.970322580645161,0.971
cs,syl,300,2,0.9525,0.951
cs,pos_syl,300,2,0.8975,0.893
cs,token,200,2,0.31375,0.309
cs,pos,300,2,0.75875,0.75
cs,pos_syl,300,1,0.78875,0.789
cs,pos,200,1,0.36875,0.348
cs,syl,300,1,0.6075,0.598
cs,token,25,1,0.23875,NaN
cs,token,500,1,0.6925,0.683
cs,syl,300,2,0.94625,0.945
cs,pos,200,2,0.7075,0.696
cs,syl,200,1,0.6025,0.589
cs,token,25,2,0.0875,NaN
cs,pos_syl,300,1,0.7775,0.775
cs,pos_syl,300,2,0.93625,0.936
cs,pos,25,1,0.26875,NaN
cs,syl,200,2,0.93,0.929
cs,pos,25,2,0.40625,0.395
cs,pos_syl,200,1,0.74625,0.743
cs,syl,25,1,0.33875,NaN
cs,token,500,1,0.69,0.68
cs,syl,25,2,0.5925,0.584
cs,pos_syl,300,2,0.93125,0.931
cs,pos_syl,25,1,0.42125,0.412
cs,token,500,2,0.45,0.43
cs,pos_syl,200,2,0.925,0.925
cs,token,500,1,0.65,0.641
cs,pos,500,1,0.535,0.525
cs,token,300,1,0.62875,0.625
cs,token,500,2,0.495,0.486
cs,pos,500,2,0.88,0.878
cs,pos,500,1,0.46875,0.449
cs,syl,500,1,0.75125,0.75
cs,pos_syl,25,2,0.73375,0.727
cs,token,500,2,0.46375,0.441
cs,token,300,2,0.29875,NaN
cs,pos,500,1,0.49875,0.477
cs,pos,300,1,0.4225,0.406
cs,syl,500,2,0.97875,0.979
cs,token,50,1,0.32625,0.311
cs,pos,500,2,0.8825,0.88
cs,syl,500,1,0.7025,0.694
cs,pos_syl,500,1,0.89,0.888
cs,pos,300,2,0.795,0.793
cs,syl,300,1,0.6775,0.675
cs,pos,500,2,0.81375,0.809
cs,syl,500,2,0.96625,0.966
cs,syl,500,1,0.685,0.676
cs,token,50,2,0.12375,NaN
cs,pos_syl,500,1,0.88125,0.88
cs,pos,50,1,0.225,0.217
cs,syl,300,2,0.9575,0.956
cs,pos_syl,500,2,0.96625,0.966
cs,pos_syl,300,1,0.8025,0.802
cs,pos,50,2,0.45625,0.448
cs,syl,500,2,0.9675,0.967
cs,syl,50,1,0.3475,NaN
cs,pos_syl,500,1,0.8775,0.875
cs,syl,50,2,0.71,0.704
cs,token,750,1,0.65,0.646
cs,pos_syl,500,2,0.9675,0.966
cs,pos_syl,50,1,0.455,0.435
cs,pos_syl,300,2,0.93125,0.928
cs,pos_syl,50,2,0.8025,0.802
cs,token,750,1,0.7025,0.697
cs,token,500,1,0.6375,0.625
cs,pos_syl,500,2,0.97125,0.971
cs,token,100,1,0.4325,0.417
cs,token,750,1,0.72125,0.708
cs,token,100,2,0.255,0.249
cs,pos,100,1,0.2925,0.283
cs,token,750,2,0.45625,0.439
cs,pos,750,1,0.7,0.7
cs,token,500,2,0.4,0.389
cs,pos,100,2,0.58875,0.573
cs,syl,100,1,0.435,0.423
cs,pos,500,1,0.48625,0.469
cs,syl,100,2,0.86875,0.865
cs,token,750,2,0.465,0.446
cs,pos,750,1,0.68375,0.682
cs,pos_syl,100,1,0.59375,0.583
cs,pos,750,2,0.93375,0.934
cs,syl,750,1,0.82,0.816
cs,pos,500,2,0.8675,0.864
cs,syl,500,1,0.72125,0.716
cs,token,750,2,0.5175,0.496
cs,pos_syl,100,2,0.84875,0.848
cs,pos,750,1,0.655,0.645
cs,pos,750,2,0.94625,0.946
cs,token,200,1,0.51375,0.498
cs,syl,500,2,0.98625,0.986
cs,syl,750,1,0.71625,0.71
cs,syl,750,2,0.985,0.985
cs,pos_syl,500,1,0.84,0.834
cs,pos_syl,750,1,0.9575,0.957
cs,pos,750,2,0.9125,0.911
cs,syl,750,1,0.705,0.7
cs,syl,750,2,0.9925,0.992
cs,token,200,2,0.24625,NaN
cs,pos,200,1,0.4025,0.392
cs,pos_syl,750,1,0.92875,0.929
cs,pos_syl,500,2,0.955,0.954
cs,pos_syl,750,2,0.985,0.985
cs,syl,750,2,0.98625,0.986
cs,pos,200,2,0.76375,0.75
cs,syl,200,1,0.6325,0.627
cs,pos_syl,750,1,0.91625,0.916
cs,token,750,1,0.67,0.66
cs,syl,200,2,0.945,0.944
cs,token,1000,1,0.79741935483871,0.786
cs,pos_syl,200,1,0.79625,0.795
cs,pos_syl,750,2,0.975,0.974
cs,pos_syl,750,2,0.96875,0.968
cs,token,1000,1,0.779354838709677,0.781
cs,pos_syl,200,2,0.925,0.925
cs,token,300,1,0.54,0.52
cs,token,1000,1,0.772903225806452,0.77
cs,token,750,2,0.54,0.524
cs,pos,750,1,0.64375,0.636
cs,token,1000,2,0.550967741935484,0.534
cs,pos,1000,1,0.685161290322581,0.691
cs,token,300,2,0.27375,0.256
cs,pos,300,1,0.42375,0.401
cs,pos,750,2,0.92375,0.923
cs,syl,750,1,0.81,0.811
cs,token,1000,2,0.565161290322581,NaN
cs,pos,1000,1,0.76,0.761
cs,pos,300,2,0.78375,0.777
cs,syl,300,1,0.67125,0.665
cs,pos,1000,2,0.932903225806452,0.935
cs,syl,1000,1,0.775483870967742,0.762
cs,token,1000,2,0.607741935483871,0.602
cs,syl,750,2,0.995,0.995
cs,pos,1000,1,0.655483870967742,0.654
cs,syl,300,2,0.9625,0.96
cs,pos_syl,750,1,0.9475,0.947
cs,pos_syl,300,1,0.78875,0.784
cs,pos,1000,2,0.940645161290323,0.942
cs,syl,1000,1,0.805161290322581,0.809
cs,syl,1000,2,0.994838709677419,0.995
cs,pos_syl,1000,1,0.944516129032258,0.944
cs,pos_syl,300,2,0.91375,0.91
cs,pos,1000,2,0.938064516129032,0.94
cs,pos_syl,750,2,0.98625,0.986
cs,syl,1000,1,0.794838709677419,0.775
cs,token,500,1,0.675,0.661
cs,syl,1000,2,0.981935483870968,0.982
cs,pos_syl,1000,1,0.961290322580645,0.961
cs,token,1000,1,0.748387096774194,0.752
cs,pos_syl,1000,2,0.971612903225806,0.973
cs,syl,1000,2,0.985806451612903,0.986
cs,pos_syl,1000,1,0.935483870967742,0.934
cs,token,25,1,0.19875,NaN
cs,token,25,2,0.0725,NaN
cs,token,500,2,0.46875,0.447
cs,pos_syl,1000,2,0.981935483870968,0.983
cs,pos,25,1,0.1975,0.197
cs,pos,500,1,0.58625,0.586
cs,pos,25,2,0.36,0.357
cs,token,25,1,0.285,0.276
cs,syl,25,1,0.265,NaN
cs,syl,25,2,0.5225,0.517
cs,pos_syl,1000,2,0.993548387096774,0.994
cs,pos_syl,25,1,0.445,0.43
cs,pos,500,2,0.8825,0.881
cs,token,25,2,0.0525,NaN
cs,syl,500,1,0.63875,0.634
cs,pos,25,1,0.1575,NaN
cs,token,25,1,0.255,0.245
cs,token,1000,2,0.558709677419355,0.543
cs,pos,1000,1,0.736774193548387,0.741
cs,pos,25,2,0.365,0.354
cs,syl,25,1,0.32125,NaN
cs,token,25,2,0.1,NaN
cs,syl,500,2,0.95375,0.954
cs,syl,25,2,0.555,0.547
cs,pos,25,1,0.15875,NaN
cs,pos_syl,500,1,0.88,0.878
cs,pos_syl,25,1,0.395,0.378
cs,pos,25,2,0.30125,0.284
cs,syl,25,1,0.25875,NaN
cs,syl,25,2,0.59375,NaN
cs,pos_syl,25,1,0.38875,0.383
cs,pos,1000,2,0.910967741935484,0.913
cs,pos_syl,25,2,0.7275,0.725
cs,syl,1000,1,0.832258064516129,0.827
cs,pos_syl,500,2,0.93625,0.931
cs,token,50,1,0.31875,0.301
cs,token,750,1,0.7,0.698
cs,syl,1000,2,0.983225806451613,0.984
cs,token,50,2,0.1325,NaN
cs,pos,50,1,0.185,NaN
cs,pos_syl,1000,1,0.947096774193548,0.95
cs,pos_syl,25,2,0.7125,0.704
cs,pos_syl,25,2,0.6525,0.643
cs,pos,50,2,0.4075,0.38
cs,syl,50,1,0.35,NaN
cs,token,50,1,0.295,0.282
cs,token,50,1,0.285,0.269
cs,syl,50,2,0.68,0.671
cs,pos_syl,50,1,0.4975,0.484
cs,pos_syl,1000,2,0.985806451612903,0.986
cs,pos_syl,50,2,0.69375,0.684
cs,token,50,2,0.11125,NaN
cs,token,50,2,0.13375,NaN
cs,pos,50,1,0.18625,NaN
cs,token,750,2,0.525,0.508
cs,pos,50,1,0.2625,NaN
cs,pos,750,1,0.65,0.647
cs,token,25,1,0.19125,0.182
cs,token,100,1,0.4425,0.426
cs,pos,50,2,0.45625,0.448
cs,pos,50,2,0.455,0.446
cs,syl,50,1,0.345,0.339
cs,syl,50,1,0.44375,0.428
cs,syl,50,2,0.6525,0.649
cs,syl,50,2,0.705,0.7
cs,token,25,2,0.09125,NaN
cs,pos_syl,50,1,0.5225,0.514
cs,pos,25,1,0.155,NaN
cs,pos_syl,50,1,0.555,0.541
cs,token,100,2,0.18875,0.184
cs,pos,100,1,0.23375,0.22
cs,pos,25,2,0.36375,0.349
cs,pos,750,2,0.8775,0.876
cs,syl,25,1,0.24,NaN
cs,syl,750,1,0.82125,0.821
cs,pos_syl,50,2,0.7375,0.732
cs,syl,25,2,0.5175,0.512
cs,pos_syl,50,2,0.7675,0.764
cs,pos,100,2,0.575,0.569
cs,pos_syl,25,1,0.3625,0.336
cs,syl,100,1,0.4875,0.48
cs,token,100,1,0.44625,0.424
cs,token,100,1,0.4025,0.395
cs,syl,100,2,0.81375,0.811
cs,pos_syl,100,1,0.555,0.549
cs,syl,750,2,0.98875,0.989
cs,pos_syl,750,1,0.935,0.934
cs,token,100,2,0.1375,NaN
cs,pos,100,1,0.275,NaN
cs,pos_syl,100,2,0.845,0.841
cs,token,100,2,0.215,0.202
cs,pos,100,1,0.26,0.254
cs,pos,100,2,0.58,0.57
cs,token,200,1,0.56,0.546
cs,syl,100,1,0.50625,0.499
cs,pos,100,2,0.55625,0.549
cs,syl,100,1,0.4825,0.476
cs,pos_syl,25,2,0.64375,0.635
cs,syl,100,2,0.825,0.823
cs,syl,100,2,0.84,0.838
cs,pos_syl,100,1,0.565,0.557
cs,pos_syl,750,2,0.9725,0.972
cs,pos_syl,100,1,0.62125,0.612
cs,token,50,1,0.2975,0.291
cs,token,200,2,0.275,0.259
cs,pos,200,1,0.305,0.293
cs,pos_syl,100,2,0.82,0.815
cs,token,1000,1,0.784516129032258,0.788
cs,pos_syl,100,2,0.855,0.855
cs,token,50,2,0.10625,NaN
cs,token,200,1,0.49875,0.479
cs,pos,200,2,0.69375,0.688
cs,pos,50,1,0.18875,0.179
cs,syl,200,1,0.61625,0.607
cs,token,200,1,0.52625,0.517
cs,syl,200,2,0.9225,0.922
cs,pos,50,2,0.4525,0.441
cs,syl,50,1,0.33875,NaN
cs,pos_syl,200,1,0.7225,0.711
cs,syl,50,2,0.6425,0.636
cs,token,200,2,0.2025,0.191
cs,pos_syl,50,1,0.44875,0.436
cs,pos,200,1,0.385,0.378
cs,token,200,2,0.16,NaN
cs,pos,200,1,0.33625,0.331
cs,pos_syl,200,2,0.89375,0.892
cs,pos_syl,50,2,0.76,0.758
cs,pos,200,2,0.70125,0.682
cs,syl,200,1,0.59875,0.591
cs,pos,200,2,0.73875,0.736
cs,token,300,1,0.59625,0.581
cs,syl,200,1,0.57375,0.561
cs,token,1000,2,0.633548387096774,0.607
cs,token,100,1,0.46125,0.435
cs,syl,200,2,0.8975,0.892
cs,pos,1000,1,0.72,0.719
cs,syl,200,2,0.94,0.94
cs,pos_syl,200,1,0.715,0.71
cs,pos_syl,200,1,0.70875,0.701
cs,token,100,2,0.18,NaN
cs,token,300,2,0.36,0.346
cs,pos_syl,200,2,0.8975,0.896
cs,pos,100,1,0.23125,NaN
cs,pos_syl,200,2,0.9225,0.921
cs,pos,300,1,0.42375,0.404
cs,pos,1000,2,0.939354838709677,0.941
cs,pos,100,2,0.57875,0.562
cs,syl,1000,1,0.779354838709677,0.759
cs,token,300,1,0.65625,0.644
cs,syl,100,1,0.4025,0.398
cs,token,300,1,0.6725,0.666
cs,pos,300,2,0.82875,0.825
cs,syl,100,2,0.825,0.822
cs,syl,300,1,0.635,0.624
cs,pos_syl,100,1,0.5325,0.53
cs,syl,300,2,0.95,0.948
cs,pos_syl,300,1,0.77375,0.764
cs,pos_syl,100,2,0.8425,0.841
cs,token,300,2,0.3725,0.349
cs,syl,1000,2,1,1
cs,pos,300,1,0.38625,0.39
cs,token,300,2,0.31625,0.307
cs,pos,300,1,0.4175,0.413
cs,pos_syl,1000,1,0.936774193548387,0.936
cs,token,200,1,0.59875,0.589
cs,pos_syl,300,2,0.94625,0.944
cs,pos,300,2,0.7925,0.788
cs,syl,300,1,0.645,0.637
cs,pos,300,2,0.755,0.75
cs,syl,300,1,0.6525,0.649
cs,token,500,1,0.68,0.658
cs,syl,300,2,0.96125,0.961
cs,token,200,2,0.1725,0.159
cs,syl,300,2,0.95375,0.954
cs,pos,200,1,0.35125,0.341
cs,pos_syl,300,1,0.81,0.811
cs,pos_syl,300,1,0.78625,0.779
cs,pos_syl,1000,2,0.969032258064516,0.97
cs,pos,200,2,0.74875,0.741
cs,token,25,1,0.21375,0.205
cs,syl,200,1,0.595,0.594
cs,pos_syl,300,2,0.92625,0.92
cs,pos_syl,300,2,0.9375,0.935
cs,syl,200,2,0.915,0.912
cs,token,25,2,0.08375,NaN
cs,pos_syl,200,1,0.70375,0.704
cs,pos,25,1,0.1875,NaN
cs,token,500,2,0.45625,0.437
cs,token,500,1,0.65,0.645
cs,pos,500,1,0.6075,0.597
cs,token,500,1,0.69,0.688
cs,pos,25,2,0.3925,0.376
cs,syl,25,1,0.2925,NaN
cs,pos_syl,200,2,0.90375,0.9
cs,syl,25,2,0.52625,0.519
cs,pos_syl,25,1,0.44375,0.425
cs,pos,500,2,0.84375,0.841
cs,token,300,1,0.5875,0.57
cs,syl,500,1,0.6625,0.657
cs,token,500,2,0.435,0.414
cs,token,500,2,0.475,0.448
cs,pos,500,1,0.57,0.561
cs,syl,500,2,0.9575,0.956
cs,pos,500,1,0.5725,0.564
cs,pos_syl,500,1,0.8425,0.842
cs,token,300,2,0.2875,NaN
cs,pos,300,1,0.41375,0.403
cs,pos_syl,25,2,0.67875,0.671
cs,pos,500,2,0.87125,0.866
cs,syl,500,1,0.715,0.714
cs,pos,500,2,0.85,0.848
cs,syl,500,1,0.695,0.692
cs,token,50,1,0.35875,0.351
cs,pos_syl,500,2,0.95875,0.958
cs,pos,300,2,0.77375,0.767
cs,syl,300,1,0.6825,0.681
cs,syl,500,2,0.97375,0.974
cs,syl,500,2,0.95875,0.957
cs,pos_syl,500,1,0.83625,0.83
cs,token,750,1,0.72125,0.712
cs,pos_syl,500,1,0.8625,0.861
cs,syl,300,2,0.97875,0.979
cs,token,50,2,0.16375,NaN
cs,pos_syl,300,1,0.8125,0.808
cs,pos,50,1,0.23875,0.23
cs,pos,50,2,0.50125,0.486
cs,syl,50,1,0.445,NaN
cs,pos_syl,500,2,0.9575,0.956
cs,pos_syl,500,2,0.97125,0.971
cs,pos_syl,300,2,0.93625,0.935
cs,syl,50,2,0.67625,0.669
cs,pos_syl,50,1,0.465,0.448
cs,token,750,1,0.7225,0.713
cs,token,750,1,0.7075,0.699
cs,token,500,1,0.66375,0.647
cs,pos_syl,50,2,0.73625,0.737
cs,token,750,2,0.515,0.497
cs,pos,750,1,0.67875,0.672
cs,token,100,1,0.45,0.428
cs,pos,750,2,0.9125,0.91
cs,token,500,2,0.48125,0.455
cs,syl,750,1,0.7875,0.783
cs,pos,500,1,0.555,0.545
cs,token,100,2,0.16,NaN
cs,pos,100,1,0.23375,0.228
cs,token,750,2,0.45375,0.432
cs,pos,750,1,0.64875,0.636
cs,token,750,2,0.54375,0.527
cs,pos,750,1,0.71125,0.707
cs,pos,100,2,0.56375,0.547
cs,syl,100,1,0.50875,NaN
cs,syl,750,2,0.98375,0.983
cs,pos,500,2,0.8475,0.846
cs,syl,500,1,0.745,0.744
cs,syl,100,2,0.84375,0.84
cs,pos_syl,750,1,0.91375,0.912
cs,pos_syl,100,1,0.59375,0.585
cs,pos,750,2,0.91,0.908
cs,syl,750,1,0.72625,0.716
cs,pos,750,2,0.8975,0.895
cs,syl,500,2,0.98375,0.984
cs,syl,750,1,0.7425,0.74
cs,pos_syl,100,2,0.85125,0.847
cs,pos_syl,500,1,0.89875,0.898
cs,pos_syl,750,2,0.96375,0.962
cs,token,200,1,0.56875,0.554
cs,syl,750,2,0.9875,0.987
cs,syl,750,2,0.99375,0.994
cs,pos_syl,750,1,0.9175,0.916
cs,pos_syl,500,2,0.97375,0.974
cs,pos_syl,750,1,0.9075,0.905
cs,token,1000,1,0.792258064516129,0.785
cs,token,200,2,0.26125,NaN
cs,pos,200,1,0.40875,0.393
cs,token,750,1,0.725,0.721
cs,pos_syl,750,2,0.9925,0.993
cs,pos,200,2,0.64875,0.64
cs,pos_syl,750,2,0.96625,0.966
cs,syl,200,1,0.58125,0.576
cs,syl,200,2,0.9225,0.92
cs,token,1000,1,0.794838709677419,0.791
cs,pos_syl,200,1,0.69625,0.689
cs,token,1000,1,0.79741935483871,0.799
cs,pos_syl,200,2,0.91375,0.911
cs,token,1000,2,0.550967741935484,0.519
cs,pos,1000,1,0.731612903225806,0.733
cs,token,750,2,0.53875,0.51
cs,pos,750,1,0.63875,0.636
cs,token,300,1,0.605,0.59
cs,pos,750,2,0.8825,0.878
cs,syl,750,1,0.78375,0.777
cs,token,1000,2,0.598709677419355,0.568
cs,pos,1000,2,0.939354838709677,0.941
cs,pos,1000,1,0.685161290322581,0.679
cs,syl,1000,1,0.788387096774193,0.774
cs,token,300,2,0.3125,0.294
cs,token,1000,2,0.609032258064516,0.608
cs,pos,300,1,0.4225,0.418
cs,pos,1000,1,0.735483870967742,0.744
cs,syl,750,2,0.995,0.995
cs,pos_syl,750,1,0.92875,0.923
cs,pos,300,2,0.7975,0.79
cs,syl,300,1,0.6525,0.647
cs,syl,1000,2,0.996129032258064,0.996
cs,pos,1000,2,0.940645161290323,0.942
cs,syl,1000,1,0.783225806451613,0.782
cs,pos_syl,1000,1,0.967741935483871,0.969
cs,syl,300,2,0.9725,0.971
cs,pos,1000,2,0.945806451612903,0.948
cs,pos_syl,300,1,0.74625,0.746
cs,syl,1000,1,0.749677419354839,0.736
cs,pos_syl,750,2,0.98,0.98
cs,syl,1000,2,1,1
cs,pos_syl,300,2,0.95125,0.949
cs,pos_syl,1000,1,0.944516129032258,0.944
cs,pos_syl,1000,2,0.976774193548387,0.978
cs,token,1000,1,0.771612903225806,0.767
cs,syl,1000,2,0.989677419354839,0.99
cs,token,500,1,0.64375,0.636
cs,pos_syl,1000,1,0.938064516129032,0.933
cs,pos_syl,1000,2,0.983225806451613,0.984
cs,pos_syl,1000,2,0.952258064516129,0.953
cs,token,500,2,0.47375,0.439
cs,pos,500,1,0.49625,0.491
cs,token,1000,2,0.535483870967742,0.509
cs,pos,1000,1,0.76258064516129,0.765
cs,pos,500,2,0.86125,0.858
cs,syl,500,1,0.69125,0.68
cs,syl,500,2,0.9775,0.977
cs,pos_syl,500,1,0.905,0.904
cs,pos,1000,2,0.944516129032258,0.947
cs,syl,1000,1,0.787096774193548,0.774
cs,pos_syl,500,2,0.93875,0.939
cs,syl,1000,2,0.992258064516129,0.992
cs,pos_syl,1000,1,0.941935483870968,0.941
cs,token,750,1,0.67375,0.666
cs,pos_syl,1000,2,0.976774193548387,0.977
cs,token,750,2,0.535,0.525
cs,pos,750,1,0.655,0.65
cs,pos,750,2,0.90875,0.907
cs,syl,750,1,0.81125,0.811
cs,syl,750,2,0.995,0.995
cs,pos_syl,750,1,0.91,0.909
cs,pos_syl,750,2,0.97,0.97
cs,token,1000,1,0.805161290322581,0.802
cs,token,1000,2,0.587096774193548,0.561
cs,pos,1000,1,0.738064516129032,0.738
cs,pos,1000,2,0.945806451612903,0.946
cs,syl,1000,1,0.771612903225806,0.768
cs,syl,1000,2,0.985806451612903,0.986
cs,pos_syl,1000,1,0.926451612903226,0.924
cs,pos_syl,1000,2,0.988387096774194,0.989
de,token,25,1,0.448,0.428
de,token,25,1,0.356,0.357
de,token,25,1,0.32,0.309
de,token,25,1,0.416,0.41
de,token,25,1,0.456,0.446
de,token,25,2,0.396,0.387
de,token,25,2,0.16,0.15
de,token,25,2,0.224,0.211
de,token,25,2,0.192,0.204
de,token,25,2,0.2,NaN
de,pos,25,1,0.456,0.454
de,pos,25,1,0.36,0.351
de,pos,25,1,0.38,0.381
de,pos,25,1,0.376,0.373
de,pos,25,1,0.28,0.276
de,pos,25,2,0.636,0.63
de,pos,25,2,0.564,0.556
de,pos,25,2,0.532,0.535
de,pos,25,2,0.488,0.495
de,pos,25,2,0.58,0.578
de,syl,25,1,0.34,0.34
de,syl,25,1,0.4,0.388
de,syl,25,1,0.36,0.351
de,syl,25,1,0.4,0.395
de,syl,25,1,0.456,0.455
de,syl,25,2,0.5,0.493
de,syl,25,2,0.58,0.584
de,syl,25,2,0.572,0.571
de,syl,25,2,0.584,0.582
de,syl,25,2,0.396,0.389
de,pos_syl,25,1,0.416,0.416
de,pos_syl,25,1,0.632,0.633
de,pos_syl,25,1,0.392,0.396
de,pos_syl,25,1,0.556,0.55
de,pos_syl,25,1,0.5,0.492
de,pos_syl,25,2,0.72,0.712
de,pos_syl,25,2,0.804,0.804
de,pos_syl,25,2,0.764,0.76
de,pos_syl,25,2,0.884,0.884
de,pos_syl,25,2,0.74,0.743
de,token,50,1,0.544,0.54
de,token,50,1,0.42,0.412
de,token,50,1,0.608,0.591
de,token,50,1,0.516,0.485
de,token,50,1,0.552,0.552
de,token,50,2,0.412,0.394
de,pos,50,1,0.372,0.365
de,token,50,2,0.416,0.413
de,token,50,2,0.372,0.363
de,token,50,2,0.404,0.38
de,token,50,2,0.428,0.407
de,pos,50,1,0.264,0.268
de,pos,50,1,0.372,0.363
de,pos,50,1,0.26,0.26
de,pos,50,1,0.328,0.315
de,pos,50,2,0.544,0.536
de,syl,50,1,0.532,0.522
de,pos,50,2,0.756,0.757
de,pos,50,2,0.692,0.683
de,pos,50,2,0.552,0.552
de,pos,50,2,0.56,0.543
de,syl,50,2,0.624,0.616
de,syl,50,1,0.512,0.496
de,syl,50,1,0.476,0.456
de,syl,50,1,0.436,0.418
de,syl,50,1,0.42,0.415
de,pos_syl,50,1,0.596,0.57
de,syl,50,2,0.636,0.638
de,syl,50,2,0.6,0.6
de,syl,50,2,0.564,0.556
de,syl,50,2,0.628,0.631
de,pos_syl,50,1,0.58,0.564
de,pos_syl,50,1,0.512,0.502
de,pos_syl,50,1,0.484,0.471
de,pos_syl,50,1,0.576,0.566
de,pos_syl,50,2,0.748,0.751
de,pos_syl,50,2,0.788,0.783
de,pos_syl,50,2,0.828,0.832
de,pos_syl,50,2,0.784,0.78
de,token,100,1,0.64,0.635
de,pos_syl,50,2,0.816,0.818
de,token,100,1,0.532,0.523
de,token,100,1,0.672,0.669
de,token,100,1,0.564,0.556
de,token,100,1,0.628,0.614
de,token,100,2,0.524,0.524
de,token,100,2,0.46,0.426
de,pos,100,1,0.516,0.514
de,pos,100,1,0.428,0.42
de,token,100,2,0.588,0.592
de,token,100,2,0.46,0.438
de,pos,100,1,0.476,0.469
de,token,100,2,0.46,0.441
de,pos,100,1,0.448,0.443
de,pos,100,1,0.512,0.506
de,pos,100,2,0.78,0.773
de,pos,100,2,0.64,0.627
de,syl,100,1,0.584,0.584
de,syl,100,1,0.564,0.55
de,pos,100,2,0.688,0.686
de,pos,100,2,0.68,0.671
de,syl,100,2,0.82,0.812
de,syl,100,2,0.708,0.702
de,syl,100,1,0.528,0.522
de,syl,100,1,0.624,0.624
de,pos,100,2,0.692,0.686
de,pos_syl,100,1,0.816,0.813
de,pos_syl,100,1,0.72,0.719
de,syl,100,1,0.544,0.538
de,syl,100,2,0.748,0.742
de,syl,100,2,0.82,0.821
de,syl,100,2,0.688,0.687
de,pos_syl,100,1,0.692,0.689
de,pos_syl,100,1,0.744,0.739
de,pos_syl,100,1,0.608,0.614
de,pos_syl,100,2,0.944,0.944
de,pos_syl,100,2,0.88,0.878
de,pos_syl,100,2,0.892,0.892
de,token,200,1,0.608,0.596
de,token,200,1,0.792,0.79
de,pos_syl,100,2,0.88,0.88
de,pos_syl,100,2,0.848,0.849
de,token,200,1,0.628,0.609
de,token,200,1,0.676,0.669
de,token,200,1,0.54,0.539
de,token,200,2,0.708,0.705
de,token,200,2,0.684,0.672
de,pos,200,1,0.628,0.623
de,pos,200,1,0.392,0.385
de,token,200,2,0.512,0.494
de,token,200,2,0.516,0.51
de,pos,200,1,0.6,0.599
de,token,200,2,0.508,0.499
de,pos,200,2,0.808,0.802
de,pos,200,1,0.56,0.563
de,pos,200,2,0.888,0.887
de,syl,200,1,0.692,0.693
de,syl,200,1,0.732,0.732
de,pos,200,1,0.46,0.457
de,syl,200,2,0.88,0.878
de,syl,200,2,0.772,0.768
de,pos,200,2,0.896,0.897
de,pos,200,2,0.868,0.868
de,syl,200,1,0.648,0.647
de,pos_syl,200,1,0.78,0.78
de,pos_syl,200,1,0.776,0.775
de,pos,200,2,0.76,0.757
de,syl,200,1,0.648,0.644
de,syl,200,1,0.64,0.634
de,syl,200,2,0.832,0.833
de,syl,200,2,0.864,0.859
de,pos_syl,200,1,0.924,0.925
de,syl,200,2,0.888,0.888
de,pos_syl,200,1,0.868,0.862
de,pos_syl,200,2,0.968,0.968
de,pos_syl,200,2,0.948,0.948
de,pos_syl,200,1,0.82,0.816
de,token,300,1,0.704,0.709
de,token,300,1,0.684,0.686
de,pos_syl,200,2,0.936,0.936
de,pos_syl,200,2,0.924,0.924
de,pos_syl,200,2,0.948,0.947
de,token,300,1,0.668,0.664
de,token,300,1,0.644,0.635
de,token,300,1,0.708,0.712
de,token,300,2,0.78,0.777
de,token,300,2,0.736,0.731
de,pos,300,1,0.556,0.552
de,pos,300,1,0.624,0.623
de,token,300,2,0.644,0.635
de,pos,300,2,0.864,0.864
de,pos,300,2,0.684,0.676
de,syl,300,1,0.724,0.726
de,pos,300,1,0.52,0.516
de,token,300,2,0.684,0.683
de,syl,300,1,0.712,0.7
de,token,300,2,0.76,0.759
de,pos,300,1,0.516,0.508
de,pos,300,1,0.62,0.617
de,syl,300,2,0.904,0.906
de,syl,300,2,0.916,0.915
de,pos_syl,300,1,0.884,0.882
de,pos_syl,300,1,0.96,0.959
de,pos,300,2,0.884,0.884
de,pos,300,2,0.884,0.884
de,syl,300,1,0.792,0.79
de,syl,300,1,0.82,0.821
de,pos,300,2,0.852,0.849
de,syl,300,1,0.92,0.92
de,syl,300,2,0.936,0.936
de,syl,300,2,0.976,0.976
de,pos_syl,300,2,0.936,0.936
de,pos_syl,300,2,0.96,0.96
de,syl,300,2,0.98,0.98
de,pos_syl,300,1,0.872,0.869
de,pos_syl,300,1,0.82,0.817
de,pos_syl,300,1,0.944,0.944
de,token,500,1,0.8,0.797
de,token,500,1,0.868,0.868
de,pos_syl,300,2,0.956,0.956
de,pos_syl,300,2,0.976,0.976
de,pos_syl,300,2,0.98,0.98
de,token,500,1,0.764,0.752
de,token,500,1,0.732,0.732
de,token,500,1,0.764,0.761
de,token,500,2,0.868,0.868
de,pos,500,1,0.844,0.843
de,token,500,2,0.756,0.747
de,pos,500,1,0.716,0.714
de,token,500,2,0.832,0.829
de,pos,500,1,0.68,0.679
de,pos,500,2,0.944,0.944
de,syl,500,1,0.884,0.885
de,pos,500,2,0.908,0.904
de,syl,500,1,0.836,0.836
de,token,500,2,0.816,0.817
de,token,500,2,0.828,0.828
de,pos,500,1,0.764,0.76
de,pos,500,1,0.608,0.609
de,syl,500,2,1,1
de,pos,500,2,0.896,0.894
de,syl,500,1,0.86,0.857
de,pos_syl,500,1,0.964,0.964
de,syl,500,2,0.992,0.992
de,pos_syl,500,1,0.964,0.964
de,pos,500,2,0.936,0.936
de,pos,500,2,0.916,0.915
de,syl,500,1,0.8,0.8
de,syl,500,1,0.796,0.798
de,syl,500,2,1,1
de,pos_syl,500,1,0.964,0.964
de,pos_syl,500,2,0.996,0.996
de,syl,500,2,1,1
de,pos_syl,500,2,0.996,0.996
de,pos_syl,500,1,0.968,0.968
de,syl,500,2,0.984,0.984
de,pos_syl,500,1,0.98,0.98
de,token,750,1,0.82,0.82
de,token,750,1,0.872,0.872
de,pos_syl,500,2,1,1
de,pos_syl,500,2,1,1
de,token,750,1,0.932,0.931
de,pos_syl,500,2,0.936,0.936
de,token,750,1,0.824,0.813
de,token,750,1,0.832,0.833
de,token,750,2,0.808,0.808
de,pos,750,1,0.764,0.763
de,token,750,2,0.84,0.835
de,pos,750,1,0.764,0.761
de,token,750,2,0.776,0.776
de,pos,750,1,0.72,0.715
de,token,750,2,0.912,0.911
de,pos,750,1,0.788,0.791
de,pos,750,2,0.98,0.98
de,token,750,2,0.884,0.884
de,syl,750,1,0.964,0.964
de,pos,750,1,0.76,0.757
de,pos,750,2,0.932,0.932
de,syl,750,1,0.932,0.931
de,pos,750,2,0.932,0.932
de,syl,750,1,0.896,0.896
de,syl,750,2,0.996,0.996
de,pos,750,2,0.972,0.972
de,syl,750,1,0.96,0.96
de,pos_syl,750,1,1,1
de,pos,750,2,0.948,0.948
de,syl,750,1,0.9,0.899
de,syl,750,2,1,1
de,pos_syl,750,1,1,1
de,syl,750,2,0.996,0.996
de,pos_syl,750,1,0.996,0.996
de,syl,750,2,0.996,0.996
de,pos_syl,750,1,1,1
de,syl,750,2,0.984,0.984
de,pos_syl,750,2,1,1
de,pos_syl,750,1,0.992,0.992
de,token,1000,1,0.868,0.865
de,pos_syl,750,2,1,1
de,pos_syl,750,2,0.996,0.996
de,pos_syl,750,2,0.972,0.972
de,token,1000,1,0.924,0.921
de,pos_syl,750,2,0.988,0.988
de,token,1000,1,0.828,0.807
de,token,1000,1,0.848,0.832
de,token,1000,1,0.852,0.848
de,token,1000,2,0.748,0.71
de,pos,1000,1,0.828,0.816
de,token,1000,2,0.796,0.754
de,token,1000,2,0.748,0.697
de,pos,1000,1,0.864,0.865
de,pos,1000,1,0.832,0.831
de,token,1000,2,0.832,0.814
de,pos,1000,1,0.764,0.754
de,token,1000,2,0.788,0.765
de,pos,1000,2,0.94,0.939
de,pos,1000,1,0.816,0.817
de,syl,1000,1,0.932,0.933
de,pos,1000,2,0.944,0.943
de,pos,1000,2,0.972,0.972
de,syl,1000,1,1,1
de,syl,1000,1,0.92,0.919
de,syl,1000,2,0.98,0.98
de,pos,1000,2,0.98,0.98
de,syl,1000,1,0.94,0.939
de,pos_syl,1000,1,0.98,0.98
de,pos,1000,2,0.936,0.934
de,syl,1000,1,0.972,0.972
de,syl,1000,2,0.96,0.96
de,syl,1000,2,0.984,0.984
de,pos_syl,1000,1,0.988,0.988
de,pos_syl,1000,1,1,1
de,syl,1000,2,0.944,0.942
de,pos_syl,1000,1,1,1
de,syl,1000,2,0.968,0.968
de,pos_syl,1000,2,0.964,0.964
de,pos_syl,1000,1,0.992,0.992
de,token,25,1,0.492,0.464
de,token,25,2,0.256,0.214
de,pos,25,1,0.308,0.297
de,pos_syl,1000,2,0.924,0.921
de,pos_syl,1000,2,0.94,0.939
de,pos,25,2,0.528,0.524
de,pos_syl,1000,2,0.908,0.903
de,syl,25,1,0.304,0.29
de,token,25,1,0.456,0.446
de,syl,25,2,0.472,0.481
de,pos_syl,1000,2,0.92,0.917
de,pos_syl,25,1,0.452,0.455
de,token,25,2,0.196,0.185
de,pos,25,1,0.232,0.23
de,pos,25,2,0.572,0.577
de,syl,25,1,0.412,0.387
de,syl,25,2,0.596,0.593
de,token,25,1,0.472,0.463
de,token,25,1,0.432,0.398
de,token,25,1,0.348,0.341
de,pos_syl,25,2,0.748,0.748
de,pos_syl,25,1,0.456,0.455
de,token,25,2,0.304,0.302
de,token,25,2,0.268,NaN
de,token,50,1,0.488,0.487
de,token,25,2,0.288,0.267
de,pos,25,1,0.356,0.351
de,pos,25,1,0.324,0.322
de,pos,25,1,0.272,0.281
de,pos,25,2,0.66,0.65
de,pos,25,2,0.628,0.623
de,pos,25,2,0.624,0.621
de,syl,25,1,0.384,0.367
de,syl,25,1,0.348,0.329
de,syl,25,1,0.172,0.166
de,token,50,2,0.304,0.293
de,syl,25,2,0.44,0.429
de,syl,25,2,0.42,0.41
de,pos_syl,25,2,0.776,0.777
de,syl,25,2,0.448,0.451
de,pos,50,1,0.236,0.232
de,pos_syl,25,1,0.524,0.529
de,pos_syl,25,1,0.436,0.437
de,pos_syl,25,1,0.448,0.432
de,token,50,1,0.616,0.62
de,pos,50,2,0.672,0.672
de,syl,50,1,0.38,0.388
de,syl,50,2,0.764,0.765
de,pos_syl,50,1,0.564,0.557
de,token,50,2,0.34,0.325
de,pos,50,1,0.456,0.451
de,pos_syl,25,2,0.816,0.812
de,pos_syl,25,2,0.672,0.678
de,pos_syl,25,2,0.88,0.88
de,pos_syl,50,2,0.872,0.873
de,token,50,1,0.416,0.417
de,pos,50,2,0.712,0.709
de,token,50,1,0.448,0.436
de,token,50,1,0.632,0.628
de,syl,50,1,0.412,0.413
de,token,100,1,0.596,0.599
de,syl,50,2,0.64,0.631
de,pos_syl,50,1,0.656,0.653
de,token,50,2,0.296,0.293
de,token,50,2,0.228,0.213
de,token,50,2,0.26,0.261
de,pos,50,1,0.26,0.248
de,pos,50,1,0.424,0.402
de,pos,50,1,0.248,0.24
de,token,100,2,0.572,0.561
de,pos,50,2,0.568,0.57
de,pos_syl,50,2,0.772,0.769
de,pos,100,1,0.488,0.472
de,pos,50,2,0.708,0.711
de,syl,50,1,0.592,0.583
de,pos,50,2,0.644,0.641
de,syl,50,1,0.512,0.513
de,syl,50,1,0.52,0.515
de,syl,50,2,0.772,0.767
de,token,100,1,0.652,0.65
de,syl,50,2,0.568,0.565
de,syl,50,2,0.696,0.696
de,pos_syl,50,1,0.684,0.673
de,pos,100,2,0.752,0.747
de,pos_syl,50,1,0.636,0.601
de,pos_syl,50,1,0.512,0.5
de,syl,100,1,0.516,0.519
de,syl,100,2,0.728,0.726
de,pos_syl,50,2,0.84,0.84
de,pos_syl,100,1,0.704,0.7
de,token,100,2,0.416,0.417
de,pos_syl,50,2,0.88,0.878
de,pos_syl,50,2,0.868,0.867
de,pos,100,1,0.48,0.478
de,token,100,1,0.564,0.543
de,token,100,1,0.612,0.612
de,token,100,1,0.52,0.507
de,pos,100,2,0.788,0.79
de,pos_syl,100,2,0.928,0.927
de,syl,100,1,0.496,0.49
de,token,200,1,0.656,0.653
de,token,100,2,0.36,0.353
de,syl,100,2,0.8,0.791
de,pos,100,1,0.324,0.309
de,token,100,2,0.48,0.481
de,token,100,2,0.384,0.369
de,pos_syl,100,1,0.628,0.606
de,pos,100,1,0.508,0.495
de,pos,100,1,0.436,0.415
de,pos,100,2,0.748,0.746
de,syl,100,1,0.5,0.489
de,pos,100,2,0.684,0.683
de,syl,100,1,0.544,0.547
de,pos,100,2,0.604,0.599
de,pos_syl,100,2,0.928,0.928
de,syl,100,1,0.572,0.573
de,syl,100,2,0.776,0.77
de,token,200,2,0.632,0.628
de,pos,200,1,0.532,0.528
de,syl,100,2,0.772,0.767
de,pos_syl,100,1,0.676,0.674
de,syl,100,2,0.684,0.681
de,token,200,1,0.704,0.706
de,pos_syl,100,1,0.676,0.672
de,pos_syl,100,1,0.684,0.684
de,pos,200,2,0.836,0.838
de,pos_syl,100,2,0.804,0.803
de,syl,200,1,0.616,0.615
de,pos_syl,100,2,0.952,0.952
de,pos_syl,100,2,0.896,0.895
de,token,200,1,0.772,0.777
de,syl,200,2,0.84,0.839
de,token,200,2,0.636,0.636
de,token,200,1,0.652,0.652
de,pos_syl,200,1,0.812,0.808
de,pos,200,1,0.664,0.661
de,token,200,1,0.732,0.73
de,pos,200,2,0.844,0.844
de,token,200,2,0.452,0.452
de,syl,200,1,0.7,0.697
de,pos_syl,200,2,0.944,0.944
de,pos,200,1,0.612,0.604
de,token,200,2,0.576,0.573
de,pos,200,1,0.396,0.386
de,token,200,2,0.652,0.643
de,pos,200,1,0.628,0.627
de,syl,200,2,0.848,0.841
de,token,300,1,0.744,0.734
de,pos_syl,200,1,0.82,0.82
de,pos,200,2,0.84,0.837
de,syl,200,1,0.772,0.77
de,pos,200,2,0.832,0.826
de,syl,200,1,0.612,0.604
de,pos,200,2,0.848,0.846
de,syl,200,2,0.92,0.922
de,syl,200,1,0.7,0.697
de,pos_syl,200,1,0.828,0.822
de,syl,200,2,0.896,0.895
de,pos_syl,200,2,0.948,0.948
de,syl,200,2,0.816,0.811
de,pos_syl,200,1,0.8,0.798
de,token,300,2,0.844,0.843
de,pos,300,1,0.524,0.524
de,pos_syl,200,1,0.812,0.804
de,token,300,1,0.624,0.624
de,pos_syl,200,2,0.972,0.972
de,pos_syl,200,2,0.936,0.936
de,pos,300,2,0.872,0.87
de,token,300,1,0.652,0.647
de,pos_syl,200,2,0.956,0.957
de,syl,300,1,0.764,0.764
de,token,300,1,0.76,0.759
de,token,300,1,0.612,0.609
de,token,300,2,0.792,0.787
de,syl,300,2,0.928,0.928
de,pos,300,1,0.556,0.549
de,pos_syl,300,1,0.908,0.906
de,token,300,2,0.724,0.721
de,pos,300,1,0.568,0.562
de,pos,300,2,0.876,0.876
de,token,300,2,0.688,0.687
de,syl,300,1,0.78,0.781
de,pos,300,1,0.604,0.608
de,token,300,2,0.736,0.732
de,pos_syl,300,2,0.996,0.996
de,pos,300,1,0.544,0.535
de,pos,300,2,0.848,0.846
de,syl,300,1,0.672,0.661
de,syl,300,2,0.932,0.932
de,token,500,1,0.72,0.724
de,pos_syl,300,1,0.872,0.873
de,pos,300,2,0.928,0.928
de,syl,300,1,0.776,0.775
de,syl,300,2,0.908,0.906
de,pos,300,2,0.852,0.847
de,syl,300,1,0.744,0.74
de,pos_syl,300,1,0.876,0.872
de,syl,300,2,0.864,0.862
de,pos_syl,300,2,0.968,0.968
de,pos_syl,300,1,0.824,0.822
de,syl,300,2,0.924,0.925
de,pos_syl,300,1,0.912,0.912
de,pos_syl,300,2,0.924,0.924
de,token,500,1,0.736,0.732
de,token,500,2,0.748,0.747
de,pos,500,1,0.668,0.664
de,token,500,1,0.804,0.799
de,pos_syl,300,2,0.932,0.932
de,pos_syl,300,2,0.984,0.984
de,token,500,1,0.776,0.771
de,token,500,1,0.792,0.79
de,pos,500,2,0.956,0.956
de,syl,500,1,0.848,0.847
de,token,500,2,0.82,0.817
de,pos,500,1,0.752,0.749
de,token,500,2,0.824,0.822
de,pos,500,1,0.712,0.715
de,syl,500,2,0.968,0.967
de,pos_syl,500,1,0.936,0.936
de,token,500,2,0.836,0.835
de,pos,500,2,0.948,0.947
de,token,500,2,0.844,0.842
de,syl,500,1,0.848,0.848
de,pos,500,1,0.704,0.704
de,pos,500,1,0.696,0.7
de,pos,500,2,0.976,0.976
de,syl,500,1,0.868,0.867
de,pos_syl,500,2,0.996,0.996
de,syl,500,2,0.98,0.98
de,pos_syl,500,1,0.964,0.964
de,pos,500,2,0.928,0.927
de,pos,500,2,0.952,0.952
de,syl,500,2,0.992,0.992
de,syl,500,1,0.912,0.911
de,syl,500,1,0.948,0.948
de,token,750,1,0.864,0.865
de,pos_syl,500,1,0.956,0.956
de,syl,500,2,0.992,0.992
de,syl,500,2,0.948,0.948
de,pos_syl,500,2,0.984,0.984
de,pos_syl,500,1,0.972,0.972
de,pos_syl,500,1,0.976,0.976
de,pos_syl,500,2,0.988,0.988
de,token,750,1,0.852,0.849
de,token,750,1,0.876,0.876
de,pos_syl,500,2,0.972,0.972
de,pos_syl,500,2,0.968,0.968
de,token,750,2,0.928,0.928
de,pos,750,1,0.876,0.876
de,token,750,1,0.896,0.895
de,token,750,1,0.864,0.86
de,token,750,2,0.764,0.763
de,pos,750,2,0.988,0.988
de,pos,750,1,0.78,0.77
de,syl,750,1,0.904,0.902
de,token,750,2,0.868,0.866
de,pos,750,1,0.716,0.711
de,syl,750,2,0.996,0.996
de,token,750,2,0.868,0.869
de,token,750,2,0.9,0.9
de,pos,750,1,0.852,0.851
de,pos,750,2,0.944,0.943
de,pos,750,1,0.704,0.699
de,pos_syl,750,1,0.968,0.968
de,syl,750,1,0.956,0.956
de,pos,750,2,0.936,0.936
de,syl,750,1,0.912,0.912
de,syl,750,2,0.992,0.992
de,pos,750,2,0.996,0.996
de,pos,750,2,0.9,0.9
de,pos_syl,750,1,0.996,0.996
de,syl,750,1,0.952,0.952
de,syl,750,1,0.924,0.924
de,pos_syl,750,2,0.964,0.964
de,syl,750,2,0.98,0.98
de,pos_syl,750,1,0.964,0.964
de,token,1000,1,0.792,0.768
de,syl,750,2,1,1
de,syl,750,2,1,1
de,pos_syl,750,1,1,1
de,pos_syl,750,1,0.976,0.976
de,pos_syl,750,2,0.984,0.984
de,pos_syl,750,2,0.992,0.992
de,token,1000,1,0.724,0.687
de,token,1000,1,0.864,0.857
de,pos_syl,750,2,0.96,0.96
de,pos_syl,750,2,0.952,0.951
de,token,1000,2,0.724,0.674
de,pos,1000,1,0.776,0.773
de,token,1000,1,0.848,0.841
de,token,1000,1,0.836,0.828
de,token,1000,2,0.748,0.719
de,token,1000,2,0.732,0.686
de,pos,1000,1,0.828,0.826
de,pos,1000,2,0.9,0.894
de,pos,1000,1,0.796,0.794
de,syl,1000,1,0.944,0.944
de,token,1000,2,0.748,NA
de,token,1000,2,0.86,0.85
de,pos,1000,1,0.816,0.814
de,pos,1000,1,0.796,0.792
de,syl,1000,2,0.984,0.984
de,pos,1000,2,0.96,0.96
de,pos,1000,2,0.828,0.792
de,pos_syl,1000,1,0.992,0.992
de,syl,1000,1,0.992,0.992
de,syl,1000,1,0.956,0.955
de,pos,1000,2,0.912,0.909
de,pos,1000,2,0.936,0.935
de,syl,1000,1,0.964,0.964
de,syl,1000,1,0.976,0.976
de,syl,1000,2,0.984,0.984
de,syl,1000,2,0.972,0.972
de,pos_syl,1000,1,0.98,0.98
de,pos_syl,1000,2,0.956,0.955
de,pos_syl,1000,1,0.972,0.972
de,token,25,1,0.384,0.379
de,syl,1000,2,1,1
de,syl,1000,2,0.984,0.984
de,pos_syl,1000,1,0.984,0.984
de,pos_syl,1000,1,0.996,0.996
de,token,25,2,0.368,0.363
de,pos,25,1,0.22,0.226
de,pos_syl,1000,2,0.924,0.922
de,pos,25,2,0.536,0.534
de,pos_syl,1000,2,0.928,0.926
de,syl,25,1,0.32,0.318
de,syl,25,2,0.556,0.547
de,token,25,1,0.416,0.41
de,pos_syl,25,1,0.46,0.46
de,token,25,2,0.34,0.316
de,pos,25,1,0.476,0.453
de,token,25,1,0.428,0.424
de,pos_syl,1000,2,0.964,0.964
de,pos_syl,1000,2,0.984,0.984
de,pos,25,2,0.508,0.5
de,syl,25,1,0.288,0.282
de,token,25,2,0.26,0.228
de,syl,25,2,0.552,0.548
de,pos_syl,25,2,0.764,0.761
de,pos,25,1,0.324,0.322
de,pos_syl,25,1,0.528,0.521
de,token,50,1,0.46,0.456
de,pos,25,2,0.568,0.563
de,syl,25,1,0.3,0.285
de,syl,25,2,0.436,0.424
de,pos_syl,25,1,0.356,0.354
de,token,25,1,0.448,0.438
de,token,25,1,0.284,0.282
de,token,50,2,0.248,0.247
de,pos,50,1,0.364,0.362
de,pos_syl,25,2,0.744,0.741
de,token,25,2,0.224,NaN
de,token,25,2,0.328,0.317
de,pos,25,1,0.42,0.408
de,pos,25,1,0.288,0.288
de,pos,50,2,0.8,0.797
de,token,50,1,0.624,0.615
de,syl,50,1,0.552,0.553
de,syl,50,2,0.624,0.618
de,pos,25,2,0.52,0.516
de,pos,25,2,0.608,0.595
de,pos_syl,25,2,0.648,0.649
de,syl,25,1,0.468,0.462
de,syl,25,1,0.376,NaN
de,pos_syl,50,1,0.744,0.74
de,syl,25,2,0.672,0.669
de,syl,25,2,0.512,0.498
de,token,50,2,0.324,0.32
de,token,50,1,0.432,0.424
de,pos,50,1,0.496,0.487
de,pos_syl,25,1,0.536,0.521
de,pos_syl,25,1,0.48,0.478
de,pos_syl,50,2,0.836,0.838
de,pos,50,2,0.568,0.561
de,syl,50,1,0.504,0.478
de,token,50,2,0.36,0.363
de,syl,50,2,0.616,0.611
de,token,100,1,0.544,0.538
de,pos,50,1,0.32,0.31
de,pos_syl,50,1,0.652,0.651
de,pos_syl,25,2,0.796,0.794
de,pos_syl,25,2,0.732,0.733
de,pos,50,2,0.628,0.626
de,syl,50,1,0.416,0.395
de,token,50,1,0.556,0.55
de,token,50,1,0.484,0.466
de,token,100,2,0.592,0.587
de,pos_syl,50,2,0.752,0.758
de,syl,50,2,0.636,0.633
de,pos,100,1,0.508,0.496
de,pos_syl,50,1,0.496,0.485
de,token,100,1,0.64,0.633
de,token,50,2,0.332,0.332
de,pos,100,2,0.632,0.618
de,token,50,2,0.272,0.24
de,syl,100,1,0.676,0.676
de,pos,50,1,0.344,0.327
de,pos,50,1,0.356,0.353
de,pos_syl,50,2,0.8,0.798
de,syl,100,2,0.776,0.778
de,token,100,2,0.36,0.366
de,pos,50,2,0.612,0.609
de,pos_syl,100,1,0.74,0.735
de,pos,50,2,0.624,0.612
de,token,100,1,0.712,0.711
de,syl,50,1,0.48,0.473
de,pos,100,1,0.464,0.458
de,syl,50,1,0.428,0.428
de,syl,50,2,0.728,0.728
de,syl,50,2,0.656,0.655
de,pos_syl,50,1,0.584,0.574
de,pos,100,2,0.724,0.724
de,pos_syl,50,1,0.656,0.646
de,pos_syl,100,2,0.872,0.871
de,syl,100,1,0.552,0.546
de,token,100,2,0.496,0.498
de,pos,100,1,0.392,0.39
de,syl,100,2,0.776,0.778
de,pos_syl,50,2,0.852,0.85
de,token,200,1,0.696,0.677
de,pos_syl,100,1,0.652,0.632
de,pos_syl,50,2,0.872,0.871
de,pos,100,2,0.76,0.76
de,token,100,1,0.672,0.67
de,syl,100,1,0.644,0.631
de,token,100,1,0.68,0.671
de,syl,100,2,0.812,0.812
de,pos_syl,100,2,0.832,0.829
de,pos_syl,100,1,0.696,0.687
de,token,200,2,0.572,0.564
de,pos,200,1,0.632,0.633
de,token,200,1,0.712,0.699
de,token,100,2,0.404,0.398
de,token,100,2,0.408,0.408
de,pos,100,1,0.336,NaN
de,pos,100,1,0.416,0.418
de,pos_syl,100,2,0.86,0.86
de,pos,200,2,0.82,0.82
de,syl,200,1,0.628,0.628
de,pos,100,2,0.712,0.706
de,pos,100,2,0.728,0.724
de,token,200,1,0.744,0.738
de,syl,100,1,0.704,0.694
de,syl,100,1,0.576,0.57
de,token,200,2,0.528,0.532
de,pos,200,1,0.476,0.466
de,syl,200,2,0.96,0.96
de,syl,100,2,0.796,0.798
de,syl,100,2,0.84,0.841
de,pos_syl,200,1,0.816,0.815
de,pos_syl,100,1,0.744,0.73
de,pos_syl,100,1,0.624,0.612
de,pos,200,2,0.784,0.783
de,token,200,2,0.624,0.62
de,syl,200,1,0.664,0.656
de,pos,200,1,0.664,0.665
de,pos_syl,100,2,0.94,0.94
de,pos_syl,100,2,0.928,0.928
de,pos_syl,200,2,0.948,0.948
de,syl,200,2,0.944,0.944
de,token,200,1,0.692,0.686
de,pos_syl,200,1,0.776,0.764
de,token,200,1,0.772,0.771
de,token,300,1,0.668,0.665
de,pos,200,2,0.824,0.826
de,syl,200,1,0.6,0.568
de,syl,200,2,0.98,0.98
de,pos_syl,200,2,0.932,0.931
de,pos_syl,200,1,0.876,0.875
de,token,200,2,0.576,0.57
de,token,200,2,0.692,0.676
de,pos,200,1,0.596,0.585
de,pos,200,1,0.576,0.567
de,token,300,1,0.576,0.578
de,token,300,2,0.776,0.778
de,pos,300,1,0.612,0.608
de,pos_syl,200,2,0.924,0.924
de,pos,200,2,0.756,0.753
de,pos,200,2,0.836,0.834
de,syl,200,1,0.744,0.739
de,syl,200,1,0.796,0.792
de,token,300,1,0.688,0.686
de,pos,300,2,0.796,0.79
de,syl,200,2,0.9,0.899
de,syl,200,2,0.924,0.924
de,syl,300,1,0.656,0.656
de,token,300,2,0.808,0.809
de,pos_syl,200,1,0.74,0.726
de,pos_syl,200,1,0.864,0.864
de,pos,300,1,0.496,0.5
de,syl,300,2,0.956,0.956
de,pos_syl,300,1,0.884,0.884
de,pos_syl,200,2,0.932,0.932
de,pos,300,2,0.844,0.844
de,pos_syl,200,2,0.948,0.948
de,token,300,2,0.588,0.589
de,syl,300,1,0.78,0.775
de,pos,300,1,0.624,0.617
de,token,300,1,0.788,0.79
de,token,300,1,0.688,0.688
de,syl,300,2,0.964,0.964
de,pos_syl,300,2,0.952,0.952
de,pos_syl,300,1,0.884,0.883
de,pos,300,2,0.856,0.856
de,syl,300,1,0.768,0.763
de,token,500,1,0.764,0.76
de,syl,300,2,0.924,0.923
de,token,300,2,0.696,0.695
de,pos,300,1,0.628,0.625
de,pos_syl,300,1,0.976,0.976
de,token,300,2,0.648,0.637
de,pos_syl,300,2,0.968,0.968
de,pos,300,1,0.644,0.642
de,token,500,1,0.792,0.786
de,pos,300,2,0.784,0.775
de,syl,300,1,0.732,0.732
de,pos_syl,300,2,0.976,0.976
de,pos,300,2,0.948,0.948
de,syl,300,1,0.856,0.858
de,token,500,2,0.816,0.815
de,pos,500,1,0.648,0.649
de,syl,300,2,0.952,0.952
de,token,500,1,0.9,0.9
de,pos_syl,300,1,0.88,0.878
de,syl,300,2,0.972,0.972
de,pos_syl,300,1,0.94,0.94
de,token,500,2,0.856,0.855
de,pos,500,1,0.728,0.72
de,pos,500,2,0.908,0.907
de,pos_syl,300,2,0.976,0.976
de,syl,500,1,0.884,0.884
de,pos_syl,300,2,0.94,0.94
de,token,500,1,0.84,0.838
de,token,500,2,0.828,0.828
de,pos,500,1,0.716,0.712
de,token,500,1,0.76,0.761
de,syl,500,2,0.964,0.964
de,pos,500,2,0.928,0.928
de,syl,500,1,0.924,0.924
de,pos_syl,500,1,0.988,0.988
de,pos,500,2,0.916,0.915
de,syl,500,2,0.98,0.98
de,syl,500,1,0.96,0.96
de,pos_syl,500,1,0.98,0.98
de,token,500,2,0.864,0.863
de,pos_syl,500,2,0.984,0.984
de,pos,500,1,0.724,0.725
de,token,500,2,0.864,0.863
de,pos,500,1,0.748,0.744
de,syl,500,2,0.984,0.984
de,token,750,1,0.872,0.873
de,pos_syl,500,1,0.916,0.914
de,pos_syl,500,2,0.98,0.98
de,pos,500,2,0.932,0.932
de,syl,500,1,0.88,0.878
de,pos,500,2,0.94,0.94
de,syl,500,1,0.812,0.812
de,token,750,1,0.868,0.864
de,pos_syl,500,2,0.98,0.98
de,syl,500,2,0.98,0.98
de,pos_syl,500,1,0.952,0.951
de,syl,500,2,0.968,0.968
de,token,750,1,0.8,0.8
de,pos_syl,500,1,0.948,0.948
de,token,750,2,0.848,0.848
de,pos,750,1,0.828,0.829
de,pos_syl,500,2,0.976,0.976
de,token,750,2,0.784,0.785
de,pos_syl,500,2,0.956,0.956
de,pos,750,1,0.72,0.716
de,token,750,1,0.86,0.857
de,pos,750,2,0.98,0.98
de,syl,750,1,0.924,0.924
de,token,750,1,0.912,0.912
de,token,750,2,0.904,0.904
de,pos,750,1,0.844,0.847
de,pos,750,2,0.984,0.984
de,syl,750,1,0.932,0.932
de,syl,750,2,0.996,0.996
de,pos_syl,750,1,0.988,0.988
de,token,750,2,0.88,0.879
de,pos,750,2,0.972,0.972
de,pos,750,1,0.828,0.826
de,token,750,2,0.904,0.903
de,syl,750,1,0.924,0.921
de,syl,750,2,0.992,0.992
de,pos,750,1,0.796,0.79
de,pos_syl,750,1,1,1
de,pos_syl,750,2,0.992,0.992
de,syl,750,2,0.984,0.984
de,pos_syl,750,1,0.996,0.996
de,token,1000,1,0.876,0.871
de,pos,750,2,0.944,0.944
de,pos,750,2,0.96,0.96
de,syl,750,1,0.908,0.908
de,syl,750,1,0.892,0.891
de,pos_syl,750,2,0.992,0.992
de,token,1000,1,0.856,0.85
de,syl,750,2,0.996,0.996
de,syl,750,2,0.972,0.972
de,pos_syl,750,1,0.984,0.984
de,pos_syl,750,2,0.996,0.996
de,pos_syl,750,1,0.992,0.992
de,token,1000,1,0.784,0.764
de,token,1000,2,0.748,0.7
de,pos,1000,1,0.836,0.837
de,pos_syl,750,2,0.952,0.951
de,pos_syl,750,2,0.972,0.972
de,token,1000,1,0.892,0.889
de,token,1000,2,0.728,0.698
de,token,1000,1,0.808,0.788
de,pos,1000,1,0.888,0.888
de,pos,1000,2,0.936,0.935
de,syl,1000,1,0.964,0.964
de,token,1000,2,0.764,0.729
de,pos,1000,1,0.756,0.751
de,pos,1000,2,0.892,0.884
de,syl,1000,1,0.92,0.918
de,syl,1000,2,1,1
de,pos_syl,1000,1,0.98,0.98
de,token,1000,2,0.74,0.707
de,token,1000,2,0.808,0.768
de,pos,1000,1,0.828,0.824
de,pos,1000,1,0.76,0.757
de,pos,1000,2,0.904,0.902
de,syl,1000,1,0.92,0.92
de,syl,1000,2,0.98,0.98
de,pos_syl,1000,1,0.948,0.947
de,pos_syl,1000,2,0.94,0.939
de,pos,1000,2,0.928,0.926
de,syl,1000,2,0.988,0.988
de,pos,1000,2,0.908,0.903
de,syl,1000,1,0.916,0.916
de,token,25,1,0.476,0.465
de,syl,1000,1,0.956,0.955
de,pos_syl,1000,1,0.964,0.964
de,token,25,2,0.396,0.375
de,pos_syl,1000,2,0.952,0.951
de,pos,25,1,0.308,0.307
de,pos,25,2,0.604,0.602
de,syl,25,1,0.288,0.275
de,token,25,1,0.368,0.365
de,syl,25,2,0.468,0.466
de,syl,1000,2,0.996,0.996
de,syl,1000,2,0.98,0.98
de,pos_syl,25,1,0.46,0.455
de,token,25,2,0.2,NaN
de,pos_syl,1000,1,0.996,0.996
de,pos_syl,1000,1,0.996,0.996
de,pos,25,1,0.248,0.246
de,pos_syl,1000,2,0.92,0.917
de,pos,25,2,0.66,0.658
de,syl,25,1,0.412,0.407
de,syl,25,2,0.5,0.471
de,pos_syl,25,1,0.532,0.532
de,pos_syl,25,2,0.724,0.722
de,token,50,1,0.468,0.466
de,pos_syl,1000,2,0.956,0.955
de,token,25,1,0.56,0.561
de,pos_syl,1000,2,0.932,0.93
de,token,25,1,0.452,0.45
de,pos_syl,25,2,0.82,0.82
de,token,50,2,0.384,0.385
de,token,25,2,0.38,0.341
de,pos,50,1,0.36,0.358
de,pos,25,1,0.236,0.233
de,token,50,1,0.704,0.702
de,token,25,1,0.3,0.293
de,token,25,2,0.244,0.201
de,pos,25,1,0.156,0.149
de,pos,25,2,0.652,0.654
de,pos,50,2,0.716,0.709
de,syl,25,1,0.432,0.434
de,syl,50,1,0.564,0.559
de,token,25,2,0.22,0.224
de,syl,25,2,0.524,0.523
de,pos,25,2,0.6,0.601
de,syl,50,2,0.72,0.718
de,pos,25,1,0.18,0.176
de,token,50,2,0.508,0.478
de,syl,25,1,0.416,0.389
de,pos_syl,25,1,0.44,0.442
de,pos_syl,50,1,0.584,0.581
de,pos,50,1,0.32,0.316
de,syl,25,2,0.56,0.552
de,pos,25,2,0.664,0.665
de,pos_syl,25,1,0.476,0.471
de,syl,25,1,0.584,0.584
de,pos,50,2,0.676,0.672
de,syl,25,2,0.528,0.52
de,syl,50,1,0.492,0.476
de,pos_syl,50,2,0.832,0.834
de,pos_syl,25,1,0.424,0.42
de,syl,50,2,0.748,0.748
de,pos_syl,50,1,0.528,0.521
de,pos_syl,25,2,0.828,0.832
de,token,100,1,0.6,0.595
de,pos_syl,25,2,0.756,0.753
de,token,50,1,0.52,0.513
de,pos_syl,50,2,0.824,0.82
de,token,50,1,0.536,0.527
de,pos_syl,25,2,0.656,0.647
de,token,100,2,0.332,0.33
de,token,100,1,0.636,0.632
de,pos,100,1,0.364,0.334
de,token,50,2,0.428,0.427
de,token,50,1,0.448,0.452
de,pos,50,1,0.344,0.341
de,token,50,2,0.284,0.264
de,pos,100,2,0.652,0.651
de,pos,50,1,0.288,0.28
de,syl,100,1,0.636,0.624
de,pos,50,2,0.768,0.773
de,token,100,2,0.468,0.47
de,syl,50,1,0.472,0.47
de,syl,100,2,0.764,0.756
de,pos,50,2,0.688,0.688
de,pos,100,1,0.272,0.273
de,token,50,2,0.252,0.246
de,syl,50,1,0.408,0.387
de,syl,50,2,0.676,0.67
de,pos_syl,100,1,0.688,0.669
de,pos,50,1,0.248,0.243
de,syl,50,2,0.716,0.719
de,pos_syl,50,1,0.664,0.666
de,pos,100,2,0.68,0.669
de,pos_syl,50,1,0.572,0.558
de,syl,100,1,0.652,0.653
de,pos,50,2,0.584,0.577
de,syl,50,1,0.436,0.431
de,pos_syl,100,2,0.884,0.883
de,syl,100,2,0.796,0.795
de,pos_syl,50,2,0.828,0.829
de,syl,50,2,0.708,0.703
de,pos_syl,100,1,0.748,0.738
de,pos_syl,50,2,0.86,0.859
de,pos_syl,50,1,0.528,0.515
de,token,200,1,0.636,0.627
de,token,100,1,0.432,0.401
de,token,100,1,0.616,0.617
de,pos_syl,100,2,0.9,0.9
de,pos_syl,50,2,0.804,0.805
de,token,200,1,0.676,0.677
de,token,100,2,0.316,0.293
de,token,100,1,0.612,0.594
de,token,200,2,0.68,0.68
de,token,100,2,0.456,0.451
de,pos,100,1,0.472,0.467
de,pos,200,1,0.516,0.51
de,pos,100,1,0.444,0.446
de,pos,100,2,0.688,0.674
de,syl,100,1,0.64,0.623
de,pos,100,2,0.688,0.69
de,pos,200,2,0.748,0.747
de,token,100,2,0.4,0.392
de,syl,200,1,0.644,0.641
de,syl,100,1,0.512,0.51
de,pos,100,1,0.376,0.367
de,token,200,2,0.624,0.612
de,syl,100,2,0.82,0.82
de,pos,200,1,0.516,0.515
de,syl,100,2,0.74,0.737
de,pos_syl,100,1,0.744,0.742
de,syl,200,2,0.856,0.858
de,pos_syl,100,1,0.576,0.572
de,pos_syl,200,1,0.852,0.851
de,pos,100,2,0.876,0.877
de,syl,100,1,0.576,0.577
de,pos,200,2,0.74,0.738
de,syl,200,1,0.64,0.637
de,syl,100,2,0.756,0.758
de,pos_syl,100,2,0.856,0.854
de,pos_syl,100,2,0.912,0.911
de,pos_syl,100,1,0.632,0.623
de,pos_syl,200,2,0.976,0.976
de,syl,200,2,0.852,0.848
de,token,200,1,0.812,0.806
de,token,200,1,0.628,0.623
de,pos_syl,200,1,0.784,0.783
de,token,300,1,0.776,0.768
de,pos_syl,100,2,0.9,0.9
de,token,200,1,0.736,0.739
de,pos_syl,200,2,0.928,0.928
de,token,200,2,0.604,0.6
de,token,200,2,0.688,0.685
de,pos,200,1,0.624,0.633
de,pos,200,1,0.54,0.533
de,token,300,1,0.732,0.73
de,token,300,2,0.708,0.708
de,pos,300,1,0.748,0.746
de,token,200,2,0.576,0.577
de,pos,200,2,0.88,0.88
de,pos,200,2,0.852,0.854
de,pos,200,1,0.436,0.439
de,syl,200,1,0.772,0.77
de,syl,200,1,0.636,0.624
de,syl,200,2,0.888,0.888
de,pos,300,2,0.92,0.918
de,syl,200,2,0.944,0.944
de,syl,300,1,0.744,0.732
de,pos,200,2,0.864,0.862
de,pos_syl,200,1,0.82,0.814
de,token,300,2,0.64,0.627
de,pos_syl,200,1,0.744,0.738
de,syl,200,1,0.796,0.794
de,pos,300,1,0.544,0.535
de,syl,300,2,0.976,0.976
de,syl,200,2,0.912,0.911
de,pos_syl,300,1,0.836,0.831
de,pos_syl,200,1,0.88,0.878
de,pos_syl,200,2,0.908,0.908
de,pos_syl,200,2,0.928,0.928
de,pos,300,2,0.848,0.843
de,syl,300,1,0.712,0.709
de,token,300,1,0.824,0.819
de,token,300,1,0.672,0.676
de,pos_syl,200,2,0.936,0.936
de,syl,300,2,0.904,0.904
de,pos_syl,300,2,0.972,0.972
de,pos_syl,300,1,0.904,0.904
de,token,300,1,0.776,0.776
de,token,500,1,0.792,0.792
de,token,300,2,0.74,0.738
de,pos,300,1,0.708,0.707
de,token,300,2,0.668,0.665
de,pos,300,1,0.508,0.495
de,pos_syl,300,2,0.924,0.924
de,token,300,2,0.736,0.73
de,token,500,1,0.804,0.796
de,pos,300,1,0.508,0.504
de,pos,300,2,0.868,0.867
de,syl,300,1,0.78,0.776
de,pos,300,2,0.832,0.828
de,syl,300,1,0.856,0.855
de,token,500,2,0.9,0.9
de,pos,500,1,0.712,0.712
de,syl,300,2,0.904,0.905
de,pos,300,2,0.86,0.86
de,syl,300,1,0.752,0.747
de,syl,300,2,0.936,0.936
de,pos_syl,300,1,0.892,0.888
de,pos_syl,300,1,0.892,0.891
de,syl,300,2,0.968,0.968
de,token,500,2,0.832,0.828
de,pos_syl,300,1,0.88,0.88
de,pos,500,2,0.952,0.952
de,pos,500,1,0.796,0.786
de,syl,500,1,0.856,0.856
de,pos_syl,300,2,0.936,0.936
de,pos_syl,300,2,0.976,0.976
de,token,500,1,0.796,0.791
de,token,500,1,0.808,0.809
de,pos_syl,300,2,0.984,0.984
de,syl,500,2,1,1
de,pos_syl,500,1,0.944,0.944
de,pos,500,2,0.936,0.936
de,syl,500,1,0.8,0.799
de,token,500,1,0.78,0.776
de,syl,500,2,0.948,0.948
de,pos_syl,500,1,0.984,0.984
de,pos_syl,500,2,0.976,0.976
de,token,500,2,0.792,0.791
de,token,500,2,0.844,0.843
de,pos,500,1,0.696,0.695
de,pos,500,1,0.636,0.63
de,token,750,1,0.848,0.847
de,token,500,2,0.82,0.818
de,pos,500,1,0.756,0.76
de,pos_syl,500,2,0.976,0.976
de,pos,500,2,0.916,0.915
de,syl,500,1,0.952,0.952
de,pos,500,2,0.92,0.919
de,syl,500,1,0.796,0.789
de,token,750,1,0.888,0.887
de,pos,500,2,0.948,0.948
de,syl,500,1,0.792,0.794
de,syl,500,2,1,1
de,syl,500,2,1,1
de,pos_syl,500,1,0.968,0.968
de,pos_syl,500,1,0.972,0.972
de,token,750,2,0.872,0.873
de,syl,500,2,0.976,0.976
de,pos,750,1,0.848,0.844
de,pos_syl,500,1,0.924,0.924
de,pos_syl,500,2,0.956,0.956
de,pos_syl,500,2,0.98,0.98
de,token,750,2,0.896,0.896
de,pos,750,1,0.716,0.716
de,pos,750,2,0.96,0.96
de,token,750,1,0.8,0.8
de,token,750,1,0.936,0.935
de,pos_syl,500,2,0.948,0.947
de,syl,750,1,0.912,0.911
de,token,750,1,0.756,0.745
de,pos,750,2,0.928,0.928
de,syl,750,1,0.924,0.923
de,syl,750,2,0.996,0.996
de,pos_syl,750,1,1,1
de,token,750,2,0.876,0.875
de,pos,750,1,0.74,0.732
de,token,750,2,0.908,0.907
de,syl,750,2,1,1
de,pos,750,1,0.792,0.787
de,pos_syl,750,1,0.976,0.976
de,token,750,2,0.92,0.92
de,pos,750,1,0.876,0.875
de,pos_syl,750,2,0.96,0.96
de,pos,750,2,0.964,0.964
de,token,1000,1,0.84,0.829
de,syl,750,1,0.992,0.992
de,pos,750,2,0.944,0.943
de,syl,750,1,1,1
de,pos_syl,750,2,0.988,0.988
de,pos,750,2,0.98,0.98
de,syl,750,1,0.94,0.94
de,token,1000,1,0.896,0.89
de,syl,750,2,1,1
de,syl,750,2,1,1
de,pos_syl,750,1,0.996,0.996
de,pos_syl,750,1,1,1
de,syl,750,2,1,1
de,pos_syl,750,1,0.988,0.988
de,token,1000,2,0.74,0.7
de,pos,1000,1,0.856,0.855
de,pos_syl,750,2,1,1
de,pos_syl,750,2,1,1
de,token,1000,2,0.804,0.776
de,pos_syl,750,2,0.988,0.988
de,pos,1000,1,0.796,0.783
de,token,1000,1,0.824,0.817
de,token,1000,1,0.788,0.774
de,token,1000,1,0.82,0.816
de,pos,1000,2,0.892,0.884
de,syl,1000,1,0.924,0.923
de,pos,1000,2,0.968,0.968
de,syl,1000,1,0.94,0.94
de,syl,1000,2,0.996,0.996
de,pos_syl,1000,1,0.996,0.996
de,token,1000,2,0.776,0.731
de,token,1000,2,0.816,0.801
de,pos,1000,1,0.88,0.878
de,pos,1000,1,0.912,0.912
de,syl,1000,2,0.992,0.992
de,token,1000,2,0.764,0.713
de,pos_syl,1000,1,0.992,0.992
de,pos,1000,1,0.86,0.863
de,pos_syl,1000,2,0.888,0.878
de,token,25,1,0.488,0.471
de,pos,1000,2,0.908,0.902
de,syl,1000,1,0.968,0.968
de,pos,1000,2,0.924,0.922
de,syl,1000,1,0.98,0.98
de,token,25,2,0.412,0.367
de,pos,25,1,0.252,0.247
de,pos_syl,1000,2,0.904,0.898
de,pos,1000,2,0.836,0.82
de,pos,25,2,0.556,0.554
de,syl,1000,1,0.92,0.92
de,syl,25,1,0.38,0.351
de,syl,25,2,0.508,0.5
de,token,25,1,0.352,0.352
de,pos_syl,25,1,0.464,0.46
de,syl,1000,2,1,1
de,token,25,2,0.188,NaN
de,syl,1000,2,0.996,0.996
de,pos_syl,1000,1,0.948,0.948
de,pos,25,1,0.404,0.387
de,pos_syl,1000,1,1,1
de,pos,25,2,0.56,0.563
de,syl,25,1,0.4,0.375
de,syl,1000,2,1,1
de,syl,25,2,0.556,0.549
de,pos_syl,25,2,0.772,0.769
de,pos_syl,1000,1,0.972,0.972
de,pos_syl,25,1,0.556,0.546
de,token,50,1,0.56,0.549
de,pos_syl,1000,2,0.908,0.903
de,token,50,2,0.348,0.347
de,pos_syl,1000,2,0.956,0.955
de,pos,50,1,0.304,0.298
de,pos_syl,25,2,0.74,0.737
de,token,25,1,0.336,0.338
de,pos,50,2,0.636,0.639
de,token,50,1,0.652,0.648
de,syl,50,1,0.496,0.493
de,token,25,2,0.308,0.271
de,pos,25,1,0.208,0.214
de,syl,50,2,0.632,0.629
de,pos_syl,1000,2,0.92,0.917
de,pos_syl,50,1,0.584,0.593
de,pos,25,2,0.496,0.481
de,syl,25,1,0.292,0.295
de,token,50,2,0.424,0.42
de,pos,50,1,0.324,0.327
de,syl,25,2,0.46,0.454
de,pos_syl,25,1,0.472,0.465
de,pos_syl,50,2,0.792,0.794
de,pos,50,2,0.74,0.731
de,syl,50,1,0.492,0.456
de,token,100,1,0.556,0.544
de,syl,50,2,0.716,0.714
de,pos_syl,50,1,0.612,0.604
de,pos_syl,25,2,0.796,0.794
de,token,100,2,0.592,0.586
de,token,25,1,0.372,0.353
de,token,25,1,0.336,0.322
de,pos,100,1,0.488,0.48
de,pos_syl,50,2,0.804,0.801
de,token,50,1,0.456,0.448
de,token,25,2,0.296,0.265
de,token,25,2,0.312,0.303
de,token,100,1,0.504,0.504
de,pos,100,2,0.724,0.72
de,pos,25,1,0.452,0.446
de,pos,25,1,0.176,0.179
de,syl,100,1,0.532,0.525
de,token,50,2,0.368,0.373
de,pos,25,2,0.628,0.626
de,syl,100,2,0.576,0.563
de,pos,25,2,0.516,0.512
de,syl,25,1,0.396,0.383
de,pos,50,1,0.252,0.244
de,syl,25,1,0.316,0.312
de,pos_syl,100,1,0.636,0.641
de,syl,25,2,0.58,0.579
de,syl,25,2,0.488,0.474
de,token,100,2,0.412,0.396
de,pos_syl,25,1,0.52,0.508
de,pos,100,1,0.304,0.278
de,pos_syl,25,1,0.596,0.592
de,pos,50,2,0.748,0.752
de,syl,50,1,0.42,0.408
de,syl,50,2,0.748,0.753
de,pos_syl,100,2,0.92,0.919
de,pos,100,2,0.712,0.712
de,pos_syl,50,1,0.576,0.563
de,syl,100,1,0.528,0.52
de,token,200,1,0.708,0.695
de,syl,100,2,0.696,0.692
de,pos_syl,25,2,0.796,0.8
de,pos_syl,25,2,0.708,0.711
de,pos_syl,100,1,0.62,0.608
de,pos_syl,50,2,0.832,0.832
de,token,50,1,0.632,0.632
de,token,50,1,0.584,0.577
de,token,100,1,0.764,0.752
de,pos_syl,100,2,0.844,0.844
de,token,200,2,0.616,0.596
de,pos,200,1,0.488,0.475
de,token,50,2,0.348,0.33
de,token,50,2,0.316,0.309
de,pos,50,1,0.504,0.497
de,token,200,1,0.684,0.669
de,pos,50,1,0.28,0.272
de,token,100,2,0.456,0.443
de,pos,100,1,0.416,0.406
de,pos,50,2,0.784,0.782
de,pos,200,2,0.836,0.835
de,pos,50,2,0.528,0.526
de,syl,50,1,0.456,0.427
de,syl,200,1,0.636,0.634
de,syl,50,1,0.568,0.548
de,syl,50,2,0.652,0.659
de,pos,100,2,0.608,0.603
de,syl,50,2,0.712,0.708
de,syl,100,1,0.664,0.663
de,pos_syl,50,1,0.7,0.701
de,syl,200,2,0.836,0.836
de,pos_syl,50,1,0.536,0.532
de,token,200,2,0.508,0.5
de,pos_syl,200,1,0.86,0.857
de,syl,100,2,0.796,0.793
de,pos,200,1,0.548,0.53
de,pos_syl,100,1,0.7,0.696
de,pos_syl,50,2,0.868,0.868
de,pos_syl,50,2,0.868,0.868
de,pos,200,2,0.812,0.812
de,pos_syl,200,2,0.976,0.976
de,token,100,1,0.552,0.532
de,syl,200,1,0.824,0.821
de,token,100,1,0.752,0.75
de,pos_syl,100,2,0.888,0.888
de,syl,200,2,0.944,0.944
de,token,300,1,0.616,0.608
de,token,200,1,0.772,0.767
de,pos_syl,200,1,0.836,0.831
de,token,100,2,0.496,0.491
de,token,100,2,0.516,0.509
de,pos,100,1,0.624,0.611
de,pos,100,1,0.52,0.515
de,pos,100,2,0.792,0.794
de,pos_syl,200,2,0.956,0.956
de,pos,100,2,0.792,0.792
de,syl,100,1,0.644,0.641
de,syl,100,1,0.616,0.614
de,token,200,2,0.708,0.707
de,pos,200,1,0.56,0.563
de,token,300,2,0.704,0.7
de,syl,100,2,0.768,0.769
de,syl,100,2,0.872,0.875
de,pos,300,1,0.628,0.62
de,token,300,1,0.64,0.633
de,pos_syl,100,1,0.692,0.685
de,pos_syl,100,1,0.748,0.75
de,pos,200,2,0.86,0.86
de,syl,200,1,0.716,0.708
de,pos_syl,100,2,0.896,0.897
de,pos,300,2,0.88,0.878
de,pos_syl,100,2,0.916,0.917
de,syl,300,1,0.848,0.848
de,syl,200,2,0.896,0.89
de,pos_syl,200,1,0.816,0.806
de,token,200,1,0.62,0.616
de,token,200,1,0.7,0.695
de,token,300,2,0.736,0.734
de,pos,300,1,0.64,0.634
de,syl,300,2,0.932,0.933
de,pos_syl,300,1,0.956,0.956
de,pos_syl,200,2,0.932,0.932
de,pos,300,2,0.86,0.861
de,token,200,2,0.584,0.577
de,token,200,2,0.612,0.602
de,syl,300,1,0.752,0.752
de,pos,200,1,0.524,0.516
de,pos,200,1,0.544,0.523
de,token,300,1,0.648,0.635
de,pos_syl,300,2,0.952,0.952
de,syl,300,2,0.932,0.931
de,pos,200,2,0.732,0.724
de,pos,200,2,0.792,0.786
de,pos_syl,300,1,0.88,0.879
de,syl,200,1,0.596,0.595
de,syl,200,1,0.716,0.714
de,token,500,1,0.756,0.756
de,syl,200,2,0.888,0.887
de,syl,200,2,0.884,0.885
de,token,300,2,0.74,0.738
de,pos_syl,200,1,0.668,0.661
de,pos_syl,200,1,0.932,0.933
de,pos,300,1,0.632,0.633
de,pos_syl,300,2,0.952,0.952
de,token,500,1,0.808,0.808
de,pos_syl,200,2,0.932,0.932
de,pos,300,2,0.816,0.813
de,pos_syl,200,2,0.972,0.972
de,syl,300,1,0.888,0.89
de,token,500,2,0.828,0.827
de,token,300,1,0.652,0.638
de,pos,500,1,0.76,0.757
de,token,300,1,0.612,0.604
de,syl,300,2,0.98,0.98
de,pos_syl,300,1,0.884,0.878
de,pos,500,2,0.976,0.976
de,token,500,2,0.728,0.723
de,token,300,2,0.672,0.665
de,syl,500,1,0.88,0.877
de,pos,500,1,0.768,0.765
de,pos,300,1,0.776,0.779
de,token,300,2,0.692,0.687
de,pos_syl,300,2,0.944,0.944
de,pos,300,1,0.724,0.717
de,syl,500,2,0.976,0.976
de,token,500,1,0.74,0.742
de,pos,300,2,0.836,0.832
de,pos_syl,500,1,0.988,0.988
de,syl,300,1,0.724,0.725
de,pos,300,2,0.856,0.857
de,pos,500,2,0.964,0.964
de,syl,500,1,0.848,0.849
de,syl,300,1,0.72,0.716
de,syl,300,2,0.928,0.927
de,syl,300,2,0.884,0.884
de,pos_syl,300,1,0.896,0.897
de,syl,500,2,0.968,0.968
de,pos_syl,300,1,0.924,0.922
de,pos_syl,500,1,0.94,0.939
de,pos_syl,500,2,0.96,0.96
de,token,500,2,0.828,0.828
de,pos,500,1,0.66,0.65
de,pos_syl,300,2,0.964,0.964
de,token,750,1,0.912,0.912
de,pos_syl,300,2,0.928,0.928
de,token,500,1,0.656,0.658
de,pos_syl,500,2,0.968,0.968
de,token,500,1,0.62,0.613
de,pos,500,2,0.956,0.956
de,token,750,1,0.812,0.813
de,syl,500,1,0.764,0.761
de,syl,500,2,1,1
de,token,750,2,0.832,0.831
de,token,500,2,0.756,0.756
de,pos_syl,500,1,0.952,0.952
de,pos,750,1,0.848,0.849
de,pos,500,1,0.692,0.691
de,token,500,2,0.9,0.899
de,pos,500,1,0.652,0.647
de,token,750,2,0.908,0.908
de,pos,750,1,0.816,0.815
de,pos,500,2,0.892,0.892
de,pos_syl,500,2,0.976,0.976
de,syl,500,1,0.788,0.788
de,pos,500,2,0.884,0.884
de,pos,750,2,0.968,0.968
de,syl,750,1,0.92,0.919
de,syl,500,1,0.896,0.896
de,token,750,1,0.788,0.785
de,syl,500,2,0.928,0.928
de,pos_syl,500,1,0.86,0.859
de,syl,500,2,0.948,0.948
de,pos,750,2,0.976,0.976
de,syl,750,1,0.82,0.818
de,syl,750,2,0.984,0.984
de,pos_syl,500,1,0.96,0.96
de,pos_syl,750,1,0.984,0.984
de,pos_syl,500,2,0.96,0.96
de,syl,750,2,0.956,0.956
de,pos_syl,750,1,0.984,0.984
de,pos_syl,500,2,1,1
de,token,750,2,0.876,0.877
de,pos,750,1,0.748,0.75
de,token,750,1,0.896,0.896
de,pos_syl,750,2,0.968,0.968
de,token,750,1,0.904,0.904
de,token,1000,1,0.876,0.875
de,pos_syl,750,2,0.988,0.988
de,pos,750,2,0.988,0.988
de,syl,750,1,0.888,0.887
de,token,1000,1,0.82,0.797
de,token,750,2,0.868,0.869
de,pos,750,1,0.772,0.771
de,token,750,2,0.86,0.861
de,pos,750,1,0.828,0.825
de,syl,750,2,0.996,0.996
de,pos_syl,750,1,0.956,0.955
de,token,1000,2,0.76,0.753
de,pos,1000,1,0.884,0.883
de,pos,750,2,0.952,0.952
de,syl,750,1,0.976,0.976
de,pos,750,2,0.984,0.984
de,syl,750,1,0.968,0.968
de,pos_syl,750,2,0.988,0.988
de,token,1000,2,0.744,0.686
de,pos,1000,1,0.764,0.753
de,token,1000,1,0.756,0.73
de,syl,750,2,1,1
de,pos,1000,2,0.976,0.976
de,syl,750,2,1,1
de,pos_syl,750,1,1,1
de,syl,1000,1,0.94,0.94
de,pos_syl,750,1,1,1
de,pos,1000,2,0.924,0.922
de,syl,1000,1,0.932,0.932
de,syl,1000,2,0.984,0.984
de,pos_syl,750,2,0.996,0.996
de,pos_syl,1000,1,0.972,0.972
de,pos_syl,750,2,1,1
de,token,1000,1,0.904,0.903
de,token,1000,2,0.74,0.708
de,token,1000,1,0.88,0.877
de,pos,1000,1,0.812,0.802
de,syl,1000,2,0.968,0.968
de,pos_syl,1000,1,0.992,0.992
de,pos_syl,1000,2,0.94,0.939
de,token,25,1,0.472,0.461
de,pos,1000,2,0.892,0.884
de,token,25,2,0.24,0.176
de,syl,1000,1,0.92,0.918
de,pos,25,1,0.28,0.271
de,pos,25,2,0.648,0.651
de,pos_syl,1000,2,0.936,0.934
de,syl,25,1,0.488,0.485
de,token,1000,2,0.772,0.741
de,syl,25,2,0.496,0.484
de,pos,1000,1,0.824,0.818
de,token,1000,2,0.784,0.735
de,pos_syl,25,1,0.524,0.504
de,pos,1000,1,0.936,0.937
de,syl,1000,2,1,1
de,pos_syl,1000,1,0.956,0.955
de,pos_syl,25,2,0.788,0.79
de,token,25,1,0.348,0.351
de,pos,1000,2,0.848,0.825
de,token,50,1,0.472,0.461
de,token,25,2,0.244,0.251
de,syl,1000,1,0.904,0.902
de,pos,1000,2,0.96,0.96
de,pos,25,1,0.244,0.238
de,syl,1000,1,0.972,0.972
de,pos,25,2,0.416,0.418
de,syl,25,1,0.316,0.307
de,token,50,2,0.32,0.315
de,pos,50,1,0.308,0.307
de,syl,25,2,0.416,0.412
de,pos_syl,1000,2,0.956,0.955
de,pos_syl,25,1,0.44,0.437
de,pos,50,2,0.592,0.591
de,syl,50,1,0.576,0.574
de,syl,1000,2,0.96,0.959
de,syl,50,2,0.732,0.727
de,pos_syl,1000,1,0.98,0.98
de,syl,1000,2,1,1
de,pos_syl,50,1,0.64,0.624
de,pos_syl,1000,1,1,1
de,pos_syl,25,2,0.576,0.574
de,pos_syl,50,2,0.812,0.81
de,token,25,1,0.384,0.376
de,token,50,1,0.476,0.477
de,token,100,1,0.648,0.638
de,token,25,2,0.216,0.217
de,pos,25,1,0.288,0.283
de,token,50,2,0.368,0.349
de,pos_syl,1000,2,0.904,0.898
de,pos,25,2,0.62,0.621
de,pos,50,1,0.416,0.419
de,token,100,2,0.504,0.495
de,syl,25,1,0.464,0.462
de,pos_syl,1000,2,0.936,0.934
de,pos,100,1,0.372,0.374
de,syl,25,2,0.512,0.488
de,pos,50,2,0.668,0.663
de,pos_syl,25,1,0.372,0.355
de,syl,50,1,0.268,0.261
de,pos,100,2,0.612,0.615
de,syl,50,2,0.572,0.552
de,syl,100,1,0.656,0.652
de,pos_syl,50,1,0.548,0.55
de,syl,100,2,0.816,0.814
de,pos_syl,100,1,0.72,0.716
de,pos_syl,50,2,0.808,0.806
de,pos_syl,25,2,0.788,0.787
de,pos_syl,100,2,0.892,0.892
de,token,25,1,0.336,0.332
de,token,100,1,0.676,0.669
de,token,50,1,0.572,0.563
de,token,25,1,0.388,0.375
de,token,200,1,0.732,0.735
de,token,25,2,0.352,0.343
de,token,25,2,0.192,0.184
de,pos,25,1,0.344,0.337
de,pos,25,1,0.252,0.254
de,token,50,2,0.192,0.192
de,token,100,2,0.592,0.581
de,pos,25,2,0.6,0.597
de,pos,50,1,0.276,0.276
de,pos,25,2,0.416,0.421
de,pos,100,1,0.444,0.442
de,syl,25,1,0.312,0.303
de,syl,25,1,0.4,0.386
de,syl,25,2,0.48,0.459
de,syl,25,2,0.42,0.412
de,pos,50,2,0.636,0.624
de,token,200,2,0.604,0.585
de,pos_syl,25,1,0.472,0.474
de,pos_syl,25,1,0.328,0.317
de,pos,100,2,0.74,0.733
de,syl,50,1,0.432,0.426
de,pos,200,1,0.404,0.407
de,syl,100,1,0.612,0.587
de,syl,50,2,0.632,0.633
de,syl,100,2,0.896,0.895
de,pos_syl,50,1,0.472,0.456
de,pos_syl,100,1,0.716,0.712
de,pos,200,2,0.848,0.847
de,syl,200,1,0.792,0.789
de,pos_syl,25,2,0.68,0.678
de,pos_syl,25,2,0.72,0.718
de,pos_syl,50,2,0.78,0.773
de,syl,200,2,0.944,0.944
de,pos_syl,100,2,0.868,0.867
de,pos_syl,200,1,0.796,0.794
de,token,50,1,0.564,0.554
de,token,50,1,0.548,0.549
de,token,100,1,0.52,0.511
de,token,200,1,0.672,0.667
de,token,50,2,0.384,0.37
de,token,50,2,0.372,0.383
de,pos_syl,200,2,0.94,0.94
de,pos,50,1,0.312,0.309
de,token,100,2,0.48,0.48
de,pos,50,1,0.272,0.267
de,pos,100,1,0.408,0.394
de,token,200,2,0.62,0.615
de,token,300,1,0.644,0.646
de,pos,50,2,0.672,0.668
de,pos,50,2,0.584,0.58
de,syl,50,1,0.308,0.298
de,pos,200,1,0.548,0.546
de,pos,100,2,0.72,0.716
de,syl,50,1,0.532,0.53
de,syl,100,1,0.612,0.605
de,syl,50,2,0.464,0.461
de,syl,50,2,0.648,0.651
de,pos_syl,50,1,0.528,0.526
de,pos_syl,50,1,0.472,0.461
de,syl,100,2,0.708,0.709
de,pos,200,2,0.772,0.771
de,pos_syl,100,1,0.64,0.635
de,syl,200,1,0.656,0.651
de,pos_syl,50,2,0.836,0.835
de,pos_syl,50,2,0.752,0.753
de,token,300,2,0.668,0.659
de,syl,200,2,0.82,0.819
de,pos,300,1,0.58,0.576
de,pos_syl,200,1,0.8,0.797
de,token,100,1,0.6,0.594
de,pos_syl,100,2,0.92,0.92
de,token,100,1,0.576,0.569
de,token,200,1,0.652,0.643
de,pos,300,2,0.796,0.791
de,syl,300,1,0.864,0.863
de,token,100,2,0.488,0.49
de,pos_syl,200,2,0.944,0.944
de,token,100,2,0.42,0.419
de,pos,100,1,0.464,0.459
de,pos,100,1,0.392,0.393
de,token,300,1,0.728,0.726
de,syl,300,2,0.964,0.964
de,pos,100,2,0.784,0.779
de,token,200,2,0.632,0.634
de,pos_syl,300,1,0.924,0.924
de,syl,100,1,0.616,0.608
de,pos,100,2,0.628,0.627
de,pos,200,1,0.524,0.517
de,syl,100,1,0.58,0.552
de,syl,100,2,0.792,0.785
de,pos_syl,100,1,0.728,0.723
de,syl,100,2,0.784,0.784
de,pos_syl,100,1,0.648,0.632
de,pos,200,2,0.8,0.798
de,syl,200,1,0.644,0.638
de,pos_syl,300,2,0.94,0.94
de,token,300,2,0.584,0.573
de,pos_syl,100,2,0.824,0.828
de,pos,300,1,0.648,0.65
de,syl,200,2,0.9,0.898
de,pos_syl,100,2,0.92,0.919
de,pos_syl,200,1,0.836,0.834
de,token,500,1,0.772,0.767
de,token,200,1,0.728,0.727
de,token,200,1,0.684,0.682
de,pos,300,2,0.828,0.828
de,syl,300,1,0.84,0.839
de,pos_syl,200,2,0.904,0.903
de,token,200,2,0.636,0.633
de,syl,300,2,0.94,0.939
de,pos,200,1,0.396,0.395
de,token,300,1,0.624,0.62
de,pos_syl,300,1,0.888,0.888
de,token,200,2,0.62,0.62
de,pos,200,1,0.492,0.48
de,token,500,2,0.8,0.798
de,pos,500,1,0.704,0.702
de,pos,200,2,0.736,0.736
de,syl,200,1,0.74,0.736
de,pos,200,2,0.744,0.747
de,pos_syl,300,2,0.94,0.94
de,syl,200,1,0.652,0.652
de,syl,200,2,0.92,0.919
de,token,300,2,0.88,0.88
de,pos_syl,200,1,0.868,0.867
de,pos,300,1,0.772,0.775
de,syl,200,2,0.904,0.903
de,token,500,1,0.74,0.726
de,pos,500,2,0.916,0.916
de,pos_syl,200,1,0.932,0.932
de,syl,500,1,0.872,0.87
de,pos_syl,200,2,0.916,0.916
de,pos,300,2,0.864,0.862
de,syl,300,1,0.7,0.699
de,pos_syl,200,2,0.836,0.837
de,syl,500,2,0.968,0.968
de,token,300,1,0.688,0.69
de,pos_syl,500,1,0.952,0.952
de,syl,300,2,0.904,0.904
de,token,300,1,0.684,0.677
de,pos_syl,300,1,0.912,0.911
de,token,500,2,0.844,0.844
de,pos,500,1,0.736,0.732
de,token,300,2,0.732,0.704
de,pos_syl,300,2,0.964,0.964
de,pos,300,1,0.756,0.756
de,pos_syl,500,2,0.972,0.972
de,token,300,2,0.676,0.668
de,pos,500,2,0.908,0.908
de,pos,300,1,0.592,0.583
de,syl,500,1,0.872,0.872
de,token,500,1,0.672,0.659
de,token,750,1,0.848,0.844
de,pos,300,2,0.88,0.881
de,syl,300,1,0.876,0.876
de,pos,300,2,0.84,0.839
de,syl,300,1,0.752,0.749
de,syl,500,2,0.98,0.98
de,syl,300,2,0.968,0.968
de,pos_syl,500,1,0.988,0.988
de,pos_syl,300,1,0.904,0.902
de,syl,300,2,0.956,0.956
de,pos_syl,300,1,0.812,0.807
de,token,500,2,0.788,0.785
de,pos,500,1,0.788,0.788
de,pos_syl,300,2,0.948,0.948
de,pos_syl,500,2,0.996,0.996
de,token,750,2,0.932,0.932
de,pos,750,1,0.884,0.883
de,pos_syl,300,2,0.94,0.94
de,token,500,1,0.764,0.76
de,token,750,1,0.904,0.904
de,pos,500,2,0.952,0.952
de,token,500,1,0.724,0.722
de,syl,500,1,0.852,0.851
de,pos,750,2,0.952,0.951
de,syl,750,1,0.896,0.896
de,syl,500,2,0.952,0.951
de,pos_syl,500,1,0.948,0.948
de,token,500,2,0.816,0.816
de,pos,500,1,0.784,0.778
de,token,500,2,0.876,0.876
de,token,750,2,0.92,0.919
de,syl,750,2,0.996,0.996
de,pos,500,1,0.716,0.717
de,pos,750,1,0.852,0.851
de,pos_syl,750,1,0.996,0.996
de,pos_syl,500,2,0.98,0.98
de,pos,500,2,0.952,0.952
de,syl,500,1,0.848,0.848
de,token,750,1,0.84,0.838
de,pos,500,2,0.976,0.976
de,syl,500,1,0.928,0.928
de,pos,750,2,0.952,0.952
de,syl,750,1,0.964,0.964
de,syl,500,2,0.996,0.996
de,pos_syl,750,2,1,1
de,pos_syl,500,1,0.96,0.959
de,syl,500,2,0.988,0.988
de,pos_syl,500,1,0.976,0.976
de,token,1000,1,0.852,0.841
de,syl,750,2,0.996,0.996
de,pos_syl,750,1,0.996,0.996
de,pos_syl,500,2,1,1
de,token,750,2,0.832,0.832
de,pos,750,1,0.824,0.821
de,pos_syl,500,2,0.972,0.972
de,token,750,1,0.904,0.904
de,token,750,1,0.888,0.888
de,pos_syl,750,2,1,1
de,pos,750,2,0.972,0.972
de,syl,750,1,0.892,0.894
de,token,1000,1,0.804,0.792
de,token,1000,2,0.796,0.75
de,pos,1000,1,0.764,0.75
de,syl,750,2,0.988,0.988
de,token,750,2,0.808,0.799
de,pos,750,1,0.8,0.797
de,pos_syl,750,1,0.996,0.996
de,token,750,2,0.932,0.932
de,pos,750,1,0.7,0.696
de,pos,1000,2,0.984,0.984
de,syl,1000,1,0.948,0.948
de,pos,750,2,0.952,0.952
de,syl,750,1,0.924,0.924
de,token,1000,2,0.728,0.671
de,pos_syl,750,2,0.964,0.964
de,pos,750,2,0.96,0.96
de,pos,1000,1,0.908,0.908
de,syl,750,1,0.972,0.972
de,syl,1000,2,1,1
de,token,1000,1,0.856,0.853
de,pos_syl,1000,1,0.956,0.956
de,syl,750,2,1,1
de,pos_syl,750,1,0.984,0.984
de,syl,750,2,0.976,0.976
de,pos_syl,750,1,0.988,0.988
de,pos,1000,2,0.94,0.939
de,syl,1000,1,0.968,0.968
de,pos_syl,1000,2,0.94,0.939
de,token,25,1,0.432,0.414
de,pos_syl,750,2,0.988,0.988
de,pos_syl,750,2,1,1
de,token,25,2,0.228,0.219
de,token,1000,2,0.776,0.74
de,syl,1000,2,1,1
de,pos,25,1,0.3,0.299
de,pos,1000,1,0.8,0.789
de,pos_syl,1000,1,0.988,0.988
de,token,1000,1,0.8,0.761
de,token,1000,1,0.844,0.84
de,pos,25,2,0.62,0.618
de,syl,25,1,0.388,0.38
de,syl,25,2,0.424,0.42
de,pos_syl,25,1,0.484,0.474
de,pos,1000,2,0.9,0.893
de,pos_syl,1000,2,0.94,0.939
de,syl,1000,1,0.912,0.911
de,pos_syl,25,2,0.708,0.707
de,token,50,1,0.468,0.439
de,token,25,1,0.348,0.351
de,token,1000,2,0.728,NA
de,token,1000,2,0.684,0.624
de,pos,1000,1,0.8,0.791
de,pos,1000,1,0.828,0.825
de,token,50,2,0.32,0.304
de,token,25,2,0.292,0.257
de,pos,50,1,0.432,0.408
de,pos,25,1,0.328,0.325
de,syl,1000,2,0.956,0.955
de,pos_syl,1000,1,0.996,0.996
de,pos,25,2,0.664,0.663
de,pos,50,2,0.628,0.625
de,syl,25,1,0.364,0.36
de,syl,50,1,0.484,0.476
de,syl,25,2,0.556,0.551
de,syl,50,2,0.676,0.67
de,pos_syl,25,1,0.448,0.447
de,pos_syl,50,1,0.616,0.604
de,pos,1000,2,0.94,0.939
de,pos,1000,2,0.944,0.942
de,syl,1000,1,0.924,0.925
de,pos_syl,50,2,0.768,0.771
de,syl,1000,1,0.948,0.947
de,pos_syl,25,2,0.744,0.742
de,token,100,1,0.576,0.565
de,pos_syl,1000,2,0.872,0.857
de,token,50,1,0.532,0.534
de,token,100,2,0.464,0.466
de,pos,100,1,0.356,0.349
de,token,25,1,0.424,0.415
de,syl,1000,2,0.976,0.976
de,syl,1000,2,0.992,0.992
de,token,50,2,0.252,0.253
de,pos,50,1,0.468,0.465
de,pos_syl,1000,1,0.996,0.996
de,pos_syl,1000,1,0.932,0.931
de,pos,100,2,0.836,0.836
de,token,25,2,0.256,0.241
de,syl,100,1,0.548,0.531
de,pos,25,1,0.244,0.225
de,pos,50,2,0.616,0.609
de,syl,50,1,0.476,0.461
de,syl,100,2,0.808,0.809
de,pos,25,2,0.572,0.572
de,syl,50,2,0.744,0.743
de,pos_syl,100,1,0.688,0.684
de,syl,25,1,0.456,0.443
de,pos_syl,50,1,0.616,0.605
de,syl,25,2,0.424,0.419
de,pos_syl,25,1,0.444,0.445
de,pos_syl,100,2,0.852,0.851
de,pos_syl,50,2,0.808,0.797
de,pos_syl,1000,2,0.96,0.96
de,pos_syl,1000,2,0.856,0.835
de,token,200,1,0.648,0.644
de,token,100,1,0.564,0.563
de,pos_syl,25,2,0.804,0.798
de,token,50,1,0.424,0.41
de,token,100,2,0.54,0.528
de,pos,100,1,0.388,0.383
de,token,200,2,0.612,0.609
de,pos,200,1,0.552,0.538
de,token,50,2,0.316,0.313
de,pos,100,2,0.796,0.795
de,syl,100,1,0.74,0.732
de,pos,50,1,0.384,0.379
de,pos,200,2,0.808,0.802
de,syl,100,2,0.872,0.872
de,syl,200,1,0.64,0.639
de,pos,50,2,0.532,0.532
de,pos_syl,100,1,0.74,0.741
de,syl,50,1,0.436,0.423
de,token,25,1,0.356,0.347
de,token,25,1,0.356,0.36
de,syl,200,2,0.94,0.94
de,syl,50,2,0.752,0.755
de,pos_syl,50,1,0.612,0.602
de,pos_syl,200,1,0.8,0.798
de,token,25,2,0.324,0.33
de,token,25,2,0.296,0.298
de,pos,25,1,0.36,0.349
de,pos_syl,100,2,0.964,0.964
de,pos,25,1,0.376,0.366
de,pos,25,2,0.644,0.64
de,pos,25,2,0.5,0.501
de,pos_syl,50,2,0.744,0.743
de,token,200,1,0.708,0.705
de,syl,25,1,0.38,0.381
de,syl,25,1,0.428,0.424
de,pos_syl,200,2,0.984,0.984
de,syl,25,2,0.512,0.506
de,syl,25,2,0.612,0.606
de,token,100,1,0.732,0.72
de,pos_syl,25,1,0.496,0.489
de,pos_syl,25,1,0.472,0.469
de,token,300,1,0.764,0.762
de,token,200,2,0.64,0.633
de,pos,200,1,0.684,0.682
de,token,100,2,0.46,0.458
de,pos,100,1,0.328,0.321
de,pos_syl,25,2,0.76,0.755
de,pos_syl,25,2,0.72,0.724
de,pos,100,2,0.736,0.736
de,pos,200,2,0.784,0.78
de,token,50,1,0.5,0.503
de,token,300,2,0.74,0.734
de,syl,100,1,0.492,0.479
de,syl,200,1,0.688,0.687
de,token,50,1,0.488,0.479
de,pos,300,1,0.764,0.764
de,syl,100,2,0.732,0.731
de,syl,200,2,0.832,0.829
de,pos_syl,100,1,0.632,0.61
de,pos_syl,200,1,0.888,0.888
de,token,50,2,0.2,NaN
de,token,50,2,0.332,0.319
de,pos,50,1,0.348,0.34
de,pos,300,2,0.892,0.891
de,pos,50,1,0.376,0.364
de,syl,300,1,0.784,0.781
de,pos_syl,100,2,0.904,0.903
de,pos,50,2,0.82,0.817
de,syl,50,1,0.36,0.337
de,pos,50,2,0.556,0.548
de,pos_syl,200,2,0.9,0.898
de,syl,50,1,0.368,0.353
de,syl,50,2,0.592,0.559
de,syl,300,2,0.888,0.888
de,token,200,1,0.652,0.641
de,syl,50,2,0.736,0.733
de,pos_syl,50,1,0.656,0.633
de,pos_syl,300,1,0.94,0.94
de,token,300,1,0.72,0.723
de,pos_syl,50,1,0.624,0.609
de,pos_syl,50,2,0.864,0.862
de,pos_syl,50,2,0.796,0.799
de,token,200,2,0.58,0.574
de,pos,200,1,0.564,0.555
de,token,100,1,0.648,0.642
de,pos_syl,300,2,0.944,0.944
de,token,100,1,0.584,0.575
de,token,300,2,0.684,0.681
de,pos,300,1,0.672,0.673
de,token,500,1,0.756,0.756
de,pos,200,2,0.788,0.784
de,syl,200,1,0.68,0.679
de,token,100,2,0.516,0.504
de,pos,100,1,0.404,0.397
de,token,100,2,0.496,0.479
de,pos,100,1,0.472,0.46
de,syl,200,2,0.828,0.826
de,pos,300,2,0.844,0.844
de,syl,300,1,0.868,0.868
de,pos,100,2,0.732,0.736
de,pos_syl,200,1,0.876,0.874
de,syl,100,1,0.508,0.505
de,pos,100,2,0.756,0.757
de,syl,100,1,0.576,0.585
de,syl,100,2,0.684,0.682
de,syl,300,2,0.984,0.984
de,syl,100,2,0.74,0.739
de,pos_syl,100,1,0.716,0.711
de,pos_syl,300,1,0.844,0.845
de,pos_syl,200,2,0.936,0.935
de,pos_syl,100,1,0.832,0.831
de,token,500,2,0.784,0.785
de,pos,500,1,0.76,0.757
de,pos_syl,100,2,0.852,0.852
de,token,300,1,0.776,0.775
de,pos_syl,100,2,0.9,0.9
de,token,200,1,0.684,0.684
de,pos_syl,300,2,0.908,0.907
de,token,200,1,0.676,0.676
de,pos,500,2,0.912,0.911
de,syl,500,1,0.916,0.917
de,token,500,1,0.812,0.813
de,token,300,2,0.752,0.749
de,pos,300,1,0.612,0.608
de,token,200,2,0.688,0.689
de,pos,200,1,0.668,0.659
de,token,200,2,0.508,0.502
de,syl,500,2,1,1
de,pos,200,1,0.584,0.577
de,pos_syl,500,1,1,1
de,pos,300,2,0.836,0.835
de,pos,200,2,0.844,0.842
de,syl,300,1,0.724,0.72
de,syl,200,1,0.708,0.709
de,pos,200,2,0.772,0.773
de,syl,200,1,0.7,0.69
de,token,500,2,0.76,0.757
de,syl,200,2,0.88,0.88
de,syl,300,2,0.964,0.964
de,pos,500,1,0.776,0.777
de,syl,200,2,0.876,0.872
de,pos_syl,200,1,0.848,0.848
de,pos_syl,300,1,0.916,0.915
de,pos_syl,200,1,0.856,0.851
de,pos_syl,500,2,0.992,0.992
de,token,750,1,0.86,0.857
de,pos_syl,200,2,0.94,0.94
de,pos_syl,300,2,0.932,0.932
de,pos,500,2,0.884,0.883
de,pos_syl,200,2,0.952,0.952
de,syl,500,1,0.896,0.895
de,token,300,1,0.748,0.748
de,token,500,1,0.804,0.8
de,token,300,1,0.76,0.759
de,syl,500,2,0.96,0.96
de,pos_syl,500,1,0.976,0.976
de,token,300,2,0.7,0.696
de,token,300,2,0.708,0.708
de,pos,300,1,0.6,0.587
de,pos,300,1,0.644,0.639
de,token,750,2,0.912,0.911
de,pos,750,1,0.748,0.744
de,token,500,2,0.864,0.861
de,pos,500,1,0.756,0.751
de,pos_syl,500,2,0.996,0.996
de,pos,300,2,0.84,0.84
de,syl,300,1,0.856,0.856
de,pos,300,2,0.88,0.878
de,syl,300,1,0.8,0.79
de,token,750,1,0.764,0.762
de,syl,300,2,0.992,0.992
de,syl,300,2,0.944,0.944
de,pos,500,2,0.804,0.802
de,pos,750,2,0.972,0.972
de,pos_syl,300,1,0.924,0.924
de,syl,500,1,0.876,0.872
de,syl,750,1,0.904,0.905
de,pos_syl,300,1,0.94,0.94
de,pos_syl,300,2,0.944,0.944
de,syl,500,2,0.984,0.984
de,pos_syl,300,2,0.996,0.996
de,pos_syl,500,1,0.992,0.992
de,syl,750,2,1,1
de,pos_syl,750,1,0.972,0.972
de,token,500,1,0.796,0.795
de,token,500,1,0.748,0.746
de,token,750,2,0.816,0.816
de,pos,750,1,0.66,0.661
de,pos_syl,500,2,0.972,0.972
de,pos_syl,750,2,0.956,0.955
de,token,750,1,0.856,0.854
de,token,500,2,0.788,0.788
de,token,500,2,0.736,0.741
de,pos,750,2,0.988,0.988
de,pos,500,1,0.74,0.739
de,token,1000,1,0.8,0.772
de,pos,500,1,0.716,0.718
de,syl,750,1,0.94,0.94
de,pos,500,2,0.9,0.9
de,syl,750,2,0.996,0.996
de,pos,500,2,0.936,0.936
de,syl,500,1,0.736,0.733
de,syl,500,1,0.92,0.92
de,pos_syl,750,1,0.948,0.948
de,token,750,2,0.892,0.892
de,syl,500,2,0.964,0.964
de,pos,750,1,0.848,0.847
de,syl,500,2,1,1
de,pos_syl,500,1,0.964,0.964
de,pos_syl,500,1,0.992,0.992
de,token,1000,2,0.76,0.712
de,pos,1000,1,0.864,0.864
de,pos_syl,750,2,0.96,0.96
de,token,1000,1,0.72,0.684
de,pos,750,2,0.96,0.96
de,pos_syl,500,2,0.988,0.988
de,pos_syl,500,2,0.924,0.924
de,syl,750,1,0.932,0.933
de,token,750,1,0.876,0.876
de,token,750,1,0.868,0.866
de,pos,1000,2,0.896,0.888
de,syl,1000,1,0.948,0.948
de,syl,750,2,0.98,0.98
de,pos_syl,750,1,0.968,0.968
de,syl,1000,2,0.988,0.988
de,token,1000,2,0.652,0.597
de,pos_syl,1000,1,0.98,0.98
de,pos,1000,1,0.788,0.785
de,token,750,2,0.876,0.876
de,pos,750,1,0.772,0.765
de,pos_syl,750,2,0.996,0.996
de,token,750,2,0.864,0.863
de,pos,750,1,0.812,0.81
de,token,1000,1,0.824,0.819
de,pos_syl,1000,2,0.964,0.964
de,pos,750,2,0.964,0.964
de,pos,1000,2,0.92,0.919
de,pos,750,2,0.984,0.984
de,syl,750,1,0.856,0.857
de,syl,1000,1,0.92,0.919
de,syl,750,1,0.956,0.956
de,token,25,1,0.404,0.4
de,token,25,2,0.216,0.208
de,pos,25,1,0.34,0.338
de,syl,750,2,0.98,0.98
de,pos,25,2,0.652,0.652
de,syl,750,2,0.992,0.992
de,syl,25,1,0.312,0.3
de,pos_syl,750,1,0.98,0.98
de,pos_syl,750,1,0.988,0.988
de,syl,25,2,0.592,0.594
de,syl,1000,2,0.944,0.941
de,token,1000,2,0.796,0.763
de,pos_syl,25,1,0.488,0.488
de,pos_syl,1000,1,0.944,0.942
de,pos,1000,1,0.816,0.815
de,pos_syl,25,2,0.852,0.852
de,pos_syl,750,2,1,1
de,pos_syl,750,2,1,1
de,token,50,1,0.6,0.578
de,pos,1000,2,0.932,0.93
de,token,1000,1,0.88,0.866
de,pos_syl,1000,2,0.968,0.968
de,token,1000,1,0.9,0.898
de,syl,1000,1,0.952,0.952
de,token,50,2,0.408,0.367
de,pos,50,1,0.268,0.265
de,pos,50,2,0.556,0.536
de,syl,50,1,0.452,0.438
de,token,25,1,0.344,0.347
de,syl,50,2,0.604,0.606
de,pos_syl,50,1,0.456,0.446
de,syl,1000,2,0.988,0.988
de,token,25,2,0.384,0.383
de,pos_syl,1000,1,0.996,0.996
de,pos,25,1,0.272,0.265
de,pos_syl,50,2,0.752,0.749
de,pos,25,2,0.468,0.462
de,syl,25,1,0.436,0.432
de,syl,25,2,0.6,0.595
de,token,100,1,0.652,0.657
de,pos_syl,25,1,0.528,0.516
de,token,1000,2,0.78,0.737
de,token,1000,2,0.792,0.751
de,pos,1000,1,0.808,0.798
de,pos,1000,1,0.804,0.802
de,token,100,2,0.372,0.379
de,pos,100,1,0.344,0.322
de,pos_syl,1000,2,0.956,0.955
de,pos_syl,25,2,0.76,0.756
de,pos,100,2,0.664,0.667
de,syl,100,1,0.644,0.637
de,token,25,1,0.304,0.305
de,token,50,1,0.584,0.562
de,syl,100,2,0.744,0.74
de,pos,1000,2,0.916,0.913
de,pos_syl,100,1,0.712,0.706
de,pos,1000,2,0.956,0.955
de,token,25,2,0.196,0.204
de,syl,1000,1,0.928,0.927
de,syl,1000,1,0.964,0.964
de,pos,25,1,0.404,0.403
de,token,50,2,0.372,0.365
de,pos,50,1,0.32,0.318
de,pos,25,2,0.5,0.495
de,syl,25,1,0.372,0.37
de,pos_syl,100,2,0.828,0.825
de,syl,25,2,0.488,0.486
de,pos,50,2,0.68,0.673
de,syl,50,1,0.456,0.447
de,pos_syl,25,1,0.372,0.375
de,token,200,1,0.704,0.701
de,syl,50,2,0.624,0.624
de,pos_syl,50,1,0.58,0.573
de,syl,1000,2,0.948,0.947
de,syl,1000,2,1,1
de,pos_syl,1000,1,0.968,0.968
de,pos_syl,1000,1,1,1
de,pos_syl,50,2,0.844,0.844
de,token,200,2,0.704,0.695
de,pos_syl,25,2,0.7,0.699
de,pos,200,1,0.5,0.5
de,token,100,1,0.584,0.582
de,token,50,1,0.568,0.568
de,pos,200,2,0.856,0.855
de,syl,200,1,0.824,0.823
de,token,100,2,0.352,0.339
de,token,50,2,0.376,0.359
de,pos,100,1,0.492,0.474
de,syl,200,2,0.948,0.948
de,pos,50,1,0.324,0.292
de,pos_syl,1000,2,0.948,0.947
de,pos_syl,1000,2,1,1
de,pos_syl,200,1,0.844,0.838
de,pos,50,2,0.736,0.733
de,pos,100,2,0.712,0.712
de,syl,50,1,0.332,0.306
de,syl,100,1,0.608,0.612
de,syl,50,2,0.672,0.663
de,syl,100,2,0.792,0.786
de,pos_syl,50,1,0.46,0.451
de,pos_syl,200,2,0.924,0.924
de,pos_syl,100,1,0.784,0.78
de,token,300,1,0.788,0.787
de,pos_syl,50,2,0.88,0.882
de,pos_syl,100,2,0.928,0.928
de,token,100,1,0.632,0.63
de,token,200,1,0.684,0.685
de,token,300,2,0.68,0.679
de,token,100,2,0.42,0.408
de,pos,300,1,0.716,0.707
de,pos,100,1,0.332,0.321
de,token,25,1,0.248,0.236
de,token,25,1,0.38,0.374
de,token,200,2,0.688,0.683
de,token,25,2,0.252,0.256
de,pos,200,1,0.516,0.511
de,token,25,2,0.32,0.315
de,pos,100,2,0.592,0.595
de,pos,25,1,0.28,0.267
de,pos,25,1,0.268,0.266
de,syl,100,1,0.584,0.586
de,pos,300,2,0.844,0.841
de,syl,300,1,0.792,0.788
de,pos,25,2,0.428,0.433
de,pos,25,2,0.656,0.659
de,syl,100,2,0.692,0.695
de,syl,25,1,0.32,NaN
de,syl,25,1,0.544,0.525
de,pos,200,2,0.732,0.731
de,pos_syl,100,1,0.74,0.734
de,syl,200,1,0.616,0.618
de,syl,25,2,0.468,0.47
de,syl,25,2,0.524,0.521
de,pos_syl,25,1,0.572,0.566
de,syl,300,2,0.988,0.988
de,pos_syl,25,1,0.536,0.535
de,syl,200,2,0.916,0.916
de,pos_syl,300,1,0.876,0.874
de,pos_syl,100,2,0.892,0.893
de,pos_syl,200,1,0.904,0.903
de,token,200,1,0.68,0.68
de,pos_syl,25,2,0.66,0.658
de,pos_syl,25,2,0.832,0.83
de,pos_syl,300,2,0.936,0.936
de,pos_syl,200,2,0.936,0.936
de,token,50,1,0.528,0.535
de,token,50,1,0.616,0.615
de,token,500,1,0.816,0.813
de,token,300,1,0.796,0.795
de,token,200,2,0.62,0.619
de,pos,200,1,0.564,0.562
de,token,50,2,0.392,0.37
de,token,50,2,0.38,0.372
de,pos,50,1,0.3,0.294
de,pos,50,1,0.404,0.399
de,pos,200,2,0.836,0.837
de,pos,50,2,0.588,0.58
de,syl,200,1,0.804,0.806
de,pos,50,2,0.684,0.684
de,syl,50,1,0.436,0.433
de,token,300,2,0.676,0.665
de,syl,50,1,0.576,0.572
de,pos,300,1,0.616,0.614
de,syl,50,2,0.668,0.666
de,syl,50,2,0.624,0.626
de,syl,200,2,0.844,0.842
de,pos_syl,50,1,0.548,0.538
de,pos_syl,50,1,0.592,0.589
de,token,500,2,0.716,0.718
de,pos_syl,200,1,0.788,0.784
de,pos,500,1,0.636,0.629
de,pos,300,2,0.824,0.821
de,pos_syl,50,2,0.772,0.768
de,syl,300,1,0.832,0.83
de,pos_syl,50,2,0.848,0.848
de,pos_syl,200,2,0.984,0.984
de,token,100,1,0.572,0.556
de,token,100,1,0.568,0.554
de,syl,300,2,0.948,0.947
de,pos,500,2,0.924,0.923
de,syl,500,1,0.82,0.818
de,token,300,1,0.624,0.618
de,pos_syl,300,1,0.912,0.911
de,token,100,2,0.36,0.348
de,pos,100,1,0.388,0.383
de,token,100,2,0.444,0.436
de,pos,100,1,0.412,0.398
de,syl,500,2,1,1
de,pos_syl,500,1,0.96,0.96
de,pos_syl,300,2,0.94,0.94
de,pos,100,2,0.736,0.733
de,syl,100,1,0.624,0.62
de,pos,100,2,0.668,0.667
de,token,300,2,0.58,0.573
de,syl,100,1,0.66,0.661
de,pos,300,1,0.736,0.735
de,syl,100,2,0.796,0.795
de,token,500,1,0.776,0.773
de,syl,100,2,0.728,0.727
de,pos_syl,100,1,0.608,0.599
de,pos_syl,100,1,0.744,0.739
de,pos_syl,500,2,1,1
de,pos,300,2,0.868,0.868
de,pos_syl,100,2,0.84,0.838
de,syl,300,1,0.82,0.817
de,pos_syl,100,2,0.892,0.891
de,token,750,1,0.86,0.861
de,token,200,1,0.568,0.56
de,token,200,1,0.716,0.712
de,syl,300,2,0.952,0.952
de,pos_syl,300,1,0.892,0.89
de,token,500,2,0.824,0.823
de,pos,500,1,0.772,0.772
de,token,200,2,0.596,0.589
de,pos,200,1,0.516,0.513
de,token,200,2,0.604,0.594
de,pos,200,1,0.38,0.376
de,pos_syl,300,2,0.968,0.968
de,pos,500,2,0.952,0.952
de,pos,200,2,0.828,0.826
de,token,500,1,0.76,0.76
de,syl,500,1,0.86,0.859
de,syl,200,1,0.824,0.82
de,pos,200,2,0.8,0.8
de,token,750,2,0.9,0.898
de,syl,200,1,0.756,0.75
de,pos,750,1,0.796,0.781
de,syl,200,2,0.888,0.888
de,syl,200,2,0.904,0.905
de,pos_syl,200,1,0.876,0.873
de,syl,500,2,0.968,0.968
de,pos_syl,200,1,0.744,0.737
de,pos_syl,500,1,0.952,0.952
de,pos_syl,200,2,0.968,0.968
de,pos_syl,200,2,0.924,0.924
de,token,500,2,0.824,0.818
de,pos,750,2,0.98,0.98
de,pos,500,1,0.64,0.64
de,syl,750,1,0.924,0.923
de,token,300,1,0.664,0.665
de,token,300,1,0.72,0.719
de,pos_syl,500,2,0.988,0.988
de,token,750,1,0.832,0.832
de,pos,500,2,0.952,0.952
de,syl,750,2,1,1
de,syl,500,1,0.848,0.847
de,token,300,2,0.72,0.718
de,pos_syl,750,1,1,1
de,pos,300,1,0.64,0.645
de,token,300,2,0.496,0.476
de,pos,300,1,0.644,0.636
de,syl,500,2,0.988,0.988
de,pos,300,2,0.892,0.892
de,pos_syl,500,1,0.956,0.955
de,syl,300,1,0.78,0.779
de,pos,300,2,0.808,0.806
de,syl,300,1,0.784,0.786
de,syl,300,2,0.904,0.904
de,pos_syl,750,2,1,1
de,pos_syl,300,1,0.916,0.916
de,token,750,2,0.86,0.861
de,syl,300,2,0.936,0.935
de,pos,750,1,0.668,0.673
de,pos_syl,300,1,0.924,0.924
de,token,1000,1,0.78,0.763
de,pos_syl,500,2,0.944,0.944
de,pos_syl,300,2,0.968,0.968
de,token,750,1,0.864,0.861
de,pos_syl,300,2,0.952,0.952
de,token,500,1,0.848,0.847
de,pos,750,2,0.9,0.899
de,syl,750,1,0.896,0.896
de,token,500,1,0.788,0.788
de,syl,750,2,1,1
de,pos_syl,750,1,0.972,0.972
de,token,1000,2,0.748,0.685
de,pos,1000,1,0.86,0.861
de,token,500,2,0.78,0.776
de,token,750,2,0.848,0.847
de,pos,500,1,0.732,0.729
de,pos,750,1,0.884,0.885
de,token,500,2,0.756,0.751
de,pos,500,1,0.752,0.75
de,pos,500,2,0.94,0.94
de,pos_syl,750,2,0.984,0.984
de,syl,500,1,0.872,0.869
de,pos,750,2,0.956,0.956
de,pos,500,2,0.956,0.955
de,pos,1000,2,0.916,0.913
de,syl,750,1,0.928,0.928
de,syl,500,1,0.804,0.801
de,syl,1000,1,0.912,0.911
de,token,1000,1,0.836,0.83
de,syl,500,2,0.976,0.976
de,pos_syl,500,1,0.932,0.932
de,syl,500,2,0.976,0.976
de,syl,750,2,0.996,0.996
de,pos_syl,500,1,0.944,0.943
de,pos_syl,750,1,0.98,0.98
de,syl,1000,2,0.996,0.996
de,pos_syl,1000,1,0.996,0.996
de,pos_syl,500,2,0.988,0.988
de,pos_syl,500,2,0.984,0.984
de,token,750,1,0.836,0.836
de,token,1000,2,0.832,0.799
de,pos,1000,1,0.824,0.815
de,pos_syl,750,2,0.964,0.964
de,token,750,1,0.888,0.887
de,pos_syl,1000,2,0.96,0.96
de,token,1000,1,0.856,0.855
de,token,25,1,0.524,0.509
de,token,25,2,0.296,0.278
de,pos,25,1,0.364,0.36
de,pos,1000,2,0.908,0.904
de,syl,1000,1,0.984,0.984
de,pos,25,2,0.664,0.662
de,token,750,2,0.884,0.88
de,syl,25,1,0.304,0.302
de,pos,750,1,0.848,0.846
de,syl,25,2,0.68,0.667
de,pos_syl,25,1,0.464,0.464
de,token,750,2,0.788,0.783
de,pos,750,1,0.808,0.808
de,syl,1000,2,1,1
de,pos_syl,1000,1,0.996,0.996
de,token,1000,2,0.784,0.735
de,pos,1000,1,0.756,0.751
de,pos,750,2,0.928,0.928
de,pos_syl,25,2,0.796,0.796
de,syl,750,1,0.936,0.935
de,pos,750,2,0.94,0.94
de,token,50,1,0.556,0.557
de,syl,750,1,0.948,0.948
de,token,50,2,0.276,0.285
de,syl,750,2,1,1
de,pos,50,1,0.36,0.348
de,pos_syl,750,1,0.984,0.984
de,pos,1000,2,0.948,0.947
de,pos_syl,1000,2,0.92,0.917
de,syl,750,2,1,1
de,syl,1000,1,0.916,0.916
de,pos,50,2,0.584,0.585
de,pos_syl,750,1,0.972,0.972
de,syl,50,1,0.564,0.566
de,syl,50,2,0.66,0.641
de,pos_syl,50,1,0.56,0.553
de,pos_syl,50,2,0.804,0.804
de,pos_syl,750,2,1,1
de,token,25,1,0.484,0.481
de,syl,1000,2,0.968,0.968
de,pos_syl,750,2,1,1
de,pos_syl,1000,1,0.992,0.992
de,token,100,1,0.628,0.618
de,token,25,2,0.276,0.268
de,token,1000,1,0.852,0.845
de,pos,25,1,0.292,0.29
de,token,1000,1,0.8,0.773
de,pos,25,2,0.504,0.512
de,syl,25,1,0.292,0.279
de,token,100,2,0.428,0.442
de,syl,25,2,0.544,0.545
de,pos,100,1,0.428,0.429
de,pos_syl,25,1,0.364,0.363
de,pos,100,2,0.712,0.709
de,syl,100,1,0.576,0.555
de,pos_syl,1000,2,0.948,0.947
de,syl,100,2,0.86,0.86
de,pos_syl,100,1,0.692,0.69
de,token,25,1,0.396,0.397
de,pos_syl,25,2,0.752,0.75
de,token,25,2,0.252,0.217
de,token,50,1,0.472,0.449
de,pos,25,1,0.24,0.241
de,pos_syl,100,2,0.916,0.917
de,token,1000,2,0.756,NA
de,pos,1000,1,0.768,0.766
de,pos,25,2,0.632,0.625
de,token,1000,2,0.736,0.682
de,token,200,1,0.628,0.625
de,syl,25,1,0.4,0.393
de,pos,1000,1,0.852,0.849
de,token,50,2,0.308,0.307
de,syl,25,2,0.424,0.402
de,pos,50,1,0.432,0.431
de,pos_syl,25,1,0.456,0.441
de,pos,50,2,0.616,0.611
de,syl,50,1,0.564,0.56
de,token,200,2,0.496,0.501
de,syl,50,2,0.648,0.644
de,pos,200,1,0.484,0.478
de,pos_syl,50,1,0.632,0.622
de,pos,1000,2,0.904,0.897
de,syl,1000,1,0.932,0.93
de,pos_syl,25,2,0.816,0.816
de,pos,200,2,0.888,0.888
de,syl,200,1,0.78,0.775
de,pos_syl,50,2,0.768,0.767
de,pos,1000,2,0.928,0.926
de,token,50,1,0.456,0.438
de,syl,1000,1,0.94,0.939
de,token,100,1,0.548,0.54
de,syl,200,2,0.936,0.936
de,pos_syl,200,1,0.852,0.85
de,token,50,2,0.352,0.342
de,pos,50,1,0.276,0.258
de,syl,1000,2,1,1
de,token,100,2,0.572,0.573
de,pos_syl,1000,1,0.988,0.988
de,pos,50,2,0.724,0.724
de,pos,100,1,0.348,0.346
de,syl,50,1,0.464,0.442
de,pos_syl,200,2,0.964,0.964
de,syl,1000,2,0.984,0.984
de,syl,50,2,0.54,0.519
de,pos_syl,1000,1,1,1
de,pos,100,2,0.648,0.648
de,pos_syl,50,1,0.484,0.476
de,syl,100,1,0.604,0.608
de,token,300,1,0.696,0.695
de,syl,100,2,0.772,0.771
de,pos_syl,100,1,0.704,0.704
de,pos_syl,50,2,0.836,0.834
de,token,100,1,0.636,0.624
de,pos_syl,1000,2,0.924,0.921
de,pos_syl,100,2,0.868,0.867
de,token,300,2,0.64,0.639
de,pos,300,1,0.58,0.582
de,token,25,1,0.388,0.377
de,token,200,1,0.688,0.68
de,pos_syl,1000,2,0.92,0.917
de,token,100,2,0.344,0.341
de,pos,100,1,0.52,0.515
de,token,25,2,0.28,0.261
de,pos,25,1,0.312,0.314
de,pos,300,2,0.888,0.887
de,syl,300,1,0.828,0.828
de,pos,100,2,0.712,0.713
de,pos,25,2,0.44,0.447
de,syl,100,1,0.488,0.481
de,syl,25,1,0.508,0.503
de,token,200,2,0.628,0.627
de,syl,100,2,0.752,0.748
de,pos,200,1,0.628,0.63
de,syl,25,2,0.552,0.55
de,syl,300,2,0.976,0.976
de,pos_syl,100,1,0.764,0.764
de,pos_syl,25,1,0.308,0.297
de,pos_syl,300,1,0.872,0.871
de,pos,200,2,0.82,0.817
de,syl,200,1,0.572,0.569
de,pos_syl,100,2,0.828,0.826
de,syl,200,2,0.832,0.836
de,pos_syl,300,2,0.956,0.956
de,token,200,1,0.716,0.714
de,pos_syl,200,1,0.876,0.874
de,pos_syl,25,2,0.696,0.696
de,token,50,1,0.608,0.612
de,token,500,1,0.824,0.823
de,pos_syl,200,2,0.976,0.976
de,token,200,2,0.524,0.516
de,pos,200,1,0.552,0.558
de,token,50,2,0.336,0.324
de,pos,50,1,0.356,0.364
de,token,300,1,0.764,0.766
de,pos,50,2,0.684,0.684
de,pos,200,2,0.836,0.833
de,syl,50,1,0.644,0.627
de,syl,200,1,0.632,0.62
de,token,25,1,0.384,0.37
de,syl,50,2,0.648,0.647
de,token,500,2,0.864,0.864
de,pos_syl,50,1,0.6,0.597
de,pos,500,1,0.66,0.66
de,syl,200,2,0.928,0.928
de,token,25,2,0.312,0.269
de,pos_syl,200,1,0.856,0.853
de,token,300,2,0.792,0.791
de,pos,25,1,0.168,0.17
de,pos,300,1,0.52,0.52
de,pos_syl,50,2,0.82,0.822
de,pos,25,2,0.6,0.594
de,syl,25,1,0.372,0.364
de,syl,25,2,0.608,0.609
de,token,100,1,0.564,0.564
de,pos,500,2,0.972,0.972
de,pos_syl,200,2,0.932,0.933
de,syl,500,1,0.8,0.798
de,pos_syl,25,1,0.456,0.455
de,pos,300,2,0.864,0.865
de,syl,300,1,0.736,0.74
de,token,300,1,0.744,0.741
de,token,100,2,0.468,0.465
de,syl,300,2,0.944,0.945
de,pos,100,1,0.36,NaN
de,syl,500,2,0.976,0.976
de,pos_syl,300,1,0.984,0.984
de,pos_syl,500,1,0.936,0.936
de,pos_syl,25,2,0.76,0.76
de,pos,100,2,0.72,0.713
de,syl,100,1,0.596,0.577
de,token,50,1,0.472,0.463
de,token,300,2,0.72,0.71
de,syl,100,2,0.76,0.757
de,pos,300,1,0.628,0.63
de,pos_syl,100,1,0.724,0.724
de,pos_syl,300,2,0.912,0.91
de,token,50,2,0.348,0.33
de,pos,50,1,0.448,0.437
de,pos_syl,500,2,0.98,0.98
de,token,500,1,0.684,0.682
de,pos,300,2,0.9,0.9
de,syl,300,1,0.736,0.731
de,pos_syl,100,2,0.856,0.854
de,pos,50,2,0.644,0.644
de,syl,50,1,0.448,0.434
de,token,750,1,0.912,0.912
de,syl,50,2,0.62,0.607
de,token,200,1,0.68,0.668
de,syl,300,2,0.956,0.956
de,pos_syl,50,1,0.556,0.546
de,pos_syl,300,1,0.932,0.932
de,pos_syl,50,2,0.82,0.819
de,token,200,2,0.536,0.541
de,token,500,2,0.76,0.759
de,pos,200,1,0.54,0.537
de,token,100,1,0.704,0.699
de,pos,500,1,0.64,0.641
de,pos_syl,300,2,0.96,0.96
de,token,500,1,0.796,0.793
de,pos,200,2,0.828,0.826
de,syl,200,1,0.564,0.563
de,token,750,2,0.852,0.85
de,token,100,2,0.444,0.436
de,pos,750,1,0.768,0.766
de,pos,100,1,0.54,0.539
de,pos,500,2,0.94,0.94
de,syl,200,2,0.888,0.886
de,syl,500,1,0.88,0.878
de,pos_syl,200,1,0.8,0.799
de,pos,100,2,0.796,0.796
de,syl,100,1,0.6,0.604
de,syl,100,2,0.796,0.792
de,syl,500,2,0.956,0.956
de,pos_syl,100,1,0.724,0.727
de,pos_syl,200,2,0.98,0.98
de,token,500,2,0.808,0.807
de,pos_syl,500,1,0.96,0.96
de,pos,750,2,0.984,0.984
de,pos,500,1,0.804,0.804
de,syl,750,1,0.936,0.936
de,token,300,1,0.744,0.742
de,pos_syl,100,2,0.948,0.948
de,token,200,1,0.672,0.651
de,pos,500,2,0.936,0.935
de,pos_syl,500,2,0.988,0.988
de,syl,750,2,0.992,0.992
de,syl,500,1,0.816,0.814
de,pos_syl,750,1,1,1
de,token,300,2,0.744,0.739
de,token,750,1,0.94,0.94
de,pos,300,1,0.708,0.71
de,token,200,2,0.576,0.557
de,pos,200,1,0.524,0.514
de,syl,500,2,0.952,0.952
de,pos_syl,500,1,0.94,0.94
de,pos,300,2,0.864,0.861
de,pos,200,2,0.736,0.727
de,syl,300,1,0.808,0.807
de,syl,200,1,0.748,0.75
de,pos_syl,750,2,0.996,0.996
de,syl,200,2,0.908,0.906
de,syl,300,2,0.94,0.941
de,pos_syl,200,1,0.864,0.862
de,pos_syl,500,2,0.988,0.988
de,pos_syl,300,1,0.936,0.936
de,token,1000,1,0.852,0.85
de,token,750,2,0.872,0.87
de,token,750,1,0.824,0.821
de,pos,750,1,0.764,0.767
de,pos_syl,200,2,0.912,0.909
de,pos_syl,300,2,0.984,0.984
de,token,300,1,0.608,0.598
de,token,500,1,0.78,0.779
de,pos,750,2,0.972,0.972
de,syl,750,1,0.968,0.968
de,token,300,2,0.736,0.725
de,pos,300,1,0.512,0.506
de,token,1000,2,0.724,0.682
de,token,750,2,0.828,0.827
de,pos,1000,1,0.812,0.803
de,pos,750,1,0.84,0.838
de,syl,750,2,0.988,0.988
de,token,500,2,0.88,0.879
de,pos,500,1,0.648,0.647
de,pos_syl,750,1,0.984,0.984
de,pos,300,2,0.872,0.872
de,syl,300,1,0.876,0.875
de,syl,300,2,0.98,0.98
de,pos,750,2,0.964,0.964
de,pos_syl,300,1,0.892,0.892
de,pos,1000,2,0.888,0.878
de,syl,750,1,0.956,0.956
de,pos,500,2,0.892,0.89
de,syl,1000,1,0.928,0.927
de,syl,500,1,0.8,0.801
de,pos_syl,750,2,1,1
de,pos_syl,300,2,0.912,0.912
de,syl,500,2,0.976,0.976
de,syl,750,2,0.976,0.976
de,token,1000,1,0.788,0.766
de,pos_syl,500,1,0.98,0.98
de,token,500,1,0.76,0.756
de,pos_syl,750,1,0.972,0.972
de,syl,1000,2,0.976,0.976
de,pos_syl,1000,1,0.96,0.96
de,pos_syl,500,2,0.996,0.996
de,pos_syl,750,2,1,1
de,token,750,1,0.872,0.87
de,token,500,2,0.864,0.864
de,pos,500,1,0.764,0.764
de,pos_syl,1000,2,0.908,0.903
de,token,1000,1,0.824,0.812
de,token,1000,2,0.736,0.718
de,pos,1000,1,0.844,0.835
de,pos,500,2,0.876,0.872
de,token,25,1,0.452,0.458
de,syl,500,1,0.904,0.903
de,token,25,2,0.352,0.314
de,pos,25,1,0.36,0.364
de,token,750,2,0.828,0.829
de,pos,1000,2,0.948,0.947
de,syl,500,2,0.996,0.996
de,pos,750,1,0.82,0.819
de,pos,25,2,0.612,0.607
de,syl,1000,1,0.916,0.917
de,syl,25,1,0.38,0.382
de,pos_syl,500,1,0.912,0.912
de,syl,25,2,0.536,0.534
de,pos_syl,25,1,0.46,0.452
de,token,1000,2,0.82,0.803
de,pos,1000,1,0.856,0.853
de,pos,750,2,0.988,0.988
de,pos_syl,500,2,0.992,0.992
de,syl,750,1,0.964,0.963
de,syl,1000,2,0.976,0.976
de,pos_syl,25,2,0.776,0.777
de,pos_syl,1000,1,0.944,0.943
de,token,50,1,0.428,0.422
de,token,750,1,0.872,0.872
de,pos,1000,2,0.984,0.984
de,syl,1000,1,0.94,0.94
de,syl,750,2,1,1
de,token,50,2,0.364,0.344
de,pos_syl,750,1,0.968,0.968
de,pos,50,1,0.4,0.401
de,pos,50,2,0.544,0.545
de,syl,50,1,0.336,0.334
de,pos_syl,1000,2,0.936,0.934
de,syl,50,2,0.648,0.635
de,pos_syl,50,1,0.668,0.672
de,token,25,1,0.42,0.421
de,syl,1000,2,1,1
de,token,750,2,0.784,0.784
de,pos_syl,1000,1,0.984,0.984
de,pos,750,1,0.752,0.752
de,pos_syl,750,2,0.996,0.996
de,token,25,2,0.244,0.217
de,pos_syl,50,2,0.74,0.741
de,pos,25,1,0.276,0.274
de,token,100,1,0.692,0.689
de,pos,25,2,0.564,0.561
de,token,1000,1,0.804,0.797
de,syl,25,1,0.412,0.385
de,syl,25,2,0.528,0.528
de,pos_syl,25,1,0.568,0.567
de,token,100,2,0.456,0.454
de,pos,750,2,0.956,0.956
de,pos,100,1,0.3,0.295
de,syl,750,1,0.872,0.871
de,pos_syl,1000,2,0.976,0.976
de,pos,100,2,0.628,0.625
de,syl,100,1,0.596,0.599
de,pos_syl,25,2,0.732,0.723
de,token,25,1,0.408,0.398
de,syl,100,2,0.752,0.753
de,syl,750,2,0.92,0.92
de,pos_syl,100,1,0.616,0.609
de,token,50,1,0.34,0.338
de,token,25,2,0.204,0.192
de,pos_syl,750,1,0.956,0.956
de,pos,25,1,0.224,NaN
de,pos,25,2,0.472,0.476
de,pos_syl,100,2,0.936,0.936
de,syl,25,1,0.408,0.392
de,token,50,2,0.252,0.245
de,token,1000,2,0.72,0.659
de,pos,50,1,0.36,0.349
de,syl,25,2,0.544,0.529
de,pos,1000,1,0.792,0.789
de,token,200,1,0.764,0.763
de,pos_syl,25,1,0.48,0.468
de,pos,50,2,0.588,0.575
de,syl,50,1,0.524,0.519
de,pos_syl,750,2,0.968,0.968
de,syl,50,2,0.64,0.634
de,pos_syl,50,1,0.54,0.529
de,token,200,2,0.556,0.543
de,token,1000,1,0.832,0.824
de,pos_syl,25,2,0.716,0.72
de,pos,200,1,0.528,0.523
de,pos_syl,50,2,0.76,0.76
de,pos,1000,2,0.9,0.893
de,token,50,1,0.488,0.489
de,syl,1000,1,0.968,0.968
de,token,100,1,0.624,0.62
de,pos,200,2,0.836,0.837
de,syl,200,1,0.704,0.704
de,token,50,2,0.264,0.255
de,syl,200,2,0.884,0.883
de,pos,50,1,0.384,0.374
de,token,100,2,0.524,0.509
de,pos_syl,200,1,0.764,0.75
de,pos,100,1,0.308,0.319
de,pos,50,2,0.72,0.715
de,syl,1000,2,1,1
de,syl,50,1,0.404,0.399
de,pos_syl,1000,1,0.996,0.996
de,syl,50,2,0.58,0.584
de,pos,100,2,0.644,0.644
de,syl,100,1,0.532,0.505
de,pos_syl,200,2,0.928,0.927
de,pos_syl,50,1,0.612,0.591
de,syl,100,2,0.712,0.708
de,token,1000,2,0.708,0.663
de,pos_syl,100,1,0.72,0.706
de,pos,1000,1,0.78,0.774
de,token,300,1,0.776,0.775
de,pos_syl,50,2,0.84,0.84
de,token,100,1,0.592,0.591
de,pos_syl,100,2,0.864,0.864
de,token,200,1,0.676,0.673
de,pos_syl,1000,2,0.96,0.96
de,token,300,2,0.748,0.739
de,token,100,2,0.308,0.318
de,pos,300,1,0.56,0.569
de,pos,100,1,0.476,0.465
de,pos,1000,2,0.98,0.98
de,syl,1000,1,0.968,0.968
de,pos,100,2,0.712,0.705
de,token,200,2,0.592,0.584
de,syl,100,1,0.608,0.604
de,pos,300,2,0.852,0.851
de,pos,200,1,0.516,0.512
de,syl,300,1,0.8,0.798
de,syl,100,2,0.736,0.723
de,pos_syl,100,1,0.764,0.764
de,pos,200,2,0.884,0.885
de,syl,300,2,0.932,0.93
de,syl,200,1,0.716,0.704
de,pos_syl,300,1,0.844,0.845
de,syl,1000,2,0.944,0.942
de,pos_syl,100,2,0.908,0.908
de,syl,200,2,0.876,0.875
de,pos_syl,1000,1,1,1
de,pos_syl,200,1,0.832,0.822
de,token,200,1,0.6,0.593
de,pos_syl,300,2,0.92,0.919
de,token,25,1,0.384,0.375
de,pos_syl,200,2,0.94,0.94
de,token,500,1,0.812,0.812
de,token,25,2,0.232,NaN
de,token,200,2,0.696,0.692
de,pos,25,1,0.232,0.232
de,pos,200,1,0.468,0.46
de,token,300,1,0.636,0.629
de,pos_syl,1000,2,0.976,0.976
de,pos,25,2,0.524,0.519
de,syl,25,1,0.408,0.373
de,syl,25,2,0.656,0.652
de,pos,200,2,0.804,0.802
de,syl,200,1,0.588,0.582
de,pos_syl,25,1,0.5,0.489
de,syl,200,2,0.912,0.912
de,token,300,2,0.776,0.776
de,pos_syl,200,1,0.772,0.769
de,pos,300,1,0.624,0.613
de,token,500,2,0.868,0.867
de,token,25,1,0.516,0.503
de,pos,500,1,0.836,0.835
de,pos_syl,25,2,0.696,0.692
de,token,25,2,0.304,NaN
de,pos,25,1,0.264,0.268
de,pos_syl,200,2,0.916,0.916
de,pos,300,2,0.836,0.832
de,token,50,1,0.36,0.348
de,syl,300,1,0.824,0.823
de,pos,25,2,0.616,0.616
de,syl,25,1,0.456,0.438
de,token,300,1,0.604,0.608
de,pos,500,2,0.912,0.913
de,syl,25,2,0.468,0.469
de,syl,500,1,0.872,0.872
de,syl,300,2,0.968,0.968
de,token,50,2,0.272,0.242
de,pos_syl,25,1,0.564,0.564
de,pos_syl,300,1,0.872,0.871
de,pos,50,1,0.28,0.253
de,pos,50,2,0.612,0.613
de,syl,500,2,0.992,0.992
de,syl,50,1,0.496,0.487
de,token,300,2,0.64,0.64
de,pos_syl,500,1,0.92,0.92
de,syl,50,2,0.644,0.648
de,pos,300,1,0.664,0.655
de,pos_syl,300,2,0.96,0.96
de,pos_syl,50,1,0.54,0.527
de,pos_syl,25,2,0.836,0.836
de,token,50,1,0.68,0.667
de,token,500,1,0.688,0.685
de,pos_syl,50,2,0.756,0.758
de,pos,300,2,0.784,0.782
de,syl,300,1,0.784,0.785
de,pos_syl,500,2,0.992,0.992
de,token,100,1,0.584,0.582
de,token,50,2,0.372,0.365
de,pos,50,1,0.368,0.366
de,syl,300,2,0.872,0.871
de,token,750,1,0.86,0.861
de,pos_syl,300,1,0.872,0.872
de,pos,50,2,0.696,0.701
de,syl,50,1,0.58,0.575
de,token,100,2,0.344,0.348
de,pos,100,1,0.408,0.405
de,syl,50,2,0.616,0.615
de,token,500,2,0.812,0.81
de,pos_syl,50,1,0.596,0.584
de,pos,500,1,0.664,0.665
de,pos,100,2,0.772,0.771
de,pos_syl,300,2,0.96,0.96
de,syl,100,1,0.652,0.648
de,pos_syl,50,2,0.9,0.9
de,syl,100,2,0.808,0.803
de,pos_syl,100,1,0.728,0.726
de,token,500,1,0.808,0.807
de,token,100,1,0.612,0.616
de,pos,500,2,0.94,0.94
de,syl,500,1,0.856,0.853
de,token,750,2,0.832,0.829
de,pos_syl,100,2,0.912,0.912
de,pos,750,1,0.904,0.902
de,token,100,2,0.396,0.396
de,token,200,1,0.696,0.691
de,pos,100,1,0.396,0.398
de,syl,500,2,0.952,0.952
de,pos_syl,500,1,0.932,0.932
de,pos,100,2,0.68,0.678
de,token,500,2,0.828,0.825
de,syl,100,1,0.632,0.609
de,pos,500,1,0.616,0.613
de,syl,100,2,0.652,0.649
de,token,200,2,0.616,0.61
de,pos,750,2,0.96,0.96
de,pos_syl,100,1,0.644,0.612
de,pos,200,1,0.528,0.522
de,syl,750,1,0.888,0.888
de,pos_syl,500,2,0.992,0.992
de,pos,500,2,0.932,0.932
de,pos,200,2,0.772,0.779
de,syl,500,1,0.916,0.916
de,pos_syl,100,2,0.872,0.871
de,syl,200,1,0.712,0.709
de,token,750,1,0.86,0.86
de,token,200,1,0.664,0.649
de,syl,750,2,0.996,0.996
de,syl,200,2,0.952,0.952
de,pos_syl,750,1,1,1
de,pos_syl,200,1,0.852,0.85
de,syl,500,2,0.988,0.988
de,pos_syl,500,1,0.92,0.921
de,token,200,2,0.608,0.607
de,pos,200,1,0.536,0.539
de,pos_syl,200,2,0.944,0.944
de,token,300,1,0.732,0.733
de,pos_syl,750,2,0.96,0.96
de,pos,200,2,0.824,0.826
de,token,750,2,0.836,0.837
de,pos_syl,500,2,0.956,0.956
de,syl,200,1,0.572,0.565
de,pos,750,1,0.74,0.731
de,token,1000,1,0.808,0.779
de,token,750,1,0.828,0.827
de,syl,200,2,0.908,0.907
de,pos_syl,200,1,0.788,0.783
de,token,300,2,0.784,0.777
de,pos,300,1,0.528,0.505
de,pos,750,2,0.944,0.944
de,syl,750,1,0.84,0.841
de,pos_syl,200,2,0.916,0.916
de,pos,300,2,0.832,0.833
de,token,300,1,0.78,0.777
de,syl,300,1,0.904,0.903
de,syl,300,2,0.948,0.947
de,syl,750,2,0.992,0.992
de,token,750,2,0.84,0.839
de,pos_syl,750,1,0.988,0.988
de,pos_syl,300,1,0.94,0.94
de,pos,750,1,0.832,0.832
de,token,1000,2,0.768,0.73
de,pos,1000,1,0.864,0.86
de,token,300,2,0.628,0.619
de,pos,300,1,0.54,0.539
de,pos_syl,300,2,0.972,0.972
de,pos,300,2,0.9,0.899
de,pos_syl,750,2,0.996,0.996
de,syl,300,1,0.728,0.723
de,pos,750,2,0.932,0.931
de,syl,750,1,0.848,0.846
de,token,500,1,0.824,0.822
de,token,1000,1,0.804,0.796
de,syl,300,2,0.94,0.941
de,pos,1000,2,0.98,0.98
de,syl,1000,1,0.964,0.964
de,pos_syl,300,1,0.88,0.88
de,syl,750,2,0.996,0.996
de,pos_syl,750,1,1,1
de,pos_syl,300,2,0.936,0.936
de,token,500,2,0.764,0.762
de,pos,500,1,0.728,0.724
de,syl,1000,2,1,1
de,token,500,1,0.812,0.81
de,pos_syl,1000,1,0.984,0.984
de,token,1000,2,0.832,0.821
de,pos_syl,750,2,0.988,0.988
de,pos,1000,1,0.784,0.779
de,pos,500,2,0.924,0.924
de,syl,500,1,0.908,0.908
de,token,1000,1,0.808,0.777
de,token,500,2,0.832,0.828
de,pos,500,1,0.676,0.677
de,syl,500,2,0.988,0.988
de,pos_syl,1000,2,0.932,0.93
de,pos_syl,500,1,0.988,0.988
de,token,25,1,0.452,0.463
de,pos,1000,2,0.868,0.862
de,syl,1000,1,0.96,0.96
de,token,25,2,0.216,NaN
de,pos,500,2,0.884,0.881
de,pos,25,1,0.32,0.318
de,syl,500,1,0.868,0.868
de,pos,25,2,0.584,0.581
de,pos_syl,500,2,0.996,0.996
de,syl,25,1,0.304,0.302
de,syl,25,2,0.532,0.524
de,pos_syl,25,1,0.476,0.473
de,syl,500,2,0.996,0.996
de,token,750,1,0.92,0.918
de,pos_syl,500,1,0.968,0.968
de,syl,1000,2,0.992,0.992
de,token,1000,2,0.808,0.791
de,pos,1000,1,0.844,0.832
de,pos_syl,1000,1,0.992,0.992
de,pos_syl,25,2,0.64,0.636
de,pos_syl,500,2,0.988,0.988
de,token,50,1,0.488,0.476
de,token,750,1,0.868,0.869
de,pos,1000,2,0.876,0.865
de,syl,1000,1,0.968,0.968
de,pos_syl,1000,2,0.968,0.968
de,token,50,2,0.32,0.314
de,pos,50,1,0.364,0.361
de,token,750,2,0.82,0.818
de,pos,750,1,0.852,0.851
de,pos,50,2,0.68,0.68
de,syl,50,1,0.44,0.43
de,syl,50,2,0.648,0.651
de,token,25,1,0.42,0.407
de,pos_syl,50,1,0.54,0.541
de,syl,1000,2,0.968,0.967
de,token,25,2,0.264,0.224
de,pos_syl,1000,1,0.992,0.992
de,pos,25,1,0.496,0.493
de,pos_syl,50,2,0.788,0.786
de,pos,750,2,0.968,0.968
de,token,750,2,0.904,0.903
de,pos,25,2,0.776,0.778
de,syl,750,1,0.924,0.924
de,pos,750,1,0.772,0.769
de,syl,25,1,0.456,0.448
de,token,100,1,0.68,0.671
de,syl,25,2,0.604,0.6
de,pos_syl,25,1,0.524,0.525
de,token,100,2,0.424,0.417
de,pos,100,1,0.476,0.482
de,syl,750,2,1,1
de,pos_syl,1000,2,0.916,0.913
de,pos_syl,750,1,0.976,0.976
de,pos,750,2,0.976,0.976
de,pos,100,2,0.712,0.7
de,pos_syl,25,2,0.848,0.849
de,syl,750,1,0.928,0.928
de,syl,100,1,0.624,0.581
de,syl,100,2,0.8,0.797
de,token,50,1,0.412,0.41
de,pos_syl,100,1,0.784,0.774
de,syl,750,2,1,1
de,token,50,2,0.368,0.359
de,pos_syl,750,2,0.992,0.992
de,pos,50,1,0.3,0.283
de,pos_syl,100,2,0.876,0.874
de,pos_syl,750,1,0.98,0.98
de,token,25,1,0.344,0.349
de,pos,50,2,0.588,0.587
de,token,200,1,0.8,0.799
de,token,1000,1,0.808,0.795
de,syl,50,1,0.372,0.366
de,token,25,2,0.3,0.262
de,pos,25,1,0.288,0.285
de,syl,50,2,0.672,0.671
de,pos_syl,50,1,0.56,0.531
de,pos,25,2,0.692,0.688
de,syl,25,1,0.444,0.438
de,syl,25,2,0.604,0.598
de,token,200,2,0.524,0.535
de,pos_syl,750,2,1,1
de,pos_syl,50,2,0.828,0.828
de,pos,200,1,0.62,0.617
de,pos_syl,25,1,0.5,0.499
de,token,100,1,0.66,0.658
de,token,1000,1,0.732,0.694
de,pos,200,2,0.84,0.841
de,syl,200,1,0.628,0.616
de,pos_syl,25,2,0.812,0.809
de,token,100,2,0.492,0.479
de,syl,200,2,0.856,0.854
de,pos,100,1,0.484,0.475
de,pos_syl,200,1,0.808,0.799
de,token,50,1,0.6,0.577
de,token,1000,2,0.7,0.643
de,pos,1000,1,0.888,0.888
de,pos,100,2,0.596,0.584
de,syl,100,1,0.512,0.498
de,token,50,2,0.312,0.297
de,pos_syl,200,2,0.904,0.903
de,syl,100,2,0.82,0.812
de,pos,50,1,0.436,0.425
de,pos_syl,100,1,0.772,0.756
de,token,300,1,0.744,0.742
de,pos,50,2,0.624,0.623
de,syl,50,1,0.444,0.424
de,syl,50,2,0.592,0.584
de,pos_syl,100,2,0.816,0.817
de,token,1000,2,0.752,0.713
de,pos_syl,50,1,0.636,0.621
de,pos,1000,1,0.804,0.793
de,pos,1000,2,0.892,0.884
de,syl,1000,1,0.94,0.941
de,token,200,1,0.588,0.572
de,token,300,2,0.712,0.711
de,pos_syl,50,2,0.784,0.785
de,pos,300,1,0.616,0.594
de,token,100,1,0.596,0.581
de,token,200,2,0.696,0.689
de,pos,200,1,0.464,0.464
de,syl,1000,2,0.976,0.976
de,pos,300,2,0.948,0.948
de,pos,1000,2,0.952,0.951
de,syl,300,1,0.836,0.83
de,syl,1000,1,0.972,0.972
de,pos_syl,1000,1,0.996,0.996
de,token,100,2,0.344,0.348
de,pos,100,1,0.436,0.44
de,pos,200,2,0.748,0.748
de,syl,200,1,0.576,0.567
de,syl,300,2,0.952,0.95
de,pos,100,2,0.672,0.671
de,pos_syl,300,1,0.9,0.899
de,syl,100,1,0.624,0.623
de,syl,200,2,0.94,0.94
de,pos_syl,200,1,0.752,0.746
de,syl,100,2,0.74,0.738
de,syl,1000,2,0.996,0.996
de,pos_syl,100,1,0.692,0.685
de,pos_syl,1000,1,0.972,0.972
de,pos_syl,1000,2,0.92,0.917
de,pos_syl,300,2,0.976,0.976
de,pos_syl,200,2,0.92,0.92
de,pos_syl,100,2,0.932,0.932
de,token,500,1,0.9,0.9
de,token,300,1,0.664,0.658
de,token,200,1,0.704,0.703
de,token,25,1,0.308,NaN
de,pos_syl,1000,2,0.916,0.912
de,token,200,2,0.62,0.612
de,token,300,2,0.548,0.551
de,pos,200,1,0.556,0.557
de,pos,300,1,0.572,0.567
de,token,25,2,0.304,0.281
de,token,25,1,0.272,0.26
de,pos,25,1,0.304,0.3
de,token,500,2,0.82,0.817
de,pos,500,1,0.564,0.573
de,pos,25,2,0.616,0.609
de,token,25,2,0.216,0.177
de,syl,25,1,0.4,0.395
de,pos,200,2,0.852,0.851
de,pos,25,1,0.356,0.343
de,syl,200,1,0.568,0.563
de,pos,300,2,0.888,0.888
de,syl,25,2,0.384,0.37
de,syl,300,1,0.76,0.764
de,pos_syl,25,1,0.54,0.535
de,pos,25,2,0.524,0.526
de,syl,25,1,0.324,0.305
de,syl,200,2,0.832,0.833
de,syl,25,2,0.484,0.471
de,pos_syl,200,1,0.848,0.846
de,syl,300,2,0.928,0.927
de,pos,500,2,0.908,0.909
de,pos_syl,25,1,0.556,0.539
de,syl,500,1,0.944,0.944
de,pos_syl,300,1,0.888,0.888
de,pos_syl,25,2,0.736,0.732
de,pos_syl,200,2,0.936,0.936
de,syl,500,2,0.972,0.972
de,token,50,1,0.572,0.554
de,pos_syl,300,2,0.972,0.972
de,pos_syl,500,1,0.94,0.94
de,token,300,1,0.712,0.708
de,pos_syl,25,2,0.672,0.665
de,token,50,1,0.532,0.533
de,token,500,1,0.888,0.886
de,token,50,2,0.436,0.416
de,pos,50,1,0.248,0.249
de,pos,50,2,0.652,0.649
de,syl,50,1,0.324,NaN
de,token,50,2,0.348,0.341
de,pos_syl,500,2,0.972,0.972
de,token,300,2,0.76,0.761
de,pos,50,1,0.384,0.382
de,pos,300,1,0.708,0.701
de,syl,50,2,0.508,0.505
de,pos_syl,50,1,0.476,0.47
de,token,750,1,0.896,0.896
de,pos,50,2,0.636,0.632
de,syl,50,1,0.376,NaN
de,syl,50,2,0.664,0.654
de,pos,300,2,0.944,0.944
de,token,500,2,0.844,0.845
de,pos_syl,50,2,0.8,0.793
de,syl,300,1,0.772,0.769
de,pos,500,1,0.692,0.678
de,pos_syl,50,1,0.608,0.607
de,token,100,1,0.66,0.657
de,syl,300,2,0.976,0.976
de,pos_syl,50,2,0.76,0.761
de,pos_syl,300,1,0.908,0.907
de,pos,500,2,0.948,0.947
de,token,100,1,0.584,0.571
de,token,100,2,0.396,0.402
de,syl,500,1,0.86,0.853
de,pos,100,1,0.408,0.399
de,token,750,2,0.936,0.936
de,pos,750,1,0.82,0.819
de,pos_syl,300,2,0.964,0.964
de,pos,100,2,0.764,0.766
de,token,100,2,0.368,0.363
de,syl,100,1,0.504,0.477
de,syl,500,2,1,1
de,pos,100,1,0.356,0.349
de,pos_syl,500,1,0.964,0.964
de,syl,100,2,0.776,0.777
de,token,500,1,0.808,0.808
de,pos_syl,100,1,0.6,0.594
de,pos,100,2,0.74,0.73
de,syl,100,1,0.524,0.523
de,pos,750,2,0.94,0.94
de,syl,100,2,0.772,0.77
de,syl,750,1,0.92,0.92
de,pos_syl,100,2,0.872,0.873
de,pos_syl,100,1,0.66,0.66
de,pos_syl,500,2,0.996,0.996
de,token,200,1,0.692,0.686
de,token,750,1,0.868,0.867
de,pos_syl,100,2,0.904,0.904
de,token,500,2,0.88,0.879
de,pos,500,1,0.784,0.782
de,syl,750,2,1,1
de,token,200,1,0.688,0.687
de,pos_syl,750,1,0.964,0.964
de,token,200,2,0.488,0.489
de,pos,200,1,0.48,0.473
de,pos,500,2,0.916,0.916
de,syl,500,1,0.868,0.868
de,pos,200,2,0.852,0.851
de,token,200,2,0.464,0.453
de,pos,200,1,0.576,0.571
de,syl,200,1,0.544,0.542
de,pos_syl,750,2,0.996,0.996
de,syl,200,2,0.832,0.827
de,token,750,2,0.844,0.843
de,pos,200,2,0.856,0.857
de,pos_syl,200,1,0.732,0.725
de,pos,750,1,0.768,0.768
de,syl,200,1,0.804,0.803
de,syl,500,2,0.992,0.992
de,pos_syl,500,1,0.972,0.972
de,token,1000,1,0.892,0.891
de,syl,200,2,0.904,0.903
de,pos_syl,200,1,0.944,0.943
de,pos_syl,200,2,0.864,0.864
de,token,300,1,0.688,0.674
de,pos,750,2,0.996,0.996
de,pos_syl,200,2,0.96,0.96
de,pos_syl,500,2,0.992,0.992
de,syl,750,1,0.952,0.951
de,token,300,1,0.676,0.676
de,token,750,1,0.908,0.906
de,syl,750,2,0.996,0.996
de,token,300,2,0.592,0.6
de,pos,300,1,0.56,0.555
de,pos_syl,750,1,0.996,0.996
de,token,1000,2,0.772,0.727
de,pos,1000,1,0.86,0.856
de,token,300,2,0.68,0.681
de,pos,300,1,0.608,0.609
de,pos,300,2,0.868,0.868
de,syl,300,1,0.796,0.797
de,pos,300,2,0.816,0.816
de,syl,300,1,0.792,0.785
de,syl,300,2,0.92,0.921
de,pos_syl,750,2,1,1
de,token,750,2,0.936,0.936
de,pos,750,1,0.688,0.679
de,pos_syl,300,1,0.912,0.912
de,pos,1000,2,0.952,0.951
de,syl,300,2,0.96,0.96
de,syl,1000,1,0.948,0.948
de,token,1000,1,0.812,0.793
de,pos_syl,300,1,0.892,0.891
de,pos_syl,300,2,0.964,0.964
de,pos,750,2,0.956,0.956
de,syl,750,1,0.912,0.911
de,pos_syl,300,2,0.968,0.968
de,token,500,1,0.792,0.789
de,syl,1000,2,0.996,0.996
de,pos_syl,1000,1,0.968,0.968
de,token,500,1,0.748,0.748
de,syl,750,2,1,1
de,pos_syl,750,1,1,1
de,token,1000,2,0.752,0.714
de,pos,1000,1,0.836,0.831
de,token,500,2,0.716,0.713
de,pos,500,1,0.624,0.622
de,pos_syl,1000,2,0.976,0.976
de,token,500,2,0.852,0.851
de,pos,500,1,0.872,0.873
de,pos_syl,750,2,1,1
de,token,25,1,0.416,0.406
de,pos,500,2,0.972,0.972
de,token,25,2,0.304,0.317
de,syl,500,1,0.912,0.912
de,pos,1000,2,0.976,0.976
de,pos,25,1,0.356,0.343
de,token,1000,1,0.86,0.856
de,syl,1000,1,0.968,0.968
de,pos,500,2,0.92,0.92
de,syl,500,1,0.82,0.816
de,pos,25,2,0.564,0.564
de,syl,25,1,0.324,0.326
de,syl,25,2,0.408,0.406
de,syl,500,2,0.996,0.996
de,pos_syl,25,1,0.408,0.4
de,pos_syl,500,1,0.976,0.976
de,syl,500,2,0.996,0.996
de,pos_syl,500,1,0.976,0.976
de,syl,1000,2,0.984,0.984
de,pos_syl,1000,1,0.932,0.931
de,pos_syl,25,2,0.648,0.647
de,pos_syl,500,2,0.964,0.964
de,token,50,1,0.38,0.367
de,pos_syl,500,2,1,1
de,token,1000,2,0.784,0.745
de,pos,1000,1,0.796,0.786
de,token,750,1,0.824,0.822
de,token,750,1,0.724,0.721
de,token,50,2,0.232,0.211
de,pos,50,1,0.268,0.24
de,pos_syl,1000,2,0.936,0.934
de,pos,50,2,0.588,0.591
de,syl,50,1,0.444,0.447
de,syl,50,2,0.56,0.557
de,token,25,1,0.392,0.383
de,pos_syl,50,1,0.512,0.507
de,pos,1000,2,0.948,0.947
de,syl,1000,1,1,1
de,token,25,2,0.268,NaN
de,pos,25,1,0.3,0.291
de,pos_syl,50,2,0.792,0.789
de,token,750,2,0.884,0.882
de,pos,25,2,0.62,0.615
de,pos,750,1,0.744,0.737
de,syl,25,1,0.528,0.515
de,token,100,1,0.684,0.68
de,token,750,2,0.856,0.855
de,syl,25,2,0.552,0.536
de,pos,750,1,0.78,0.776
de,pos_syl,25,1,0.476,0.458
de,syl,1000,2,0.988,0.988
de,token,100,2,0.524,0.507
de,pos_syl,1000,1,0.972,0.972
de,pos,100,1,0.412,0.41
de,pos,750,2,0.988,0.988
de,syl,750,1,0.94,0.94
de,pos,100,2,0.7,0.698
de,pos_syl,25,2,0.752,0.752
de,syl,100,1,0.54,0.536
de,pos,750,2,0.984,0.984
de,syl,100,2,0.66,0.654
de,syl,750,1,0.92,0.917
de,token,50,1,0.52,0.513
de,pos_syl,100,1,0.672,0.651
de,syl,750,2,0.996,0.996
de,token,50,2,0.356,0.362
de,pos_syl,1000,2,0.904,0.898
de,pos_syl,100,2,0.856,0.852
de,pos_syl,750,1,0.98,0.98
de,pos,50,1,0.28,0.262
de,syl,750,2,0.988,0.988
de,token,25,1,0.436,0.432
de,token,200,1,0.572,0.573
de,pos,50,2,0.504,0.502
de,pos_syl,750,1,1,1
de,syl,50,1,0.356,0.351
de,token,25,2,0.256,0.223
de,syl,50,2,0.648,0.646
de,pos,25,1,0.32,0.317
de,pos_syl,50,1,0.628,0.621
de,pos,25,2,0.516,0.519
de,syl,25,1,0.52,0.507
de,token,200,2,0.528,0.527
de,pos_syl,750,2,0.992,0.992
de,pos_syl,50,2,0.728,0.725
de,syl,25,2,0.628,0.627
de,pos,200,1,0.464,0.465
de,pos_syl,25,1,0.58,0.589
de,token,100,1,0.788,0.787
de,pos_syl,750,2,0.988,0.988
de,pos,200,2,0.728,0.73
de,token,1000,1,0.748,0.715
de,syl,200,1,0.66,0.661
de,token,1000,1,0.864,0.853
de,token,100,2,0.68,0.669
de,syl,200,2,0.928,0.928
de,pos,100,1,0.672,0.669
de,pos_syl,25,2,0.776,0.774
de,pos_syl,200,1,0.864,0.86
de,token,50,1,0.324,0.322
de,pos,100,2,0.732,0.734
de,syl,100,1,0.704,0.705
de,syl,100,2,0.788,0.785
de,pos_syl,200,2,0.908,0.907
de,pos_syl,100,1,0.832,0.831
de,token,50,2,0.372,0.359
de,pos,50,1,0.276,0.26
de,token,300,1,0.704,0.693
de,pos_syl,100,2,0.916,0.915
de,pos,50,2,0.54,0.531
de,syl,50,1,0.344,0.34
de,token,1000,2,0.732,NA
de,syl,50,2,0.608,0.602
de,pos,1000,1,0.892,0.89
de,token,200,1,0.7,0.696
de,pos_syl,50,1,0.476,0.469
de,token,1000,2,0.816,0.783
de,token,300,2,0.78,0.779
de,pos,1000,1,0.772,0.751
de,pos,300,1,0.548,0.545
de,pos_syl,50,2,0.696,0.698
de,token,200,2,0.528,0.518
de,pos,200,1,0.608,0.599
de,token,100,1,0.572,0.561
de,pos,300,2,0.812,0.809
de,syl,300,1,0.732,0.732
de,pos,1000,2,0.932,0.929
de,syl,1000,1,0.952,0.951
de,pos,200,2,0.768,0.767
de,syl,200,1,0.712,0.698
de,syl,300,2,0.936,0.936
de,pos,1000,2,0.892,0.884
de,token,100,2,0.376,0.379
de,syl,1000,1,0.948,0.948
de,pos_syl,300,1,0.896,0.893
de,pos,100,1,0.436,0.435
de,syl,200,2,0.92,0.92
de,pos_syl,200,1,0.852,0.849
de,pos,100,2,0.76,0.759
de,syl,100,1,0.616,0.609
de,syl,1000,2,1,1
de,syl,100,2,0.804,0.8
de,pos_syl,300,2,0.952,0.952
de,pos_syl,1000,1,0.984,0.984
de,pos_syl,200,2,0.988,0.988
de,pos_syl,100,1,0.768,0.762
de,syl,1000,2,0.996,0.996
de,pos_syl,1000,1,0.984,0.984
de,token,500,1,0.824,0.823
de,token,300,1,0.708,0.708
de,pos_syl,100,2,0.88,0.879
de,token,200,1,0.748,0.739
de,token,300,2,0.748,0.749
de,pos_syl,1000,2,0.856,0.835
de,pos,300,1,0.56,0.543
de,pos_syl,1000,2,0.94,0.939
de,token,25,1,0.488,0.483
de,token,200,2,0.492,0.487
de,token,500,2,0.784,0.776
de,pos,200,1,0.5,0.499
de,pos,500,1,0.66,0.663
de,token,25,1,0.356,0.337
de,token,25,2,0.344,0.325
de,pos,300,2,0.916,0.916
de,pos,25,1,0.264,0.262
de,syl,300,1,0.732,0.73
de,token,25,2,0.268,0.217
de,pos,200,2,0.764,0.76
de,pos,25,1,0.184,0.187
de,syl,200,1,0.784,0.786
de,pos,25,2,0.604,0.598
de,syl,25,1,0.336,0.336
de,syl,300,2,0.932,0.932
de,pos,25,2,0.488,0.487
de,pos,500,2,0.964,0.964
de,syl,25,2,0.464,0.454
de,syl,25,1,0.408,0.409
de,syl,200,2,0.876,0.876
de,syl,500,1,0.916,0.915
de,pos_syl,300,1,0.9,0.899
de,pos_syl,25,1,0.476,0.462
de,syl,25,2,0.62,0.61
de,pos_syl,200,1,0.78,0.777
de,pos_syl,25,1,0.52,0.491
de,syl,500,2,0.992,0.992
de,pos_syl,300,2,0.928,0.928
de,pos_syl,200,2,0.904,0.902
de,pos_syl,500,1,0.928,0.927
de,pos_syl,25,2,0.828,0.825
de,pos_syl,25,2,0.78,0.78
de,token,500,1,0.888,0.888
de,token,50,1,0.456,0.442
de,token,300,1,0.808,0.806
de,token,50,1,0.556,0.542
de,token,50,2,0.308,0.302
de,pos_syl,500,2,0.98,0.98
de,pos,50,1,0.24,0.247
de,token,50,2,0.324,NaN
de,pos,50,1,0.156,NaN
de,pos,50,2,0.624,0.611
de,token,300,2,0.732,0.73
de,syl,50,1,0.368,0.363
de,pos,300,1,0.504,0.486
de,token,750,1,0.888,0.887
de,pos,50,2,0.64,0.636
de,syl,50,2,0.624,0.612
de,syl,50,1,0.576,0.543
de,token,500,2,0.808,0.808
de,pos_syl,50,1,0.624,0.611
de,pos,500,1,0.792,0.795
de,syl,50,2,0.636,0.616
de,pos_syl,50,1,0.592,0.572
de,pos,300,2,0.812,0.81
de,syl,300,1,0.832,0.831
de,pos_syl,50,2,0.872,0.872
de,pos_syl,50,2,0.772,0.77
de,token,100,1,0.764,0.761
de,syl,300,2,0.976,0.976
de,pos,500,2,0.932,0.932
de,syl,500,1,0.832,0.834
de,pos_syl,300,1,0.872,0.87
de,token,100,1,0.656,0.646
de,token,750,2,0.884,0.886
de,token,100,2,0.428,0.435
de,pos,750,1,0.888,0.888
de,pos,100,1,0.344,0.339
de,token,100,2,0.432,0.428
de,syl,500,2,1,1
de,pos,100,1,0.484,0.475
de,pos_syl,300,2,0.972,0.972
de,pos_syl,500,1,0.98,0.98
de,pos,100,2,0.712,0.713
de,syl,100,1,0.616,0.61
de,pos,100,2,0.712,0.696
de,syl,100,1,0.568,0.56
de,token,500,1,0.768,0.758
de,syl,100,2,0.76,0.762
de,syl,100,2,0.876,0.873
de,pos_syl,100,1,0.532,0.526
de,pos,750,2,0.996,0.996
de,pos_syl,100,1,0.756,0.75
de,syl,750,1,0.96,0.96
de,pos_syl,500,2,0.98,0.98
de,pos_syl,100,2,0.868,0.869
de,pos_syl,100,2,0.924,0.923
de,token,750,1,0.828,0.827
de,token,200,1,0.704,0.704
de,token,200,1,0.624,0.612
de,syl,750,2,0.976,0.976
de,token,500,2,0.776,0.773
de,pos_syl,750,1,1,1
de,pos,500,1,0.688,0.688
de,token,200,2,0.62,0.613
de,token,200,2,0.664,0.654
de,pos,200,1,0.5,0.506
de,pos,200,1,0.536,0.523
de,pos,500,2,0.896,0.895
de,syl,500,1,0.928,0.929
de,pos_syl,750,2,1,1
de,pos,200,2,0.8,0.802
de,syl,200,1,0.708,0.705
de,pos,200,2,0.736,0.735
de,token,750,2,0.872,0.871
de,syl,200,1,0.572,0.58
de,pos,750,1,0.804,0.8
de,syl,200,2,0.816,0.812
de,token,1000,1,0.752,0.719
de,syl,500,2,0.992,0.992
de,syl,200,2,0.968,0.968
de,pos_syl,200,1,0.816,0.813
de,pos_syl,500,1,0.952,0.952
de,pos_syl,200,1,0.828,0.819
de,pos_syl,200,2,0.94,0.939
de,pos,750,2,0.968,0.968
de,pos_syl,200,2,0.992,0.992
de,syl,750,1,0.864,0.866
de,token,300,1,0.7,0.691
de,pos_syl,500,2,0.984,0.984
de,token,300,1,0.7,0.7
de,token,750,1,0.868,0.866
de,syl,750,2,0.98,0.98
de,pos_syl,750,1,0.988,0.988
de,token,300,2,0.696,0.697
de,token,1000,2,0.784,0.756
de,pos,300,1,0.6,0.594
de,pos,1000,1,0.864,0.863
de,token,300,2,0.812,0.812
de,pos,300,1,0.548,0.546
de,pos,300,2,0.804,0.802
de,syl,300,1,0.828,0.826
de,pos,300,2,0.872,0.872
de,syl,300,1,0.828,0.824
de,pos_syl,750,2,0.98,0.98
de,token,750,2,0.852,0.851
de,syl,300,2,0.96,0.96
de,pos,750,1,0.808,0.808
de,pos,1000,2,0.88,0.868
de,pos_syl,300,1,0.912,0.908
de,syl,300,2,0.928,0.929
de,syl,1000,1,1,1
de,pos_syl,300,1,0.896,0.895
de,token,1000,1,0.828,0.796
de,pos_syl,300,2,0.98,0.98
de,pos,750,2,0.992,0.992
de,pos_syl,300,2,0.96,0.96
de,syl,750,1,0.908,0.907
de,syl,1000,2,1,1
de,token,500,1,0.728,0.73
de,pos_syl,1000,1,0.976,0.976
de,token,500,1,0.872,0.872
de,syl,750,2,1,1
de,pos_syl,750,1,0.996,0.996
de,token,1000,2,0.848,0.835
de,pos,1000,1,0.888,0.886
de,token,500,2,0.848,0.847
de,pos_syl,1000,2,0.888,0.878
de,pos,500,1,0.848,0.845
de,token,500,2,0.852,0.851
de,pos,500,1,0.836,0.834
de,pos_syl,750,2,0.964,0.964
de,token,25,1,0.428,0.43
de,pos,500,2,0.876,0.877
de,syl,500,1,0.864,0.864
de,pos,500,2,0.924,0.923
de,token,25,2,0.3,NaN
de,pos,1000,2,0.952,0.952
de,syl,500,1,0.888,0.888
de,token,1000,1,0.84,0.82
de,pos,25,1,0.224,0.226
de,syl,1000,1,0.936,0.935
de,pos,25,2,0.604,0.602
de,syl,25,1,0.288,0.281
de,syl,500,2,0.976,0.976
de,syl,25,2,0.492,0.483
de,syl,500,2,0.964,0.964
de,pos_syl,500,1,0.936,0.935
de,pos_syl,25,1,0.46,0.451
de,pos_syl,500,1,0.972,0.972
de,syl,1000,2,0.996,0.996
de,pos_syl,1000,1,0.992,0.992
de,pos_syl,25,2,0.716,0.715
de,pos_syl,500,2,0.984,0.984
de,pos_syl,500,2,0.984,0.984
de,token,50,1,0.54,0.531
de,token,1000,2,0.768,0.718
de,token,750,1,0.856,0.853
de,pos,1000,1,0.892,0.891
de,token,750,1,0.904,0.904
de,token,50,2,0.256,NaN
de,pos,50,1,0.352,0.36
de,pos_syl,1000,2,0.916,0.912
de,pos,50,2,0.712,0.711
de,syl,50,1,0.464,0.459
de,token,25,1,0.368,0.373
de,syl,50,2,0.664,0.652
de,pos_syl,50,1,0.64,0.613
de,token,25,2,0.268,0.204
de,pos,25,1,0.312,0.297
de,pos,1000,2,0.952,0.951
de,syl,1000,1,0.988,0.988
de,pos,25,2,0.712,0.709
de,pos_syl,50,2,0.824,0.822
de,syl,25,1,0.356,0.34
de,token,750,2,0.832,0.83
de,token,750,2,0.892,0.891
de,pos,750,1,0.696,0.694
de,syl,25,2,0.536,0.536
de,pos,750,1,0.824,0.823
de,token,100,1,0.564,0.543
de,pos_syl,25,1,0.404,0.385
de,syl,1000,2,1,1
de,token,100,2,0.524,0.517
de,pos,100,1,0.46,0.458
de,pos_syl,1000,1,0.984,0.984
de,pos_syl,25,2,0.708,0.706
de,pos,750,2,0.956,0.956
de,syl,750,1,0.944,0.944
de,pos,750,2,0.976,0.976
de,pos,100,2,0.688,0.689
de,syl,750,1,0.988,0.988
de,token,50,1,0.388,0.376
de,syl,100,1,0.596,0.586
de,syl,100,2,0.732,0.723
de,pos_syl,100,1,0.72,0.715
de,token,50,2,0.312,0.292
de,pos,50,1,0.352,0.326
de,syl,750,2,1,1
de,pos_syl,750,1,0.984,0.984
de,syl,750,2,0.996,0.996
de,pos_syl,1000,2,0.912,0.908
de,pos_syl,100,2,0.86,0.859
de,pos,50,2,0.5,0.503
de,pos_syl,750,1,0.976,0.976
de,syl,50,1,0.436,0.426
de,syl,50,2,0.608,0.599
de,token,200,1,0.708,0.705
de,pos_syl,50,1,0.7,0.693
de,token,25,1,0.404,0.402
de,token,25,2,0.268,0.27
de,pos_syl,50,2,0.84,0.841
de,pos,25,1,0.484,0.483
de,pos_syl,750,2,0.996,0.996
de,token,200,2,0.612,0.607
de,pos,200,1,0.464,0.465
de,pos,25,2,0.58,0.575
de,pos_syl,750,2,0.968,0.968
de,token,100,1,0.656,0.651
de,syl,25,1,0.42,0.409
de,token,1000,1,0.812,0.8
de,syl,25,2,0.528,0.532
de,pos_syl,25,1,0.488,0.489
de,pos,200,2,0.764,0.76
de,token,1000,1,0.8,0.797
de,syl,200,1,0.648,0.648
de,token,100,2,0.536,0.513
de,pos,100,1,0.464,0.453
de,syl,200,2,0.928,0.928
de,pos_syl,200,1,0.832,0.825
de,pos,100,2,0.68,0.675
de,syl,100,1,0.52,0.511
de,pos_syl,25,2,0.804,0.803
de,syl,100,2,0.856,0.855
de,token,50,1,0.5,0.498
de,pos_syl,100,1,0.684,0.679
de,pos_syl,200,2,0.908,0.908
de,token,300,1,0.632,0.603
de,token,50,2,0.344,0.347
de,pos_syl,100,2,0.956,0.956
de,pos,50,1,0.388,0.371
de,token,1000,2,0.78,0.727
de,pos,1000,1,0.904,0.905
de,token,200,1,0.644,0.642
de,pos,50,2,0.628,0.626
de,token,1000,2,0.788,0.755
de,syl,50,1,0.488,0.487
de,pos,1000,1,0.88,0.878
de,syl,50,2,0.676,0.667
de,pos_syl,50,1,0.636,0.639
de,token,300,2,0.648,0.641
de,pos,300,1,0.616,0.609
de,token,200,2,0.508,0.499
de,pos,200,1,0.572,0.568
de,pos_syl,50,2,0.824,0.818
de,pos,1000,2,0.912,0.907
de,syl,1000,1,0.988,0.988
de,token,100,1,0.532,0.52
de,pos,300,2,0.86,0.855
de,pos,200,2,0.864,0.861
de,syl,300,1,0.804,0.804
de,syl,200,1,0.7,0.687
de,pos,1000,2,0.952,0.951
de,syl,1000,1,0.972,0.972
de,syl,200,2,0.924,0.923
de,syl,300,2,0.948,0.948
de,token,100,2,0.604,0.598
de,pos_syl,200,1,0.708,0.703
de,pos,100,1,0.332,0.323
de,pos_syl,300,1,0.932,0.932
de,syl,1000,2,1,1
de,pos,100,2,0.708,0.698
de,syl,100,1,0.512,0.51
de,pos_syl,1000,1,0.968,0.968
de,pos_syl,200,2,0.896,0.895
de,syl,1000,2,0.976,0.976
de,syl,100,2,0.788,0.788
de,pos_syl,300,2,0.948,0.947
de,pos_syl,1000,1,0.976,0.976
de,pos_syl,100,1,0.616,0.613
de,token,300,1,0.708,0.706
de,token,500,1,0.76,0.763
de,pos_syl,100,2,0.916,0.915
de,token,200,1,0.652,0.65
de,token,300,2,0.692,0.688
de,pos_syl,1000,2,0.916,0.912
de,pos,300,1,0.632,0.628
de,pos_syl,1000,2,0.992,0.992
de,token,500,2,0.836,0.836
de,pos,300,2,0.9,0.899
de,token,25,1,0.344,0.345
de,token,25,1,0.392,0.363
de,pos,500,1,0.76,0.752
de,token,200,2,0.496,0.494
de,syl,300,1,0.764,0.767
de,pos,200,1,0.492,0.495
de,token,25,2,0.232,NaN
de,token,25,2,0.384,0.363
de,pos,25,1,0.244,0.251
de,pos,25,1,0.336,0.324
de,syl,300,2,0.964,0.963
de,pos,200,2,0.832,0.833
de,pos_syl,300,1,0.928,0.927
de,pos,25,2,0.6,0.582
de,pos,25,2,0.58,0.576
de,syl,200,1,0.728,0.721
de,syl,25,1,0.408,0.409
de,syl,25,1,0.356,0.336
de,pos,500,2,0.924,0.923
de,syl,25,2,0.584,0.584
de,syl,25,2,0.584,0.572
de,syl,500,1,0.844,0.842
de,pos_syl,25,1,0.52,0.514
de,pos_syl,25,1,0.5,0.48
de,syl,200,2,0.884,0.881
de,pos_syl,200,1,0.836,0.833
de,pos_syl,300,2,0.992,0.992
de,syl,500,2,0.956,0.956
de,pos_syl,500,1,0.952,0.952
de,token,500,1,0.828,0.828
de,pos_syl,200,2,0.992,0.992
de,pos_syl,25,2,0.804,0.805
de,pos_syl,25,2,0.72,0.714
de,token,50,1,0.512,0.504
de,token,50,1,0.52,0.521
de,token,300,1,0.684,0.68
de,pos_syl,500,2,0.992,0.992
de,token,50,2,0.316,0.288
de,token,50,2,0.38,0.369
de,pos,50,1,0.308,0.314
de,pos,50,1,0.276,0.273
de,token,750,1,0.856,0.854
de,token,500,2,0.712,0.711
de,token,300,2,0.732,0.728
de,pos,50,2,0.66,0.652
de,pos,50,2,0.648,0.644
de,pos,500,1,0.78,0.778
de,syl,50,1,0.404,0.405
de,syl,50,1,0.508,0.502
de,pos,300,1,0.58,0.573
de,syl,50,2,0.644,0.637
de,syl,50,2,0.56,0.557
de,pos_syl,50,1,0.476,0.459
de,pos_syl,50,1,0.472,0.473
de,pos,300,2,0.8,0.792
de,syl,300,1,0.772,0.769
de,pos_syl,50,2,0.792,0.789
de,pos,500,2,0.928,0.928
de,pos_syl,50,2,0.752,0.749
de,syl,500,1,0.876,0.875
de,token,100,1,0.696,0.694
de,token,100,1,0.584,0.583
de,syl,300,2,0.984,0.984
de,pos_syl,300,1,0.948,0.947
de,token,750,2,0.888,0.887
de,pos,750,1,0.608,0.599
de,syl,500,2,0.984,0.984
de,token,100,2,0.56,0.557
de,token,100,2,0.336,0.337
de,pos_syl,500,1,0.98,0.98
de,pos,100,1,0.456,0.457
de,pos,100,1,0.4,0.396
de,pos_syl,300,2,0.964,0.964
de,pos,100,2,0.656,0.656
de,pos,100,2,0.696,0.692
de,syl,100,1,0.592,0.584
de,syl,100,1,0.592,0.588
de,token,500,1,0.736,0.731
de,syl,100,2,0.78,0.78
de,pos,750,2,0.94,0.94
de,syl,100,2,0.752,0.748
de,syl,750,1,0.968,0.968
de,pos_syl,100,1,0.7,0.703
de,pos_syl,500,2,0.996,0.996
de,pos_syl,100,1,0.704,0.697
de,token,750,1,0.864,0.863
de,pos_syl,100,2,0.9,0.9
de,pos_syl,100,2,0.932,0.932
de,syl,750,2,0.996,0.996
de,token,200,1,0.704,0.707
de,token,200,1,0.724,0.712
de,pos_syl,750,1,0.984,0.984
de,token,500,2,0.836,0.832
de,pos,500,1,0.624,0.621
de,token,200,2,0.676,0.673
de,token,200,2,0.672,0.665
de,pos,200,1,0.604,0.599
de,pos,200,1,0.504,0.492
de,pos_syl,750,2,0.992,0.992
de,pos,500,2,0.844,0.842
de,syl,500,1,0.88,0.879
de,token,750,2,0.864,0.861
de,pos,200,2,0.636,0.638
de,pos,750,1,0.824,0.822
de,pos,200,2,0.732,0.732
de,syl,200,1,0.728,0.717
de,syl,200,1,0.704,0.698
de,token,1000,1,0.88,0.877
de,syl,200,2,0.896,0.895
de,syl,200,2,0.892,0.891
de,syl,500,2,0.988,0.988
de,pos_syl,200,1,0.86,0.855
de,pos_syl,200,1,0.848,0.837
de,pos_syl,500,1,0.952,0.952
de,pos,750,2,0.98,0.98
de,syl,750,1,0.944,0.944
de,pos_syl,200,2,0.924,0.924
de,pos_syl,200,2,0.964,0.964
de,token,300,1,0.724,0.72
de,pos_syl,500,2,0.952,0.952
de,token,300,1,0.744,0.747
de,syl,750,2,1,1
de,token,750,1,0.876,0.876
de,pos_syl,750,1,1,1
de,token,1000,2,0.796,0.781
de,pos,1000,1,0.82,0.813
de,token,300,2,0.592,0.585
de,pos,300,1,0.676,0.678
de,token,300,2,0.692,0.691
de,pos,300,1,0.596,0.594
de,pos,300,2,0.876,0.874
de,pos_syl,750,2,0.96,0.96
de,pos,300,2,0.876,0.877
de,syl,300,1,0.712,0.713
de,syl,300,1,0.776,0.772
de,pos,1000,2,0.86,0.847
de,token,750,2,0.82,0.819
de,syl,1000,1,0.976,0.976
de,token,1000,1,0.772,0.739
de,syl,300,2,0.952,0.951
de,pos,750,1,0.804,0.797
de,syl,300,2,0.924,0.92
de,pos_syl,300,1,0.916,0.916
de,pos_syl,300,1,0.84,0.838
de,pos_syl,300,2,0.944,0.944
de,pos_syl,300,2,0.968,0.968
de,syl,1000,2,0.992,0.992
de,pos,750,2,0.956,0.956
de,syl,750,1,0.98,0.98
de,pos_syl,1000,1,0.996,0.996
de,token,500,1,0.816,0.814
de,token,500,1,0.832,0.832
de,syl,750,2,0.96,0.96
de,token,1000,2,0.8,0.766
de,pos_syl,750,1,0.988,0.988
de,pos,1000,1,0.892,0.891
de,pos_syl,1000,2,0.868,0.852
de,token,500,2,0.764,0.759
de,token,500,2,0.724,0.722
de,pos,500,1,0.728,0.728
de,pos,500,1,0.796,0.795
de,token,25,1,0.404,0.395
de,token,25,2,0.292,0.287
de,pos,25,1,0.368,0.363
de,pos,1000,2,0.88,0.875
de,pos_syl,750,2,0.972,0.972
de,syl,1000,1,0.876,0.875
de,pos,25,2,0.564,0.551
de,pos,500,2,0.956,0.956
de,pos,500,2,0.932,0.931
de,syl,25,1,0.424,0.438
de,syl,500,1,0.832,0.828
de,syl,500,1,0.856,0.855
de,syl,25,2,0.56,0.552
de,token,1000,1,0.888,0.884
de,pos_syl,25,1,0.708,0.706
de,syl,500,2,0.972,0.972
de,syl,500,2,0.96,0.96
de,pos_syl,500,1,0.984,0.984
de,syl,1000,2,0.984,0.984
de,pos_syl,500,1,0.98,0.98
de,pos_syl,1000,1,0.98,0.98
de,pos_syl,25,2,0.788,0.786
de,token,50,1,0.412,0.398
de,pos_syl,500,2,0.984,0.984
de,pos_syl,500,2,0.984,0.984
de,token,50,2,0.348,0.328
de,token,1000,2,0.74,0.69
de,token,750,1,0.748,0.747
de,pos,50,1,0.324,0.317
de,pos,1000,1,0.804,0.8
de,token,750,1,0.828,0.827
de,pos_syl,1000,2,0.88,0.868
de,pos,50,2,0.656,0.659
de,syl,50,1,0.464,0.455
de,syl,50,2,0.56,0.553
de,pos_syl,50,1,0.544,0.537
de,token,25,1,0.336,0.334
de,token,25,2,0.224,NaN
de,pos_syl,50,2,0.808,0.811
de,pos,25,1,0.196,0.195
de,pos,1000,2,0.88,0.869
de,syl,1000,1,1,1
de,pos,25,2,0.516,0.513
de,token,100,1,0.596,0.587
de,syl,25,1,0.36,0.359
de,token,750,2,0.856,0.856
de,syl,25,2,0.524,0.515
de,pos,750,1,0.756,0.756
de,token,750,2,0.796,0.792
de,pos_syl,25,1,0.316,0.315
de,pos,750,1,0.8,0.795
de,token,100,2,0.512,0.507
de,pos,100,1,0.372,0.372
de,syl,1000,2,0.952,0.951
de,pos,100,2,0.708,0.71
de,pos_syl,25,2,0.74,0.738
de,syl,100,1,0.612,0.591
de,pos_syl,1000,1,0.98,0.98
de,pos,750,2,0.988,0.988
de,syl,750,1,0.876,0.876
de,syl,100,2,0.732,0.722
de,pos,750,2,0.964,0.964
de,token,50,1,0.62,0.615
de,syl,750,1,0.944,0.944
de,pos_syl,100,1,0.656,0.651
de,token,50,2,0.304,0.3
de,pos_syl,100,2,0.924,0.924
de,pos,50,1,0.36,0.36
de,syl,750,2,0.996,0.996
de,pos_syl,750,1,0.996,0.996
de,syl,750,2,1,1
de,pos,50,2,0.628,0.625
de,token,200,1,0.712,0.711
de,pos_syl,1000,2,0.964,0.964
de,syl,50,1,0.432,0.425
de,pos_syl,750,1,0.98,0.98
de,syl,50,2,0.668,0.657
de,pos_syl,50,1,0.584,0.578
de,token,200,2,0.66,0.66
de,pos,200,1,0.56,0.558
de,pos_syl,50,2,0.792,0.791
de,token,25,1,0.376,0.348
de,pos_syl,750,2,0.996,0.996
de,token,100,1,0.644,0.642
de,pos_syl,750,2,0.972,0.972
de,token,25,2,0.304,0.274
de,pos,200,2,0.796,0.796
de,pos,25,1,0.164,0.165
de,syl,200,1,0.72,0.715
de,token,1000,1,0.876,0.87
de,pos,25,2,0.576,0.567
de,token,1000,1,0.836,0.827
de,syl,200,2,0.92,0.92
de,token,100,2,0.476,0.465
de,syl,25,1,0.24,0.23
de,pos,100,1,0.492,0.488
de,pos_syl,200,1,0.856,0.855
de,syl,25,2,0.54,0.539
de,pos_syl,25,1,0.292,0.298
de,pos,100,2,0.824,0.82
de,syl,100,1,0.676,0.677
de,pos_syl,200,2,0.972,0.972
de,syl,100,2,0.764,0.765
de,pos_syl,100,1,0.796,0.796
de,token,300,1,0.644,0.638
de,pos_syl,25,2,0.776,0.77
de,token,50,1,0.52,0.516
de,pos_syl,100,2,0.924,0.924
de,token,1000,2,0.716,0.669
de,pos,1000,1,0.936,0.936
de,token,200,1,0.768,0.767
de,token,1000,2,0.776,0.737
de,token,50,2,0.384,0.379
de,token,300,2,0.776,0.776
de,pos,1000,1,0.724,0.719
de,pos,50,1,0.4,0.393
de,pos,300,1,0.46,0.454
de,pos,50,2,0.764,0.765
de,syl,50,1,0.492,0.483
de,token,200,2,0.668,0.656
de,pos,200,1,0.584,0.582
de,syl,50,2,0.604,0.6
de,pos,300,2,0.924,0.923
de,syl,300,1,0.756,0.752
de,pos_syl,50,1,0.608,0.605
de,pos,1000,2,0.908,0.903
de,syl,1000,1,0.876,0.876
de,pos,200,2,0.8,0.8
de,syl,300,2,0.872,0.871
de,syl,200,1,0.676,0.675
de,pos_syl,50,2,0.884,0.882
de,pos,1000,2,0.892,0.886
de,syl,1000,1,0.952,0.952
de,pos_syl,300,1,0.88,0.878
de,token,100,1,0.592,0.587
de,syl,200,2,0.944,0.942
de,pos_syl,200,1,0.804,0.793
de,syl,1000,2,0.988,0.988
de,pos_syl,300,2,0.96,0.96
de,token,100,2,0.412,0.409
de,pos,100,1,0.404,0.384
de,pos_syl,1000,1,1,1
de,pos_syl,200,2,0.936,0.936
de,syl,1000,2,0.988,0.988
de,token,500,1,0.792,0.792
de,pos,100,2,0.752,0.754
de,pos_syl,1000,1,0.996,0.996
de,token,300,1,0.632,0.629
de,syl,100,1,0.588,0.576
de,syl,100,2,0.82,0.819
de,pos_syl,100,1,0.736,0.727
de,pos_syl,100,2,0.924,0.924
de,pos_syl,1000,2,0.928,0.926
de,token,300,2,0.652,0.638
de,pos,300,1,0.648,0.637
de,token,500,2,0.772,0.769
de,token,200,1,0.556,0.545
de,pos,500,1,0.692,0.691
de,pos_syl,1000,2,0.916,0.912
de,pos,300,2,0.836,0.829
de,syl,300,1,0.828,0.827
de,token,25,1,0.348,0.345
de,token,25,1,0.452,0.442
de,token,200,2,0.556,0.541
de,pos,500,2,0.916,0.915
de,pos,200,1,0.556,0.56
de,syl,500,1,0.896,0.895
de,token,25,2,0.272,0.273
de,token,25,2,0.264,0.206
de,syl,300,2,0.952,0.95
de,pos,25,1,0.136,0.139
de,pos,25,1,0.292,0.287
de,pos_syl,300,1,0.864,0.861
de,pos,25,2,0.596,0.592
de,pos,25,2,0.5,0.488
de,pos,200,2,0.728,0.731
de,syl,25,1,0.404,0.402
de,syl,25,1,0.328,0.311
de,syl,200,1,0.688,0.68
de,syl,500,2,0.996,0.996
de,syl,25,2,0.532,0.533
de,syl,25,2,0.46,0.47
de,pos_syl,25,1,0.4,0.389
de,pos_syl,500,1,0.996,0.996
de,pos_syl,25,1,0.364,0.333
de,syl,200,2,0.772,0.767
de,pos_syl,300,2,0.968,0.968
de,pos_syl,200,1,0.748,0.746
de,token,500,1,0.784,0.785
de,pos_syl,25,2,0.732,0.734
de,pos_syl,200,2,0.928,0.928
de,pos_syl,25,2,0.68,0.676
de,pos_syl,500,2,0.996,0.996
de,token,50,1,0.66,0.662
de,token,300,1,0.716,0.709
de,token,50,1,0.556,0.544
de,token,750,1,0.876,0.876
de,token,50,2,0.324,0.321
de,pos,50,1,0.408,0.404
de,token,50,2,0.292,0.282
de,token,500,2,0.74,0.736
de,pos,50,1,0.364,0.344
de,pos,500,1,0.696,0.693
de,pos,50,2,0.744,0.74
de,token,300,2,0.684,0.681
de,syl,50,1,0.532,NaN
de,pos,50,2,0.696,0.691
de,pos,300,1,0.744,0.743
de,syl,50,1,0.352,0.344
de,syl,50,2,0.636,0.634
de,pos_syl,50,1,0.624,0.619
de,syl,50,2,0.62,0.616
de,pos_syl,50,1,0.584,0.584
de,pos,500,2,0.912,0.912
de,pos,300,2,0.888,0.887
de,syl,500,1,0.964,0.964
de,syl,300,1,0.836,0.835
de,pos_syl,50,2,0.86,0.857
de,token,750,2,0.896,0.896
de,pos_syl,50,2,0.712,0.711
de,pos,750,1,0.684,0.69
de,token,100,1,0.472,0.47
de,syl,300,2,0.92,0.918
de,token,100,1,0.6,0.595
de,pos_syl,300,1,0.96,0.96
de,syl,500,2,0.98,0.98
de,pos_syl,500,1,0.996,0.996
de,token,100,2,0.44,0.439
de,pos,100,1,0.5,0.497
de,token,100,2,0.508,0.507
de,pos,100,1,0.448,0.447
de,pos_syl,300,2,0.952,0.952
de,pos,750,2,0.976,0.976
de,syl,750,1,0.94,0.939
de,pos,100,2,0.74,0.736
de,syl,100,1,0.552,0.532
de,pos,100,2,0.724,0.722
de,pos_syl,500,2,0.996,0.996
de,syl,100,1,0.688,0.688
de,token,500,1,0.804,0.804
de,syl,100,2,0.7,0.698
de,pos_syl,100,1,0.728,0.723
de,syl,100,2,0.844,0.845
de,pos_syl,100,1,0.792,0.787
de,token,750,1,0.864,0.863
de,syl,750,2,1,1
de,pos_syl,100,2,0.816,0.815
de,pos_syl,750,1,0.956,0.956
de,pos_syl,100,2,0.892,0.891
de,token,200,1,0.656,0.634
de,token,200,1,0.644,0.64
de,token,500,2,0.856,0.855
de,pos,500,1,0.728,0.726
de,token,200,2,0.56,0.56
de,pos_syl,750,2,1,1
de,pos,200,1,0.584,0.585
de,token,200,2,0.664,0.659
de,token,750,2,0.86,0.859
de,pos,200,1,0.608,0.609
de,pos,750,1,0.764,0.76
de,pos,500,2,0.96,0.96
de,token,1000,1,0.824,0.805
de,syl,500,1,0.9,0.9
de,pos,200,2,0.82,0.818
de,syl,200,1,0.768,0.767
de,pos,200,2,0.74,0.735
de,syl,200,1,0.648,0.628
de,syl,200,2,0.856,0.858
de,pos_syl,200,1,0.856,0.853
de,syl,200,2,0.9,0.898
de,syl,500,2,0.944,0.944
de,pos_syl,200,1,0.768,0.761
de,pos,750,2,0.96,0.96
de,pos_syl,500,1,0.98,0.98
de,syl,750,1,0.932,0.932
de,pos_syl,200,2,0.9,0.898
de,pos_syl,200,2,0.98,0.98
de,token,300,1,0.732,0.725
de,syl,750,2,1,1
de,token,300,1,0.636,0.629
de,pos_syl,500,2,0.972,0.972
de,pos_syl,750,1,0.996,0.996
de,token,1000,2,0.8,0.753
de,pos,1000,1,0.896,0.895
de,token,750,1,0.856,0.855
de,token,300,2,0.628,0.618
de,pos,300,1,0.636,0.634
de,token,300,2,0.692,0.681
de,pos,300,1,0.596,0.591
de,pos_syl,750,2,0.996,0.996
de,pos,300,2,0.868,0.869
de,pos,1000,2,0.94,0.939
de,syl,300,1,0.764,0.761
de,pos,300,2,0.828,0.828
de,syl,1000,1,0.968,0.968
de,syl,300,1,0.64,0.631
de,token,1000,1,0.76,0.729
de,syl,300,2,0.948,0.948
de,token,750,2,0.836,0.836
de,pos,750,1,0.824,0.822
de,pos_syl,300,1,0.928,0.927
de,syl,300,2,0.936,0.936
de,pos_syl,300,1,0.9,0.897
de,syl,1000,2,0.992,0.992
de,pos_syl,1000,1,0.988,0.988
de,pos_syl,300,2,0.96,0.96
de,pos_syl,300,2,0.988,0.988
de,pos,750,2,0.932,0.93
de,syl,750,1,0.864,0.863
de,token,500,1,0.828,0.825
de,token,500,1,0.796,0.795
de,token,1000,2,0.724,0.672
de,pos,1000,1,0.868,0.868
de,pos_syl,1000,2,0.952,0.951
de,syl,750,2,0.996,0.996
de,token,25,1,0.5,0.504
de,pos_syl,750,1,0.996,0.996
de,token,25,2,0.272,0.248
de,token,500,2,0.832,0.833
de,token,500,2,0.784,0.782
de,pos,25,1,0.32,0.303
de,pos,500,1,0.608,0.607
de,pos,500,1,0.64,0.635
de,pos,1000,2,0.896,0.888
de,pos,25,2,0.632,0.619
de,syl,1000,1,0.932,0.93
de,syl,25,1,0.528,0.503
de,syl,25,2,0.632,0.613
de,pos_syl,25,1,0.436,0.436
de,pos_syl,750,2,0.996,0.996
de,pos,500,2,0.884,0.884
de,syl,500,1,0.86,0.86
de,pos,500,2,0.888,0.885
de,syl,500,1,0.832,0.833
de,token,1000,1,0.824,0.816
de,syl,1000,2,0.992,0.992
de,pos_syl,25,2,0.808,0.805
de,syl,500,2,0.976,0.976
de,pos_syl,1000,1,0.952,0.951
de,syl,500,2,0.992,0.992
de,pos_syl,500,1,0.96,0.96
de,token,50,1,0.404,0.398
de,pos_syl,500,1,0.976,0.976
de,token,50,2,0.332,0.324
de,pos,50,1,0.38,0.386
de,pos_syl,500,2,0.952,0.952
de,pos,50,2,0.632,0.632
de,pos_syl,500,2,1,1
de,syl,50,1,0.592,0.59
de,pos_syl,1000,2,0.948,0.947
de,syl,50,2,0.696,0.687
de,token,750,1,0.86,0.859
de,pos_syl,50,1,0.624,0.622
de,token,1000,2,0.76,0.717
de,token,750,1,0.864,0.864
de,pos,1000,1,0.832,0.833
de,pos_syl,50,2,0.812,0.81
de,token,100,1,0.544,0.541
de,token,25,1,0.504,0.494
de,pos,1000,2,0.912,0.908
de,syl,1000,1,0.888,0.886
de,token,25,2,0.252,0.272
de,token,100,2,0.448,0.449
de,pos,25,1,0.284,0.281
de,token,750,2,0.804,0.802
de,pos,100,1,0.492,0.486
de,pos,750,1,0.856,0.853
de,token,750,2,0.928,0.928
de,pos,750,1,0.788,0.786
de,pos,25,2,0.524,0.522
de,syl,25,1,0.488,0.487
de,pos,100,2,0.732,0.734
de,syl,25,2,0.372,0.374
de,syl,100,1,0.604,0.583
de,pos_syl,25,1,0.42,0.42
de,syl,100,2,0.784,0.778
de,pos_syl,100,1,0.744,0.728
de,syl,1000,2,0.988,0.988
de,pos_syl,1000,1,0.932,0.932
de,pos,750,2,0.944,0.944
de,syl,750,1,0.892,0.89
de,pos,750,2,0.952,0.952
de,syl,750,1,0.908,0.908
de,pos_syl,25,2,0.696,0.696
de,pos_syl,100,2,0.924,0.924
de,token,50,1,0.468,0.461
de,token,200,1,0.676,0.67
de,token,50,2,0.404,0.38
de,syl,750,2,0.976,0.976
de,syl,750,2,1,1
de,pos,50,1,0.308,0.303
de,pos_syl,750,1,1,1
de,pos_syl,750,1,1,1
de,pos_syl,1000,2,0.892,0.884
de,pos,50,2,0.608,0.607
de,token,200,2,0.544,0.53
de,syl,50,1,0.4,0.408
de,pos,200,1,0.54,0.535
de,syl,50,2,0.616,0.616
de,pos_syl,50,1,0.484,0.48
de,pos,200,2,0.784,0.784
de,syl,200,1,0.776,0.774
de,pos_syl,50,2,0.716,0.713
de,pos_syl,750,2,0.98,0.98
de,pos_syl,750,2,1,1
de,syl,200,2,0.86,0.86
de,token,100,1,0.572,0.559
de,pos_syl,200,1,0.848,0.849
de,token,1000,1,0.884,0.879
de,token,1000,1,0.856,0.85
de,token,100,2,0.332,0.331
de,pos_syl,200,2,0.944,0.943
de,pos,100,1,0.448,0.434
de,token,25,1,0.38,0.356
de,token,300,1,0.636,0.632
de,pos,100,2,0.764,0.765
de,token,25,2,0.232,0.238
de,syl,100,1,0.536,0.524
de,pos,25,1,0.244,0.234
de,syl,100,2,0.768,0.77
de,pos,25,2,0.612,0.611
de,pos_syl,100,1,0.804,0.802
de,syl,25,1,0.412,0.384
de,syl,25,2,0.528,0.512
de,pos_syl,25,1,0.464,0.418
de,token,300,2,0.612,0.606
de,pos,300,1,0.636,0.637
de,pos_syl,100,2,0.844,0.843
de,token,1000,2,0.756,0.702
de,token,200,1,0.696,0.694
de,token,1000,2,0.756,0.699
de,pos,1000,1,0.832,0.834
de,pos,1000,1,0.896,0.894
de,pos,300,2,0.912,0.911
de,pos_syl,25,2,0.792,0.79
de,syl,300,1,0.748,0.746
de,token,50,1,0.372,0.36
de,token,200,2,0.476,0.47
de,syl,300,2,0.96,0.96
de,pos,200,1,0.48,0.474
de,pos_syl,300,1,0.868,0.867
de,token,50,2,0.288,0.292
de,pos,1000,2,0.892,0.884
de,pos,50,1,0.236,0.229
de,pos,1000,2,0.948,0.948
de,pos,200,2,0.772,0.77
de,syl,1000,1,0.932,0.932
de,syl,1000,1,0.94,0.94
de,syl,200,1,0.66,0.655
de,pos,50,2,0.576,0.574
de,pos_syl,300,2,0.956,0.956
de,syl,50,1,0.476,0.474
de,syl,200,2,0.864,0.862
de,syl,50,2,0.656,0.654
de,pos_syl,200,1,0.84,0.838
de,pos_syl,50,1,0.6,0.593
de,token,500,1,0.836,0.833
de,syl,1000,2,0.968,0.968
de,syl,1000,2,0.996,0.996
de,pos_syl,50,2,0.792,0.789
de,pos_syl,200,2,0.944,0.944
de,pos_syl,1000,1,0.996,0.996
de,pos_syl,1000,1,0.976,0.976
de,token,100,1,0.688,0.687
de,token,300,1,0.78,0.779
de,token,500,2,0.856,0.855
de,pos,500,1,0.708,0.704
de,token,100,2,0.324,0.309
de,pos,100,1,0.396,0.398
de,token,300,2,0.7,0.685
de,pos,300,1,0.384,0.388
de,pos_syl,1000,2,0.952,0.951
de,pos_syl,1000,2,0.936,0.934
de,pos,100,2,0.7,0.697
de,syl,100,1,0.612,0.597
de,pos,500,2,0.944,0.941
de,syl,100,2,0.896,0.896
de,syl,500,1,0.84,0.838
de,pos_syl,100,1,0.716,0.712
de,token,25,1,0.416,0.422
de,token,25,1,0.332,0.331
de,pos,300,2,0.832,0.827
de,syl,300,1,0.728,0.725
de,token,25,2,0.304,0.305
de,token,25,2,0.18,0.162
de,pos,25,1,0.188,NaN
de,pos_syl,100,2,0.86,0.861
de,pos,25,1,0.34,0.329
de,syl,500,2,0.98,0.98
de,syl,300,2,0.976,0.976
de,pos_syl,500,1,0.984,0.984
de,pos_syl,300,1,0.876,0.874
de,pos,25,2,0.524,0.51
de,pos,25,2,0.628,0.63
de,token,200,1,0.628,0.633
de,syl,25,1,0.38,0.38
de,syl,25,1,0.452,0.451
de,syl,25,2,0.58,0.571
de,syl,25,2,0.62,0.62
de,pos_syl,25,1,0.408,0.39
de,pos_syl,25,1,0.484,0.466
de,pos_syl,300,2,0.976,0.976
de,token,200,2,0.556,0.531
de,pos_syl,500,2,0.988,0.988
de,pos,200,1,0.564,0.566
de,token,500,1,0.8,0.797
de,pos_syl,25,2,0.784,0.775
de,pos_syl,25,2,0.724,0.722
de,token,750,1,0.92,0.92
de,pos,200,2,0.756,0.753
de,token,50,1,0.524,0.509
de,syl,200,1,0.724,0.726
de,token,50,1,0.54,0.542
de,syl,200,2,0.912,0.912
de,pos_syl,200,1,0.96,0.96
de,token,50,2,0.388,0.381
de,token,50,2,0.46,0.441
de,pos,50,1,0.468,0.466
de,pos,50,1,0.16,0.156
de,token,500,2,0.84,0.837
de,pos,50,2,0.748,0.74
de,pos,50,2,0.616,0.618
de,pos,500,1,0.72,0.718
de,syl,50,1,0.436,0.416
de,syl,50,1,0.232,NaN
de,pos_syl,200,2,0.916,0.916
de,syl,50,2,0.72,0.724
de,syl,50,2,0.516,0.495
de,pos_syl,50,1,0.46,0.45
de,pos_syl,50,1,0.512,0.494
de,token,300,1,0.776,0.775
de,token,750,2,0.864,0.861
de,pos,750,1,0.848,0.845
de,pos_syl,50,2,0.888,0.889
de,pos,500,2,0.936,0.936
de,pos_syl,50,2,0.744,0.745
de,syl,500,1,0.732,0.726
de,token,100,1,0.692,0.687
de,token,100,1,0.66,0.665
de,token,300,2,0.64,0.633
de,pos,300,1,0.544,0.536
de,syl,500,2,0.984,0.984
de,pos,750,2,0.992,0.992
de,token,100,2,0.404,0.401
de,syl,750,1,0.876,0.875
de,pos_syl,500,1,0.956,0.956
de,token,100,2,0.512,0.492
de,pos,100,1,0.34,0.322
de,pos,100,1,0.404,0.391
de,pos,300,2,0.872,0.871
de,pos,100,2,0.716,0.718
de,syl,300,1,0.772,0.768
de,pos,100,2,0.7,0.696
de,syl,100,1,0.528,0.522
de,syl,100,1,0.484,0.475
de,syl,100,2,0.812,0.806
de,syl,750,2,1,1
de,syl,100,2,0.748,0.747
de,pos_syl,100,1,0.768,0.758
de,syl,300,2,0.932,0.932
de,pos_syl,500,2,0.988,0.988
de,pos_syl,750,1,1,1
de,pos_syl,100,1,0.64,0.631
de,pos_syl,300,1,0.8,0.791
de,token,750,1,0.864,0.863
de,pos_syl,100,2,0.9,0.9
de,pos_syl,100,2,0.836,0.835
de,pos_syl,300,2,0.96,0.96
de,token,200,1,0.76,0.755
de,token,200,1,0.628,0.625
de,pos_syl,750,2,0.996,0.996
de,token,500,1,0.788,0.784
de,token,1000,1,0.868,0.866
de,token,200,2,0.48,0.476
de,token,200,2,0.464,0.467
de,pos,200,1,0.42,0.418
de,pos,200,1,0.604,0.593
de,token,750,2,0.828,0.828
de,pos,750,1,0.744,0.744
de,pos,200,2,0.804,0.803
de,syl,200,1,0.688,0.666
de,pos,200,2,0.792,0.791
de,syl,200,1,0.712,0.705
de,token,500,2,0.832,0.832
de,syl,200,2,0.892,0.892
de,pos,500,1,0.748,0.745
de,syl,200,2,0.888,0.887
de,pos_syl,200,1,0.876,0.872
de,pos_syl,200,1,0.848,0.85
de,pos,750,2,0.952,0.952
de,syl,750,1,0.888,0.889
de,pos_syl,200,2,0.944,0.944
de,pos,500,2,0.92,0.918
de,token,1000,2,0.764,0.717
de,pos_syl,200,2,0.932,0.932
de,syl,500,1,0.92,0.92
de,pos,1000,1,0.844,0.841
de,token,300,1,0.712,0.708
de,token,300,1,0.696,0.688
de,syl,750,2,1,1
de,syl,500,2,0.956,0.956
de,pos_syl,750,1,0.984,0.984
de,pos_syl,500,1,0.952,0.951
de,token,300,2,0.692,0.684
de,pos,300,1,0.552,0.551
de,token,300,2,0.78,0.78
de,pos,1000,2,0.928,0.926
de,pos,300,1,0.596,0.6
de,syl,1000,1,0.964,0.963
de,pos_syl,500,2,0.98,0.98
de,pos,300,2,0.928,0.928
de,pos_syl,750,2,0.996,0.996
de,syl,300,1,0.824,0.821
de,pos,300,2,0.856,0.855
de,syl,300,1,0.868,0.868
de,token,750,1,0.868,0.866
de,token,1000,1,0.8,0.772
de,syl,300,2,0.992,0.992
de,syl,1000,2,0.984,0.984
de,syl,300,2,0.94,0.939
de,pos_syl,300,1,0.924,0.924
de,pos_syl,1000,1,0.992,0.992
de,pos_syl,300,1,0.92,0.919
de,pos_syl,300,2,0.956,0.956
de,pos_syl,300,2,0.948,0.948
de,token,500,1,0.808,0.805
de,token,750,2,0.768,0.755
de,token,500,1,0.756,0.755
de,pos,750,1,0.832,0.829
de,pos_syl,1000,2,0.964,0.964
de,token,1000,2,0.724,0.697
de,pos,1000,1,0.856,0.854
de,token,25,1,0.316,0.311
de,token,25,2,0.288,0.271
de,pos,750,2,0.956,0.956
de,pos,25,1,0.304,0.306
de,token,500,2,0.816,0.814
de,syl,750,1,0.884,0.883
de,pos,500,1,0.712,0.711
de,token,500,2,0.824,0.82
de,pos,25,2,0.576,0.559
de,pos,500,1,0.708,0.699
de,syl,25,1,0.316,0.319
de,syl,25,2,0.696,0.687
de,pos_syl,25,1,0.492,0.491
de,pos,1000,2,0.888,0.882
de,syl,1000,1,0.852,0.85
de,syl,750,2,1,1
de,pos,500,2,0.856,0.853
de,syl,500,1,0.884,0.882
de,pos_syl,750,1,0.968,0.968
de,pos,500,2,0.944,0.944
de,syl,500,1,0.9,0.9
de,pos_syl,25,2,0.732,0.723
de,syl,500,2,0.96,0.96
de,token,50,1,0.384,0.374
de,pos_syl,500,1,0.98,0.98
de,syl,500,2,0.996,0.996
de,syl,1000,2,0.996,0.996
de,pos_syl,500,1,0.976,0.976
de,pos_syl,1000,1,0.964,0.964
de,pos_syl,750,2,0.964,0.964
de,token,50,2,0.3,0.3
de,pos,50,1,0.304,0.299
de,token,1000,1,0.78,0.767
de,pos,50,2,0.504,0.505
de,pos_syl,500,2,0.996,0.996
de,syl,50,1,0.396,0.381
de,pos_syl,500,2,0.972,0.972
de,syl,50,2,0.676,0.662
de,pos_syl,50,1,0.536,0.522
de,token,750,1,0.768,0.768
de,pos_syl,1000,2,0.868,0.852
de,token,750,1,0.832,0.832
de,pos_syl,50,2,0.836,0.836
de,token,100,1,0.568,0.561
de,token,25,1,0.456,0.454
de,token,25,2,0.228,0.223
de,token,100,2,0.416,0.407
de,pos,25,1,0.288,0.277
de,pos,100,1,0.428,0.436
de,token,1000,2,0.732,0.678
de,pos,1000,1,0.868,0.866
de,token,750,2,0.9,0.899
de,pos,25,2,0.772,0.766
de,pos,750,1,0.808,0.798
de,syl,25,1,0.356,0.34
de,pos,100,2,0.556,0.55
de,syl,100,1,0.676,0.658
de,syl,25,2,0.516,0.5
de,token,750,2,0.888,0.889
de,pos,750,1,0.82,0.821
de,pos_syl,25,1,0.436,0.425
de,syl,100,2,0.736,0.723
de,pos_syl,100,1,0.724,0.716
de,pos,750,2,1,1
de,pos_syl,100,2,0.816,0.818
de,pos,1000,2,0.936,0.934
de,syl,750,1,0.904,0.902
de,pos_syl,25,2,0.712,0.713
de,syl,1000,1,0.956,0.956
de,pos,750,2,0.988,0.988
de,syl,750,1,0.916,0.916
de,token,200,1,0.6,0.6
de,token,50,1,0.52,0.514
de,token,50,2,0.336,0.329
de,syl,750,2,1,1
de,pos,50,1,0.3,0.293
de,token,200,2,0.528,0.521
de,pos_syl,750,1,0.992,0.992
de,pos,200,1,0.484,0.484
de,syl,750,2,0.984,0.984
de,syl,1000,2,1,1
de,pos,50,2,0.704,0.704
de,pos_syl,750,1,0.992,0.992
de,syl,50,1,0.44,0.426
de,pos_syl,1000,1,0.984,0.984
de,syl,50,2,0.784,0.779
de,pos,200,2,0.856,0.857
de,pos_syl,50,1,0.588,0.562
de,syl,200,1,0.648,0.646
de,syl,200,2,0.784,0.776
de,pos_syl,50,2,0.82,0.817
de,pos_syl,200,1,0.684,0.672
de,pos_syl,750,2,0.992,0.992
de,pos_syl,750,2,0.98,0.98
de,token,100,1,0.696,0.684
de,pos_syl,1000,2,0.952,0.951
de,token,1000,1,0.836,0.815
de,pos_syl,200,2,0.944,0.944
de,token,1000,1,0.788,0.765
de,token,100,2,0.32,0.322
de,pos,100,1,0.404,0.39
de,token,300,1,0.884,0.884
de,pos,100,2,0.748,0.748
de,syl,100,1,0.504,0.499
de,syl,100,2,0.668,0.667
de,pos_syl,100,1,0.652,0.642
de,token,25,1,0.356,0.342
de,token,300,2,0.728,0.728
de,pos,300,1,0.664,0.663
de,token,25,2,0.296,0.279
de,pos,25,1,0.212,0.208
de,pos_syl,100,2,0.932,0.932
de,pos,25,2,0.516,0.511
de,token,1000,2,0.748,0.696
de,token,200,1,0.6,0.595
de,syl,25,1,0.364,0.366
de,pos,300,2,0.796,0.794
de,pos,1000,1,0.78,0.756
de,token,1000,2,0.8,0.776
de,syl,300,1,0.712,0.71
de,syl,25,2,0.556,0.552
de,pos,1000,1,0.72,0.706
de,pos_syl,25,1,0.456,0.45
de,syl,300,2,0.876,0.874
de,pos_syl,300,1,0.956,0.956
de,token,200,2,0.644,0.643
de,pos,200,1,0.588,0.587
de,pos_syl,25,2,0.728,0.722
de,pos,1000,2,0.928,0.926
de,pos_syl,300,2,0.956,0.956
de,pos,200,2,0.68,0.678
de,pos,1000,2,0.872,0.865
de,syl,1000,1,0.924,0.923
de,syl,200,1,0.892,0.893
de,token,50,1,0.512,0.486
de,syl,1000,1,0.9,0.898
de,token,500,1,0.8,0.796
de,syl,200,2,0.912,0.912
de,pos_syl,200,1,0.852,0.852
de,token,50,2,0.328,0.326
de,pos,50,1,0.34,0.344
de,syl,1000,2,0.984,0.984
de,pos,50,2,0.74,0.74
de,syl,1000,2,0.98,0.98
de,pos_syl,200,2,0.964,0.964
de,syl,50,1,0.388,0.383
de,pos_syl,1000,1,0.96,0.96
de,pos_syl,1000,1,0.988,0.988
de,syl,50,2,0.628,0.622
de,token,300,1,0.66,0.656
de,pos_syl,50,1,0.592,0.582
de,token,500,2,0.824,0.824
de,pos,500,1,0.776,0.775
de,pos_syl,50,2,0.816,0.814
de,token,100,1,0.696,0.695
de,token,300,2,0.824,0.823
de,pos_syl,1000,2,0.94,0.939
de,pos,300,1,0.568,0.568
de,pos,500,2,0.992,0.992
de,pos_syl,1000,2,0.952,0.951
de,syl,500,1,0.86,0.853
de,token,25,1,0.44,0.431
de,token,100,2,0.456,0.439
de,pos,100,1,0.528,0.525
de,pos,300,2,0.896,0.896
de,token,25,2,0.232,NaN
de,syl,300,1,0.836,0.835
de,pos,25,1,0.292,0.275
de,token,25,1,0.36,0.361
de,syl,500,2,1,1
de,pos,100,2,0.692,0.696
de,pos_syl,500,1,0.964,0.964
de,pos,25,2,0.656,0.636
de,syl,100,1,0.468,0.456
de,syl,25,1,0.368,0.357
de,token,25,2,0.312,0.282
de,syl,300,2,0.924,0.924
de,syl,25,2,0.536,0.53
de,pos,25,1,0.444,0.428
de,syl,100,2,0.704,0.699
de,pos_syl,300,1,0.884,0.883
de,pos_syl,25,1,0.396,0.374
de,pos_syl,100,1,0.792,0.791
de,pos,25,2,0.516,0.505
de,syl,25,1,0.344,0.306
de,syl,25,2,0.46,0.459
de,pos_syl,500,2,0.992,0.992
de,pos_syl,25,1,0.528,0.527
de,pos_syl,100,2,0.92,0.92
de,pos_syl,300,2,0.96,0.96
de,pos_syl,25,2,0.784,0.782
de,token,200,1,0.684,0.688
de,token,750,1,0.836,0.837
de,token,500,1,0.792,0.786
de,token,50,1,0.46,0.455
de,pos_syl,25,2,0.824,0.823
de,token,50,1,0.584,0.571
de,token,200,2,0.592,0.587
de,token,50,2,0.372,0.358
de,pos,200,1,0.52,0.511
de,pos,50,1,0.448,0.445
de,pos,50,2,0.632,0.633
de,token,50,2,0.328,0.32
de,syl,50,1,0.432,0.429
de,pos,200,2,0.864,0.86
de,token,500,2,0.76,0.747
de,pos,50,1,0.344,0.33
de,syl,200,1,0.716,0.7
de,syl,50,2,0.604,0.611
de,pos,500,1,0.664,0.663
de,token,750,2,0.892,0.892
de,pos_syl,50,1,0.572,0.56
de,pos,50,2,0.676,0.665
de,pos,750,1,0.712,0.712
de,syl,200,2,0.884,0.882
de,syl,50,1,0.476,0.474
de,pos_syl,200,1,0.78,0.775
de,syl,50,2,0.704,0.697
de,pos_syl,50,2,0.844,0.844
de,pos_syl,50,1,0.58,0.583
de,pos,500,2,0.916,0.915
de,token,100,1,0.616,0.612
de,syl,500,1,0.856,0.856
de,pos_syl,200,2,0.916,0.916
de,pos_syl,50,2,0.884,0.883
de,pos,750,2,0.98,0.98
de,syl,750,1,0.876,0.876
de,token,100,1,0.692,0.683
de,token,300,1,0.68,0.68
de,syl,500,2,1,1
de,token,100,2,0.512,0.505
de,pos,100,1,0.48,0.468
de,pos_syl,500,1,0.976,0.976
de,token,100,2,0.408,0.399
de,pos,100,2,0.76,0.758
de,pos,100,1,0.668,0.665
de,syl,100,1,0.612,0.614
de,syl,750,2,0.976,0.976
de,syl,100,2,0.656,0.644
de,token,300,2,0.76,0.76
de,pos_syl,750,1,0.972,0.972
de,pos_syl,100,1,0.752,0.748
de,pos,300,1,0.488,0.476
de,pos,100,2,0.836,0.835
de,syl,100,1,0.592,0.583
de,pos_syl,500,2,0.988,0.988
de,syl,100,2,0.808,0.81
de,pos_syl,100,1,0.76,0.758
de,pos_syl,100,2,0.872,0.873
de,pos,300,2,0.892,0.892
de,token,750,1,0.864,0.863
de,syl,300,1,0.828,0.824
de,token,200,1,0.672,0.666
de,pos_syl,100,2,0.932,0.931
de,syl,300,2,0.912,0.913
de,pos_syl,750,2,1,1
de,pos_syl,300,1,0.916,0.915
de,token,200,1,0.744,0.736
de,token,1000,1,0.804,0.787
de,token,200,2,0.568,0.563
de,pos,200,1,0.512,0.513
de,pos_syl,300,2,0.972,0.972
de,token,200,2,0.616,0.611
de,token,750,2,0.924,0.924
de,pos,200,1,0.58,0.572
de,pos,200,2,0.832,0.832
de,pos,750,1,0.848,0.846
de,token,500,1,0.848,0.847
de,syl,200,1,0.588,0.592
de,syl,200,2,0.924,0.923
de,pos,200,2,0.828,0.82
de,syl,200,1,0.728,0.733
de,pos_syl,200,1,0.708,0.707
de,syl,200,2,0.9,0.9
de,pos_syl,200,1,0.852,0.854
de,pos,750,2,0.948,0.948
de,syl,750,1,0.956,0.956
de,pos_syl,200,2,0.924,0.924
de,token,1000,2,0.808,0.772
de,pos,1000,1,0.72,0.721
de,token,500,2,0.8,0.787
de,pos,500,1,0.64,0.637
de,token,300,1,0.648,0.643
de,pos_syl,200,2,0.872,0.872
de,token,300,1,0.748,0.743
de,syl,750,2,0.988,0.988
de,pos_syl,750,1,0.996,0.996
de,pos,500,2,0.96,0.96
de,syl,500,1,0.864,0.862
de,token,300,2,0.704,0.696
de,pos,1000,2,0.94,0.939
de,syl,1000,1,0.96,0.96
de,pos,300,1,0.616,0.613
de,token,300,2,0.564,0.564
de,pos,300,1,0.536,0.525
de,syl,500,2,0.996,0.996
de,pos,300,2,0.808,0.804
de,pos_syl,500,1,0.976,0.976
de,syl,300,1,0.84,0.841
de,pos_syl,750,2,0.968,0.968
de,pos,300,2,0.848,0.847
de,syl,1000,2,0.98,0.98
de,syl,300,1,0.776,0.773
de,syl,300,2,0.972,0.972
de,token,1000,1,0.736,0.717
de,pos_syl,1000,1,0.964,0.964
de,pos_syl,300,1,0.896,0.895
de,syl,300,2,0.94,0.94
de,pos_syl,500,2,0.992,0.992
de,pos_syl,300,1,0.868,0.863
de,token,750,1,0.896,0.897
de,pos_syl,300,2,0.952,0.952
de,pos_syl,300,2,0.92,0.92
de,token,500,1,0.736,0.734
de,pos_syl,1000,2,0.952,0.951
de,token,500,1,0.696,0.689
de,token,25,1,0.264,NaN
de,token,1000,2,0.744,0.692
de,pos,1000,1,0.872,0.87
de,token,25,2,0.212,0.187
de,pos,25,1,0.244,0.246
de,token,750,2,0.872,0.872
de,pos,25,2,0.532,0.534
de,token,500,2,0.832,0.831
de,syl,25,1,0.536,0.531
de,pos,750,1,0.756,0.752
de,pos,500,1,0.672,0.661
de,syl,25,2,0.596,0.596
de,pos_syl,25,1,0.532,0.531
de,token,500,2,0.8,0.794
de,pos,500,1,0.68,0.681
de,pos,1000,2,0.936,0.935
de,syl,1000,1,0.968,0.968
de,pos,500,2,0.928,0.928
de,syl,500,1,0.888,0.889
de,pos_syl,25,2,0.792,0.791
de,pos,750,2,0.916,0.915
de,syl,750,1,0.916,0.916
de,pos,500,2,0.928,0.928
de,syl,500,1,0.812,0.811
de,token,50,1,0.472,0.467
de,syl,500,2,1,1
de,pos_syl,500,1,0.964,0.963
de,syl,1000,2,0.96,0.959
de,token,50,2,0.32,0.324
de,syl,500,2,0.992,0.992
de,pos_syl,1000,1,0.996,0.996
de,pos,50,1,0.26,0.248
de,syl,750,2,0.996,0.996
de,pos_syl,500,1,0.964,0.964
de,pos_syl,750,1,0.992,0.992
de,pos,50,2,0.612,0.605
de,syl,50,1,0.612,0.613
de,syl,50,2,0.696,0.698
de,pos_syl,500,2,0.996,0.996
de,pos_syl,50,1,0.552,0.532
de,pos_syl,500,2,0.996,0.996
de,token,750,1,0.72,0.723
de,pos_syl,50,2,0.848,0.848
de,pos_syl,1000,2,0.98,0.98
de,pos_syl,750,2,1,1
de,token,750,1,0.848,0.85
de,token,100,1,0.636,0.627
de,token,1000,1,0.836,0.831
de,token,100,2,0.428,0.428
de,pos,100,1,0.452,0.445
de,token,25,1,0.424,0.412
de,pos,100,2,0.644,0.642
de,syl,100,1,0.572,0.554
de,token,750,2,0.836,0.835
de,token,25,2,0.348,0.348
de,pos,750,1,0.784,0.785
de,pos,25,1,0.324,0.325
de,syl,100,2,0.728,0.725
de,pos_syl,100,1,0.648,0.641
de,pos,25,2,0.556,0.546
de,token,750,2,0.892,0.892
de,syl,25,1,0.376,0.373
de,pos,750,1,0.764,0.765
de,syl,25,2,0.572,0.574
de,pos_syl,25,1,0.416,0.385
de,pos_syl,100,2,0.852,0.851
de,token,1000,2,0.72,NA
de,pos,1000,1,0.728,0.714
de,pos,750,2,0.984,0.984
de,token,200,1,0.732,0.732
de,syl,750,1,0.932,0.931
de,pos_syl,25,2,0.74,0.736
de,pos,750,2,0.924,0.923
de,syl,750,1,0.892,0.892
de,token,50,1,0.444,0.446
de,token,200,2,0.508,0.505
de,pos,200,1,0.516,0.503
de,syl,750,2,1,1
de,pos_syl,750,1,1,1
de,pos,1000,2,0.872,0.853
de,token,50,2,0.324,0.319
de,syl,1000,1,0.936,0.936
de,pos,50,1,0.36,0.361
de,syl,750,2,0.968,0.968
de,pos,200,2,0.848,0.848
de,syl,200,1,0.652,0.65
de,pos_syl,750,1,0.972,0.972
de,pos,50,2,0.676,0.668
de,syl,50,1,0.452,0.449
de,syl,200,2,0.924,0.923
de,syl,50,2,0.532,0.532
de,pos_syl,200,1,0.896,0.895
de,pos_syl,50,1,0.408,0.408
de,pos_syl,750,2,1,1
de,syl,1000,2,1,1
de,pos_syl,50,2,0.744,0.746
de,pos_syl,1000,1,0.94,0.939
de,pos_syl,200,2,0.928,0.928
de,pos_syl,750,2,0.984,0.984
de,token,1000,1,0.908,0.905
de,token,100,1,0.676,0.674
de,token,300,1,0.74,0.743
de,token,1000,1,0.8,0.784
de,token,100,2,0.508,0.505
de,pos,100,1,0.468,0.478
de,pos_syl,1000,2,0.932,0.93
de,token,300,2,0.784,0.784
de,pos,100,2,0.78,0.783
de,syl,100,1,0.572,0.571
de,pos,300,1,0.572,0.564
de,token,25,1,0.456,0.436
de,syl,100,2,0.696,0.682
de,pos_syl,100,1,0.756,0.748
de,token,25,2,0.216,0.207
de,pos,25,1,0.348,0.356
de,pos,300,2,0.8,0.798
de,token,1000,2,0.712,0.661
de,syl,300,1,0.796,0.794
de,pos,1000,1,0.792,0.771
de,pos_syl,100,2,0.968,0.968
de,pos,25,2,0.6,0.596
de,token,1000,2,0.764,0.715
de,syl,25,1,0.308,0.31
de,pos,1000,1,0.82,0.819
de,syl,25,2,0.504,0.501
de,syl,300,2,0.996,0.996
de,token,200,1,0.748,0.745
de,pos_syl,25,1,0.576,0.561
de,pos_syl,300,1,0.936,0.936
de,token,200,2,0.428,0.41
de,pos,1000,2,0.992,0.992
de,pos_syl,300,2,0.924,0.924
de,syl,1000,1,0.956,0.956
de,pos,200,1,0.588,0.585
de,pos_syl,25,2,0.74,0.741
de,pos,1000,2,0.84,0.823
de,token,500,1,0.764,0.763
de,syl,1000,1,0.96,0.959
de,token,50,1,0.544,0.545
de,pos,200,2,0.792,0.787
de,syl,200,1,0.712,0.698
de,token,50,2,0.38,0.36
de,syl,200,2,0.892,0.891
de,pos,50,1,0.36,0.335
de,syl,1000,2,1,1
de,pos_syl,200,1,0.804,0.802
de,pos_syl,1000,1,0.924,0.922
de,pos,50,2,0.636,0.634
de,syl,50,1,0.564,0.556
de,syl,1000,2,0.988,0.988
de,syl,50,2,0.74,0.738
de,pos_syl,1000,1,0.992,0.992
de,token,500,2,0.808,0.81
de,pos_syl,200,2,0.952,0.952
de,pos,500,1,0.648,0.648
de,pos_syl,50,1,0.436,0.436
de,token,300,1,0.68,0.679
de,pos_syl,50,2,0.788,0.788
de,token,100,1,0.66,0.66
de,pos,500,2,0.988,0.988
de,pos_syl,1000,2,0.98,0.98
de,syl,500,1,0.904,0.904
de,pos_syl,1000,2,0.888,0.878
de,token,300,2,0.684,0.674
de,token,100,2,0.488,0.482
de,pos,300,1,0.648,0.644
de,token,25,1,0.324,0.326
de,token,25,1,0.436,0.433
de,pos,100,1,0.48,0.454
de,syl,500,2,1,1
de,pos_syl,500,1,0.972,0.972
de,token,25,2,0.224,NaN
de,token,25,2,0.152,0.151
de,pos,100,2,0.676,0.674
de,pos,25,1,0.24,0.233
de,pos,25,1,0.148,NaN
de,syl,100,1,0.516,0.517
de,pos,300,2,0.86,0.859
de,syl,300,1,0.788,0.784
de,syl,100,2,0.752,0.757
de,pos,25,2,0.64,0.634
de,pos,25,2,0.46,0.447
de,syl,25,1,0.396,0.397
de,syl,25,1,0.444,0.412
de,pos_syl,100,1,0.664,0.658
de,syl,25,2,0.528,0.512
de,syl,25,2,0.516,0.515
de,syl,300,2,0.94,0.94
de,pos_syl,25,1,0.348,0.347
de,pos_syl,25,1,0.44,0.437
de,pos_syl,500,2,0.996,0.996
de,pos_syl,300,1,0.888,0.886
de,pos_syl,100,2,0.908,0.906
de,token,750,1,0.904,0.904
de,token,200,1,0.636,0.624
de,pos_syl,300,2,0.924,0.924
de,pos_syl,25,2,0.604,0.6
de,pos_syl,25,2,0.8,0.793
de,token,50,1,0.42,0.413
de,token,50,1,0.524,0.514
de,token,500,1,0.772,0.771
de,token,200,2,0.576,0.559
de,pos,200,1,0.648,0.643
de,token,50,2,0.452,0.45
de,token,50,2,0.396,0.385
de,pos,50,1,0.26,0.246
de,pos,50,1,0.336,0.334
de,pos,200,2,0.86,0.855
de,pos,50,2,0.66,0.665
de,syl,200,1,0.756,0.757
de,syl,50,1,0.492,0.474
de,token,750,2,0.92,0.92
de,pos,50,2,0.736,0.732
de,syl,50,1,0.46,0.455
de,pos,750,1,0.736,0.737
de,syl,50,2,0.728,0.729
de,syl,200,2,0.92,0.918
de,syl,50,2,0.496,0.492
de,pos_syl,50,1,0.456,0.445
de,token,500,2,0.808,0.804
de,pos_syl,200,1,0.816,0.817
de,pos_syl,50,1,0.528,0.516
de,pos,500,1,0.688,0.69
de,pos_syl,50,2,0.796,0.779
de,pos_syl,50,2,0.828,0.827
de,pos_syl,200,2,0.96,0.96
de,token,100,1,0.652,0.647
de,pos,750,2,0.964,0.964
de,token,100,1,0.616,0.621
de,syl,750,1,0.924,0.923
de,pos,500,2,0.952,0.952
de,syl,500,1,0.832,0.83
de,token,300,1,0.716,0.705
de,token,100,2,0.544,0.539
de,token,100,2,0.448,0.442
de,pos,100,1,0.508,0.51
de,pos,100,1,0.412,0.409
de,syl,500,2,1,1
de,syl,750,2,0.996,0.996
de,pos_syl,500,1,0.968,0.967
de,pos,100,2,0.852,0.851
de,pos,100,2,0.636,0.639
de,pos_syl,750,1,0.96,0.96
de,syl,100,1,0.568,0.573
de,token,300,2,0.684,0.679
de,syl,100,1,0.512,0.498
de,pos,300,1,0.568,0.563
de,syl,100,2,0.804,0.803
de,syl,100,2,0.812,0.806
de,pos_syl,100,1,0.684,0.682
de,pos_syl,100,1,0.716,0.716
de,pos,300,2,0.892,0.893
de,pos_syl,500,2,0.992,0.992
de,pos_syl,100,2,0.94,0.94
de,syl,300,1,0.824,0.822
de,pos_syl,100,2,0.88,0.881
de,pos_syl,750,2,0.988,0.988
de,token,200,1,0.672,0.669
de,token,750,1,0.908,0.908
de,token,200,1,0.7,0.694
de,syl,300,2,0.912,0.909
de,pos_syl,300,1,0.912,0.912
de,token,1000,1,0.852,0.847
de,token,200,2,0.512,0.479
de,pos,200,1,0.656,0.657
de,token,200,2,0.528,0.524
de,pos_syl,300,2,0.98,0.98
de,pos,200,1,0.58,0.568
de,token,500,1,0.848,0.849
de,pos,200,2,0.748,0.745
de,syl,200,1,0.76,0.759
de,pos,200,2,0.86,0.859
de,syl,200,1,0.584,0.575
de,token,750,2,0.84,0.84
de,pos,750,1,0.712,0.704
de,syl,200,2,0.876,0.873
de,syl,200,2,0.828,0.826
de,pos_syl,200,1,0.912,0.911
de,pos_syl,200,1,0.892,0.889
de,token,1000,2,0.824,0.808
de,pos,1000,1,0.856,0.856
de,token,500,2,0.82,0.82
de,pos_syl,200,2,0.94,0.94
de,pos_syl,200,2,0.876,0.876
de,pos,500,1,0.716,0.716
de,pos,750,2,0.976,0.976
de,syl,750,1,0.912,0.911
de,token,300,1,0.708,0.706
de,token,300,1,0.748,0.748
de,pos,500,2,0.904,0.903
de,syl,500,1,0.872,0.873
de,pos,1000,2,0.904,0.898
de,syl,750,2,0.972,0.972
de,syl,1000,1,0.948,0.948
de,pos_syl,750,1,0.98,0.98
de,token,300,2,0.736,0.734
de,token,300,2,0.688,0.684
de,pos,300,1,0.564,0.566
de,pos,300,1,0.624,0.608
de,syl,500,2,0.964,0.964
de,pos_syl,500,1,0.952,0.952
de,pos,300,2,0.828,0.826
de,pos,300,2,0.808,0.804
de,syl,300,1,0.868,0.868
de,syl,300,1,0.872,0.87
de,syl,1000,2,1,1
de,pos_syl,1000,1,0.988,0.988
de,pos_syl,750,2,0.984,0.984
de,syl,300,2,0.916,0.917
de,syl,300,2,0.984,0.984
de,pos_syl,500,2,0.956,0.956
de,pos_syl,300,1,0.94,0.938
de,pos_syl,300,1,0.828,0.827
de,token,1000,1,0.844,0.835
de,token,750,1,0.864,0.861
de,pos_syl,300,2,0.972,0.972
de,pos_syl,300,2,0.948,0.948
de,pos_syl,1000,2,0.924,0.921
de,token,500,1,0.776,0.774
de,token,500,1,0.844,0.843
de,token,25,1,0.384,0.377
de,token,25,2,0.244,0.241
de,pos,25,1,0.224,NaN
de,pos,25,2,0.524,0.517
de,syl,25,1,0.396,0.385
de,token,750,2,0.872,0.866
de,syl,25,2,0.568,0.56
de,pos,750,1,0.796,0.793
de,token,1000,2,0.796,0.75
de,pos,1000,1,0.824,0.826
de,pos_syl,25,1,0.432,0.425
de,token,500,2,0.832,0.83
de,pos,500,1,0.688,0.675
de,token,500,2,0.756,0.753
de,pos,500,1,0.652,0.647
de,pos,750,2,0.92,0.919
de,pos_syl,25,2,0.716,0.722
de,syl,750,1,0.912,0.911
de,pos,500,2,0.896,0.894
de,syl,500,1,0.788,0.781
de,pos,1000,2,0.928,0.926
de,pos,500,2,0.96,0.96
de,token,50,1,0.512,0.501
de,syl,1000,1,0.832,0.822
de,syl,500,1,0.896,0.896
de,syl,500,2,0.988,0.988
de,token,50,2,0.46,0.44
de,syl,750,2,0.976,0.976
de,pos_syl,500,1,0.984,0.984
de,pos,50,1,0.368,0.358
de,pos_syl,750,1,0.984,0.984
de,syl,500,2,1,1
de,pos_syl,500,1,0.948,0.948
de,pos,50,2,0.76,0.758
de,syl,50,1,0.54,0.51
de,syl,1000,2,0.936,0.934
de,syl,50,2,0.62,0.611
de,pos_syl,1000,1,0.96,0.96
de,pos_syl,50,1,0.624,0.619
de,pos_syl,500,2,0.992,0.992
de,pos_syl,750,2,0.972,0.972
de,pos_syl,500,2,0.988,0.988
de,pos_syl,50,2,0.864,0.864
de,token,750,1,0.924,0.924
de,token,100,1,0.568,0.552
de,token,750,1,0.844,0.842
de,token,1000,1,0.764,0.736
de,pos_syl,1000,2,0.892,0.884
de,token,100,2,0.44,0.438
de,pos,100,1,0.344,0.346
de,token,25,1,0.364,0.346
de,pos,100,2,0.76,0.758
de,syl,100,1,0.492,0.476
de,token,25,2,0.28,0.269
de,pos,25,1,0.36,0.358
de,syl,100,2,0.764,0.758
de,pos_syl,100,1,0.804,0.8
de,token,750,2,0.916,0.916
de,pos,25,2,0.544,0.547
de,pos,750,1,0.764,0.759
de,syl,25,1,0.392,0.393
de,syl,25,2,0.656,0.656
de,token,750,2,0.784,0.78
de,pos_syl,25,1,0.56,0.548
de,pos,750,1,0.868,0.868
de,pos_syl,100,2,0.82,0.82
de,token,1000,2,0.776,0.722
de,pos,1000,1,0.888,0.886
de,token,200,1,0.704,0.7
de,pos,750,2,0.932,0.931
de,syl,750,1,0.924,0.924
de,pos_syl,25,2,0.756,0.74
de,pos,750,2,0.932,0.931
de,token,50,1,0.692,0.68
de,token,200,2,0.38,0.358
de,syl,750,1,0.984,0.984
de,pos,200,1,0.504,0.496
de,pos,1000,2,0.852,0.83
de,syl,1000,1,0.968,0.968
de,token,50,2,0.284,0.286
de,syl,750,2,0.996,0.996
de,pos,200,2,0.92,0.919
de,pos,50,1,0.464,0.454
de,syl,200,1,0.68,0.672
de,pos_syl,750,1,0.976,0.976
de,pos,50,2,0.664,0.66
de,syl,750,2,0.988,0.988
de,syl,200,2,0.908,0.909
de,syl,50,1,0.484,0.479
de,pos_syl,750,1,0.984,0.984
de,pos_syl,200,1,0.764,0.734
de,syl,50,2,0.692,0.664
de,pos_syl,50,1,0.676,0.673
de,syl,1000,2,0.992,0.992
de,pos_syl,200,2,0.956,0.956
de,pos_syl,1000,1,0.988,0.988
de,pos_syl,50,2,0.856,0.851
de,pos_syl,750,2,0.98,0.98
de,token,300,1,0.736,0.729
de,token,100,1,0.508,0.501
de,pos_syl,750,2,0.964,0.964
de,token,1000,1,0.812,0.793
de,token,1000,1,0.86,0.855
de,token,100,2,0.38,0.383
de,pos,100,1,0.372,0.36
de,token,300,2,0.776,0.773
de,pos,300,1,0.504,0.5
de,pos_syl,1000,2,0.94,0.939
de,pos,100,2,0.644,0.644
de,syl,100,1,0.576,0.556
de,token,25,1,0.44,0.435
de,syl,100,2,0.816,0.811
de,pos_syl,100,1,0.704,0.685
de,pos,300,2,0.788,0.777
de,token,25,2,0.228,NaN
de,syl,300,1,0.708,0.699
de,pos,25,1,0.168,0.166
de,pos,25,2,0.68,0.679
de,pos_syl,100,2,0.9,0.9
de,syl,300,2,0.94,0.94
de,syl,25,1,0.544,0.534
de,token,1000,2,0.796,0.773
de,pos_syl,300,1,0.916,0.914
de,syl,25,2,0.556,0.553
de,pos,1000,1,0.828,0.819
de,token,200,1,0.664,0.666
de,pos_syl,25,1,0.508,0.494
de,token,1000,2,0.74,0.699
de,pos,1000,1,0.936,0.935
de,pos_syl,300,2,0.944,0.944
de,token,200,2,0.544,0.538
de,pos,200,1,0.492,0.49
de,pos_syl,25,2,0.812,0.813
de,token,500,1,0.78,0.781
de,pos,1000,2,0.94,0.939
de,token,50,1,0.576,0.559
de,syl,1000,1,0.944,0.943
de,pos,200,2,0.82,0.821
de,syl,200,1,0.68,0.678
de,pos,1000,2,0.856,0.84
de,syl,1000,1,0.98,0.98
de,token,50,2,0.5,0.479
de,syl,200,2,0.948,0.948
de,pos,50,1,0.36,0.362
de,pos_syl,200,1,0.808,0.806
de,pos,50,2,0.672,0.67
de,syl,50,1,0.484,0.474
de,token,500,2,0.792,0.792
de,pos,500,1,0.728,0.725
de,syl,1000,2,0.976,0.976
de,syl,50,2,0.7,0.698
de,pos_syl,1000,1,1,1
de,pos_syl,50,1,0.58,0.573
de,pos_syl,200,2,0.952,0.952
de,syl,1000,2,0.98,0.98
de,pos_syl,1000,1,0.948,0.947
de,token,300,1,0.692,0.693
de,pos_syl,50,2,0.876,0.875
de,pos,500,2,0.904,0.904
de,syl,500,1,0.936,0.936
de,token,100,1,0.64,0.635
de,pos_syl,1000,2,0.956,0.955
de,token,300,2,0.8,0.795
de,syl,500,2,0.972,0.972
de,pos,300,1,0.588,0.582
de,token,100,2,0.424,0.426
de,pos_syl,500,1,0.96,0.96
de,pos,100,1,0.416,0.411
de,token,25,1,0.412,0.415
de,pos_syl,1000,2,0.924,0.921
de,token,25,2,0.364,0.335
de,pos,100,2,0.692,0.689
de,pos,25,1,0.268,NaN
de,pos,300,2,0.884,0.881
de,syl,100,1,0.528,0.505
de,syl,300,1,0.8,0.801
de,pos,25,2,0.596,0.596
de,syl,100,2,0.784,0.786
de,syl,25,1,0.488,0.485
de,pos_syl,500,2,0.992,0.992
de,pos_syl,100,1,0.652,0.642
de,syl,25,2,0.628,0.62
de,syl,300,2,0.912,0.913
de,pos_syl,25,1,0.408,0.399
de,pos_syl,300,1,0.892,0.889
de,token,750,1,0.852,0.849
de,pos_syl,100,2,0.824,0.823
de,token,200,1,0.748,0.738
de,pos_syl,300,2,0.964,0.964
de,pos_syl,25,2,0.832,0.831
de,token,50,1,0.488,0.477
de,token,500,1,0.728,0.719
de,token,200,2,0.676,0.666
de,pos,200,1,0.536,0.539
de,token,50,2,0.272,0.268
de,pos,50,1,0.292,0.296
de,token,750,2,0.86,0.859
de,pos,750,1,0.824,0.821
de,pos,50,2,0.648,0.638
de,pos,200,2,0.752,0.752
de,syl,50,1,0.456,0.449
de,syl,200,1,0.924,0.924
de,syl,50,2,0.62,0.619
de,pos_syl,50,1,0.428,0.43
de,token,500,2,0.832,0.826
de,syl,200,2,0.928,0.928
de,pos,500,1,0.652,0.649
de,pos_syl,200,1,0.84,0.836
de,pos_syl,50,2,0.828,0.829
de,pos,750,2,0.948,0.947
de,syl,750,1,0.932,0.932
de,token,100,1,0.596,0.59
de,pos_syl,200,2,0.952,0.952
de,pos,500,2,0.892,0.89
de,syl,500,1,0.864,0.864
de,token,300,1,0.796,0.795
de,token,100,2,0.46,0.451
de,pos,100,1,0.344,0.34
de,syl,750,2,0.984,0.984
de,syl,500,2,0.988,0.988
de,pos_syl,750,1,0.984,0.984
de,pos_syl,500,1,0.908,0.907
de,pos,100,2,0.764,0.762
de,syl,100,1,0.576,0.567
de,token,300,2,0.828,0.825
de,syl,100,2,0.836,0.838
de,pos,300,1,0.572,0.562
de,pos_syl,100,1,0.656,0.652
de,token,25,1,0.376,0.364
de,pos_syl,500,2,0.988,0.988
de,pos,300,2,0.824,0.82
de,pos_syl,100,2,0.844,0.842
de,pos_syl,750,2,0.976,0.976
de,syl,300,1,0.72,0.721
de,token,25,2,0.296,0.284
de,pos,25,1,0.348,0.342
de,token,750,1,0.928,0.928
de,token,200,1,0.708,0.691
de,syl,300,2,0.96,0.96
de,token,1000,1,0.828,0.815
de,pos,25,2,0.468,0.466
de,pos_syl,300,1,0.944,0.943
de,syl,25,1,0.388,NaN
de,syl,25,2,0.5,0.497
de,pos_syl,25,1,0.44,0.435
de,token,200,2,0.56,0.55
de,pos,200,1,0.476,0.477
de,pos_syl,300,2,0.94,0.94
de,pos,200,2,0.856,0.855
de,syl,200,1,0.768,0.767
de,token,500,1,0.916,0.915
de,pos_syl,25,2,0.7,0.7
de,token,750,2,0.868,0.867
de,pos,750,1,0.852,0.851
de,syl,200,2,0.956,0.956
de,token,50,1,0.44,0.428
de,pos_syl,200,1,0.884,0.879
de,token,1000,2,0.804,0.768
de,pos,1000,1,0.836,0.836
de,token,50,2,0.268,0.269
de,pos,50,1,0.448,0.453
de,pos_syl,200,2,0.956,0.956
de,token,500,2,0.712,0.712
de,pos,50,2,0.716,0.712
de,pos,750,2,0.96,0.961
de,pos,500,1,0.772,0.768
de,syl,50,1,0.512,0.498
de,syl,750,1,0.984,0.984
de,token,300,1,0.708,0.707
de,syl,50,2,0.764,0.761
de,pos_syl,50,1,0.616,0.607
de,pos,1000,2,0.92,0.918
de,pos_syl,50,2,0.852,0.851
de,syl,1000,1,0.94,0.94
de,pos,500,2,0.9,0.898
de,syl,750,2,1,1
de,syl,500,1,0.956,0.956
de,token,300,2,0.668,0.662
de,pos_syl,750,1,1,1
de,token,100,1,0.7,0.698
de,pos,300,1,0.756,0.757
de,syl,500,2,0.996,0.996
de,token,100,2,0.332,0.325
de,pos_syl,500,1,0.96,0.96
de,pos,300,2,0.876,0.876
de,pos,100,1,0.612,0.596
de,syl,300,1,0.868,0.862
de,syl,1000,2,0.996,0.996
de,pos_syl,1000,1,0.992,0.992
de,pos,100,2,0.708,0.7
de,pos_syl,750,2,0.996,0.996
de,syl,100,1,0.652,0.649
de,syl,300,2,0.948,0.948
de,pos_syl,300,1,0.932,0.932
de,syl,100,2,0.772,0.769
de,token,1000,1,0.896,0.889
de,pos_syl,100,1,0.744,0.739
de,pos_syl,500,2,0.988,0.988
de,pos_syl,300,2,0.96,0.96
de,token,750,1,0.84,0.841
de,pos_syl,100,2,0.876,0.875
de,pos_syl,1000,2,0.928,0.926
de,token,200,1,0.736,0.735
de,token,500,1,0.732,0.721
de,token,25,1,0.516,0.502
de,token,25,2,0.292,0.275
de,pos,25,1,0.156,NaN
de,token,200,2,0.564,0.569
de,pos,25,2,0.612,0.614
de,pos,200,1,0.588,0.596
de,syl,25,1,0.3,0.3
de,token,1000,2,0.784,0.742
de,syl,25,2,0.412,0.404
de,pos,1000,1,0.824,0.824
de,pos_syl,25,1,0.404,0.397
de,token,750,2,0.812,0.809
de,token,500,2,0.824,0.823
de,pos,200,2,0.82,0.823
de,pos,750,1,0.852,0.851
de,pos,500,1,0.76,0.757
de,syl,200,1,0.672,0.664
de,syl,200,2,0.884,0.883
de,pos_syl,200,1,0.896,0.896
de,pos_syl,25,2,0.64,0.641
de,pos,500,2,0.956,0.955
de,syl,500,1,0.86,0.857
de,token,50,1,0.568,0.562
de,pos,1000,2,0.904,0.902
de,syl,1000,1,0.96,0.96
de,pos,750,2,0.98,0.98
de,pos_syl,200,2,0.996,0.996
de,syl,750,1,0.928,0.927
de,token,50,2,0.296,0.252
de,token,300,1,0.788,0.782
de,syl,500,2,0.984,0.984
de,pos,50,1,0.208,0.213
de,pos_syl,500,1,0.984,0.984
de,pos,50,2,0.688,0.689
de,syl,50,1,0.436,0.428
de,syl,750,2,0.992,0.992
de,syl,1000,2,0.968,0.968
de,syl,50,2,0.708,0.708
de,pos_syl,750,1,1,1
de,pos_syl,1000,1,1,1
de,pos_syl,50,1,0.524,0.514
de,token,300,2,0.696,0.694
de,pos,300,1,0.528,0.529
de,pos_syl,500,2,1,1
de,pos_syl,50,2,0.748,0.741
de,token,750,1,0.9,0.899
de,token,100,1,0.556,0.554
de,pos,300,2,0.868,0.866
de,syl,300,1,0.756,0.752
de,pos_syl,750,2,0.984,0.984
de,pos_syl,1000,2,0.968,0.968
de,syl,300,2,0.916,0.914
de,token,100,2,0.484,0.48
de,pos_syl,300,1,0.888,0.887
de,pos,100,1,0.372,0.366
de,token,1000,1,0.836,0.832
de,pos,100,2,0.648,0.644
de,syl,100,1,0.648,0.647
de,token,25,1,0.448,0.441
de,syl,100,2,0.74,0.737
de,pos_syl,300,2,0.972,0.972
de,pos_syl,100,1,0.632,0.605
de,token,750,2,0.836,0.834
de,token,25,2,0.396,0.387
de,pos,750,1,0.848,0.846
de,pos,25,1,0.316,0.321
de,token,500,1,0.8,0.793
de,pos,25,2,0.668,0.67
de,pos_syl,100,2,0.84,0.838
de,syl,25,1,0.272,0.261
de,syl,25,2,0.528,0.508
de,token,200,1,0.616,0.619
de,pos_syl,25,1,0.496,0.487
de,token,1000,2,0.804,0.765
de,pos,1000,1,0.876,0.874
de,pos,750,2,0.988,0.988
de,syl,750,1,0.956,0.956
de,token,200,2,0.632,0.619
de,token,500,2,0.844,0.842
de,pos,200,1,0.608,0.605
de,pos_syl,25,2,0.832,0.832
de,pos,500,1,0.692,0.693
de,token,50,1,0.556,0.524
de,pos,200,2,0.852,0.849
de,syl,750,2,0.992,0.992
de,syl,200,1,0.624,0.615
de,pos_syl,750,1,0.956,0.956
de,pos,500,2,0.876,0.876
de,pos,1000,2,0.944,0.943
de,syl,200,2,0.868,0.862
de,syl,500,1,0.84,0.84
de,token,50,2,0.324,0.327
de,syl,1000,1,0.96,0.96
de,pos,50,1,0.324,0.324
de,pos_syl,200,1,0.816,0.805
de,pos,50,2,0.652,0.645
de,syl,50,1,0.4,0.386
de,syl,500,2,0.996,0.996
de,syl,50,2,0.62,0.62
de,pos_syl,200,2,0.948,0.948
de,pos_syl,500,1,0.964,0.963
de,pos_syl,50,1,0.46,0.457
de,pos_syl,750,2,1,1
de,syl,1000,2,0.992,0.992
de,token,300,1,0.784,0.782
de,pos_syl,50,2,0.828,0.823
de,pos_syl,1000,1,0.996,0.996
de,token,1000,1,0.82,0.808
de,token,100,1,0.5,0.498
de,pos_syl,500,2,0.984,0.984
de,token,300,2,0.812,0.808
de,pos,300,1,0.612,0.607
de,token,100,2,0.46,0.454
de,token,750,1,0.836,0.837
de,pos,100,1,0.424,0.408
de,pos_syl,1000,2,0.948,0.947
de,pos,100,2,0.64,0.629
de,syl,100,1,0.488,0.493
de,pos,300,2,0.86,0.857
de,syl,300,1,0.804,0.797
de,token,25,1,0.352,0.345
de,syl,100,2,0.752,0.748
de,pos_syl,100,1,0.74,0.737
de,token,25,2,0.32,0.316
de,syl,300,2,0.956,0.956
de,pos,25,1,0.388,0.387
de,token,1000,2,0.824,0.798
de,pos,1000,1,0.768,0.759
de,pos_syl,300,1,0.888,0.886
de,pos,25,2,0.6,0.602
de,pos_syl,100,2,0.96,0.96
de,syl,25,1,0.396,0.397
de,syl,25,2,0.544,0.554
de,token,750,2,0.836,0.833
de,pos_syl,25,1,0.62,0.617
de,token,200,1,0.592,0.583
de,pos,750,1,0.688,0.683
de,pos_syl,300,2,0.988,0.988
de,token,500,1,0.708,0.706
de,pos,1000,2,0.94,0.937
de,token,200,2,0.44,0.433
de,syl,1000,1,0.924,0.924
de,pos_syl,25,2,0.776,0.774
de,pos,200,1,0.396,0.384
de,pos,750,2,0.992,0.992
de,token,50,1,0.384,0.391
de,syl,750,1,0.908,0.907
de,pos,200,2,0.796,0.797
de,syl,200,1,0.704,0.695
de,token,50,2,0.296,0.295
de,syl,200,2,0.912,0.912
de,pos,50,1,0.36,0.362
de,syl,1000,2,0.972,0.972
de,pos_syl,200,1,0.752,0.749
de,token,500,2,0.856,0.853
de,syl,750,2,1,1
de,pos,500,1,0.708,0.703
de,pos_syl,1000,1,0.996,0.996
de,pos,50,2,0.792,0.792
de,pos_syl,750,1,0.944,0.944
de,syl,50,1,0.472,0.472
de,syl,50,2,0.604,0.596
de,pos_syl,200,2,0.932,0.932
de,pos_syl,50,1,0.564,0.553
de,token,300,1,0.684,0.69
de,pos,500,2,0.968,0.968
de,syl,500,1,0.88,0.879
de,pos_syl,50,2,0.856,0.856
de,pos_syl,750,2,1,1
de,token,100,1,0.544,0.536
de,pos_syl,1000,2,0.936,0.934
de,syl,500,2,0.956,0.956
de,pos_syl,500,1,0.996,0.996
de,token,1000,1,0.924,0.923
de,token,300,2,0.684,0.683
de,pos,300,1,0.584,0.585
de,token,100,2,0.484,0.46
de,token,25,1,0.364,0.362
de,pos,100,1,0.424,0.426
de,token,25,2,0.268,0.257
de,pos,100,2,0.788,0.784
de,pos,25,1,0.424,0.422
de,pos,300,2,0.808,0.807
de,syl,100,1,0.588,0.584
de,syl,300,1,0.892,0.891
de,pos_syl,500,2,0.988,0.988
de,pos,25,2,0.56,0.549
de,syl,100,2,0.764,0.766
de,syl,25,1,0.276,0.276
de,pos_syl,100,1,0.676,0.662
de,syl,300,2,0.98,0.98
de,syl,25,2,0.608,0.604
de,token,750,1,0.796,0.792
de,pos_syl,300,1,0.924,0.924
de,pos_syl,25,1,0.38,0.382
de,pos_syl,100,2,0.904,0.904
de,token,200,1,0.768,0.769
de,token,1000,2,0.764,0.708
de,pos_syl,300,2,0.98,0.98
de,pos,1000,1,0.708,0.691
de,pos_syl,25,2,0.732,0.729
de,token,50,1,0.652,0.649
de,token,500,1,0.76,0.762
de,token,200,2,0.708,0.703
de,token,750,2,0.896,0.896
de,pos,200,1,0.54,0.538
de,token,50,2,0.304,0.276
de,pos,750,1,0.7,0.704
de,pos,50,1,0.392,0.373
de,pos,1000,2,0.928,0.926
de,pos,50,2,0.624,0.623
de,pos,200,2,0.776,0.774
de,syl,1000,1,0.944,0.944
de,syl,50,1,0.368,0.385
de,syl,200,1,0.76,0.756
de,syl,50,2,0.54,0.546
de,pos_syl,50,1,0.604,0.573
de,token,500,2,0.916,0.915
de,syl,200,2,0.92,0.92
de,pos,500,1,0.784,0.788
de,pos_syl,200,1,0.912,0.91
de,pos,750,2,0.996,0.996
de,syl,750,1,0.952,0.952
de,pos_syl,50,2,0.82,0.817
de,syl,1000,2,0.98,0.98
de,token,100,1,0.576,0.566
de,pos_syl,1000,1,0.98,0.98
de,pos_syl,200,2,0.92,0.92
de,pos,500,2,0.976,0.976
de,syl,500,1,0.824,0.825
de,token,300,1,0.7,0.702
de,syl,750,2,1,1
de,pos_syl,750,1,0.992,0.992
de,token,100,2,0.652,0.654
de,pos,100,1,0.4,0.394
de,syl,500,2,0.964,0.963
de,pos_syl,500,1,0.972,0.972
de,pos,100,2,0.776,0.774
de,syl,100,1,0.588,0.557
de,pos_syl,1000,2,0.936,0.934
de,token,300,2,0.624,0.614
de,syl,100,2,0.868,0.863
de,pos,300,1,0.656,0.654
de,pos_syl,100,1,0.752,0.751
de,pos_syl,750,2,1,1
de,pos_syl,500,2,1,1
de,pos,300,2,0.816,0.813
de,pos_syl,100,2,0.892,0.891
de,syl,300,1,0.752,0.739
de,token,1000,1,0.772,0.739
de,token,25,1,0.312,0.32
de,token,200,1,0.604,0.592
de,token,750,1,0.784,0.778
de,token,25,2,0.2,0.177
de,syl,300,2,0.96,0.96
de,pos,25,1,0.272,0.261
de,pos_syl,300,1,0.908,0.908
de,pos,25,2,0.576,0.566
de,syl,25,1,0.384,0.368
de,syl,25,2,0.508,0.503
de,token,200,2,0.596,0.589
de,pos,200,1,0.464,0.46
de,pos_syl,25,1,0.404,0.4
de,pos_syl,300,2,0.94,0.94
de,pos,200,2,0.812,0.811
de,syl,200,1,0.648,0.651
de,token,500,1,0.824,0.822
de,token,750,2,0.772,0.763
de,token,1000,2,0.792,0.765
de,pos_syl,25,2,0.76,0.76
de,syl,200,2,0.88,0.88
de,pos,750,1,0.76,0.758
de,pos,1000,1,0.848,0.846
de,pos_syl,200,1,0.808,0.804
de,token,50,1,0.532,0.528
de,pos_syl,200,2,0.916,0.916
de,token,50,2,0.304,0.302
de,token,500,2,0.812,0.806
de,pos,50,1,0.288,0.286
de,pos,500,1,0.652,0.651
de,token,300,1,0.832,0.83
de,pos,750,2,0.952,0.952
de,syl,750,1,0.876,0.876
de,pos,1000,2,0.908,0.907
de,pos,50,2,0.728,0.728
de,syl,50,1,0.432,0.412
de,syl,1000,1,0.94,0.939
de,syl,50,2,0.676,0.674
de,pos_syl,50,1,0.568,0.546
de,pos,500,2,0.864,0.862
de,syl,500,1,0.904,0.903
de,syl,750,2,0.988,0.988
de,token,300,2,0.676,0.674
de,pos,300,1,0.648,0.647
de,pos_syl,50,2,0.864,0.862
de,pos_syl,750,1,0.992,0.992
de,token,100,1,0.588,0.587
de,syl,1000,2,0.98,0.98
de,syl,500,2,0.984,0.984
de,pos_syl,1000,1,0.996,0.996
de,pos_syl,500,1,0.948,0.948
de,pos,300,2,0.924,0.925
de,syl,300,1,0.844,0.844
de,token,100,2,0.432,0.424
de,pos,100,1,0.424,0.417
de,syl,300,2,0.912,0.911
de,pos_syl,750,2,0.968,0.968
de,pos_syl,300,1,0.844,0.842
de,pos,100,2,0.748,0.748
de,syl,100,1,0.576,0.573
de,pos_syl,500,2,0.968,0.968
de,token,1000,1,0.792,0.761
de,syl,100,2,0.836,0.836
de,pos_syl,1000,2,0.924,0.921
de,pos_syl,100,1,0.808,0.804
de,pos_syl,300,2,0.964,0.964
de,token,750,1,0.748,0.728
de,token,500,1,0.7,0.694
de,pos_syl,100,2,0.92,0.919
de,token,25,1,0.38,0.37
de,token,200,1,0.632,0.628
de,token,25,2,0.316,0.288
de,pos,25,1,0.176,0.172
de,pos,25,2,0.568,0.566
de,syl,25,1,0.184,0.18
de,token,200,2,0.64,0.637
de,token,1000,2,0.748,0.706
de,token,750,2,0.832,0.833
de,syl,25,2,0.436,0.434
de,pos,200,1,0.38,0.355
de,pos,1000,1,0.82,0.819
de,token,500,2,0.76,0.756
de,pos,750,1,0.664,0.658
de,pos_syl,25,1,0.476,0.466
de,pos,500,1,0.764,0.758
de,pos,200,2,0.812,0.809
de,syl,200,1,0.62,0.613
de,syl,200,2,0.856,0.855
de,pos_syl,25,2,0.66,0.654
de,pos,500,2,0.88,0.879
de,pos_syl,200,1,0.768,0.759
de,syl,500,1,0.864,0.864
de,pos,750,2,0.956,0.956
de,pos,1000,2,0.924,0.921
de,syl,750,1,0.92,0.92
de,token,50,1,0.508,0.498
de,syl,1000,1,0.944,0.943
de,pos_syl,200,2,0.928,0.928
de,syl,500,2,1,1
de,token,50,2,0.416,0.416
de,pos,50,1,0.44,0.438
de,pos_syl,500,1,0.924,0.922
de,token,300,1,0.692,0.693
de,syl,750,2,1,1
de,pos,50,2,0.66,0.661
de,syl,50,1,0.388,0.386
de,pos_syl,750,1,0.992,0.992
de,syl,1000,2,0.98,0.98
de,syl,50,2,0.596,0.584
de,pos_syl,50,1,0.588,0.574
de,pos_syl,1000,1,0.984,0.984
de,pos_syl,500,2,1,1
de,pos_syl,50,2,0.84,0.84
de,token,300,2,0.62,0.605
de,pos,300,1,0.5,0.491
de,token,750,1,0.868,0.868
de,token,100,1,0.696,0.698
de,pos_syl,750,2,0.984,0.984
de,pos,300,2,0.904,0.902
de,syl,300,1,0.808,0.804
de,pos_syl,1000,2,0.912,0.908
de,token,1000,1,0.84,0.825
de,token,100,2,0.42,0.419
de,pos,100,1,0.388,0.392
de,syl,300,2,0.904,0.9
de,pos,100,2,0.592,0.602
de,pos_syl,300,1,0.908,0.907
de,syl,100,1,0.524,0.484
de,token,25,1,0.396,0.388
de,syl,100,2,0.668,0.653
de,token,25,2,0.296,0.282
de,pos_syl,100,1,0.644,0.631
de,pos,25,1,0.292,0.286
de,token,750,2,0.852,0.847
de,pos,750,1,0.868,0.868
de,pos,25,2,0.652,0.656
de,pos_syl,300,2,0.98,0.98
de,syl,25,1,0.304,0.295
de,pos_syl,100,2,0.852,0.85
de,syl,25,2,0.6,0.593
de,pos_syl,25,1,0.552,0.554
de,token,500,1,0.776,0.772
de,token,200,1,0.724,0.722
de,token,1000,2,0.796,0.76
de,pos,1000,1,0.84,0.84
de,pos,750,2,0.96,0.96
de,syl,750,1,0.916,0.916
de,pos_syl,25,2,0.736,0.731
de,token,200,2,0.676,0.67
de,pos,200,1,0.448,0.441
de,token,50,1,0.524,0.537
de,token,500,2,0.9,0.899
de,pos,500,1,0.788,0.784
de,pos,200,2,0.812,0.813
de,syl,750,2,1,1
de,syl,200,1,0.668,0.661
de,token,50,2,0.38,0.363
de,pos_syl,750,1,0.972,0.972
de,pos,1000,2,0.956,0.955
de,pos,50,1,0.552,0.544
de,syl,1000,1,0.98,0.98
de,syl,200,2,0.928,0.928
de,pos_syl,200,1,0.856,0.854
de,pos,50,2,0.684,0.681
de,syl,50,1,0.472,0.465
de,pos,500,2,0.956,0.956
de,syl,50,2,0.72,0.719
de,syl,500,1,0.964,0.964
de,pos_syl,50,1,0.672,0.668
de,pos_syl,200,2,0.94,0.94
de,pos_syl,750,2,1,1
de,syl,1000,2,1,1
de,pos_syl,50,2,0.78,0.781
de,token,300,1,0.656,0.652
de,syl,500,2,0.996,0.996
de,pos_syl,1000,1,0.988,0.988
de,pos_syl,500,1,0.944,0.944
de,token,100,1,0.672,0.673
de,token,1000,1,0.76,0.748
de,token,100,2,0.424,0.425
de,token,300,2,0.724,0.722
de,pos,100,1,0.424,0.422
de,pos,300,1,0.568,0.565
de,pos_syl,500,2,1,1
de,pos,100,2,0.72,0.721
de,pos_syl,1000,2,0.9,0.893
de,syl,100,1,0.68,0.681
de,token,750,1,0.772,0.774
de,pos,300,2,0.872,0.872
de,syl,100,2,0.692,0.681
de,syl,300,1,0.772,0.773
de,pos_syl,100,1,0.684,0.683
de,syl,300,2,1,1
de,token,25,1,0.52,0.52
de,pos_syl,300,1,0.88,0.877
de,token,1000,2,0.74,0.683
de,pos_syl,100,2,0.84,0.839
de,pos,1000,1,0.924,0.924
de,token,25,2,0.32,0.259
de,token,200,1,0.692,0.686
de,pos,25,1,0.188,0.176
de,pos_syl,300,2,0.964,0.964
de,pos,25,2,0.636,0.636
de,syl,25,1,0.428,0.412
de,token,750,2,0.852,0.852
de,syl,25,2,0.484,0.478
de,pos,750,1,0.688,0.686
de,pos_syl,25,1,0.448,0.442
de,token,500,1,0.724,0.719
de,token,200,2,0.468,0.461
de,pos,200,1,0.66,0.658
de,pos,1000,2,0.864,0.851
de,syl,1000,1,0.912,0.911
de,pos,200,2,0.828,0.823
de,syl,200,1,0.708,0.699
de,pos_syl,25,2,0.728,0.73
de,pos,750,2,0.976,0.976
de,syl,750,1,0.956,0.956
de,syl,200,2,0.924,0.924
de,token,50,1,0.636,0.632
de,pos_syl,200,1,0.896,0.895
de,token,500,2,0.808,0.812
de,syl,1000,2,0.968,0.968
de,pos,500,1,0.644,0.639
de,pos_syl,1000,1,0.992,0.992
de,token,50,2,0.296,0.256
de,pos,50,1,0.336,0.306
de,syl,750,2,0.956,0.957
de,pos_syl,200,2,0.98,0.98
de,pos_syl,750,1,0.98,0.98
de,pos,50,2,0.584,0.575
de,syl,50,1,0.468,0.465
de,token,300,1,0.644,0.628
de,pos,500,2,0.944,0.943
de,syl,500,1,0.892,0.892
de,syl,50,2,0.684,0.679
de,pos_syl,50,1,0.564,0.559
de,pos_syl,1000,2,0.924,0.921
de,syl,500,2,1,1
de,pos_syl,50,2,0.784,0.785
de,pos_syl,500,1,0.964,0.963
de,pos_syl,750,2,0.992,0.992
de,token,25,1,0.352,0.334
de,token,300,2,0.624,0.619
de,pos,300,1,0.612,0.612
de,token,100,1,0.692,0.685
de,token,25,2,0.236,0.209
de,token,1000,1,0.88,0.878
de,pos,25,1,0.188,0.189
de,pos,300,2,0.824,0.823
de,pos,25,2,0.552,0.554
de,pos_syl,500,2,0.988,0.988
de,token,100,2,0.292,0.294
de,syl,300,1,0.856,0.853
de,syl,25,1,0.348,0.323
de,pos,100,1,0.528,0.532
de,syl,25,2,0.556,0.555
de,pos_syl,25,1,0.38,0.37
de,syl,300,2,0.992,0.992
de,token,750,1,0.788,0.78
de,pos,100,2,0.684,0.684
de,syl,100,1,0.444,0.441
de,pos_syl,300,1,0.936,0.935
de,syl,100,2,0.804,0.806
de,pos_syl,100,1,0.604,0.588
de,pos_syl,25,2,0.772,0.767
de,pos_syl,300,2,0.984,0.984
de,token,50,1,0.436,0.442
de,pos_syl,100,2,0.92,0.92
de,token,1000,2,0.836,0.822
de,token,500,1,0.776,0.776
de,pos,1000,1,0.908,0.908
de,token,200,1,0.708,0.709
de,token,50,2,0.328,0.314
de,pos,50,1,0.412,0.422
de,token,750,2,0.872,0.869
de,pos,750,1,0.716,0.712
de,pos,50,2,0.716,0.699
de,syl,50,1,0.34,0.323
de,token,200,2,0.724,0.716
de,syl,50,2,0.596,0.6
de,pos,200,1,0.488,0.481
de,pos_syl,50,1,0.568,0.555
de,token,500,2,0.876,0.875
de,pos,1000,2,0.868,0.859
de,pos,500,1,0.7,0.698
de,syl,1000,1,0.96,0.96
de,pos,200,2,0.764,0.761
de,pos,750,2,0.964,0.964
de,pos_syl,50,2,0.832,0.829
de,syl,750,1,0.908,0.908
de,syl,200,1,0.772,0.765
de,token,100,1,0.712,0.708
de,syl,200,2,0.808,0.804
de,pos_syl,200,1,0.904,0.903
de,pos,500,2,0.928,0.928
de,syl,500,1,0.82,0.815
de,syl,1000,2,0.988,0.988
de,syl,750,2,0.996,0.996
de,token,100,2,0.384,0.374
de,pos_syl,1000,1,0.952,0.951
de,pos,100,1,0.356,0.359
de,pos_syl,750,1,0.976,0.976
de,pos_syl,200,2,0.904,0.904
de,syl,500,2,0.952,0.952
de,pos,100,2,0.704,0.708
de,pos_syl,500,1,0.952,0.952
de,token,300,1,0.712,0.704
de,syl,100,1,0.408,0.403
de,syl,100,2,0.824,0.822
de,pos_syl,100,1,0.628,0.616
de,pos_syl,750,2,1,1
de,pos_syl,1000,2,0.9,0.893
de,token,300,2,0.764,0.761
de,pos_syl,500,2,0.984,0.984
de,pos_syl,100,2,0.888,0.888
de,pos,300,1,0.688,0.691
de,token,1000,1,0.78,0.771
de,token,200,1,0.724,0.726
de,token,750,1,0.876,0.875
de,pos,300,2,0.852,0.851
de,syl,300,1,0.864,0.864
de,token,200,2,0.54,0.529
de,syl,300,2,0.956,0.956
de,pos,200,1,0.504,0.487
de,token,25,1,0.38,0.374
de,pos_syl,300,1,0.936,0.935
de,pos,200,2,0.84,0.839
de,token,25,2,0.276,0.237
de,syl,200,1,0.688,0.687
de,pos,25,1,0.376,0.369
de,token,750,2,0.836,0.835
de,pos_syl,300,2,0.992,0.992
de,syl,200,2,0.82,0.819
de,pos,25,2,0.6,0.596
de,pos,750,1,0.8,0.8
de,syl,25,1,0.304,0.309
de,pos_syl,200,1,0.752,0.755
de,token,1000,2,0.696,NA
de,pos,1000,1,0.808,0.802
de,syl,25,2,0.584,0.584
de,token,500,1,0.76,0.757
de,pos_syl,25,1,0.512,0.503
de,pos_syl,200,2,0.916,0.916
de,token,300,1,0.72,0.705
de,pos,750,2,0.964,0.964
de,syl,750,1,0.988,0.988
de,pos_syl,25,2,0.768,0.762
de,pos,1000,2,0.952,0.951
de,syl,1000,1,0.948,0.947
de,token,50,1,0.56,0.554
de,token,500,2,0.808,0.804
de,pos,500,1,0.712,0.705
de,token,300,2,0.792,0.798
de,syl,750,2,0.992,0.992
de,pos,300,1,0.568,0.564
de,token,50,2,0.496,0.487
de,pos_syl,750,1,1,1
de,pos,50,1,0.264,0.267
de,pos,50,2,0.744,0.745
de,pos,500,2,0.936,0.934
de,syl,1000,2,0.996,0.996
de,syl,500,1,0.868,0.868
de,syl,50,1,0.5,0.492
de,pos,300,2,0.88,0.874
de,pos_syl,1000,1,0.964,0.964
de,syl,50,2,0.636,0.625
de,syl,300,1,0.784,0.783
de,pos_syl,50,1,0.484,0.486
de,syl,300,2,0.944,0.944
de,syl,500,2,0.98,0.98
de,pos_syl,750,2,0.98,0.98
de,pos_syl,300,1,0.88,0.88
de,pos_syl,50,2,0.82,0.82
de,pos_syl,500,1,0.972,0.972
de,token,100,1,0.584,0.584
de,token,1000,1,0.832,0.825
de,pos_syl,1000,2,0.944,0.943
de,pos_syl,300,2,0.944,0.944
de,token,100,2,0.548,0.545
de,pos_syl,500,2,0.988,0.988
de,pos,100,1,0.528,0.506
de,token,500,1,0.772,0.768
de,token,750,1,0.896,0.893
de,pos,100,2,0.776,0.776
de,syl,100,1,0.5,0.491
de,syl,100,2,0.772,0.763
de,pos_syl,100,1,0.744,0.743
de,token,1000,2,0.808,0.795
de,token,500,2,0.748,0.745
de,pos_syl,100,2,0.924,0.924
de,pos,1000,1,0.856,0.853
de,pos,500,1,0.768,0.763
de,token,200,1,0.736,0.736
de,token,750,2,0.94,0.94
de,pos,750,1,0.836,0.832
de,pos,500,2,0.92,0.919
de,syl,500,1,0.912,0.911
de,token,200,2,0.54,0.529
de,pos,200,1,0.528,0.522
de,pos,1000,2,0.9,0.893
de,syl,1000,1,0.984,0.984
de,syl,500,2,0.964,0.964
de,pos,200,2,0.78,0.78
de,pos_syl,500,1,0.92,0.919
de,syl,200,1,0.676,0.678
de,pos,750,2,0.976,0.976
de,syl,750,1,0.92,0.92
de,syl,200,2,0.908,0.908
de,pos_syl,200,1,0.836,0.836
de,syl,1000,2,0.988,0.988
de,pos_syl,1000,1,0.996,0.996
de,pos_syl,500,2,0.956,0.956
de,syl,750,2,0.984,0.984
de,pos_syl,200,2,0.952,0.952
de,pos_syl,750,1,0.996,0.996
de,token,750,1,0.88,0.879
de,token,300,1,0.712,0.712
de,pos_syl,1000,2,0.92,0.917
de,pos_syl,750,2,0.996,0.996
de,token,300,2,0.668,0.656
de,pos,300,1,0.592,0.594
de,token,1000,1,0.88,0.867
de,token,750,2,0.88,0.879
de,pos,750,1,0.856,0.855
de,pos,300,2,0.852,0.851
de,syl,300,1,0.836,0.834
de,syl,300,2,0.964,0.964
de,pos_syl,300,1,0.968,0.968
de,pos,750,2,0.98,0.98
de,syl,750,1,0.94,0.94
de,pos_syl,300,2,0.912,0.913
de,token,1000,2,0.752,0.714
de,pos,1000,1,0.844,0.833
de,token,500,1,0.74,0.737
de,syl,750,2,0.952,0.952
de,pos_syl,750,1,0.996,0.996
de,pos,1000,2,0.856,0.843
de,token,500,2,0.784,0.782
de,syl,1000,1,0.94,0.939
de,pos,500,1,0.76,0.758
de,pos_syl,750,2,1,1
de,token,1000,1,0.848,0.844
de,pos,500,2,0.932,0.932
de,syl,500,1,0.976,0.976
de,syl,1000,2,0.992,0.992
de,pos_syl,1000,1,0.976,0.976
de,syl,500,2,0.98,0.98
de,pos_syl,500,1,0.976,0.976
de,pos_syl,1000,2,0.932,0.93
de,token,1000,2,0.792,0.767
de,pos,1000,1,0.784,0.783
de,pos_syl,500,2,0.96,0.96
de,token,750,1,0.808,0.808
de,pos,1000,2,0.856,0.849
de,syl,1000,1,0.888,0.884
de,token,750,2,0.76,0.762
de,pos,750,1,0.792,0.793
de,syl,1000,2,0.984,0.984
de,pos_syl,1000,1,0.988,0.988
de,pos,750,2,0.916,0.916
de,syl,750,1,0.936,0.937
de,pos_syl,1000,2,0.944,0.943
de,syl,750,2,0.984,0.984
de,pos_syl,750,1,0.964,0.964
de,pos_syl,750,2,0.996,0.996
de,token,1000,1,0.84,0.835
de,token,1000,2,0.776,0.73
de,pos,1000,1,0.868,0.866
de,pos,1000,2,0.94,0.939
de,syl,1000,1,0.948,0.948
de,syl,1000,2,0.972,0.972
de,pos_syl,1000,1,0.976,0.976
de,pos_syl,1000,2,0.952,0.951
ru,token,25,1,0.191764705882353,NaN
ru,token,25,1,0.157647058823529,NaN
ru,token,25,1,0.148235294117647,NaN
ru,token,25,1,0.197647058823529,0.189
ru,token,25,1,0.172941176470588,NaN
ru,token,25,2,0.103529411764706,NaN
ru,token,25,2,0.0752941176470588,NaN
ru,token,25,2,0.101176470588235,NaN
ru,pos,25,1,0.175294117647059,0.17
ru,pos,25,1,0.129411764705882,NaN
ru,pos,25,1,0.132941176470588,NaN
ru,token,25,2,0.107058823529412,NaN
ru,token,25,2,0.0788235294117647,NaN
ru,pos,25,1,0.116470588235294,NaN
ru,pos,25,1,0.169411764705882,NaN
ru,pos,25,2,0.302352941176471,0.292
ru,pos,25,2,0.328235294117647,0.318
ru,pos,25,2,0.331764705882353,0.318
ru,syl,25,1,0.172941176470588,0.163
ru,syl,25,1,0.156470588235294,NaN
ru,syl,25,1,0.170588235294118,NaN
ru,pos,25,2,0.317647058823529,0.302
ru,pos,25,2,0.336470588235294,0.323
ru,syl,25,2,0.384705882352941,0.367
ru,syl,25,2,0.38,0.368
ru,syl,25,2,0.412941176470588,0.39
ru,syl,25,1,0.203529411764706,NaN
ru,syl,25,1,0.172941176470588,NaN
ru,pos_syl,25,1,0.361176470588235,0.345
ru,syl,25,2,0.325882352941176,0.307
ru,pos_syl,25,1,0.317647058823529,NaN
ru,syl,25,2,0.381176470588235,0.365
ru,pos_syl,25,1,0.251764705882353,0.247
ru,pos_syl,25,1,0.305882352941176,0.29
ru,pos_syl,25,1,0.285882352941176,0.27
ru,pos_syl,25,2,0.517647058823529,0.502
ru,pos_syl,25,2,0.576470588235294,0.565
ru,pos_syl,25,2,0.456470588235294,0.442
ru,token,50,1,0.24,NaN
ru,token,50,1,0.241176470588235,0.234
ru,pos_syl,25,2,0.502352941176471,0.494
ru,token,50,1,0.272941176470588,0.264
ru,pos_syl,25,2,0.474117647058824,0.47
ru,token,50,1,0.255294117647059,0.249
ru,token,50,1,0.274117647058824,0.263
ru,token,50,2,0.129411764705882,NaN
ru,token,50,2,0.0894117647058824,NaN
ru,pos,50,1,0.208235294117647,NaN
ru,pos,50,1,0.227058823529412,NaN
ru,token,50,2,0.122352941176471,NaN
ru,pos,50,1,0.218823529411765,0.206
ru,token,50,2,0.141176470588235,NaN
ru,pos,50,2,0.438823529411765,0.427
ru,pos,50,2,0.417647058823529,0.399
ru,pos,50,1,0.228235294117647,NaN
ru,syl,50,1,0.208235294117647,NaN
ru,syl,50,1,0.158823529411765,NaN
ru,token,50,2,0.163529411764706,NaN
ru,pos,50,2,0.376470588235294,0.361
ru,syl,50,2,0.625882352941176,0.613
ru,pos,50,1,0.187058823529412,NaN
ru,syl,50,2,0.507058823529412,0.494
ru,syl,50,1,0.288235294117647,0.277
ru,pos_syl,50,1,0.452941176470588,0.435
ru,pos_syl,50,1,0.410588235294118,0.397
ru,pos,50,2,0.391764705882353,0.373
ru,syl,50,2,0.594117647058824,0.583
ru,syl,50,1,0.275294117647059,0.274
ru,pos,50,2,0.372941176470588,0.367
ru,pos_syl,50,1,0.416470588235294,0.391
ru,syl,50,2,0.627058823529412,0.615
ru,syl,50,1,0.247058823529412,NaN
ru,pos_syl,50,1,0.389411764705882,0.371
ru,pos_syl,50,2,0.534117647058823,0.526
ru,pos_syl,50,2,0.602352941176471,0.59
ru,syl,50,2,0.504705882352941,0.498
ru,pos_syl,50,2,0.618823529411765,0.597
ru,pos_syl,50,1,0.394117647058824,0.381
ru,token,100,1,0.328235294117647,0.309
ru,token,100,1,0.390588235294118,0.373
ru,pos_syl,50,2,0.571764705882353,0.564
ru,token,100,1,0.389411764705882,0.376
ru,pos_syl,50,2,0.555294117647059,0.535
ru,token,100,1,0.385882352941176,0.375
ru,token,100,2,0.170588235294118,NaN
ru,token,100,2,0.148235294117647,0.143
ru,token,100,1,0.445882352941176,0.437
ru,pos,100,1,0.289411764705882,NaN
ru,pos,100,1,0.249411764705882,0.238
ru,token,100,2,0.181176470588235,NaN
ru,pos,100,1,0.265882352941176,NaN
ru,token,100,2,0.154117647058824,NaN
ru,pos,100,2,0.470588235294118,0.454
ru,pos,100,2,0.497647058823529,0.482
ru,pos,100,1,0.211764705882353,NaN
ru,syl,100,1,0.378823529411765,0.361
ru,syl,100,1,0.394117647058824,0.393
ru,pos,100,2,0.484705882352941,0.463
ru,token,100,2,0.164705882352941,NaN
ru,syl,100,2,0.755294117647059,0.749
ru,syl,100,2,0.705882352941177,0.698
ru,syl,100,1,0.349411764705882,0.338
ru,pos,100,1,0.342352941176471,0.327
ru,pos_syl,100,1,0.602352941176471,0.591
ru,pos,100,2,0.457647058823529,0.441
ru,pos_syl,100,1,0.649411764705882,0.645
ru,syl,100,2,0.784705882352941,0.784
ru,syl,100,1,0.291764705882353,NaN
ru,pos_syl,100,1,0.577647058823529,0.559
ru,syl,100,2,0.709411764705882,0.702
ru,pos,100,2,0.527058823529412,0.511
ru,syl,100,1,0.370588235294118,0.355
ru,pos_syl,100,1,0.604705882352941,0.582
ru,pos_syl,100,2,0.789411764705882,0.785
ru,pos_syl,100,2,0.795294117647059,0.79
ru,syl,100,2,0.717647058823529,0.713
ru,pos_syl,100,2,0.782352941176471,0.774
ru,pos_syl,100,1,0.621176470588235,0.6
ru,token,200,1,0.637647058823529,0.618
ru,token,200,1,0.567058823529412,0.559
ru,pos_syl,100,2,0.794117647058823,0.787
ru,token,200,1,0.555294117647059,0.536
ru,pos_syl,100,2,0.755294117647059,0.748
ru,token,200,1,0.545882352941176,0.523
ru,token,200,2,0.308235294117647,NaN
ru,token,200,1,0.551764705882353,0.53
ru,token,200,2,0.257647058823529,NaN
ru,pos,200,1,0.365882352941176,0.349
ru,pos,200,1,0.445882352941176,0.443
ru,token,200,2,0.284705882352941,NaN
ru,pos,200,1,0.483529411764706,0.468
ru,token,200,2,0.301176470588235,NaN
ru,pos,200,1,0.331764705882353,0.311
ru,pos,200,2,0.635294117647059,0.624
ru,syl,200,1,0.491764705882353,0.471
ru,pos,200,2,0.668235294117647,0.655
ru,token,200,2,0.28,0.249
ru,syl,200,1,0.503529411764706,0.492
ru,pos,200,1,0.397647058823529,0.375
ru,pos,200,2,0.684705882352941,0.675
ru,syl,200,2,0.9,0.899
ru,syl,200,1,0.477647058823529,0.472
ru,pos,200,2,0.609411764705882,0.583
ru,syl,200,2,0.921176470588235,0.92
ru,pos_syl,200,1,0.802352941176471,0.798
ru,syl,200,1,0.536470588235294,0.522
ru,pos_syl,200,1,0.809411764705882,0.805
ru,syl,200,2,0.895294117647059,0.894
ru,pos,200,2,0.684705882352941,0.669
ru,syl,200,2,0.925882352941176,0.922
ru,syl,200,1,0.510588235294118,0.507
ru,pos_syl,200,1,0.771764705882353,0.758
ru,pos_syl,200,1,0.754117647058824,0.746
ru,pos_syl,200,2,0.92,0.918
ru,syl,200,2,0.935294117647059,0.935
ru,pos_syl,200,2,0.911764705882353,0.911
ru,pos_syl,200,1,0.762352941176471,0.753
ru,pos_syl,200,2,0.904705882352941,0.903
ru,token,300,1,0.647058823529412,0.631
ru,pos_syl,200,2,0.864705882352941,0.859
ru,token,300,1,0.664705882352941,0.654
ru,token,300,1,0.616470588235294,0.604
ru,token,300,1,0.582352941176471,0.568
ru,pos_syl,200,2,0.908235294117647,0.907
ru,token,300,2,0.417647058823529,0.398
ru,token,300,1,0.652941176470588,0.644
ru,pos,300,1,0.508235294117647,0.501
ru,token,300,2,0.356470588235294,0.33
ru,pos,300,1,0.565882352941177,0.548
ru,token,300,2,0.469411764705882,0.448
ru,token,300,2,0.442352941176471,NaN
ru,pos,300,1,0.498823529411765,0.489
ru,pos,300,1,0.476470588235294,0.462
ru,pos,300,2,0.788235294117647,0.779
ru,syl,300,1,0.674117647058823,0.67
ru,token,300,2,0.377647058823529,0.358
ru,pos,300,2,0.762352941176471,0.756
ru,pos,300,1,0.585882352941177,0.581
ru,syl,300,1,0.694117647058824,0.69
ru,pos,300,2,0.775294117647059,0.767
ru,pos,300,2,0.750588235294118,0.743
ru,syl,300,2,0.978823529411765,0.979
ru,syl,300,1,0.603529411764706,0.599
ru,syl,300,1,0.610588235294118,0.6
ru,pos_syl,300,1,0.84,0.838
ru,syl,300,2,0.965882352941177,0.966
ru,syl,300,2,0.972941176470588,0.973
ru,syl,300,2,0.982352941176471,0.982
ru,pos_syl,300,1,0.865882352941176,0.861
ru,pos,300,2,0.782352941176471,0.777
ru,syl,300,1,0.662352941176471,0.641
ru,pos_syl,300,1,0.9,0.898
ru,pos_syl,300,1,0.892941176470588,0.891
ru,pos_syl,300,2,0.930588235294118,0.93
ru,syl,300,2,0.964705882352941,0.965
ru,pos_syl,300,2,0.9,0.899
ru,pos_syl,300,1,0.864705882352941,0.862
ru,token,500,1,0.74,0.731
ru,pos_syl,300,2,0.934117647058823,0.933
ru,pos_syl,300,2,0.948235294117647,0.948
ru,token,500,1,0.72,0.708
ru,token,500,1,0.794117647058823,0.793
ru,token,500,1,0.697647058823529,0.688
ru,pos_syl,300,2,0.931764705882353,0.932
ru,token,500,1,0.755294117647059,0.749
ru,token,500,2,0.525882352941176,0.508
ru,pos,500,1,0.670588235294118,0.658
ru,token,500,2,0.521176470588235,0.514
ru,token,500,2,0.570588235294118,0.56
ru,pos,500,1,0.623529411764706,0.608
ru,pos,500,1,0.649411764705882,0.644
ru,token,500,2,0.482352941176471,0.463
ru,pos,500,1,0.665882352941176,0.659
ru,pos,500,2,0.925882352941176,0.922
ru,syl,500,1,0.731764705882353,0.725
ru,token,500,2,0.554117647058823,0.538
ru,pos,500,1,0.709411764705882,0.697
ru,syl,500,2,0.991764705882353,0.992
ru,pos,500,2,0.847058823529412,0.845
ru,pos,500,2,0.905882352941176,0.903
ru,pos,500,2,0.897647058823529,0.896
ru,syl,500,1,0.803529411764706,0.802
ru,syl,500,1,0.772941176470588,0.766
ru,syl,500,1,0.729411764705882,0.727
ru,pos_syl,500,1,0.957647058823529,0.957
ru,pos,500,2,0.838823529411765,0.833
ru,syl,500,1,0.722352941176471,0.716
ru,syl,500,2,0.998823529411765,0.999
ru,syl,500,2,0.989411764705882,0.989
ru,syl,500,2,0.989411764705882,0.989
ru,pos_syl,500,1,0.930588235294118,0.926
ru,pos_syl,500,1,0.94,0.939
ru,pos_syl,500,1,0.954117647058824,0.954
ru,pos_syl,500,2,0.948235294117647,0.947
ru,syl,500,2,0.997647058823529,0.998
ru,pos_syl,500,1,0.945882352941177,0.946
ru,token,750,1,0.792941176470588,0.765
ru,pos_syl,500,2,0.969411764705882,0.969
ru,pos_syl,500,2,0.987058823529412,0.987
ru,pos_syl,500,2,0.967058823529412,0.967
ru,token,750,1,0.764705882352941,NA
ru,token,750,1,0.791764705882353,0.775
ru,pos_syl,500,2,0.962352941176471,0.962
ru,token,750,1,0.721176470588235,0.683
ru,token,750,1,0.727058823529412,NA
ru,token,750,2,0.578823529411765,0.571
ru,pos,750,1,0.751764705882353,0.747
ru,token,750,2,0.545882352941176,0.522
ru,token,750,2,0.535294117647059,0.511
ru,pos,750,1,0.808235294117647,0.811
ru,pos,750,2,0.9,0.899
ru,pos,750,1,0.758823529411765,0.757
ru,syl,750,1,0.765882352941176,0.761
ru,token,750,2,0.627058823529412,0.607
ru,pos,750,1,0.681176470588235,0.68
ru,token,750,2,0.552941176470588,0.536
ru,pos,750,1,0.758823529411765,0.753
ru,syl,750,2,0.997647058823529,0.998
ru,pos,750,2,0.949411764705882,0.949
ru,pos,750,2,0.934117647058823,0.931
ru,syl,750,1,0.834117647058824,0.83
ru,pos_syl,750,1,0.948235294117647,0.949
ru,syl,750,1,0.791764705882353,0.786
ru,pos,750,2,0.915294117647059,0.912
ru,syl,750,1,0.849411764705882,0.849
ru,pos,750,2,0.935294117647059,0.933
ru,syl,750,1,0.796470588235294,0.79
ru,syl,750,2,1,1
ru,syl,750,2,0.997647058823529,0.998
ru,pos_syl,750,1,0.974117647058824,0.974
ru,pos_syl,750,1,0.964705882352941,0.964
ru,pos_syl,750,2,0.963529411764706,0.964
ru,syl,750,2,0.997647058823529,0.998
ru,syl,750,2,0.992941176470588,0.993
ru,pos_syl,750,1,0.968235294117647,0.968
ru,token,1000,1,0.808,NA
ru,pos_syl,750,1,0.977647058823529,0.978
ru,pos_syl,750,2,0.945882352941177,0.943
ru,pos_syl,750,2,0.976470588235294,0.976
ru,pos_syl,750,2,0.970588235294118,0.97
ru,token,1000,1,0.812,0.748
ru,token,1000,1,0.777333333333333,NA
ru,pos_syl,750,2,0.96,0.959
ru,token,1000,1,0.817333333333333,0.778
ru,token,1000,1,0.857333333333333,0.812
ru,token,1000,2,0.7,NA
ru,pos,1000,1,0.844,0.834
ru,pos,1000,2,0.945333333333333,0.93
ru,token,1000,2,0.636,0.599
ru,token,1000,2,0.609333333333333,0.585
ru,syl,1000,1,0.896,0.883
ru,pos,1000,1,0.813333333333333,0.807
ru,pos,1000,1,0.793333333333333,0.789
ru,token,1000,2,0.617333333333333,0.573
ru,pos,1000,1,0.833333333333333,0.839
ru,token,1000,2,0.624,0.588
ru,pos,1000,1,0.809333333333333,0.81
ru,syl,1000,2,1,1
ru,pos,1000,2,0.925333333333333,0.924
ru,pos_syl,1000,1,0.992,0.993
ru,syl,1000,1,0.882666666666667,0.871
ru,pos,1000,2,0.949333333333333,0.945
ru,syl,1000,1,0.878666666666667,0.866
ru,pos,1000,2,0.953333333333333,0.95
ru,syl,1000,1,0.873333333333333,0.857
ru,pos,1000,2,0.966666666666667,0.961
ru,syl,1000,1,0.9,0.88
ru,syl,1000,2,1,1
ru,syl,1000,2,1,1
ru,pos_syl,1000,1,0.986666666666667,0.988
ru,pos_syl,1000,2,0.970666666666667,0.968
ru,syl,1000,2,1,1
ru,pos_syl,1000,1,0.98,0.982
ru,pos_syl,1000,1,0.982666666666667,0.984
ru,token,25,1,0.177647058823529,NaN
ru,syl,1000,2,1,1
ru,pos_syl,1000,1,0.994666666666667,0.995
ru,token,25,2,0.0658823529411765,NaN
ru,pos,25,1,0.169411764705882,NaN
ru,pos_syl,1000,2,0.977333333333333,0.978
ru,pos,25,2,0.344705882352941,0.338
ru,pos_syl,1000,2,0.966666666666667,0.959
ru,syl,25,1,0.212941176470588,NaN
ru,pos_syl,1000,2,0.966666666666667,0.957
ru,token,25,1,0.203529411764706,0.198
ru,syl,25,2,0.398823529411765,0.378
ru,token,25,1,0.164705882352941,NaN
ru,pos_syl,25,1,0.314117647058824,0.309
ru,token,25,1,0.165882352941176,NaN
ru,pos_syl,1000,2,0.98,0.973
ru,token,25,2,0.114117647058824,NaN
ru,pos,25,1,0.128235294117647,NaN
ru,token,25,1,0.18,NaN
ru,token,25,2,0.104705882352941,NaN
ru,token,25,2,0.0847058823529412,NaN
ru,pos,25,1,0.0917647058823529,NaN
ru,pos,25,1,0.138823529411765,NaN
ru,pos,25,2,0.344705882352941,NaN
ru,syl,25,1,0.156470588235294,NaN
ru,syl,25,2,0.371764705882353,NaN
ru,token,25,2,0.0694117647058824,NaN
ru,pos,25,2,0.287058823529412,0.267
ru,pos,25,2,0.325882352941176,0.306
ru,pos,25,1,0.158823529411765,NaN
ru,syl,25,1,0.152941176470588,NaN
ru,syl,25,1,0.171764705882353,NaN
ru,pos_syl,25,1,0.322352941176471,0.309
ru,syl,25,2,0.321176470588235,0.302
ru,syl,25,2,0.370588235294118,0.353
ru,pos,25,2,0.283529411764706,NaN
ru,pos_syl,25,1,0.294117647058824,0.279
ru,pos_syl,25,1,0.296470588235294,NaN
ru,syl,25,1,0.145882352941176,NaN
ru,syl,25,2,0.444705882352941,0.435
ru,pos_syl,25,1,0.255294117647059,0.237
ru,pos_syl,25,2,0.522352941176471,0.513
ru,token,50,1,0.183529411764706,NaN
ru,token,50,2,0.175294117647059,NaN
ru,pos,50,1,0.147058823529412,NaN
ru,pos_syl,25,2,0.517647058823529,0.507
ru,pos_syl,25,2,0.456470588235294,0.446
ru,pos_syl,25,2,0.492941176470588,0.474
ru,token,50,1,0.309411764705882,0.305
ru,pos,50,2,0.427058823529412,0.412
ru,syl,50,1,0.301176470588235,NaN
ru,token,50,1,0.272941176470588,0.26
ru,token,50,1,0.303529411764706,0.289
ru,pos_syl,25,2,0.449411764705882,0.431
ru,syl,50,2,0.564705882352941,0.556
ru,token,50,1,0.364705882352941,0.345
ru,pos_syl,50,1,0.434117647058824,0.414
ru,token,50,2,0.128235294117647,NaN
ru,pos,50,1,0.234117647058824,NaN
ru,token,50,2,0.138823529411765,NaN
ru,token,50,2,0.136470588235294,NaN
ru,pos,50,1,0.208235294117647,0.205
ru,pos,50,1,0.188235294117647,NaN
ru,pos_syl,50,2,0.591764705882353,0.58
ru,token,50,2,0.189411764705882,NaN
ru,pos,50,2,0.428235294117647,0.413
ru,syl,50,1,0.229411764705882,NaN
ru,pos,50,1,0.156470588235294,NaN
ru,token,100,1,0.381176470588235,0.356
ru,pos,50,2,0.445882352941176,0.43
ru,pos,50,2,0.418823529411765,0.408
ru,syl,50,1,0.242352941176471,NaN
ru,syl,50,2,0.551764705882353,0.541
ru,syl,50,1,0.294117647058824,NaN
ru,syl,50,2,0.541176470588235,0.533
ru,pos_syl,50,1,0.462352941176471,0.439
ru,syl,50,2,0.605882352941176,0.588
ru,pos,50,2,0.410588235294118,0.398
ru,syl,50,1,0.298823529411765,NaN
ru,pos_syl,50,1,0.376470588235294,0.347
ru,pos_syl,50,1,0.401176470588235,0.387
ru,syl,50,2,0.544705882352941,0.53
ru,token,100,2,0.16,NaN
ru,pos,100,1,0.283529411764706,0.269
ru,pos_syl,50,2,0.656470588235294,0.647
ru,pos_syl,50,1,0.469411764705882,0.453
ru,pos_syl,50,2,0.611764705882353,0.6
ru,pos_syl,50,2,0.596470588235294,0.578
ru,token,100,1,0.415294117647059,0.398
ru,pos,100,2,0.534117647058823,0.515
ru,token,100,1,0.425882352941176,0.406
ru,syl,100,1,0.271764705882353,0.256
ru,pos_syl,50,2,0.643529411764706,0.635
ru,token,100,1,0.378823529411765,NaN
ru,syl,100,2,0.762352941176471,0.751
ru,token,100,1,0.404705882352941,0.385
ru,pos_syl,100,1,0.590588235294118,0.573
ru,token,100,2,0.157647058823529,NaN
ru,pos,100,1,0.350588235294118,0.334
ru,token,100,2,0.185882352941176,0.18
ru,pos,100,1,0.236470588235294,NaN
ru,token,100,2,0.190588235294118,0.18
ru,pos,100,1,0.270588235294118,NaN
ru,pos_syl,100,2,0.802352941176471,0.799
ru,token,100,2,0.205882352941176,NaN
ru,pos,100,2,0.516470588235294,0.509
ru,syl,100,1,0.371764705882353,0.363
ru,pos,100,1,0.276470588235294,NaN
ru,pos,100,2,0.5,0.497
ru,syl,100,1,0.271764705882353,0.264
ru,token,200,1,0.561176470588235,0.546
ru,syl,100,2,0.750588235294118,0.748
ru,pos,100,2,0.496470588235294,0.482
ru,syl,100,1,0.311764705882353,0.298
ru,syl,100,2,0.741176470588235,0.734
ru,pos_syl,100,1,0.617647058823529,0.599
ru,pos,100,2,0.522352941176471,0.494
ru,syl,100,2,0.816470588235294,0.81
ru,pos_syl,100,1,0.536470588235294,0.526
ru,syl,100,1,0.28,NaN
ru,pos_syl,100,1,0.628235294117647,0.62
ru,syl,100,2,0.769411764705882,0.766
ru,pos_syl,100,2,0.802352941176471,0.797
ru,pos_syl,100,1,0.515294117647059,0.501
ru,token,200,2,0.350588235294118,0.336
ru,pos_syl,100,2,0.767058823529412,0.758
ru,pos,200,1,0.477647058823529,0.463
ru,token,200,1,0.543529411764706,0.522
ru,pos_syl,100,2,0.776470588235294,0.769
ru,token,200,1,0.581176470588235,0.575
ru,pos_syl,100,2,0.784705882352941,0.783
ru,token,200,1,0.543529411764706,0.525
ru,pos,200,2,0.690588235294118,0.682
ru,syl,200,1,0.523529411764706,NaN
ru,token,200,1,0.523529411764706,0.505
ru,token,200,2,0.318823529411765,0.302
ru,syl,200,2,0.905882352941176,0.904
ru,pos,200,1,0.38,NaN
ru,token,200,2,0.264705882352941,0.253
ru,pos_syl,200,1,0.808235294117647,0.804
ru,pos,200,1,0.392941176470588,0.378
ru,token,200,2,0.267058823529412,NaN
ru,pos,200,1,0.478823529411765,0.459
ru,pos,200,2,0.651764705882353,0.633
ru,token,200,2,0.298823529411765,NaN
ru,syl,200,1,0.518823529411765,0.515
ru,pos,200,1,0.437647058823529,NaN
ru,pos,200,2,0.655294117647059,0.639
ru,pos_syl,200,2,0.878823529411765,0.873
ru,syl,200,1,0.536470588235294,0.511
ru,syl,200,2,0.885882352941176,0.883
ru,pos,200,2,0.688235294117647,0.678
ru,syl,200,1,0.602352941176471,0.598
ru,pos_syl,200,1,0.752941176470588,0.743
ru,syl,200,2,0.887058823529412,0.885
ru,token,300,1,0.616470588235294,0.605
ru,pos,200,2,0.707058823529412,0.697
ru,syl,200,1,0.496470588235294,0.48
ru,syl,200,2,0.949411764705882,0.949
ru,pos_syl,200,1,0.791764705882353,0.786
ru,pos_syl,200,1,0.785882352941176,0.781
ru,syl,200,2,0.904705882352941,0.903
ru,pos_syl,200,2,0.885882352941176,0.885
ru,pos_syl,200,1,0.791764705882353,0.782
ru,pos_syl,200,2,0.901176470588235,0.899
ru,token,300,2,0.334117647058824,0.312
ru,token,300,1,0.616470588235294,0.603
ru,pos,300,1,0.612941176470588,0.601
ru,pos_syl,200,2,0.916470588235294,0.916
ru,pos_syl,200,2,0.902352941176471,0.9
ru,token,300,1,0.64,0.625
ru,token,300,1,0.607058823529412,0.594
ru,pos,300,2,0.765882352941176,0.76
ru,token,300,1,0.690588235294118,0.68
ru,syl,300,1,0.578823529411765,0.568
ru,token,300,2,0.342352941176471,0.332
ru,pos,300,1,0.497647058823529,0.497
ru,syl,300,2,0.954117647058824,0.954
ru,token,300,2,0.377647058823529,NaN
ru,pos_syl,300,1,0.887058823529412,0.885
ru,pos,300,1,0.518823529411765,0.504
ru,token,300,2,0.307058823529412,NaN
ru,pos,300,1,0.616470588235294,0.61
ru,token,300,2,0.42,0.403
ru,pos,300,2,0.742352941176471,0.73
ru,pos,300,1,0.545882352941176,0.534
ru,syl,300,1,0.596470588235294,0.593
ru,pos_syl,300,2,0.929411764705882,0.929
ru,pos,300,2,0.742352941176471,0.733
ru,syl,300,1,0.616470588235294,0.606
ru,syl,300,2,0.965882352941177,0.966
ru,pos,300,2,0.802352941176471,0.796
ru,syl,300,1,0.643529411764706,0.638
ru,pos,300,2,0.776470588235294,0.761
ru,pos_syl,300,1,0.870588235294118,0.871
ru,syl,300,1,0.576470588235294,0.561
ru,token,500,1,0.721176470588235,0.714
ru,syl,300,2,0.971764705882353,0.972
ru,syl,300,2,0.981176470588235,0.981
ru,pos_syl,300,1,0.888235294117647,0.888
ru,syl,300,2,0.957647058823529,0.957
ru,pos_syl,300,1,0.904705882352941,0.902
ru,pos_syl,300,1,0.863529411764706,0.862
ru,pos_syl,300,2,0.936470588235294,0.937
ru,pos_syl,300,2,0.934117647058823,0.932
ru,token,500,1,0.725882352941176,0.718
ru,pos_syl,300,2,0.938823529411765,0.936
ru,token,500,2,0.542352941176471,0.531
ru,pos_syl,300,2,0.937647058823529,0.937
ru,pos,500,1,0.707058823529412,0.699
ru,token,500,1,0.748235294117647,0.743
ru,token,500,1,0.698823529411765,0.698
ru,token,500,1,0.770588235294118,0.764
ru,pos,500,2,0.894117647058824,0.892
ru,syl,500,1,0.778823529411765,0.773
ru,token,500,2,0.537647058823529,0.527
ru,pos,500,1,0.684705882352941,0.679
ru,token,500,2,0.481176470588235,0.465
ru,syl,500,2,0.994117647058824,0.994
ru,pos,500,1,0.629411764705882,0.602
ru,token,500,2,0.536470588235294,0.519
ru,token,500,2,0.574117647058824,0.558
ru,pos_syl,500,1,0.972941176470588,0.973
ru,pos,500,1,0.685882352941176,0.676
ru,pos,500,1,0.668235294117647,0.65
ru,pos,500,2,0.877647058823529,0.877
ru,syl,500,1,0.802352941176471,0.798
ru,pos,500,2,0.875294117647059,0.871
ru,syl,500,1,0.712941176470588,0.709
ru,pos_syl,500,2,0.983529411764706,0.984
ru,pos,500,2,0.892941176470588,0.889
ru,pos,500,2,0.896470588235294,0.895
ru,syl,500,2,0.984705882352941,0.985
ru,syl,500,1,0.802352941176471,0.797
ru,syl,500,1,0.730588235294118,0.722
ru,pos_syl,500,1,0.924705882352941,0.925
ru,syl,500,2,0.996470588235294,0.996
ru,token,750,1,0.744705882352941,0.708
ru,pos_syl,500,1,0.968235294117647,0.968
ru,syl,500,2,0.995294117647059,0.995
ru,syl,500,2,0.995294117647059,0.995
ru,pos_syl,500,1,0.944705882352941,0.944
ru,pos_syl,500,1,0.963529411764706,0.964
ru,pos_syl,500,2,0.962352941176471,0.962
ru,pos_syl,500,2,0.951764705882353,0.951
ru,token,750,1,0.712941176470588,0.68
ru,pos_syl,500,2,0.981176470588235,0.981
ru,pos_syl,500,2,0.974117647058824,0.974
ru,token,750,1,0.734117647058824,NA
ru,token,750,2,0.585882352941177,0.548
ru,pos,750,1,0.749411764705882,0.748
ru,token,750,1,0.772941176470588,NA
ru,token,750,1,0.791764705882353,NA
ru,token,750,2,0.628235294117647,0.612
ru,pos,750,2,0.930588235294118,0.928
ru,pos,750,1,0.735294117647059,0.732
ru,syl,750,1,0.791764705882353,0.783
ru,token,750,2,0.555294117647059,0.511
ru,pos,750,1,0.772941176470588,0.769
ru,token,750,2,0.582352941176471,0.563
ru,token,750,2,0.627058823529412,0.609
ru,pos,750,1,0.802352941176471,0.804
ru,pos,750,1,0.770588235294118,0.771
ru,syl,750,2,0.982352941176471,0.982
ru,pos,750,2,0.896470588235294,0.892
ru,pos_syl,750,1,0.970588235294118,0.971
ru,syl,750,1,0.828235294117647,0.82
ru,pos,750,2,0.942352941176471,0.942
ru,syl,750,1,0.810588235294118,0.807
ru,pos,750,2,0.922352941176471,0.921
ru,syl,750,1,0.857647058823529,0.844
ru,pos,750,2,0.955294117647059,0.954
ru,syl,750,2,1,1
ru,syl,750,1,0.770588235294118,0.768
ru,pos_syl,750,2,0.967058823529412,0.968
ru,pos_syl,750,1,0.989411764705882,0.989
ru,syl,750,2,0.998823529411765,0.999
ru,syl,750,2,0.996470588235294,0.996
ru,token,1000,1,0.833333333333333,0.793
ru,pos_syl,750,1,0.958823529411765,0.959
ru,pos_syl,750,1,0.983529411764706,0.984
ru,syl,750,2,1,1
ru,pos_syl,750,1,0.955294117647059,0.955
ru,pos_syl,750,2,0.945882352941177,0.944
ru,pos_syl,750,2,0.96,0.96
ru,token,1000,1,0.786666666666667,0.742
ru,pos_syl,750,2,0.945882352941177,0.943
ru,pos_syl,750,2,0.948235294117647,0.948
ru,token,1000,1,0.836,0.795
ru,token,1000,1,0.830666666666667,0.779
ru,token,1000,2,0.570666666666667,0.523
ru,pos,1000,1,0.798666666666667,0.814
ru,token,1000,1,0.84,0.79
ru,pos,1000,2,0.957333333333333,0.952
ru,syl,1000,1,0.894666666666667,0.888
ru,token,1000,2,0.644,0.586
ru,pos,1000,1,0.86,0.861
ru,token,1000,2,0.657333333333333,0.603
ru,pos,1000,1,0.782666666666667,0.784
ru,token,1000,2,0.630666666666667,0.557
ru,token,1000,2,0.621333333333333,0.578
ru,pos,1000,1,0.822666666666667,0.827
ru,pos,1000,1,0.837333333333333,0.846
ru,syl,1000,2,1,1
ru,pos_syl,1000,1,0.984,0.985
ru,pos,1000,2,0.937333333333333,0.903
ru,syl,1000,1,0.830666666666667,0.815
ru,pos,1000,2,0.953333333333333,0.945
ru,syl,1000,1,0.913333333333333,0.903
ru,pos,1000,2,0.958666666666667,0.951
ru,syl,1000,1,0.902666666666667,0.892
ru,pos,1000,2,0.965333333333333,0.962
ru,syl,1000,1,0.845333333333333,0.824
ru,pos_syl,1000,2,0.985333333333333,0.985
ru,syl,1000,2,0.997333333333333,0.998
ru,pos_syl,1000,1,0.986666666666667,0.988
ru,token,25,1,0.174117647058824,NaN
ru,syl,1000,2,1,1
ru,syl,1000,2,1,1
ru,pos_syl,1000,1,0.974666666666667,0.977
ru,syl,1000,2,1,1
ru,pos_syl,1000,1,0.977333333333333,0.979
ru,token,25,2,0.117647058823529,NaN
ru,pos,25,1,0.149411764705882,NaN
ru,pos_syl,1000,1,0.993333333333333,0.994
ru,pos,25,2,0.322352941176471,0.309
ru,syl,25,1,0.2,0.193
ru,pos_syl,1000,2,0.978666666666667,0.974
ru,syl,25,2,0.367058823529412,0.351
ru,token,25,1,0.164705882352941,0.163
ru,pos_syl,25,1,0.311764705882353,0.294
ru,pos_syl,1000,2,0.984,0.983
ru,pos_syl,1000,2,0.984,0.982
ru,pos_syl,1000,2,0.985333333333333,0.983
ru,token,25,1,0.192941176470588,NaN
ru,token,25,2,0.0576470588235294,NaN
ru,token,25,1,0.183529411764706,NaN
ru,pos,25,1,0.114117647058824,NaN
ru,token,25,1,0.148235294117647,NaN
ru,token,25,2,0.0858823529411765,NaN
ru,pos,25,2,0.304705882352941,0.297
ru,token,25,2,0.0894117647058824,NaN
ru,syl,25,1,0.208235294117647,NaN
ru,pos,25,1,0.138823529411765,0.133
ru,pos,25,1,0.157647058823529,NaN
ru,token,25,2,0.114117647058824,NaN
ru,syl,25,2,0.357647058823529,0.343
ru,pos,25,1,0.177647058823529,0.169
ru,pos_syl,25,1,0.262352941176471,0.239
ru,pos,25,2,0.354117647058824,NaN
ru,syl,25,1,0.197647058823529,NaN
ru,pos,25,2,0.322352941176471,0.313
ru,syl,25,1,0.183529411764706,NaN
ru,pos,25,2,0.3,0.294
ru,syl,25,2,0.445882352941176,0.422
ru,syl,25,1,0.235294117647059,NaN
ru,syl,25,2,0.371764705882353,0.368
ru,pos_syl,25,1,0.363529411764706,0.346
ru,syl,25,2,0.454117647058824,0.44
ru,pos_syl,25,1,0.303529411764706,0.298
ru,pos_syl,25,1,0.317647058823529,0.298
ru,pos_syl,25,2,0.530588235294118,0.516
ru,token,50,1,0.263529411764706,0.25
ru,token,50,2,0.1,NaN
ru,pos,50,1,0.156470588235294,NaN
ru,pos_syl,25,2,0.456470588235294,0.445
ru,pos_syl,25,2,0.543529411764706,0.524
ru,pos,50,2,0.402352941176471,0.388
ru,syl,50,1,0.278823529411765,0.259
ru,token,50,1,0.277647058823529,0.257
ru,syl,50,2,0.522352941176471,0.513
ru,pos_syl,25,2,0.557647058823529,0.536
ru,token,50,1,0.234117647058824,NaN
ru,pos_syl,25,2,0.505882352941176,0.491
ru,pos_syl,50,1,0.407058823529412,0.391
ru,token,50,1,0.314117647058824,0.298
ru,token,50,1,0.261176470588235,0.254
ru,token,50,2,0.123529411764706,NaN
ru,pos_syl,50,2,0.631764705882353,0.618
ru,pos,50,1,0.169411764705882,0.162
ru,token,50,2,0.129411764705882,NaN
ru,pos,50,1,0.237647058823529,NaN
ru,token,100,1,0.371764705882353,0.355
ru,pos,50,2,0.435294117647059,0.421
ru,token,50,2,0.134117647058824,NaN
ru,syl,50,1,0.257647058823529,NaN
ru,token,50,2,0.127058823529412,NaN
ru,pos,50,1,0.257647058823529,NaN
ru,pos,50,1,0.201176470588235,NaN
ru,syl,50,2,0.548235294117647,0.533
ru,pos,50,2,0.445882352941176,0.434
ru,syl,50,1,0.254117647058824,0.25
ru,pos_syl,50,1,0.491764705882353,0.462
ru,syl,50,2,0.556470588235294,0.535
ru,pos,50,2,0.454117647058824,0.438
ru,token,100,2,0.198823529411765,NaN
ru,syl,50,1,0.289411764705882,NaN
ru,pos,50,2,0.387058823529412,0.365
ru,pos,100,1,0.3,NaN
ru,syl,50,1,0.270588235294118,NaN
ru,pos_syl,50,1,0.434117647058824,NaN
ru,syl,50,2,0.596470588235294,0.593
ru,pos_syl,50,2,0.558823529411765,0.544
ru,syl,50,2,0.564705882352941,0.552
ru,pos_syl,50,1,0.494117647058824,0.483
ru,pos_syl,50,1,0.435294117647059,NaN
ru,pos,100,2,0.488235294117647,0.472
ru,token,100,1,0.367058823529412,0.353
ru,pos_syl,50,2,0.587058823529412,0.578
ru,syl,100,1,0.358823529411765,0.359
ru,syl,100,2,0.710588235294118,0.701
ru,pos_syl,50,2,0.614117647058824,0.608
ru,token,100,1,0.42,0.41
ru,pos_syl,50,2,0.589411764705882,0.574
ru,pos_syl,100,1,0.623529411764706,0.621
ru,token,100,1,0.398823529411765,0.384
ru,token,100,1,0.390588235294118,0.373
ru,token,100,2,0.138823529411765,NaN
ru,pos,100,1,0.270588235294118,NaN
ru,pos_syl,100,2,0.751764705882353,0.745
ru,token,100,2,0.168235294117647,NaN
ru,pos,100,1,0.28,NaN
ru,pos,100,2,0.492941176470588,0.477
ru,token,200,1,0.571764705882353,0.541
ru,syl,100,1,0.378823529411765,0.366
ru,token,100,2,0.236470588235294,0.221
ru,token,100,2,0.211764705882353,NaN
ru,pos,100,1,0.271764705882353,NaN
ru,pos,100,1,0.322352941176471,0.306
ru,pos,100,2,0.54,0.528
ru,syl,100,2,0.787058823529412,0.787
ru,syl,100,1,0.376470588235294,NaN
ru,pos_syl,100,1,0.577647058823529,0.565
ru,syl,100,2,0.770588235294118,0.764
ru,pos,100,2,0.544705882352941,0.53
ru,pos,100,2,0.549411764705882,0.533
ru,syl,100,1,0.331764705882353,NaN
ru,syl,100,1,0.363529411764706,NaN
ru,token,200,2,0.269411764705882,0.258
ru,pos_syl,100,1,0.594117647058824,0.574
ru,pos,200,1,0.396470588235294,NaN
ru,syl,100,2,0.811764705882353,0.81
ru,syl,100,2,0.750588235294118,0.743
ru,pos_syl,100,2,0.777647058823529,0.772
ru,pos_syl,100,1,0.598823529411765,0.585
ru,pos_syl,100,1,0.532941176470588,0.52
ru,pos_syl,100,2,0.764705882352941,0.761
ru,token,200,1,0.52,0.495
ru,pos,200,2,0.701176470588235,0.69
ru,syl,200,1,0.48,0.469
ru,pos_syl,100,2,0.812941176470588,0.808
ru,token,200,1,0.542352941176471,0.533
ru,pos_syl,100,2,0.823529411764706,0.82
ru,syl,200,2,0.915294117647059,0.915
ru,token,200,1,0.512941176470588,0.503
ru,token,200,1,0.544705882352941,0.519
ru,pos_syl,200,1,0.747058823529412,0.737
ru,token,200,2,0.285882352941176,0.268
ru,pos,200,1,0.371764705882353,0.36
ru,token,200,2,0.268235294117647,NaN
ru,pos,200,1,0.418823529411765,0.394
ru,pos_syl,200,2,0.895294117647059,0.894
ru,token,200,2,0.278823529411765,0.266
ru,token,200,2,0.24,NaN
ru,pos,200,2,0.627058823529412,0.62
ru,pos,200,1,0.403529411764706,0.389
ru,pos,200,1,0.417647058823529,0.397
ru,syl,200,1,0.551764705882353,0.533
ru,token,300,1,0.588235294117647,0.573
ru,pos,200,2,0.689411764705882,0.676
ru,syl,200,2,0.942352941176471,0.941
ru,syl,200,1,0.455294117647059,0.45
ru,pos,200,2,0.664705882352941,0.646
ru,pos_syl,200,1,0.816470588235294,0.809
ru,pos,200,2,0.66,0.649
ru,syl,200,1,0.488235294117647,0.474
ru,syl,200,1,0.489411764705882,0.48
ru,syl,200,2,0.912941176470588,0.912
ru,pos_syl,200,1,0.736470588235294,0.732
ru,syl,200,2,0.914117647058823,0.914
ru,syl,200,2,0.937647058823529,0.937
ru,token,300,2,0.402352941176471,0.379
ru,pos_syl,200,2,0.925882352941176,0.926
ru,pos_syl,200,1,0.765882352941176,0.756
ru,pos,300,1,0.571764705882353,0.558
ru,pos_syl,200,1,0.735294117647059,0.727
ru,pos_syl,200,2,0.895294117647059,0.891
ru,token,300,1,0.635294117647059,0.629
ru,pos_syl,200,2,0.870588235294118,0.867
ru,pos_syl,200,2,0.841176470588235,0.834
ru,pos,300,2,0.821176470588235,0.815
ru,token,300,1,0.669411764705882,0.659
ru,syl,300,1,0.607058823529412,0.601
ru,token,300,1,0.630588235294118,0.62
ru,token,300,1,0.688235294117647,0.68
ru,syl,300,2,0.950588235294118,0.95
ru,token,300,2,0.447058823529412,0.437
ru,pos_syl,300,1,0.883529411764706,0.871
ru,pos,300,1,0.517647058823529,0.505
ru,token,300,2,0.351764705882353,0.333
ru,pos,300,1,0.607058823529412,0.596
ru,token,300,2,0.385882352941176,0.366
ru,pos,300,1,0.455294117647059,0.436
ru,token,300,2,0.378823529411765,0.363
ru,pos,300,2,0.774117647058824,0.762
ru,pos_syl,300,2,0.923529411764706,0.924
ru,syl,300,1,0.681176470588235,0.672
ru,pos,300,1,0.512941176470588,0.495
ru,pos,300,2,0.767058823529412,0.754
ru,token,500,1,0.732941176470588,0.724
ru,syl,300,2,0.977647058823529,0.977
ru,syl,300,1,0.661176470588235,0.658
ru,pos,300,2,0.8,0.794
ru,pos_syl,300,1,0.884705882352941,0.879
ru,syl,300,1,0.602352941176471,0.593
ru,pos,300,2,0.701176470588235,0.685
ru,syl,300,1,0.582352941176471,0.57
ru,syl,300,2,0.976470588235294,0.976
ru,pos_syl,300,1,0.878823529411765,0.873
ru,syl,300,2,0.975294117647059,0.975
ru,syl,300,2,0.950588235294118,0.95
ru,pos_syl,300,1,0.869411764705882,0.867
ru,pos_syl,300,2,0.94,0.938
ru,pos_syl,300,1,0.882352941176471,0.882
ru,token,500,2,0.543529411764706,0.537
ru,pos_syl,300,2,0.951764705882353,0.952
ru,pos,500,1,0.7,0.691
ru,token,500,1,0.742352941176471,0.724
ru,pos_syl,300,2,0.957647058823529,0.958
ru,pos_syl,300,2,0.947058823529412,0.946
ru,token,500,1,0.727058823529412,0.713
ru,token,500,1,0.74,0.738
ru,token,500,1,0.797647058823529,0.794
ru,pos,500,2,0.892941176470588,0.886
ru,syl,500,1,0.751764705882353,0.751
ru,token,500,2,0.531764705882353,0.517
ru,pos,500,1,0.618823529411765,0.607
ru,syl,500,2,0.990588235294118,0.991
ru,token,500,2,0.563529411764706,0.54
ru,pos_syl,500,1,0.942352941176471,0.941
ru,pos,500,1,0.665882352941176,0.66
ru,token,500,2,0.536470588235294,0.526
ru,pos,500,1,0.715294117647059,0.7
ru,token,500,2,0.574117647058824,0.56
ru,pos,500,1,0.702352941176471,0.695
ru,pos,500,2,0.868235294117647,0.863
ru,syl,500,1,0.785882352941176,0.782
ru,pos_syl,500,2,0.982352941176471,0.982
ru,pos,500,2,0.882352941176471,0.88
ru,syl,500,1,0.74,0.737
ru,pos,500,2,0.881176470588235,0.878
ru,syl,500,1,0.736470588235294,0.73
ru,syl,500,2,0.996470588235294,0.996
ru,pos,500,2,0.889411764705882,0.887
ru,token,750,1,0.792941176470588,NA
ru,syl,500,1,0.8,0.798
ru,pos_syl,500,1,0.947058823529412,0.946
ru,syl,500,2,0.995294117647059,0.995
ru,syl,500,2,0.997647058823529,0.998
ru,pos_syl,500,1,0.952941176470588,0.953
ru,syl,500,2,0.992941176470588,0.993
ru,pos_syl,500,1,0.922352941176471,0.921
ru,pos_syl,500,1,0.945882352941177,0.946
ru,pos_syl,500,2,0.962352941176471,0.962
ru,token,750,1,0.787058823529412,0.75
ru,pos_syl,500,2,0.967058823529412,0.967
ru,pos_syl,500,2,0.950588235294118,0.95
ru,token,750,2,0.625882352941176,0.598
ru,pos,750,1,0.74,0.742
ru,pos_syl,500,2,0.964705882352941,0.964
ru,token,750,1,0.745882352941176,0.712
ru,token,750,1,0.758823529411765,NA
ru,token,750,1,0.736470588235294,0.713
ru,pos,750,2,0.909411764705882,0.908
ru,syl,750,1,0.855294117647059,0.853
ru,token,750,2,0.557647058823529,NaN
ru,pos,750,1,0.78,0.782
ru,syl,750,2,1,1
ru,token,750,2,0.587058823529412,NaN
ru,token,750,2,0.56,0.531
ru,pos,750,1,0.764705882352941,0.76
ru,pos_syl,750,1,0.96,0.96
ru,pos,750,1,0.734117647058824,0.735
ru,token,750,2,0.547058823529412,0.525
ru,pos,750,1,0.762352941176471,0.76
ru,pos,750,2,0.951764705882353,0.951
ru,syl,750,1,0.791764705882353,0.778
ru,pos,750,2,0.894117647058824,0.892
ru,pos_syl,750,2,0.957647058823529,0.956
ru,pos,750,2,0.918823529411765,0.918
ru,syl,750,1,0.78,0.77
ru,syl,750,1,0.849411764705882,0.848
ru,syl,750,2,0.998823529411765,0.999
ru,pos,750,2,0.925882352941176,0.925
ru,syl,750,1,0.809411764705882,0.807
ru,token,1000,1,0.821333333333333,0.781
ru,pos_syl,750,1,0.955294117647059,0.955
ru,syl,750,2,0.995294117647059,0.995
ru,syl,750,2,0.988235294117647,0.988
ru,pos_syl,750,1,0.969411764705882,0.969
ru,pos_syl,750,1,0.952941176470588,0.952
ru,syl,750,2,1,1
ru,pos_syl,750,1,0.969411764705882,0.969
ru,pos_syl,750,2,0.961176470588235,0.96
ru,token,1000,1,0.794666666666667,0.769
ru,pos_syl,750,2,0.961176470588235,0.96
ru,pos_syl,750,2,0.977647058823529,0.977
ru,token,1000,2,0.677333333333333,0.633
ru,pos,1000,1,0.816,0.825
ru,pos_syl,750,2,0.96,0.959
ru,token,1000,1,0.784,0.731
ru,token,1000,1,0.845333333333333,0.794
ru,token,1000,1,0.809333333333333,0.746
ru,pos,1000,2,0.929333333333333,0.923
ru,syl,1000,1,0.892,0.875
ru,token,1000,2,0.637333333333333,0.613
ru,pos,1000,1,0.822666666666667,0.821
ru,token,1000,2,0.652,0.589
ru,syl,1000,2,1,1
ru,pos,1000,1,0.786666666666667,0.795
ru,pos_syl,1000,1,0.985333333333333,0.987
ru,token,1000,2,0.666666666666667,0.626
ru,pos,1000,1,0.832,0.838
ru,pos,1000,2,0.956,0.958
ru,syl,1000,1,0.88,0.857
ru,token,1000,2,0.609333333333333,0.57
ru,pos,1000,1,0.818666666666667,0.82
ru,pos,1000,2,0.950666666666667,0.937
ru,pos_syl,1000,2,0.977333333333333,0.976
ru,syl,1000,1,0.897333333333333,0.885
ru,syl,1000,2,0.998666666666667,0.999
ru,pos,1000,2,0.944,0.936
ru,syl,1000,1,0.898666666666667,0.872
ru,pos_syl,1000,1,0.998666666666667,0.999
ru,token,25,1,0.18,0.171
ru,pos,1000,2,0.96,0.949
ru,syl,1000,1,0.884,0.874
ru,token,25,2,0.0517647058823529,NaN
ru,pos,25,1,0.112941176470588,NaN
ru,syl,1000,2,0.998666666666667,0.999
ru,syl,1000,2,1,1
ru,pos_syl,1000,1,0.982666666666667,0.985
ru,pos,25,2,0.298823529411765,0.292
ru,pos_syl,1000,1,0.98,0.982
ru,syl,25,1,0.158823529411765,NaN
ru,pos_syl,1000,2,0.986666666666667,0.986
ru,syl,25,2,0.337647058823529,0.333
ru,syl,1000,2,1,1
ru,pos_syl,25,1,0.255294117647059,0.246
ru,pos_syl,1000,1,0.986666666666667,0.985
ru,token,25,1,0.210588235294118,0.193
ru,token,25,2,0.1,NaN
ru,pos_syl,1000,2,0.974666666666667,0.97
ru,pos,25,1,0.142352941176471,NaN
ru,pos_syl,1000,2,0.982666666666667,0.984
ru,token,25,1,0.183529411764706,NaN
ru,pos,25,2,0.298823529411765,0.295
ru,syl,25,1,0.227058823529412,NaN
ru,token,25,1,0.247058823529412,0.236
ru,pos_syl,1000,2,0.978666666666667,0.972
ru,syl,25,2,0.405882352941176,0.381
ru,token,25,2,0.0988235294117647,NaN
ru,pos,25,1,0.164705882352941,NaN
ru,pos_syl,25,1,0.358823529411765,0.33
ru,token,25,1,0.188235294117647,NaN
ru,token,25,2,0.0823529411764706,NaN
ru,pos,25,1,0.16,NaN
ru,pos,25,2,0.321176470588235,0.308
ru,syl,25,1,0.137647058823529,NaN
ru,token,25,2,0.0894117647058824,NaN
ru,pos,25,2,0.287058823529412,0.274
ru,pos,25,1,0.12,NaN
ru,syl,25,2,0.414117647058824,NaN
ru,syl,25,1,0.165882352941176,NaN
ru,syl,25,2,0.343529411764706,0.32
ru,pos_syl,25,1,0.308235294117647,0.289
ru,pos,25,2,0.285882352941176,0.271
ru,pos_syl,25,1,0.3,0.28
ru,syl,25,1,0.191764705882353,NaN
ru,syl,25,2,0.468235294117647,0.451
ru,pos_syl,25,2,0.429411764705882,0.42
ru,pos_syl,25,1,0.352941176470588,0.331
ru,token,50,1,0.238823529411765,NaN
ru,pos_syl,25,2,0.427058823529412,0.414
ru,token,50,2,0.107058823529412,NaN
ru,pos,50,1,0.228235294117647,NaN
ru,token,50,1,0.223529411764706,NaN
ru,pos,50,2,0.418823529411765,0.406
ru,syl,50,1,0.308235294117647,NaN
ru,pos_syl,25,2,0.491764705882353,0.472
ru,syl,50,2,0.489411764705882,0.478
ru,pos_syl,25,2,0.496470588235294,0.485
ru,token,50,2,0.0952941176470588,NaN
ru,pos_syl,50,1,0.455294117647059,0.437
ru,pos,50,1,0.221176470588235,0.207
ru,token,50,1,0.242352941176471,0.225
ru,token,50,1,0.292941176470588,0.279
ru,pos_syl,50,2,0.6,0.587
ru,pos,50,2,0.463529411764706,0.457
ru,syl,50,1,0.310588235294118,NaN
ru,pos_syl,25,2,0.488235294117647,0.465
ru,syl,50,2,0.537647058823529,0.525
ru,token,50,2,0.116470588235294,NaN
ru,token,100,1,0.422352941176471,0.402
ru,pos,50,1,0.209411764705882,NaN
ru,pos_syl,50,1,0.461176470588235,0.442
ru,token,50,1,0.257647058823529,0.232
ru,token,50,2,0.147058823529412,NaN
ru,pos,50,1,0.184705882352941,NaN
ru,pos,50,2,0.358823529411765,0.345
ru,syl,50,1,0.263529411764706,NaN
ru,pos_syl,50,2,0.716470588235294,0.711
ru,token,100,2,0.172941176470588,0.163
ru,pos,50,2,0.443529411764706,0.428
ru,syl,50,2,0.532941176470588,0.526
ru,pos,100,1,0.241176470588235,NaN
ru,syl,50,1,0.196470588235294,0.195
ru,token,100,1,0.384705882352941,0.377
ru,pos_syl,50,1,0.488235294117647,0.477
ru,token,50,2,0.18,NaN
ru,syl,50,2,0.511764705882353,0.505
ru,pos,50,1,0.196470588235294,NaN
ru,pos_syl,50,1,0.372941176470588,0.353
ru,pos,100,2,0.561176470588235,0.539
ru,syl,100,1,0.310588235294118,NaN
ru,pos,50,2,0.423529411764706,0.413
ru,pos_syl,50,2,0.552941176470588,0.533
ru,syl,100,2,0.727058823529412,0.722
ru,syl,50,1,0.221176470588235,NaN
ru,token,100,2,0.22,0.215
ru,pos_syl,50,2,0.549411764705882,0.532
ru,syl,50,2,0.501176470588235,0.474
ru,pos,100,1,0.307058823529412,NaN
ru,pos_syl,100,1,0.607058823529412,0.596
ru,token,100,1,0.431764705882353,0.415
ru,pos_syl,50,1,0.408235294117647,0.385
ru,token,100,1,0.478823529411765,0.466
ru,pos,100,2,0.511764705882353,0.492
ru,pos_syl,100,2,0.756470588235294,0.746
ru,syl,100,1,0.298823529411765,0.29
ru,pos_syl,50,2,0.557647058823529,0.546
ru,token,100,2,0.230588235294118,0.221
ru,syl,100,2,0.749411764705882,0.746
ru,pos,100,1,0.242352941176471,NaN
ru,token,200,1,0.605882352941176,0.584
ru,token,100,2,0.169411764705882,NaN
ru,token,100,1,0.4,0.39
ru,pos_syl,100,1,0.537647058823529,0.523
ru,pos,100,1,0.262352941176471,NaN
ru,pos,100,2,0.504705882352941,0.487
ru,syl,100,1,0.377647058823529,0.369
ru,pos_syl,100,2,0.731764705882353,0.72
ru,pos,100,2,0.46,0.436
ru,syl,100,2,0.803529411764706,0.8
ru,syl,100,1,0.343529411764706,0.331
ru,token,100,2,0.236470588235294,0.226
ru,pos,100,1,0.278823529411765,0.27
ru,pos_syl,100,1,0.567058823529412,0.553
ru,token,200,2,0.285882352941176,0.278
ru,syl,100,2,0.782352941176471,0.773
ru,pos,200,1,0.447058823529412,0.44
ru,token,200,1,0.545882352941176,0.527
ru,pos_syl,100,1,0.637647058823529,0.623
ru,pos,100,2,0.490588235294118,0.482
ru,pos_syl,100,2,0.802352941176471,0.797
ru,syl,100,1,0.328235294117647,0.318
ru,pos,200,2,0.725882352941176,0.72
ru,syl,200,1,0.563529411764706,0.56
ru,syl,100,2,0.751764705882353,0.748
ru,pos_syl,100,2,0.772941176470588,0.767
ru,token,200,2,0.356470588235294,NaN
ru,token,200,1,0.522352941176471,NaN
ru,pos_syl,100,1,0.597647058823529,0.583
ru,pos,200,1,0.42,0.408
ru,syl,200,2,0.937647058823529,0.938
ru,token,200,1,0.561176470588235,0.54
ru,pos_syl,200,1,0.812941176470588,0.808
ru,pos_syl,100,2,0.810588235294118,0.806
ru,pos,200,2,0.645882352941176,0.634
ru,syl,200,1,0.498823529411765,0.485
ru,token,200,2,0.298823529411765,NaN
ru,pos,200,1,0.455294117647059,0.45
ru,token,200,1,0.538823529411765,0.519
ru,pos_syl,200,2,0.947058823529412,0.946
ru,token,200,2,0.336470588235294,0.319
ru,syl,200,2,0.883529411764706,0.883
ru,pos,200,1,0.423529411764706,0.403
ru,pos_syl,200,1,0.708235294117647,0.698
ru,token,300,1,0.668235294117647,0.66
ru,pos,200,2,0.66,0.653
ru,syl,200,1,0.542352941176471,0.535
ru,pos,200,2,0.637647058823529,0.629
ru,syl,200,1,0.485882352941176,0.479
ru,token,200,2,0.329411764705882,0.317
ru,syl,200,2,0.896470588235294,0.896
ru,pos,200,1,0.447058823529412,0.423
ru,pos_syl,200,2,0.910588235294118,0.908
ru,syl,200,2,0.912941176470588,0.91
ru,pos_syl,200,1,0.851764705882353,0.851
ru,token,300,1,0.632941176470588,0.616
ru,pos_syl,200,1,0.778823529411765,0.774
ru,token,300,2,0.364705882352941,0.346
ru,pos,200,2,0.650588235294118,0.635
ru,pos,300,1,0.455294117647059,0.447
ru,syl,200,1,0.524705882352941,0.524
ru,pos_syl,200,2,0.902352941176471,0.901
ru,syl,200,2,0.925882352941176,0.926
ru,pos_syl,200,2,0.867058823529412,0.865
ru,pos_syl,200,1,0.778823529411765,0.765
ru,pos,300,2,0.768235294117647,0.761
ru,token,300,1,0.637647058823529,0.622
ru,syl,300,1,0.678823529411765,0.668
ru,token,300,2,0.402352941176471,0.389
ru,pos,300,1,0.548235294117647,0.532
ru,token,300,1,0.631764705882353,0.62
ru,syl,300,2,0.970588235294118,0.97
ru,pos_syl,200,2,0.872941176470588,0.868
ru,pos_syl,300,1,0.901176470588235,0.899
ru,pos,300,2,0.8,0.793
ru,syl,300,1,0.648235294117647,0.639
ru,token,300,1,0.650588235294118,0.634
ru,token,300,2,0.390588235294118,NaN
ru,pos,300,1,0.525882352941176,0.511
ru,token,300,2,0.361176470588235,0.345
ru,pos,300,1,0.443529411764706,0.429
ru,syl,300,2,0.962352941176471,0.962
ru,pos_syl,300,2,0.938823529411765,0.938
ru,pos_syl,300,1,0.864705882352941,0.863
ru,token,500,1,0.7,0.693
ru,pos,300,2,0.767058823529412,0.758
ru,syl,300,1,0.615294117647059,0.611
ru,pos,300,2,0.742352941176471,0.734
ru,token,300,2,0.404705882352941,0.388
ru,syl,300,1,0.584705882352941,0.574
ru,pos,300,1,0.515294117647059,0.492
ru,syl,300,2,0.965882352941177,0.966
ru,pos_syl,300,2,0.916470588235294,0.914
ru,syl,300,2,0.96,0.96
ru,pos_syl,300,1,0.868235294117647,0.869
ru,pos_syl,300,1,0.862352941176471,0.858
ru,token,500,1,0.788235294117647,0.783
ru,pos,300,2,0.745882352941176,0.732
ru,syl,300,1,0.6,0.591
ru,token,500,2,0.564705882352941,0.546
ru,pos,500,1,0.688235294117647,0.683
ru,pos_syl,300,2,0.938823529411765,0.939
ru,syl,300,2,0.972941176470588,0.973
ru,pos_syl,300,2,0.914117647058823,0.911
ru,pos_syl,300,1,0.877647058823529,0.873
ru,token,500,1,0.652941176470588,0.633
ru,token,500,1,0.756470588235294,0.751
ru,token,500,2,0.551764705882353,0.527
ru,pos,500,2,0.894117647058824,0.894
ru,syl,500,1,0.748235294117647,0.736
ru,pos,500,1,0.698823529411765,0.697
ru,pos_syl,300,2,0.942352941176471,0.942
ru,token,500,1,0.727058823529412,0.717
ru,syl,500,2,0.992941176470588,0.993
ru,pos_syl,500,1,0.952941176470588,0.953
ru,pos,500,2,0.907058823529412,0.904
ru,token,500,2,0.518823529411765,0.502
ru,syl,500,1,0.764705882352941,0.758
ru,token,500,2,0.52,0.501
ru,pos,500,1,0.665882352941176,0.652
ru,pos,500,1,0.665882352941176,0.653
ru,syl,500,2,1,1
ru,pos_syl,500,1,0.967058823529412,0.967
ru,pos_syl,500,2,0.963529411764706,0.963
ru,token,500,2,0.623529411764706,0.61
ru,pos,500,2,0.889411764705882,0.887
ru,pos,500,2,0.882352941176471,0.875
ru,pos,500,1,0.58,0.568
ru,syl,500,1,0.823529411764706,0.817
ru,syl,500,1,0.730588235294118,0.721
ru,token,750,1,0.757647058823529,0.729
ru,syl,500,2,0.984705882352941,0.985
ru,pos_syl,500,2,0.98,0.98
ru,syl,500,2,0.996470588235294,0.996
ru,pos_syl,500,1,0.943529411764706,0.943
ru,pos,500,2,0.831764705882353,0.828
ru,syl,500,1,0.731764705882353,0.727
ru,pos_syl,500,1,0.950588235294118,0.95
ru,token,750,1,0.737647058823529,0.706
ru,syl,500,2,0.991764705882353,0.992
ru,pos_syl,500,2,0.970588235294118,0.971
ru,pos_syl,500,1,0.948235294117647,0.948
ru,token,750,2,0.587058823529412,0.581
ru,pos_syl,500,2,0.994117647058824,0.994
ru,pos,750,1,0.711764705882353,0.707
ru,token,750,1,0.762352941176471,0.729
ru,token,750,1,0.769411764705882,0.742
ru,pos_syl,500,2,0.970588235294118,0.97
ru,token,750,2,0.54,NaN
ru,pos,750,1,0.797647058823529,0.798
ru,pos,750,2,0.916470588235294,0.915
ru,token,750,1,0.730588235294118,0.697
ru,syl,750,1,0.828235294117647,0.822
ru,pos,750,2,0.948235294117647,0.948
ru,token,750,2,0.54,0.526
ru,token,750,2,0.544705882352941,0.527
ru,syl,750,1,0.812941176470588,0.808
ru,pos,750,1,0.774117647058824,0.769
ru,syl,750,2,0.998823529411765,0.999
ru,pos,750,1,0.743529411764706,0.743
ru,pos_syl,750,1,0.988235294117647,0.988
ru,token,750,2,0.567058823529412,0.54
ru,syl,750,2,0.996470588235294,0.996
ru,pos,750,1,0.754117647058824,0.745
ru,pos_syl,750,1,0.972941176470588,0.973
ru,pos,750,2,0.922352941176471,0.919
ru,pos,750,2,0.910588235294118,0.909
ru,syl,750,1,0.855294117647059,0.856
ru,syl,750,1,0.829411764705882,0.827
ru,pos_syl,750,2,0.96,0.958
ru,token,1000,1,0.844,0.794
ru,syl,750,2,1,1
ru,pos,750,2,0.911764705882353,0.911
ru,syl,750,2,1,1
ru,syl,750,1,0.783529411764706,0.781
ru,pos_syl,750,1,0.990588235294118,0.991
ru,pos_syl,750,2,0.962352941176471,0.962
ru,pos_syl,750,1,0.975294117647059,0.975
ru,token,1000,1,0.862666666666667,0.795
ru,syl,750,2,1,1
ru,pos_syl,750,2,0.969411764705882,0.969
ru,pos_syl,750,1,0.970588235294118,0.97
ru,pos_syl,750,2,0.967058823529412,0.967
ru,token,1000,1,0.802666666666667,0.731
ru,token,1000,1,0.845333333333333,0.807
ru,token,1000,2,0.6,NA
ru,pos,1000,1,0.793333333333333,0.804
ru,pos_syl,750,2,0.954117647058824,0.949
ru,token,1000,2,0.646666666666667,0.591
ru,pos,1000,1,0.824,0.832
ru,token,1000,1,0.836,0.77
ru,pos,1000,2,0.937333333333333,0.932
ru,syl,1000,1,0.882666666666667,0.877
ru,token,1000,2,0.64,NaN
ru,token,1000,2,0.638666666666667,NaN
ru,pos,1000,1,0.856,0.859
ru,pos,1000,1,0.86,0.857
ru,pos,1000,2,0.941333333333333,0.923
ru,syl,1000,1,0.890666666666667,0.88
ru,syl,1000,2,1,1
ru,pos_syl,1000,1,0.986666666666667,0.988
ru,token,1000,2,0.557333333333333,0.483
ru,pos,1000,2,0.957333333333333,0.943
ru,pos,1000,1,0.857333333333333,0.857
ru,syl,1000,1,0.874666666666667,0.86
ru,syl,1000,2,1,1
ru,pos,1000,2,0.964,0.952
ru,pos_syl,1000,1,0.992,0.992
ru,syl,1000,1,0.916,0.892
ru,pos_syl,1000,2,0.981333333333333,0.982
ru,token,25,1,0.132941176470588,0.128
ru,syl,1000,2,1,1
ru,pos,1000,2,0.946666666666667,0.942
ru,pos_syl,1000,1,0.986666666666667,0.984
ru,syl,1000,1,0.865333333333333,0.823
ru,syl,1000,2,0.997333333333333,0.998
ru,pos_syl,1000,2,0.978666666666667,0.978
ru,token,25,2,0.0741176470588235,NaN
ru,pos_syl,1000,1,0.992,0.993
ru,pos,25,1,0.0882352941176471,NaN
ru,token,25,1,0.194117647058824,NaN
ru,pos,25,2,0.332941176470588,0.324
ru,syl,25,1,0.192941176470588,NaN
ru,syl,1000,2,0.997333333333333,0.998
ru,token,25,2,0.1,NaN
ru,syl,25,2,0.341176470588235,0.326
ru,pos,25,1,0.151764705882353,0.14
ru,pos_syl,1000,1,0.988,0.988
ru,pos_syl,1000,2,0.970666666666667,0.964
ru,pos_syl,25,1,0.332941176470588,NaN
ru,pos,25,2,0.301176470588235,0.292
ru,syl,25,1,0.161176470588235,NaN
ru,pos_syl,1000,2,0.977333333333333,0.979
ru,token,25,1,0.188235294117647,NaN
ru,syl,25,2,0.331764705882353,0.319
ru,token,25,1,0.176470588235294,NaN
ru,pos_syl,25,1,0.321176470588235,NaN
ru,token,25,2,0.0823529411764706,NaN
ru,pos,25,1,0.150588235294118,NaN
ru,pos_syl,1000,2,0.968,0.965
ru,token,25,2,0.08,NaN
ru,pos,25,1,0.162352941176471,NaN
ru,pos,25,2,0.323529411764706,0.317
ru,syl,25,1,0.123529411764706,NaN
ru,token,25,1,0.187058823529412,NaN
ru,syl,25,2,0.321176470588235,NaN
ru,pos,25,2,0.389411764705882,0.379
ru,syl,25,1,0.185882352941176,NaN
ru,pos_syl,25,1,0.278823529411765,0.272
ru,syl,25,2,0.365882352941176,0.351
ru,token,25,2,0.0705882352941176,NaN
ru,pos_syl,25,1,0.305882352941176,0.289
ru,pos,25,1,0.134117647058824,NaN
ru,pos,25,2,0.369411764705882,0.354
ru,pos_syl,25,2,0.456470588235294,0.443
ru,syl,25,1,0.238823529411765,NaN
ru,syl,25,2,0.372941176470588,0.356
ru,token,50,1,0.310588235294118,NaN
ru,pos_syl,25,1,0.317647058823529,0.305
ru,pos_syl,25,2,0.490588235294118,0.483
ru,token,50,1,0.244705882352941,0.229
ru,token,50,2,0.109411764705882,NaN
ru,pos,50,1,0.168235294117647,NaN
ru,pos,50,2,0.367058823529412,0.346
ru,syl,50,1,0.244705882352941,NaN
ru,pos_syl,25,2,0.411764705882353,0.404
ru,token,50,2,0.169411764705882,NaN
ru,syl,50,2,0.570588235294118,0.564
ru,pos,50,1,0.169411764705882,NaN
ru,pos_syl,25,2,0.512941176470588,0.501
ru,pos_syl,50,1,0.372941176470588,0.36
ru,token,50,1,0.276470588235294,0.262
ru,token,50,1,0.295294117647059,0.283
ru,pos,50,2,0.405882352941176,0.393
ru,syl,50,1,0.225882352941176,NaN
ru,pos_syl,50,2,0.544705882352941,0.532
ru,syl,50,2,0.571764705882353,0.556
ru,pos_syl,50,1,0.388235294117647,0.367
ru,token,100,1,0.355294117647059,0.338
ru,token,50,2,0.122352941176471,NaN
ru,pos,50,1,0.188235294117647,NaN
ru,token,50,2,0.112941176470588,NaN
ru,pos,50,1,0.194117647058824,NaN
ru,pos_syl,50,2,0.625882352941176,0.611
ru,pos_syl,25,2,0.517647058823529,0.497
ru,pos,50,2,0.372941176470588,0.356
ru,syl,50,1,0.201176470588235,NaN
ru,pos,50,2,0.372941176470588,0.363
ru,token,100,2,0.16,NaN
ru,syl,50,1,0.232941176470588,NaN
ru,token,50,1,0.304705882352941,0.287
ru,token,100,1,0.383529411764706,0.371
ru,syl,50,2,0.516470588235294,0.498
ru,pos,100,1,0.242352941176471,NaN
ru,syl,50,2,0.565882352941177,0.554
ru,pos_syl,50,1,0.42,0.408
ru,pos_syl,50,1,0.428235294117647,NaN
ru,pos,100,2,0.475294117647059,0.464
ru,syl,100,1,0.416470588235294,0.405
ru,token,100,2,0.148235294117647,NaN
ru,token,50,2,0.147058823529412,NaN
ru,pos_syl,50,2,0.542352941176471,0.531
ru,pos,100,1,0.263529411764706,NaN
ru,pos,50,1,0.214117647058824,NaN
ru,pos_syl,50,2,0.602352941176471,0.587
ru,syl,100,2,0.724705882352941,0.721
ru,pos_syl,100,1,0.644705882352941,0.629
ru,token,100,1,0.411764705882353,0.392
ru,token,100,1,0.349411764705882,0.338
ru,pos,50,2,0.414117647058824,0.394
ru,pos,100,2,0.467058823529412,0.448
ru,syl,50,1,0.292941176470588,NaN
ru,syl,100,1,0.329411764705882,0.313
ru,syl,50,2,0.555294117647059,0.528
ru,pos_syl,100,2,0.794117647058823,0.792
ru,syl,100,2,0.736470588235294,0.731
ru,pos_syl,50,1,0.402352941176471,0.374
ru,token,100,2,0.149411764705882,NaN
ru,pos_syl,100,1,0.544705882352941,0.526
ru,pos,100,1,0.24,NaN
ru,token,100,2,0.118823529411765,NaN
ru,token,200,1,0.58,0.559
ru,pos,100,1,0.281176470588235,NaN
ru,pos_syl,50,2,0.616470588235294,0.605
ru,pos,100,2,0.54,0.527
ru,pos_syl,100,2,0.785882352941176,0.776
ru,syl,100,1,0.261176470588235,NaN
ru,pos,100,2,0.558823529411765,0.548
ru,token,100,1,0.415294117647059,0.393
ru,syl,100,2,0.737647058823529,0.729
ru,syl,100,1,0.416470588235294,0.402
ru,token,200,2,0.297647058823529,0.276
ru,token,200,1,0.524705882352941,0.505
ru,pos_syl,100,1,0.570588235294118,0.566
ru,syl,100,2,0.765882352941176,0.752
ru,pos,200,1,0.403529411764706,0.381
ru,pos_syl,100,1,0.595294117647059,0.578
ru,token,100,2,0.2,NaN
ru,pos,200,2,0.617647058823529,0.605
ru,pos,100,1,0.256470588235294,NaN
ru,pos_syl,100,2,0.808235294117647,0.805
ru,syl,200,1,0.527058823529412,0.518
ru,token,200,2,0.287058823529412,0.271
ru,pos_syl,100,2,0.791764705882353,0.788
ru,pos,200,1,0.412941176470588,0.395
ru,token,200,1,0.558823529411765,0.542
ru,syl,200,2,0.932941176470588,0.933
ru,pos,100,2,0.536470588235294,0.524
ru,token,200,1,0.504705882352941,0.491
ru,syl,100,1,0.375294117647059,NaN
ru,pos_syl,200,1,0.745882352941176,0.731
ru,pos,200,2,0.690588235294118,0.678
ru,syl,100,2,0.744705882352941,0.738
ru,syl,200,1,0.577647058823529,0.564
ru,pos_syl,100,1,0.54,0.521
ru,token,200,2,0.307058823529412,0.289
ru,syl,200,2,0.888235294117647,0.886
ru,pos,200,1,0.418823529411765,0.41
ru,pos_syl,200,2,0.876470588235294,0.871
ru,token,200,2,0.271764705882353,NaN
ru,pos_syl,200,1,0.798823529411765,0.793
ru,pos,200,1,0.454117647058824,0.438
ru,pos_syl,100,2,0.785882352941176,0.78
ru,token,300,1,0.614117647058824,0.61
ru,pos,200,2,0.664705882352941,0.651
ru,syl,200,1,0.425882352941176,0.413
ru,token,200,1,0.595294117647059,0.581
ru,pos_syl,200,2,0.894117647058824,0.892
ru,pos,200,2,0.638823529411765,0.62
ru,syl,200,1,0.472941176470588,0.464
ru,syl,200,2,0.930588235294118,0.929
ru,token,300,1,0.657647058823529,0.642
ru,syl,200,2,0.908235294117647,0.909
ru,pos_syl,200,1,0.703529411764706,0.696
ru,pos_syl,200,1,0.775294117647059,0.771
ru,token,300,2,0.395294117647059,0.382
ru,pos,300,1,0.605882352941176,0.594
ru,token,200,2,0.309411764705882,0.289
ru,pos,200,1,0.408235294117647,NaN
ru,pos_syl,200,2,0.907058823529412,0.906
ru,pos_syl,200,2,0.868235294117647,0.869
ru,token,300,2,0.348235294117647,0.331
ru,token,300,1,0.643529411764706,0.628
ru,pos,300,1,0.530588235294118,0.521
ru,pos,300,2,0.748235294117647,0.738
ru,syl,300,1,0.641176470588235,0.634
ru,pos,200,2,0.745882352941176,0.738
ru,syl,200,1,0.496470588235294,0.491
ru,token,300,1,0.670588235294118,0.654
ru,syl,300,2,0.976470588235294,0.976
ru,syl,200,2,0.943529411764706,0.944
ru,pos,300,2,0.784705882352941,0.778
ru,pos_syl,300,1,0.871764705882353,0.868
ru,syl,300,1,0.632941176470588,0.625
ru,pos_syl,200,1,0.782352941176471,0.77
ru,token,300,2,0.395294117647059,0.377
ru,pos,300,1,0.512941176470588,0.506
ru,syl,300,2,0.958823529411765,0.959
ru,token,300,2,0.375294117647059,0.371
ru,pos,300,1,0.543529411764706,0.538
ru,pos_syl,300,1,0.854117647058824,0.846
ru,pos_syl,200,2,0.911764705882353,0.911
ru,pos_syl,300,2,0.961176470588235,0.961
ru,pos,300,2,0.755294117647059,0.742
ru,syl,300,1,0.590588235294118,0.583
ru,token,300,1,0.628235294117647,0.618
ru,token,500,1,0.716470588235294,0.708
ru,pos,300,2,0.711764705882353,0.694
ru,pos_syl,300,2,0.925882352941176,0.924
ru,syl,300,1,0.575294117647059,0.565
ru,syl,300,2,0.981176470588235,0.981
ru,pos_syl,300,1,0.887058823529412,0.884
ru,token,500,1,0.752941176470588,0.749
ru,syl,300,2,0.969411764705882,0.969
ru,pos_syl,300,1,0.861176470588235,0.858
ru,token,300,2,0.401176470588235,0.389
ru,pos,300,1,0.475294117647059,0.462
ru,token,500,2,0.536470588235294,0.521
ru,pos_syl,300,2,0.928235294117647,0.927
ru,pos,500,1,0.692941176470588,0.676
ru,pos,300,2,0.765882352941176,0.756
ru,pos_syl,300,2,0.930588235294118,0.93
ru,syl,300,1,0.616470588235294,0.605
ru,token,500,1,0.763529411764706,0.753
ru,token,500,2,0.549411764705882,0.535
ru,pos,500,1,0.638823529411765,0.635
ru,token,500,1,0.774117647058824,0.769
ru,syl,300,2,0.964705882352941,0.964
ru,pos,500,2,0.876470588235294,0.871
ru,pos_syl,300,1,0.88,0.88
ru,syl,500,1,0.737647058823529,0.733
ru,pos,500,2,0.874117647058824,0.872
ru,syl,500,1,0.745882352941176,0.742
ru,syl,500,2,0.991764705882353,0.992
ru,token,500,2,0.527058823529412,0.511
ru,pos_syl,300,2,0.956470588235294,0.956
ru,pos,500,1,0.708235294117647,0.699
ru,pos_syl,500,1,0.921176470588235,0.918
ru,token,500,2,0.575294117647059,0.562
ru,pos,500,1,0.707058823529412,0.692
ru,syl,500,2,0.989411764705882,0.989
ru,token,500,1,0.747058823529412,0.742
ru,pos_syl,500,1,0.943529411764706,0.943
ru,pos,500,2,0.892941176470588,0.891
ru,pos_syl,500,2,0.985882352941176,0.986
ru,syl,500,1,0.788235294117647,0.787
ru,pos,500,2,0.902352941176471,0.901
ru,syl,500,1,0.745882352941176,0.743
ru,token,750,1,0.715294117647059,NA
ru,pos_syl,500,2,0.969411764705882,0.969
ru,syl,500,2,0.98,0.979
ru,pos_syl,500,1,0.967058823529412,0.967
ru,token,500,2,0.518823529411765,0.5
ru,syl,500,2,0.982352941176471,0.982
ru,pos,500,1,0.64,0.627
ru,token,750,1,0.770588235294118,0.75
ru,pos_syl,500,1,0.931764705882353,0.929
ru,pos,500,2,0.857647058823529,0.852
ru,pos_syl,500,2,0.98,0.98
ru,syl,500,1,0.76,0.756
ru,token,750,2,0.567058823529412,0.544
ru,pos_syl,500,2,0.984705882352941,0.985
ru,pos,750,1,0.784705882352941,0.783
ru,token,750,1,0.764705882352941,0.733
ru,token,750,1,0.794117647058823,0.782
ru,syl,500,2,0.988235294117647,0.988
ru,token,750,2,0.583529411764706,NA
ru,pos_syl,500,1,0.956470588235294,0.955
ru,pos,750,1,0.757647058823529,0.758
ru,pos,750,2,0.905882352941176,0.903
ru,syl,750,1,0.807058823529412,0.801
ru,pos_syl,500,2,0.972941176470588,0.972
ru,token,750,2,0.595294117647059,0.566
ru,pos,750,2,0.891764705882353,0.889
ru,syl,750,1,0.844705882352941,0.84
ru,pos,750,1,0.764705882352941,0.766
ru,syl,750,2,0.994117647058824,0.994
ru,token,750,2,0.545882352941176,0.516
ru,token,750,1,0.737647058823529,0.71
ru,pos_syl,750,1,0.978823529411765,0.979
ru,pos,750,1,0.698823529411765,0.695
ru,syl,750,2,0.998823529411765,0.999
ru,pos,750,2,0.928235294117647,0.925
ru,syl,750,1,0.842352941176471,0.836
ru,pos_syl,750,1,0.98,0.98
ru,pos_syl,750,2,0.958823529411765,0.957
ru,pos,750,2,0.928235294117647,0.927
ru,syl,750,1,0.818823529411765,0.807
ru,token,750,2,0.612941176470588,0.595
ru,token,1000,1,0.856,0.805
ru,syl,750,2,0.998823529411765,0.999
ru,pos,750,1,0.744705882352941,0.739
ru,pos_syl,750,1,0.992941176470588,0.993
ru,pos_syl,750,2,0.962352941176471,0.962
ru,syl,750,2,0.992941176470588,0.993
ru,pos_syl,750,1,0.943529411764706,0.944
ru,token,1000,1,0.818666666666667,0.784
ru,pos,750,2,0.909411764705882,0.906
ru,pos_syl,750,2,0.962352941176471,0.963
ru,syl,750,1,0.787058823529412,0.778
ru,token,1000,1,0.841333333333333,0.799
ru,token,1000,2,0.678666666666667,NA
ru,pos_syl,750,2,0.942352941176471,0.936
ru,pos,1000,1,0.830666666666667,0.836
ru,syl,750,2,0.995294117647059,0.995
ru,pos_syl,750,1,0.977647058823529,0.978
ru,token,1000,1,0.844,NA
ru,token,1000,2,0.648,NA
ru,pos,1000,1,0.810666666666667,0.826
ru,pos,1000,2,0.944,0.931
ru,syl,1000,1,0.893333333333333,0.873
ru,pos_syl,750,2,0.957647058823529,0.957
ru,token,1000,2,0.645333333333333,0.602
ru,pos,1000,1,0.878666666666667,0.878
ru,pos,1000,2,0.957333333333333,0.954
ru,token,1000,1,0.841333333333333,0.784
ru,syl,1000,1,0.844,0.829
ru,syl,1000,2,1,1
ru,token,1000,2,0.641333333333333,NA
ru,pos_syl,1000,1,0.986666666666667,0.988
ru,pos,1000,1,0.837333333333333,0.843
ru,syl,1000,2,1,1
ru,pos_syl,1000,1,0.98,0.982
ru,pos,1000,2,0.965333333333333,0.955
ru,syl,1000,1,0.894666666666667,0.884
ru,pos_syl,1000,2,0.981333333333333,0.983
ru,pos,1000,2,0.946666666666667,0.939
ru,token,1000,2,0.654666666666667,NA
ru,syl,1000,1,0.858666666666667,0.843
ru,pos,1000,1,0.852,0.858
ru,token,25,1,0.123529411764706,NaN
ru,syl,1000,2,1,1
ru,pos_syl,1000,2,0.964,0.953
ru,pos_syl,1000,1,0.996,0.995
ru,token,25,2,0.0623529411764706,NaN
ru,pos,25,1,0.167058823529412,NaN
ru,token,25,1,0.2,NaN
ru,syl,1000,2,1,1
ru,pos,25,2,0.369411764705882,0.359
ru,pos_syl,1000,1,0.990666666666667,0.992
ru,syl,25,1,0.152941176470588,NaN
ru,pos,1000,2,0.934666666666667,0.921
ru,token,25,2,0.0576470588235294,NaN
ru,syl,1000,1,0.913333333333333,0.899
ru,syl,25,2,0.363529411764706,0.352
ru,pos,25,1,0.145882352941176,NaN
ru,pos_syl,25,1,0.307058823529412,NaN
ru,pos,25,2,0.396470588235294,0.376
ru,pos_syl,1000,2,0.981333333333333,0.98
ru,syl,25,1,0.218823529411765,NaN
ru,syl,25,2,0.344705882352941,0.326
ru,token,25,1,0.196470588235294,NaN
ru,syl,1000,2,1,1
ru,pos_syl,25,1,0.342352941176471,NaN
ru,pos_syl,1000,2,0.977333333333333,0.977
ru,pos_syl,1000,1,0.986666666666667,0.988
ru,token,25,2,0.108235294117647,NaN
ru,token,25,1,0.152941176470588,NaN
ru,pos,25,1,0.150588235294118,NaN
ru,pos,25,2,0.377647058823529,0.365
ru,token,25,2,0.0882352941176471,NaN
ru,syl,25,1,0.183529411764706,NaN
ru,pos,25,1,0.152941176470588,NaN
ru,syl,25,2,0.338823529411765,0.326
ru,pos_syl,25,1,0.376470588235294,0.356
ru,pos_syl,1000,2,0.973333333333333,0.976
ru,pos,25,2,0.288235294117647,0.273
ru,syl,25,1,0.150588235294118,NaN
ru,syl,25,2,0.363529411764706,0.352
ru,token,25,1,0.184705882352941,NaN
ru,pos_syl,25,2,0.515294117647059,0.507
ru,pos_syl,25,1,0.249411764705882,0.236
ru,token,50,1,0.254117647058824,NaN
ru,token,25,2,0.0647058823529412,NaN
ru,pos,25,1,0.110588235294118,NaN
ru,pos_syl,25,2,0.507058823529412,0.485
ru,token,50,1,0.303529411764706,0.289
ru,pos,25,2,0.343529411764706,0.335
ru,syl,25,1,0.182352941176471,NaN
ru,token,50,2,0.152941176470588,NaN
ru,pos,50,1,0.222352941176471,NaN
ru,syl,25,2,0.343529411764706,0.332
ru,pos_syl,25,1,0.310588235294118,0.299
ru,pos,50,2,0.382352941176471,0.376
ru,token,50,2,0.144705882352941,NaN
ru,syl,50,1,0.256470588235294,NaN
ru,pos,50,1,0.22,0.208
ru,syl,50,2,0.543529411764706,0.532
ru,pos_syl,25,2,0.495294117647059,0.483
ru,pos_syl,50,1,0.425882352941176,0.406
ru,pos,50,2,0.331764705882353,NaN
ru,token,50,1,0.267058823529412,0.248
ru,syl,50,1,0.284705882352941,0.277
ru,pos_syl,25,2,0.435294117647059,0.415
ru,syl,50,2,0.525882352941176,0.518
ru,pos_syl,50,2,0.538823529411765,0.521
ru,pos_syl,50,1,0.394117647058824,0.375
ru,token,50,1,0.275294117647059,0.264
ru,token,100,1,0.365882352941176,0.356
ru,token,50,2,0.125882352941176,NaN
ru,pos,50,1,0.198823529411765,0.189
ru,pos_syl,50,2,0.570588235294118,0.558
ru,pos,50,2,0.36,0.345
ru,syl,50,1,0.243529411764706,0.237
ru,token,50,2,0.0835294117647059,NaN
ru,token,100,1,0.350588235294118,0.331
ru,token,100,2,0.263529411764706,0.255
ru,pos,50,1,0.156470588235294,NaN
ru,syl,50,2,0.569411764705882,0.563
ru,pos,100,1,0.28,NaN
ru,pos_syl,25,2,0.490588235294118,0.477
ru,pos_syl,50,1,0.435294117647059,0.422
ru,pos,50,2,0.4,0.392
ru,syl,50,1,0.28,0.274
ru,token,50,1,0.283529411764706,0.276
ru,pos,100,2,0.492941176470588,0.47
ru,syl,100,1,0.328235294117647,0.305
ru,syl,50,2,0.536470588235294,0.514
ru,token,100,2,0.188235294117647,NaN
ru,pos_syl,50,2,0.565882352941177,0.546
ru,pos,100,1,0.311764705882353,NaN
ru,syl,100,2,0.756470588235294,0.748
ru,pos_syl,50,1,0.4,0.388
ru,token,100,1,0.418823529411765,0.411
ru,pos_syl,100,1,0.612941176470588,0.594
ru,token,50,2,0.123529411764706,NaN
ru,pos,100,2,0.509411764705882,0.495
ru,pos,50,1,0.192941176470588,NaN
ru,syl,100,1,0.351764705882353,0.336
ru,pos_syl,50,2,0.567058823529412,0.556
ru,syl,100,2,0.744705882352941,0.736
ru,pos_syl,100,2,0.809411764705882,0.804
ru,token,100,1,0.458823529411765,0.435
ru,pos,50,2,0.407058823529412,0.391
ru,pos_syl,100,1,0.618823529411765,0.598
ru,token,100,2,0.194117647058824,NaN
ru,syl,50,1,0.215294117647059,0.211
ru,pos,100,1,0.297647058823529,0.29
ru,syl,50,2,0.607058823529412,0.603
ru,token,200,1,0.561176470588235,0.543
ru,pos_syl,50,1,0.468235294117647,0.446
ru,pos_syl,100,2,0.776470588235294,0.772
ru,pos,100,2,0.501176470588235,0.489
ru,token,100,2,0.176470588235294,NaN
ru,syl,100,1,0.332941176470588,NaN
ru,pos,100,1,0.268235294117647,NaN
ru,token,200,1,0.557647058823529,0.547
ru,syl,100,2,0.765882352941176,0.761
ru,pos_syl,50,2,0.52,0.505
ru,token,200,2,0.307058823529412,NaN
ru,pos_syl,100,1,0.649411764705882,0.637
ru,pos,100,2,0.492941176470588,0.464
ru,pos,200,1,0.428235294117647,0.41
ru,syl,100,1,0.367058823529412,NaN
ru,token,100,1,0.437647058823529,0.418
ru,syl,100,2,0.725882352941176,0.717
ru,token,200,2,0.343529411764706,NaN
ru,pos_syl,100,2,0.785882352941176,0.779
ru,pos_syl,100,1,0.584705882352941,0.569
ru,pos,200,2,0.678823529411765,0.669
ru,pos,200,1,0.438823529411765,0.421
ru,syl,200,1,0.489411764705882,0.464
ru,token,100,2,0.194117647058824,0.184
ru,token,200,1,0.504705882352941,0.485
ru,pos,100,1,0.291764705882353,NaN
ru,syl,200,2,0.905882352941176,0.905
ru,pos_syl,100,2,0.776470588235294,0.773
ru,pos,200,2,0.645882352941176,0.635
ru,pos_syl,200,1,0.827058823529412,0.824
ru,syl,200,1,0.517647058823529,NaN
ru,pos,100,2,0.495294117647059,0.476
ru,token,200,1,0.528235294117647,0.508
ru,syl,100,1,0.316470588235294,NaN
ru,syl,200,2,0.950588235294118,0.949
ru,token,200,2,0.338823529411765,0.326
ru,syl,100,2,0.747058823529412,0.748
ru,pos,200,1,0.395294117647059,NaN
ru,pos_syl,200,1,0.807058823529412,0.8
ru,pos_syl,200,2,0.872941176470588,0.869
ru,pos_syl,100,1,0.604705882352941,0.59
ru,token,300,1,0.689411764705882,0.683
ru,token,200,2,0.271764705882353,NaN
ru,pos,200,2,0.661176470588235,0.657
ru,pos_syl,200,2,0.914117647058823,0.913
ru,pos,200,1,0.387058823529412,NaN
ru,pos_syl,100,2,0.803529411764706,0.798
ru,syl,200,1,0.523529411764706,0.516
ru,syl,200,2,0.930588235294118,0.93
ru,token,200,1,0.538823529411765,0.523
ru,token,300,1,0.644705882352941,0.641
ru,pos,200,2,0.66,0.645
ru,pos_syl,200,1,0.755294117647059,0.748
ru,syl,200,1,0.501176470588235,0.486
ru,token,300,2,0.384705882352941,0.366
ru,pos,300,1,0.555294117647059,0.546
ru,syl,200,2,0.898823529411765,0.898
ru,pos_syl,200,1,0.78,0.772
ru,token,200,2,0.327058823529412,0.309
ru,pos_syl,200,2,0.898823529411765,0.896
ru,pos,200,1,0.38,NaN
ru,token,300,2,0.415294117647059,0.404
ru,pos,300,1,0.575294117647059,0.566
ru,pos,300,2,0.792941176470588,0.789
ru,syl,300,1,0.655294117647059,0.642
ru,token,300,1,0.584705882352941,0.561
ru,pos_syl,200,2,0.9,0.898
ru,pos,200,2,0.672941176470588,0.66
ru,syl,200,1,0.528235294117647,0.521
ru,syl,300,2,0.968235294117647,0.968
ru,pos,300,2,0.823529411764706,0.818
ru,pos_syl,300,1,0.875294117647059,0.872
ru,syl,300,1,0.66,0.65
ru,token,300,1,0.664705882352941,0.65
ru,syl,200,2,0.92,0.919
ru,pos_syl,200,1,0.784705882352941,0.776
ru,syl,300,2,0.981176470588235,0.981
ru,token,300,2,0.391764705882353,0.376
ru,pos,300,1,0.525882352941176,0.502
ru,pos_syl,300,1,0.898823529411765,0.899
ru,pos_syl,300,2,0.928235294117647,0.927
ru,pos_syl,200,2,0.894117647058824,0.891
ru,token,300,2,0.416470588235294,0.382
ru,pos,300,1,0.595294117647059,0.572
ru,token,500,1,0.743529411764706,0.74
ru,pos,300,2,0.756470588235294,0.748
ru,syl,300,1,0.627058823529412,0.62
ru,token,300,1,0.594117647058824,0.576
ru,pos_syl,300,2,0.951764705882353,0.951
ru,syl,300,2,0.961176470588235,0.961
ru,pos,300,2,0.783529411764706,0.766
ru,token,500,1,0.777647058823529,0.774
ru,syl,300,1,0.595294117647059,0.582
ru,pos_syl,300,1,0.847058823529412,0.842
ru,token,300,2,0.42,0.407
ru,syl,300,2,0.951764705882353,0.95
ru,pos,300,1,0.489411764705882,NaN
ru,token,500,2,0.543529411764706,0.533
ru,pos_syl,300,1,0.88,0.877
ru,pos,500,1,0.689411764705882,0.683
ru,pos_syl,300,2,0.96,0.96
ru,pos,300,2,0.732941176470588,0.721
ru,token,500,1,0.771764705882353,0.754
ru,token,500,2,0.538823529411765,0.528
ru,syl,300,1,0.618823529411765,0.6
ru,pos,500,1,0.691764705882353,0.685
ru,pos_syl,300,2,0.936470588235294,0.935
ru,pos,500,2,0.890588235294118,0.888
ru,syl,500,1,0.752941176470588,0.748
ru,syl,300,2,0.956470588235294,0.956
ru,token,500,1,0.728235294117647,0.717
ru,pos_syl,300,1,0.834117647058824,0.831
ru,pos,500,2,0.907058823529412,0.906
ru,syl,500,2,0.983529411764706,0.984
ru,syl,500,1,0.770588235294118,0.768
ru,token,500,2,0.538823529411765,0.521
ru,pos_syl,500,1,0.929411764705882,0.93
ru,pos,500,1,0.671764705882353,0.659
ru,pos_syl,300,2,0.902352941176471,0.902
ru,syl,500,2,0.990588235294118,0.991
ru,token,500,1,0.777647058823529,0.77
ru,pos_syl,500,1,0.94,0.94
ru,token,500,2,0.536470588235294,0.523
ru,pos,500,1,0.655294117647059,0.645
ru,pos,500,2,0.892941176470588,0.89
ru,pos_syl,500,2,0.981176470588235,0.981
ru,syl,500,1,0.783529411764706,0.775
ru,token,750,1,0.743529411764706,0.704
ru,pos_syl,500,2,0.968235294117647,0.968
ru,pos,500,2,0.852941176470588,0.849
ru,syl,500,2,0.991764705882353,0.992
ru,syl,500,1,0.734117647058824,0.731
ru,token,500,2,0.56,0.553
ru,pos_syl,500,1,0.950588235294118,0.95
ru,pos,500,1,0.588235294117647,0.57
ru,token,750,1,0.757647058823529,0.732
ru,syl,500,2,0.982352941176471,0.982
ru,pos_syl,500,1,0.954117647058824,0.954
ru,pos_syl,500,2,0.962352941176471,0.962
ru,pos,500,2,0.904705882352941,0.902
ru,syl,500,1,0.731764705882353,0.724
ru,token,750,2,0.647058823529412,NaN
ru,pos,750,1,0.768235294117647,0.769
ru,token,750,1,0.788235294117647,0.77
ru,pos_syl,500,2,0.96,0.959
ru,syl,500,2,0.996470588235294,0.996
ru,token,750,2,0.643529411764706,0.612
ru,pos_syl,500,1,0.955294117647059,0.955
ru,pos,750,1,0.764705882352941,0.757
ru,token,750,1,0.735294117647059,0.707
ru,pos,750,2,0.922352941176471,0.922
ru,syl,750,1,0.836470588235294,0.829
ru,pos_syl,500,2,0.98,0.98
ru,token,750,2,0.630588235294118,0.6
ru,pos,750,1,0.768235294117647,0.766
ru,pos,750,2,0.908235294117647,0.907
ru,syl,750,1,0.849411764705882,0.842
ru,syl,750,2,0.998823529411765,0.999
ru,token,750,1,0.756470588235294,0.739
ru,pos_syl,750,1,0.982352941176471,0.982
ru,token,750,2,0.574117647058824,0.547
ru,pos,750,1,0.747058823529412,0.743
ru,syl,750,2,1,1
ru,pos,750,2,0.935294117647059,0.934
ru,pos_syl,750,1,0.981176470588235,0.981
ru,syl,750,1,0.869411764705882,0.866
ru,pos_syl,750,2,0.962352941176471,0.962
ru,token,750,2,0.585882352941177,0.568
ru,pos,750,2,0.92,0.918
ru,syl,750,2,0.997647058823529,0.998
ru,pos,750,1,0.782352941176471,0.783
ru,syl,750,1,0.832941176470588,0.825
ru,token,1000,1,0.866666666666667,0.851
ru,pos_syl,750,2,0.969411764705882,0.969
ru,pos_syl,750,1,0.981176470588235,0.981
ru,token,1000,1,0.848,0.785
ru,syl,750,2,0.997647058823529,0.998
ru,pos_syl,750,1,0.98,0.98
ru,pos,750,2,0.895294117647059,0.893
ru,syl,750,1,0.887058823529412,0.878
ru,pos_syl,750,2,0.964705882352941,0.963
ru,token,1000,1,0.852,0.797
ru,token,1000,2,0.654666666666667,0.58
ru,syl,750,2,0.991764705882353,0.992
ru,pos,1000,1,0.830666666666667,0.846
ru,pos_syl,750,2,0.967058823529412,0.967
ru,pos_syl,750,1,0.988235294117647,0.988
ru,token,1000,2,0.677333333333333,NA
ru,token,1000,1,0.797333333333333,0.744
ru,pos,1000,1,0.801333333333333,0.805
ru,pos_syl,750,2,0.968235294117647,0.968
ru,pos,1000,2,0.946666666666667,0.946
ru,syl,1000,1,0.902666666666667,0.893
ru,token,1000,2,0.634666666666667,NA
ru,pos,1000,1,0.848,0.842
ru,token,1000,1,0.804,0.75
ru,pos,1000,2,0.938666666666667,0.925
ru,syl,1000,1,0.9,0.899
ru,syl,1000,2,1,1
ru,pos_syl,1000,1,0.988,0.989
ru,token,1000,2,0.626666666666667,0.586
ru,pos,1000,2,0.916,0.905
ru,pos,1000,1,0.822666666666667,0.808
ru,syl,1000,2,1,1
ru,syl,1000,1,0.845333333333333,0.828
ru,pos_syl,1000,1,0.981333333333333,0.983
ru,token,1000,2,0.650666666666667,0.641
ru,pos,1000,1,0.862666666666667,0.865
ru,pos_syl,1000,2,0.978666666666667,0.974
ru,syl,1000,2,0.998666666666667,0.999
ru,pos,1000,2,0.932,0.904
ru,pos_syl,1000,1,0.990666666666667,0.988
ru,syl,1000,1,0.824,0.806
ru,token,25,1,0.18,0.173
ru,pos_syl,1000,2,0.982666666666667,0.981
ru,token,25,2,0.0776470588235294,NaN
ru,token,25,1,0.154117647058824,NaN
ru,pos,25,1,0.171764705882353,NaN
ru,pos,1000,2,0.965333333333333,0.963
ru,syl,1000,1,0.922666666666667,0.918
ru,syl,1000,2,1,1
ru,pos,25,2,0.250588235294118,0.237
ru,syl,25,1,0.236470588235294,NaN
ru,token,25,2,0.0788235294117647,NaN
ru,pos_syl,1000,1,0.992,0.993
ru,pos_syl,1000,2,0.990666666666667,0.99
ru,pos,25,1,0.117647058823529,NaN
ru,syl,25,2,0.384705882352941,0.375
ru,pos_syl,25,1,0.258823529411765,0.246
ru,token,25,1,0.191764705882353,0.177
ru,pos,25,2,0.36,NaN
ru,syl,1000,2,1,1
ru,syl,25,1,0.196470588235294,NaN
ru,syl,25,2,0.427058823529412,0.404
ru,pos_syl,1000,1,0.985333333333333,0.987
ru,token,25,2,0.0835294117647059,NaN
ru,pos_syl,25,1,0.283529411764706,0.271
ru,pos,25,1,0.177647058823529,NaN
ru,pos_syl,1000,2,0.988,0.986
ru,pos,25,2,0.34,0.322
ru,syl,25,1,0.149411764705882,NaN
ru,token,25,1,0.155294117647059,NaN
ru,syl,25,2,0.369411764705882,0.361
ru,pos_syl,25,1,0.285882352941176,NaN
ru,pos_syl,1000,2,0.977333333333333,0.976
ru,token,25,2,0.124705882352941,NaN
ru,pos,25,1,0.123529411764706,NaN
ru,token,25,1,0.178823529411765,NaN
ru,pos,25,2,0.291764705882353,0.281
ru,syl,25,1,0.207058823529412,NaN
ru,syl,25,2,0.408235294117647,0.388
ru,token,25,2,0.105882352941176,NaN
ru,pos,25,1,0.128235294117647,NaN
ru,pos_syl,25,1,0.321176470588235,0.305
ru,pos_syl,25,2,0.442352941176471,0.433
ru,token,50,1,0.26,0.25
ru,pos,25,2,0.269411764705882,0.265
ru,syl,25,1,0.208235294117647,0.206
ru,pos_syl,25,2,0.530588235294118,0.515
ru,syl,25,2,0.350588235294118,0.343
ru,pos_syl,25,1,0.315294117647059,0.309
ru,token,50,1,0.218823529411765,0.21
ru,token,50,2,0.157647058823529,NaN
ru,pos,50,1,0.182352941176471,NaN
ru,pos_syl,25,2,0.535294117647059,0.519
ru,pos,50,2,0.375294117647059,0.36
ru,token,50,2,0.175294117647059,NaN
ru,token,50,1,0.258823529411765,NaN
ru,syl,50,1,0.263529411764706,NaN
ru,pos,50,1,0.234117647058824,NaN
ru,syl,50,2,0.477647058823529,0.473
ru,pos_syl,50,1,0.389411764705882,0.376
ru,pos,50,2,0.417647058823529,0.408
ru,syl,50,1,0.177647058823529,NaN
ru,syl,50,2,0.568235294117647,0.557
ru,token,50,2,0.16,NaN
ru,pos,50,1,0.163529411764706,NaN
ru,pos_syl,50,2,0.583529411764706,0.57
ru,pos_syl,50,1,0.417647058823529,0.405
ru,pos_syl,25,2,0.416470588235294,0.401
ru,token,100,1,0.401176470588235,NaN
ru,pos,50,2,0.429411764705882,0.414
ru,syl,50,1,0.271764705882353,NaN
ru,token,50,1,0.282352941176471,NaN
ru,pos_syl,50,2,0.624705882352941,0.618
ru,syl,50,2,0.567058823529412,0.549
ru,pos_syl,50,1,0.434117647058824,0.417
ru,pos_syl,25,2,0.496470588235294,0.485
ru,token,100,1,0.336470588235294,0.323
ru,token,100,2,0.264705882352941,NaN
ru,pos,100,1,0.32,0.303
ru,token,50,1,0.248235294117647,0.234
ru,token,50,2,0.125882352941176,NaN
ru,pos,50,1,0.172941176470588,NaN
ru,pos_syl,50,2,0.590588235294118,0.578
ru,pos,100,2,0.571764705882353,0.563
ru,token,100,2,0.235294117647059,0.22
ru,token,100,1,0.358823529411765,0.338
ru,syl,100,1,0.357647058823529,NaN
ru,pos,50,2,0.384705882352941,0.369
ru,pos,100,1,0.322352941176471,NaN
ru,syl,50,1,0.264705882352941,0.259
ru,syl,100,2,0.732941176470588,0.728
ru,token,50,2,0.14,NaN
ru,syl,50,2,0.538823529411765,0.522
ru,pos,50,1,0.222352941176471,NaN
ru,pos_syl,100,1,0.62,0.608
ru,pos_syl,50,1,0.462352941176471,0.447
ru,pos,100,2,0.489411764705882,0.476
ru,syl,100,1,0.351764705882353,NaN
ru,token,100,2,0.210588235294118,NaN
ru,pos,50,2,0.409411764705882,0.395
ru,pos,100,1,0.247058823529412,0.231
ru,syl,100,2,0.747058823529412,0.742
ru,syl,50,1,0.205882352941176,NaN
ru,pos_syl,100,2,0.796470588235294,0.791
ru,pos_syl,50,2,0.562352941176471,0.543
ru,syl,50,2,0.504705882352941,0.503
ru,pos_syl,100,1,0.570588235294118,0.544
ru,pos_syl,50,1,0.424705882352941,0.419
ru,pos,100,2,0.497647058823529,0.479
ru,token,200,1,0.471764705882353,0.454
ru,syl,100,1,0.345882352941176,0.336
ru,token,100,1,0.382352941176471,0.356
ru,syl,100,2,0.745882352941176,0.737
ru,pos_syl,100,2,0.785882352941176,0.78
ru,pos_syl,50,2,0.558823529411765,0.542
ru,pos_syl,100,1,0.6,0.582
ru,token,200,1,0.530588235294118,0.52
ru,token,100,1,0.423529411764706,0.405
ru,token,100,2,0.175294117647059,NaN
ru,token,200,2,0.341176470588235,NaN
ru,pos,100,1,0.235294117647059,NaN
ru,pos_syl,100,2,0.787058823529412,0.783
ru,pos,200,1,0.405882352941176,0.393
ru,token,200,1,0.534117647058823,0.518
ru,pos,100,2,0.528235294117647,0.518
ru,token,100,2,0.209411764705882,NaN
ru,token,200,2,0.267058823529412,0.257
ru,syl,100,1,0.418823529411765,0.412
ru,pos,100,1,0.230588235294118,NaN
ru,pos,200,2,0.665882352941176,0.656
ru,pos,200,1,0.432941176470588,0.415
ru,syl,200,1,0.463529411764706,0.456
ru,syl,100,2,0.722352941176471,0.72
ru,pos_syl,100,1,0.552941176470588,0.533
ru,syl,200,2,0.921176470588235,0.922
ru,pos,100,2,0.529411764705882,0.52
ru,token,200,2,0.338823529411765,NaN
ru,syl,100,1,0.345882352941176,0.323
ru,pos,200,2,0.657647058823529,0.644
ru,pos_syl,200,1,0.755294117647059,0.749
ru,pos,200,1,0.387058823529412,0.37
ru,syl,200,1,0.594117647058824,0.58
ru,syl,100,2,0.692941176470588,0.688
ru,pos_syl,100,2,0.76,0.754
ru,syl,200,2,0.902352941176471,0.902
ru,pos_syl,100,1,0.594117647058824,0.577
ru,pos_syl,200,1,0.808235294117647,0.806
ru,token,200,1,0.555294117647059,0.546
ru,pos,200,2,0.647058823529412,0.633
ru,pos_syl,200,2,0.896470588235294,0.893
ru,syl,200,1,0.529411764705882,NaN
ru,pos_syl,100,2,0.775294117647059,0.768
ru,syl,200,2,0.902352941176471,0.902
ru,token,300,1,0.615294117647059,0.597
ru,pos_syl,200,2,0.9,0.899
ru,pos_syl,200,1,0.781176470588235,0.775
ru,token,200,1,0.550588235294118,0.534
ru,token,200,2,0.274117647058824,0.255
ru,pos,200,1,0.478823529411765,0.461
ru,token,300,1,0.577647058823529,0.561
ru,pos_syl,200,2,0.903529411764706,0.902
ru,token,300,2,0.422352941176471,0.415
ru,token,200,2,0.321176470588235,0.303
ru,pos,300,1,0.471764705882353,0.468
ru,pos,200,2,0.690588235294118,0.683
ru,pos,200,1,0.467058823529412,0.447
ru,syl,200,1,0.471764705882353,0.463
ru,token,300,1,0.627058823529412,0.615
ru,token,300,2,0.388235294117647,0.37
ru,syl,200,2,0.885882352941176,0.883
ru,pos,300,1,0.529411764705882,0.522
ru,pos,200,2,0.714117647058824,0.701
ru,pos_syl,200,1,0.814117647058824,0.808
ru,pos,300,2,0.742352941176471,0.732
ru,syl,200,1,0.511764705882353,0.502
ru,syl,300,1,0.637647058823529,0.618
ru,syl,200,2,0.909411764705882,0.907
ru,token,300,2,0.44,0.427
ru,syl,300,2,0.961176470588235,0.961
ru,pos,300,2,0.741176470588235,0.736
ru,pos,300,1,0.558823529411765,0.541
ru,pos_syl,200,1,0.827058823529412,0.817
ru,syl,300,1,0.604705882352941,0.593
ru,pos_syl,200,2,0.882352941176471,0.88
ru,pos_syl,300,1,0.902352941176471,0.904
ru,token,300,1,0.589411764705882,0.577
ru,syl,300,2,0.971764705882353,0.972
ru,pos_syl,200,2,0.912941176470588,0.91
ru,pos,300,2,0.761176470588235,0.753
ru,pos_syl,300,1,0.877647058823529,0.877
ru,syl,300,1,0.598823529411765,0.591
ru,pos_syl,300,2,0.914117647058823,0.913
ru,token,300,1,0.629411764705882,0.621
ru,syl,300,2,0.951764705882353,0.952
ru,pos_syl,300,1,0.825882352941177,0.819
ru,token,500,1,0.747058823529412,0.743
ru,pos_syl,300,2,0.92,0.919
ru,token,300,2,0.370588235294118,0.354
ru,pos,300,1,0.56,0.558
ru,token,500,1,0.737647058823529,0.736
ru,token,300,2,0.344705882352941,0.331
ru,pos_syl,300,2,0.930588235294118,0.931
ru,pos,300,1,0.522352941176471,0.503
ru,pos,300,2,0.818823529411765,0.815
ru,syl,300,1,0.672941176470588,0.665
ru,token,500,1,0.785882352941176,0.781
ru,token,500,2,0.554117647058823,0.544
ru,syl,300,2,0.974117647058824,0.974
ru,pos,300,2,0.747058823529412,0.736
ru,pos,500,1,0.68,0.66
ru,syl,300,1,0.592941176470588,0.58
ru,pos_syl,300,1,0.904705882352941,0.903
ru,token,500,2,0.611764705882353,0.594
ru,pos,500,1,0.684705882352941,0.683
ru,syl,300,2,0.974117647058824,0.974
ru,pos_syl,300,1,0.835294117647059,0.834
ru,pos_syl,300,2,0.955294117647059,0.955
ru,pos,500,2,0.855294117647059,0.848
ru,token,500,2,0.538823529411765,0.527
ru,syl,500,1,0.811764705882353,0.803
ru,pos,500,1,0.608235294117647,0.596
ru,pos,500,2,0.86,0.857
ru,token,500,1,0.744705882352941,0.74
ru,syl,500,1,0.712941176470588,0.702
ru,pos_syl,300,2,0.947058823529412,0.947
ru,syl,500,2,0.994117647058824,0.994
ru,pos_syl,500,1,0.962352941176471,0.962
ru,pos,500,2,0.865882352941176,0.861
ru,token,500,1,0.776470588235294,0.774
ru,syl,500,1,0.769411764705882,0.766
ru,syl,500,2,0.985882352941176,0.986
ru,pos_syl,500,1,0.961176470588235,0.961
ru,syl,500,2,0.976470588235294,0.976
ru,token,500,2,0.585882352941177,0.574
ru,pos_syl,500,2,0.956470588235294,0.956
ru,pos,500,1,0.66,0.646
ru,pos_syl,500,1,0.931764705882353,0.93
ru,token,750,1,0.728235294117647,0.703
ru,token,500,2,0.491764705882353,0.482
ru,pos_syl,500,2,0.972941176470588,0.973
ru,pos,500,1,0.677647058823529,0.664
ru,pos,500,2,0.905882352941176,0.904
ru,pos_syl,500,2,0.948235294117647,0.945
ru,syl,500,1,0.736470588235294,0.733
ru,token,750,1,0.755294117647059,0.732
ru,token,750,1,0.778823529411765,0.752
ru,syl,500,2,0.992941176470588,0.993
ru,pos,500,2,0.887058823529412,0.882
ru,syl,500,1,0.769411764705882,0.762
ru,pos_syl,500,1,0.941176470588235,0.941
ru,token,750,2,0.568235294117647,NA
ru,syl,500,2,0.998823529411765,0.999
ru,pos,750,1,0.701176470588235,0.705
ru,pos_syl,500,1,0.975294117647059,0.975
ru,token,750,2,0.543529411764706,0.517
ru,pos_syl,500,2,0.974117647058824,0.974
ru,pos,750,1,0.845882352941176,0.842
ru,token,750,2,0.564705882352941,0.535
ru,pos,750,1,0.78,0.78
ru,token,750,1,0.764705882352941,0.743
ru,pos,750,2,0.927058823529412,0.926
ru,syl,750,1,0.792941176470588,0.792
ru,pos_syl,500,2,0.972941176470588,0.973
ru,pos,750,2,0.927058823529412,0.925
ru,syl,750,1,0.824705882352941,0.818
ru,token,750,1,0.788235294117647,NA
ru,syl,750,2,1,1
ru,pos,750,2,0.912941176470588,0.912
ru,syl,750,1,0.822352941176471,0.817
ru,pos_syl,750,1,0.983529411764706,0.984
ru,syl,750,2,0.997647058823529,0.998
ru,pos_syl,750,1,0.989411764705882,0.989
ru,token,750,2,0.563529411764706,NA
ru,pos,750,1,0.783529411764706,0.781
ru,syl,750,2,1,1
ru,pos_syl,750,1,0.975294117647059,0.975
ru,pos_syl,750,2,0.962352941176471,0.962
ru,token,750,2,0.607058823529412,0.574
ru,pos,750,1,0.798823529411765,0.798
ru,token,1000,1,0.790666666666667,0.74
ru,pos_syl,750,2,0.962352941176471,0.962
ru,pos,750,2,0.92,0.919
ru,syl,750,1,0.848235294117647,0.842
ru,pos_syl,750,2,0.982352941176471,0.982
ru,token,1000,1,0.828,0.773
ru,pos,750,2,0.936470588235294,0.936
ru,syl,750,1,0.794117647058823,0.787
ru,token,1000,1,0.84,0.783
ru,syl,750,2,1,1
ru,pos_syl,750,1,0.967058823529412,0.967
ru,syl,750,2,1,1
ru,token,1000,2,0.645333333333333,0.587
ru,pos,1000,1,0.825333333333333,0.814
ru,pos_syl,750,1,0.976470588235294,0.977
ru,pos_syl,750,2,0.96,0.959
ru,token,1000,2,0.662666666666667,NA
ru,token,1000,2,0.608,0.555
ru,pos,1000,1,0.852,0.857
ru,pos,1000,1,0.822666666666667,0.822
ru,token,1000,1,0.849333333333333,0.817
ru,pos_syl,750,2,0.955294117647059,0.955
ru,pos,1000,2,0.941333333333333,0.933
ru,syl,1000,1,0.869333333333333,0.863
ru,token,1000,1,0.841333333333333,0.773
ru,pos,1000,2,0.96,0.954
ru,syl,1000,1,0.872,0.838
ru,syl,1000,2,0.996,0.996
ru,pos,1000,2,0.974666666666667,0.971
ru,syl,1000,1,0.905333333333333,0.881
ru,pos_syl,1000,1,0.989333333333333,0.989
ru,token,1000,2,0.626666666666667,0.567
ru,pos,1000,1,0.8,0.813
ru,syl,1000,2,1,1
ru,syl,1000,2,1,1
ru,pos_syl,1000,1,0.988,0.989
ru,pos_syl,1000,1,0.993333333333333,0.994
ru,pos_syl,1000,2,0.982666666666667,0.985
ru,token,1000,2,0.644,NA
ru,pos,1000,1,0.801333333333333,0.806
ru,token,25,1,0.236470588235294,0.226
ru,pos,1000,2,0.96,0.956
ru,syl,1000,1,0.905333333333333,0.89
ru,token,25,2,0.0552941176470588,NaN
ru,pos_syl,1000,2,0.986666666666667,0.986
ru,pos,25,1,0.132941176470588,NaN
ru,pos_syl,1000,2,0.976,0.971
ru,token,25,1,0.147058823529412,NaN
ru,pos,25,2,0.248235294117647,NaN
ru,pos,1000,2,0.953333333333333,0.948
ru,token,25,1,0.216470588235294,0.21
ru,syl,1000,1,0.890666666666667,0.88
ru,syl,25,1,0.161176470588235,NaN
ru,syl,1000,2,0.997333333333333,0.998
ru,syl,25,2,0.394117647058824,0.381
ru,pos_syl,1000,1,0.990666666666667,0.992
ru,token,25,2,0.0470588235294118,NaN
ru,pos_syl,25,1,0.288235294117647,0.279
ru,pos,25,1,0.14,NaN
ru,token,25,2,0.117647058823529,NaN
ru,pos,25,1,0.187058823529412,0.177
ru,pos,25,2,0.278823529411765,0.269
ru,syl,25,1,0.168235294117647,NaN
ru,pos,25,2,0.348235294117647,0.336
ru,syl,1000,2,1,1
ru,syl,25,2,0.377647058823529,0.36
ru,syl,25,1,0.216470588235294,0.208
ru,pos_syl,1000,1,0.984,0.986
ru,syl,25,2,0.427058823529412,0.414
ru,pos_syl,25,1,0.275294117647059,0.261
ru,pos_syl,25,1,0.362352941176471,0.352
ru,pos_syl,1000,2,0.969333333333333,0.971
ru,token,25,1,0.141176470588235,NaN
ru,pos_syl,1000,2,0.98,0.977
ru,token,25,2,0.0611764705882353,NaN
ru,pos,25,1,0.187058823529412,NaN
ru,token,25,1,0.2,NaN
ru,pos,25,2,0.311764705882353,0.297
ru,pos_syl,25,2,0.452941176470588,0.444
ru,syl,25,1,0.204705882352941,NaN
ru,syl,25,2,0.317647058823529,0.308
ru,token,25,2,0.0788235294117647,NaN
ru,token,50,1,0.234117647058824,0.218
ru,pos,25,1,0.131764705882353,NaN
ru,pos_syl,25,1,0.285882352941176,0.279
ru,pos,25,2,0.3,0.288
ru,syl,25,1,0.188235294117647,NaN
ru,pos_syl,25,2,0.490588235294118,0.47
ru,syl,25,2,0.356470588235294,0.349
ru,pos_syl,25,2,0.529411764705882,0.512
ru,token,50,2,0.111764705882353,NaN
ru,pos_syl,25,1,0.284705882352941,NaN
ru,pos,50,1,0.184705882352941,0.173
ru,token,50,1,0.294117647058824,0.283
ru,token,50,1,0.282352941176471,0.27
ru,pos,50,2,0.396470588235294,0.383
ru,syl,50,1,0.223529411764706,0.212
ru,syl,50,2,0.468235294117647,0.451
ru,token,50,2,0.112941176470588,NaN
ru,pos,50,1,0.190588235294118,NaN
ru,token,50,2,0.122352941176471,NaN
ru,pos_syl,50,1,0.474117647058824,0.447
ru,pos,50,1,0.236470588235294,NaN
ru,pos,50,2,0.391764705882353,0.38
ru,syl,50,1,0.203529411764706,0.201
ru,pos_syl,50,2,0.62,0.601
ru,pos,50,2,0.367058823529412,0.351
ru,syl,50,1,0.238823529411765,0.233
ru,syl,50,2,0.605882352941176,0.584
ru,pos_syl,25,2,0.514117647058824,0.497
ru,syl,50,2,0.531764705882353,0.524
ru,token,100,1,0.447058823529412,0.431
ru,pos_syl,50,1,0.424705882352941,0.402
ru,token,50,1,0.242352941176471,NaN
ru,pos_syl,50,1,0.341176470588235,NaN
ru,pos_syl,50,2,0.534117647058823,0.521
ru,pos_syl,50,2,0.578823529411765,0.569
ru,pos_syl,25,2,0.530588235294118,0.522
ru,token,100,2,0.149411764705882,NaN
ru,token,100,1,0.429411764705882,0.421
ru,pos,100,1,0.230588235294118,0.223
ru,token,50,2,0.0929411764705882,NaN
ru,token,100,1,0.34,0.324
ru,pos,50,1,0.168235294117647,NaN
ru,token,50,1,0.225882352941176,0.215
ru,pos,100,2,0.476470588235294,0.462
ru,pos,50,2,0.411764705882353,0.397
ru,syl,100,1,0.296470588235294,0.28
ru,syl,50,1,0.229411764705882,NaN
ru,token,100,2,0.208235294117647,0.202
ru,pos,100,1,0.305882352941176,0.29
ru,syl,50,2,0.511764705882353,0.511
ru,syl,100,2,0.767058823529412,0.763
ru,token,100,2,0.151764705882353,NaN
ru,token,50,2,0.163529411764706,NaN
ru,pos,100,1,0.269411764705882,NaN
ru,pos,50,1,0.156470588235294,0.15
ru,pos_syl,50,1,0.423529411764706,0.401
ru,pos_syl,100,1,0.528235294117647,0.518
ru,pos,100,2,0.537647058823529,0.528
ru,syl,100,1,0.303529411764706,NaN
ru,pos,100,2,0.484705882352941,0.464
ru,pos,50,2,0.424705882352941,0.412
ru,syl,100,1,0.369411764705882,0.356
ru,syl,50,1,0.269411764705882,0.265
ru,syl,100,2,0.736470588235294,0.723
ru,pos_syl,50,2,0.64,0.629
ru,pos_syl,100,2,0.747058823529412,0.741
ru,syl,50,2,0.535294117647059,0.525
ru,syl,100,2,0.76,0.754
ru,pos_syl,100,1,0.550588235294118,0.535
ru,pos_syl,50,1,0.372941176470588,NaN
ru,pos_syl,100,1,0.597647058823529,0.589
ru,token,100,1,0.423529411764706,0.409
ru,token,200,1,0.525882352941176,0.511
ru,pos_syl,100,2,0.774117647058824,0.77
ru,pos_syl,50,2,0.597647058823529,0.577
ru,pos_syl,100,2,0.730588235294118,0.722
ru,token,100,2,0.171764705882353,NaN
ru,token,100,1,0.417647058823529,0.399
ru,token,200,1,0.636470588235294,0.622
ru,token,200,1,0.623529411764706,0.608
ru,pos,100,1,0.243529411764706,NaN
ru,token,200,2,0.287058823529412,0.268
ru,pos,200,1,0.487058823529412,0.467
ru,pos,100,2,0.505882352941176,0.488
ru,syl,100,1,0.378823529411765,0.373
ru,token,100,2,0.196470588235294,NaN
ru,pos,200,2,0.655294117647059,0.651
ru,syl,100,2,0.717647058823529,0.707
ru,pos,100,1,0.322352941176471,0.305
ru,syl,200,1,0.583529411764706,0.579
ru,token,200,2,0.282352941176471,0.255
ru,token,200,2,0.341176470588235,0.326
ru,pos_syl,100,1,0.655294117647059,0.639
ru,pos,200,1,0.442352941176471,0.423
ru,pos,200,1,0.442352941176471,0.418
ru,syl,200,2,0.907058823529412,0.906
ru,pos,100,2,0.511764705882353,0.491
ru,pos_syl,200,1,0.789411764705882,0.782
ru,syl,100,1,0.387058823529412,0.372
ru,pos_syl,100,2,0.755294117647059,0.738
ru,pos,200,2,0.664705882352941,0.66
ru,pos,200,2,0.658823529411765,0.649
ru,syl,100,2,0.727058823529412,0.721
ru,syl,200,1,0.504705882352941,0.496
ru,syl,200,1,0.497647058823529,0.491
ru,pos_syl,100,1,0.618823529411765,0.599
ru,token,200,1,0.465882352941176,0.443
ru,syl,200,2,0.938823529411765,0.938
ru,syl,200,2,0.928235294117647,0.929
ru,pos_syl,200,2,0.915294117647059,0.914
ru,pos_syl,200,1,0.795294117647059,0.786
ru,pos_syl,200,1,0.750588235294118,0.738
ru,pos_syl,100,2,0.792941176470588,0.786
ru,token,300,1,0.627058823529412,0.61
ru,token,200,2,0.321176470588235,0.316
ru,token,200,1,0.574117647058824,0.553
ru,pos_syl,200,2,0.928235294117647,0.928
ru,pos,200,1,0.389411764705882,0.372
ru,pos_syl,200,2,0.889411764705882,0.887
ru,token,300,1,0.558823529411765,0.545
ru,token,300,1,0.610588235294118,0.598
ru,token,300,2,0.384705882352941,0.365
ru,pos,200,2,0.668235294117647,0.653
ru,syl,200,1,0.569411764705882,0.547
ru,pos,300,1,0.507058823529412,0.499
ru,token,200,2,0.297647058823529,0.272
ru,pos,200,1,0.468235294117647,0.442
ru,syl,200,2,0.942352941176471,0.942
ru,pos_syl,200,1,0.774117647058824,0.757
ru,pos,300,2,0.754117647058824,0.74
ru,token,300,2,0.435294117647059,0.42
ru,token,300,2,0.418823529411765,0.399
ru,syl,300,1,0.643529411764706,0.64
ru,pos,200,2,0.677647058823529,0.668
ru,pos,300,1,0.534117647058823,0.52
ru,pos,300,1,0.512941176470588,0.491
ru,syl,200,1,0.517647058823529,0.514
ru,pos_syl,200,2,0.922352941176471,0.92
ru,syl,300,2,0.94,0.94
ru,syl,200,2,0.935294117647059,0.935
ru,pos_syl,300,1,0.882352941176471,0.882
ru,pos_syl,200,1,0.764705882352941,0.753
ru,pos,300,2,0.76,0.754
ru,pos,300,2,0.784705882352941,0.776
ru,token,300,1,0.624705882352941,0.61
ru,syl,300,1,0.609411764705882,0.612
ru,syl,300,1,0.601176470588235,0.592
ru,syl,300,2,0.977647058823529,0.977
ru,syl,300,2,0.975294117647059,0.975
ru,pos_syl,200,2,0.914117647058823,0.912
ru,pos_syl,300,2,0.929411764705882,0.929
ru,pos_syl,300,1,0.817647058823529,0.805
ru,pos_syl,300,1,0.872941176470588,0.872
ru,token,300,1,0.657647058823529,0.649
ru,token,300,2,0.395294117647059,0.383
ru,token,500,1,0.777647058823529,0.763
ru,pos,300,1,0.544705882352941,0.536
ru,pos_syl,300,2,0.921176470588235,0.918
ru,pos_syl,300,2,0.956470588235294,0.956
ru,pos,300,2,0.775294117647059,0.763
ru,token,500,1,0.747058823529412,0.741
ru,token,500,1,0.711764705882353,0.7
ru,syl,300,1,0.596470588235294,0.582
ru,token,300,2,0.427058823529412,0.412
ru,pos,300,1,0.534117647058823,0.523
ru,syl,300,2,0.98,0.98
ru,token,500,2,0.515294117647059,0.491
ru,pos,500,1,0.674117647058823,0.672
ru,pos_syl,300,1,0.903529411764706,0.903
ru,pos,300,2,0.769411764705882,0.761
ru,syl,300,1,0.650588235294118,0.647
ru,token,500,2,0.521176470588235,0.499
ru,pos,500,1,0.648235294117647,0.631
ru,token,500,2,0.555294117647059,0.542
ru,syl,300,2,0.963529411764706,0.963
ru,pos_syl,300,2,0.942352941176471,0.941
ru,pos,500,2,0.911764705882353,0.909
ru,pos,500,1,0.690588235294118,0.682
ru,syl,500,1,0.782352941176471,0.781
ru,pos_syl,300,1,0.882352941176471,0.88
ru,token,500,1,0.729411764705882,0.723
ru,pos,500,2,0.882352941176471,0.879
ru,syl,500,2,0.987058823529412,0.987
ru,syl,500,1,0.705882352941177,0.694
ru,pos,500,2,0.889411764705882,0.888
ru,syl,500,1,0.751764705882353,0.742
ru,pos_syl,500,1,0.96,0.96
ru,pos_syl,300,2,0.94,0.94
ru,syl,500,2,0.988235294117647,0.988
ru,syl,500,2,0.990588235294118,0.99
ru,token,500,1,0.783529411764706,0.78
ru,pos_syl,500,1,0.935294117647059,0.935
ru,pos_syl,500,1,0.964705882352941,0.964
ru,token,500,2,0.565882352941177,0.558
ru,pos_syl,500,2,0.974117647058824,0.974
ru,pos,500,1,0.724705882352941,0.715
ru,token,750,1,0.692941176470588,0.656
ru,pos_syl,500,2,0.977647058823529,0.977
ru,pos_syl,500,2,0.971764705882353,0.972
ru,pos,500,2,0.891764705882353,0.89
ru,syl,500,1,0.752941176470588,0.744
ru,token,500,2,0.529411764705882,0.506
ru,token,750,1,0.807058823529412,0.776
ru,pos,500,1,0.64,0.624
ru,token,750,1,0.755294117647059,0.729
ru,syl,500,2,0.977647058823529,0.978
ru,pos_syl,500,1,0.947058823529412,0.946
ru,pos,500,2,0.881176470588235,0.877
ru,token,750,2,0.545882352941176,0.53
ru,syl,500,1,0.764705882352941,0.76
ru,pos,750,1,0.768235294117647,0.762
ru,token,750,2,0.601176470588235,0.58
ru,syl,500,2,0.988235294117647,0.988
ru,pos,750,1,0.730588235294118,0.729
ru,pos_syl,500,2,0.98,0.98
ru,token,750,2,0.568235294117647,0.539
ru,pos_syl,500,1,0.952941176470588,0.953
ru,pos,750,1,0.717647058823529,0.707
ru,pos,750,2,0.932941176470588,0.931
ru,syl,750,1,0.856470588235294,0.855
ru,token,750,1,0.741176470588235,0.706
ru,pos,750,2,0.938823529411765,0.939
ru,syl,750,1,0.828235294117647,0.822
ru,pos,750,2,0.929411764705882,0.929
ru,pos_syl,500,2,0.971764705882353,0.971
ru,syl,750,2,0.998823529411765,0.999
ru,syl,750,1,0.810588235294118,0.806
ru,pos_syl,750,1,0.987058823529412,0.987
ru,token,750,1,0.785882352941176,0.759
ru,syl,750,2,0.998823529411765,0.999
ru,token,750,2,0.663529411764706,0.626
ru,syl,750,2,1,1
ru,pos_syl,750,1,0.972941176470588,0.973
ru,pos,750,1,0.76,0.754
ru,pos_syl,750,1,0.962352941176471,0.962
ru,pos_syl,750,2,0.956470588235294,0.956
ru,token,1000,1,0.812,0.755
ru,token,750,2,0.575294117647059,0.544
ru,pos,750,2,0.897647058823529,0.897
ru,pos_syl,750,2,0.969411764705882,0.969
ru,pos,750,1,0.751764705882353,0.752
ru,syl,750,1,0.870588235294118,0.871
ru,pos_syl,750,2,0.955294117647059,0.953
ru,token,1000,1,0.826666666666667,NA
ru,token,1000,1,0.789333333333333,0.717
ru,syl,750,2,1,1
ru,pos_syl,750,1,0.972941176470588,0.973
ru,pos,750,2,0.909411764705882,0.908
ru,syl,750,1,0.827058823529412,0.822
ru,token,1000,2,0.68,NaN
ru,pos,1000,1,0.846666666666667,0.853
ru,syl,750,2,1,1
ru,pos_syl,750,2,0.954117647058824,0.952
ru,token,1000,2,0.654666666666667,0.608
ru,pos_syl,750,1,0.978823529411765,0.979
ru,pos,1000,1,0.829333333333333,0.838
ru,token,1000,2,0.601333333333333,0.571
ru,pos,1000,1,0.814666666666667,0.8
ru,token,1000,1,0.802666666666667,0.756
ru,pos,1000,2,0.948,0.945
ru,syl,1000,1,0.9,0.876
ru,pos,1000,2,0.96,0.956
ru,pos_syl,750,2,0.948235294117647,0.945
ru,syl,1000,1,0.901333333333333,0.894
ru,pos,1000,2,0.94,0.926
ru,syl,1000,1,0.849333333333333,0.829
ru,syl,1000,2,1,1
ru,token,1000,1,0.769333333333333,0.71
ru,pos_syl,1000,1,0.989333333333333,0.99
ru,syl,1000,2,1,1
ru,token,1000,2,0.589333333333333,0.527
ru,pos,1000,1,0.812,0.792
ru,syl,1000,2,1,1
ru,pos_syl,1000,1,0.985333333333333,0.986
ru,pos_syl,1000,1,0.976,0.975
ru,pos_syl,1000,2,0.989333333333333,0.989
ru,token,25,1,0.171764705882353,NaN
ru,pos_syl,1000,2,0.982666666666667,0.981
ru,pos,1000,2,0.952,0.943
ru,token,1000,2,0.616,0.576
ru,syl,1000,1,0.868,0.842
ru,token,25,2,0.0917647058823529,NaN
ru,pos_syl,1000,2,0.985333333333333,0.985
ru,pos,1000,1,0.865333333333333,0.867
ru,pos,25,1,0.22,NaN
ru,token,25,1,0.212941176470588,NaN
ru,token,25,1,0.167058823529412,NaN
ru,pos,25,2,0.305882352941176,0.291
ru,syl,25,1,0.177647058823529,NaN
ru,token,25,2,0.1,NaN
ru,syl,25,2,0.382352941176471,0.369
ru,pos,25,1,0.117647058823529,NaN
ru,token,25,2,0.0576470588235294,NaN
ru,syl,1000,2,0.997333333333333,0.998
ru,pos,25,1,0.111764705882353,NaN
ru,pos_syl,25,1,0.336470588235294,NaN
ru,pos_syl,1000,1,0.985333333333333,0.987
ru,pos,25,2,0.312941176470588,0.304
ru,pos,1000,2,0.932,0.919
ru,syl,25,1,0.231764705882353,NaN
ru,syl,1000,1,0.905333333333333,0.902
ru,pos,25,2,0.270588235294118,0.261
ru,syl,25,1,0.185882352941176,NaN
ru,syl,25,2,0.432941176470588,0.408
ru,syl,25,2,0.398823529411765,0.384
ru,pos_syl,25,1,0.329411764705882,0.314
ru,pos_syl,25,1,0.254117647058824,NaN
ru,syl,1000,2,1,1
ru,pos_syl,1000,2,0.972,0.971
ru,pos_syl,1000,1,0.985333333333333,0.986
ru,token,25,1,0.150588235294118,NaN
ru,token,25,2,0.0752941176470588,NaN
ru,pos,25,1,0.151764705882353,NaN
ru,pos_syl,1000,2,0.988,0.988
ru,pos_syl,25,2,0.471764705882353,0.459
ru,pos,25,2,0.322352941176471,0.315
ru,syl,25,1,0.128235294117647,NaN
ru,token,25,1,0.161176470588235,0.16
ru,token,50,1,0.265882352941176,0.259
ru,syl,25,2,0.364705882352941,0.352
ru,pos_syl,25,1,0.3,0.284
ru,pos_syl,25,2,0.463529411764706,0.451
ru,token,25,2,0.0717647058823529,NaN
ru,pos,25,1,0.128235294117647,NaN
ru,pos_syl,25,2,0.488235294117647,0.48
ru,token,50,1,0.275294117647059,0.266
ru,pos,25,2,0.327058823529412,0.306
ru,token,50,2,0.163529411764706,NaN
ru,token,50,1,0.202352941176471,NaN
ru,syl,25,1,0.184705882352941,NaN
ru,pos,50,1,0.138823529411765,NaN
ru,syl,25,2,0.417647058823529,0.413
ru,pos_syl,25,1,0.282352941176471,NaN
ru,token,50,2,0.129411764705882,NaN
ru,pos,50,2,0.448235294117647,0.432
ru,syl,50,1,0.262352941176471,NaN
ru,pos,50,1,0.2,0.196
ru,token,50,2,0.123529411764706,NaN
ru,syl,50,2,0.562352941176471,0.549
ru,pos,50,1,0.194117647058824,NaN
ru,pos_syl,50,1,0.404705882352941,NaN
ru,pos,50,2,0.435294117647059,0.427
ru,syl,50,1,0.257647058823529,0.252
ru,pos,50,2,0.417647058823529,0.402
ru,syl,50,1,0.296470588235294,0.283
ru,syl,50,2,0.551764705882353,0.535
ru,syl,50,2,0.528235294117647,0.511
ru,pos_syl,50,2,0.596470588235294,0.59
ru,pos_syl,50,1,0.432941176470588,0.421
ru,pos_syl,50,1,0.421176470588235,0.407
ru,pos_syl,25,2,0.562352941176471,0.553
ru,token,100,1,0.378823529411765,0.358
ru,pos_syl,50,2,0.554117647058823,0.545
ru,token,50,1,0.342352941176471,0.326
ru,pos_syl,50,2,0.625882352941176,0.618
ru,token,100,1,0.365882352941176,0.34
ru,token,100,1,0.38,0.365
ru,token,100,2,0.197647058823529,NaN
ru,pos,100,1,0.262352941176471,NaN
ru,token,50,2,0.149411764705882,NaN
ru,pos_syl,25,2,0.489411764705882,0.475
ru,pos,50,1,0.242352941176471,0.232
ru,token,100,2,0.156470588235294,NaN
ru,pos,100,2,0.492941176470588,0.468
ru,pos,100,1,0.224705882352941,NaN
ru,token,50,1,0.275294117647059,NaN
ru,token,100,2,0.156470588235294,NaN
ru,syl,100,1,0.32,NaN
ru,pos,100,1,0.28,0.271
ru,pos,50,2,0.357647058823529,0.345
ru,syl,100,2,0.672941176470588,0.665
ru,syl,50,1,0.32,0.315
ru,pos,100,2,0.504705882352941,0.493
ru,pos_syl,100,1,0.587058823529412,0.566
ru,syl,50,2,0.509411764705882,0.494
ru,syl,100,1,0.364705882352941,NaN
ru,pos,100,2,0.505882352941176,0.498
ru,syl,100,1,0.296470588235294,0.294
ru,pos_syl,50,1,0.431764705882353,0.413
ru,token,50,2,0.152941176470588,NaN
ru,syl,100,2,0.787058823529412,0.785
ru,pos,50,1,0.18,NaN
ru,syl,100,2,0.710588235294118,0.698
ru,pos_syl,100,1,0.610588235294118,0.601
ru,pos_syl,100,2,0.770588235294118,0.759
ru,pos_syl,100,1,0.570588235294118,0.564
ru,pos_syl,50,2,0.530588235294118,0.514
ru,pos,50,2,0.414117647058824,0.407
ru,syl,50,1,0.284705882352941,NaN
ru,token,200,1,0.518823529411765,0.513
ru,pos_syl,100,2,0.76,0.755
ru,syl,50,2,0.494117647058824,0.473
ru,token,100,1,0.383529411764706,NaN
ru,pos_syl,100,2,0.751764705882353,0.746
ru,pos_syl,50,1,0.451764705882353,0.433
ru,token,200,1,0.569411764705882,0.55
ru,token,200,1,0.525882352941176,0.506
ru,token,200,2,0.267058823529412,0.253
ru,token,100,2,0.221176470588235,NaN
ru,pos_syl,50,2,0.569411764705882,0.558
ru,pos,200,1,0.394117647058824,0.374
ru,pos,100,1,0.265882352941176,0.246
ru,token,100,1,0.394117647058824,0.376
ru,token,200,2,0.276470588235294,0.261
ru,pos,200,1,0.436470588235294,0.426
ru,token,200,2,0.250588235294118,NaN
ru,pos,100,2,0.474117647058824,0.463
ru,pos,200,2,0.657647058823529,0.64
ru,pos,200,1,0.434117647058824,0.415
ru,syl,100,1,0.374117647058824,NaN
ru,syl,200,1,0.508235294117647,0.496
ru,syl,100,2,0.792941176470588,0.793
ru,syl,200,2,0.930588235294118,0.93
ru,pos,200,2,0.648235294117647,0.632
ru,pos_syl,100,1,0.624705882352941,0.606
ru,token,100,2,0.172941176470588,0.174
ru,pos_syl,200,1,0.771764705882353,0.762
ru,syl,200,1,0.544705882352941,0.51
ru,pos,200,2,0.688235294117647,0.673
ru,pos,100,1,0.295294117647059,NaN
ru,syl,200,1,0.529411764705882,0.521
ru,syl,200,2,0.948235294117647,0.948
ru,syl,200,2,0.897647058823529,0.896
ru,pos_syl,100,2,0.777647058823529,0.771
ru,pos_syl,200,1,0.792941176470588,0.785
ru,pos,100,2,0.498823529411765,0.481
ru,pos_syl,200,2,0.896470588235294,0.897
ru,pos_syl,200,1,0.751764705882353,0.746
ru,syl,100,1,0.370588235294118,0.356
ru,token,200,1,0.529411764705882,0.504
ru,syl,100,2,0.785882352941176,0.78
ru,token,300,1,0.657647058823529,0.642
ru,pos_syl,100,1,0.584705882352941,0.573
ru,pos_syl,200,2,0.881176470588235,0.88
ru,pos_syl,200,2,0.869411764705882,0.867
ru,token,300,1,0.644705882352941,0.636
ru,token,300,1,0.695294117647059,0.679
ru,pos_syl,100,2,0.8,0.795
ru,token,200,2,0.285882352941176,NaN
ru,pos,200,1,0.388235294117647,0.371
ru,token,300,2,0.416470588235294,0.404
ru,token,200,1,0.550588235294118,0.51
ru,pos,300,1,0.518823529411765,0.508
ru,token,300,2,0.378823529411765,0.344
ru,pos,200,2,0.696470588235294,0.685
ru,syl,200,1,0.492941176470588,0.488
ru,pos,300,1,0.574117647058824,0.566
ru,token,300,2,0.383529411764706,0.37
ru,pos,300,2,0.776470588235294,0.773
ru,pos,300,1,0.528235294117647,0.513
ru,syl,300,1,0.675294117647059,0.666
ru,syl,200,2,0.910588235294118,0.91
ru,token,200,2,0.291764705882353,0.276
ru,pos,200,1,0.429411764705882,0.409
ru,pos_syl,200,1,0.781176470588235,0.78
ru,syl,300,2,0.967058823529412,0.967
ru,pos,300,2,0.825882352941177,0.825
ru,syl,300,1,0.644705882352941,0.64
ru,pos,300,2,0.801176470588235,0.793
ru,pos_syl,300,1,0.921176470588235,0.919
ru,syl,300,1,0.638823529411765,0.639
ru,pos,200,2,0.717647058823529,0.704
ru,syl,200,1,0.478823529411765,0.464
ru,syl,300,2,0.950588235294118,0.95
ru,pos_syl,200,2,0.895294117647059,0.893
ru,syl,300,2,0.976470588235294,0.976
ru,pos_syl,300,1,0.903529411764706,0.903
ru,syl,200,2,0.896470588235294,0.895
ru,pos_syl,300,1,0.903529411764706,0.903
ru,pos_syl,300,2,0.948235294117647,0.948
ru,token,300,1,0.624705882352941,0.612
ru,pos_syl,200,1,0.809411764705882,0.796
ru,token,500,1,0.732941176470588,0.727
ru,pos_syl,300,2,0.929411764705882,0.929
ru,pos_syl,300,2,0.935294117647059,0.934
ru,pos_syl,200,2,0.896470588235294,0.895
ru,token,500,1,0.758823529411765,0.752
ru,token,300,2,0.430588235294118,0.417
ru,token,300,1,0.658823529411765,0.641
ru,pos,300,1,0.496470588235294,0.481
ru,token,500,1,0.715294117647059,0.708
ru,token,500,2,0.551764705882353,0.529
ru,pos,300,2,0.784705882352941,0.776
ru,pos,500,1,0.674117647058823,0.657
ru,syl,300,1,0.66,0.652
ru,token,300,2,0.403529411764706,0.392
ru,token,500,2,0.561176470588235,0.551
ru,syl,300,2,0.975294117647059,0.975
ru,pos,300,1,0.529411764705882,0.518
ru,pos,500,1,0.582352941176471,0.568
ru,pos_syl,300,1,0.902352941176471,0.902
ru,token,500,2,0.523529411764706,0.506
ru,pos,500,2,0.892941176470588,0.89
ru,pos,500,1,0.696470588235294,0.692
ru,syl,500,1,0.732941176470588,0.727
ru,pos,300,2,0.774117647058824,0.77
ru,syl,300,1,0.572941176470588,0.569
ru,pos,500,2,0.883529411764706,0.882
ru,pos_syl,300,2,0.925882352941176,0.926
ru,syl,500,1,0.755294117647059,0.757
ru,syl,500,2,0.989411764705882,0.989
ru,syl,300,2,0.948235294117647,0.948
ru,pos,500,2,0.867058823529412,0.865
ru,syl,500,1,0.727058823529412,0.721
ru,pos_syl,500,1,0.949411764705882,0.949
ru,token,500,1,0.775294117647059,0.773
ru,pos_syl,300,1,0.884705882352941,0.884
ru,syl,500,2,0.984705882352941,0.985
ru,pos_syl,500,1,0.932941176470588,0.932
ru,syl,500,2,0.990588235294118,0.991
ru,pos_syl,500,1,0.948235294117647,0.948
ru,pos_syl,300,2,0.923529411764706,0.922
ru,pos_syl,500,2,0.977647058823529,0.977
ru,token,500,1,0.722352941176471,0.714
ru,token,750,1,0.763529411764706,0.747
ru,token,500,2,0.574117647058824,0.557
ru,pos,500,1,0.705882352941177,0.695
ru,pos_syl,500,2,0.992941176470588,0.993
ru,pos_syl,500,2,0.947058823529412,0.942
ru,token,750,1,0.791764705882353,NA
ru,token,750,1,0.751764705882353,NA
ru,pos,500,2,0.884705882352941,0.882
ru,syl,500,1,0.769411764705882,0.766
ru,token,500,2,0.557647058823529,0.548
ru,pos,500,1,0.655294117647059,0.64
ru,token,750,2,0.630588235294118,0.618
ru,pos,750,1,0.831764705882353,0.832
ru,syl,500,2,0.997647058823529,0.998
ru,pos_syl,500,1,0.934117647058823,0.934
ru,pos,500,2,0.855294117647059,0.851
ru,token,750,2,0.545882352941176,0.522
ru,syl,500,1,0.748235294117647,0.746
ru,pos,750,1,0.756470588235294,0.753
ru,token,750,2,0.521176470588235,0.506
ru,pos,750,1,0.704705882352941,0.697
ru,pos,750,2,0.927058823529412,0.926
ru,syl,750,1,0.818823529411765,0.815
ru,pos_syl,500,2,0.977647058823529,0.977
ru,syl,500,2,0.992941176470588,0.993
ru,pos_syl,500,1,0.923529411764706,0.923
ru,pos,750,2,0.904705882352941,0.903
ru,token,750,1,0.751764705882353,NA
ru,syl,750,1,0.842352941176471,0.838
ru,syl,750,2,0.989411764705882,0.989
ru,pos,750,2,0.897647058823529,0.898
ru,pos_syl,750,1,0.977647058823529,0.978
ru,syl,750,1,0.862352941176471,0.858
ru,pos_syl,500,2,0.978823529411765,0.979
ru,syl,750,2,1,1
ru,pos_syl,750,1,0.965882352941177,0.966
ru,token,750,1,0.789411764705882,NA
ru,syl,750,2,0.998823529411765,0.999
ru,pos_syl,750,2,0.96,0.958
ru,pos_syl,750,1,0.972941176470588,0.973
ru,token,750,2,0.574117647058824,0.555
ru,pos,750,1,0.748235294117647,0.747
ru,token,1000,1,0.792,0.726
ru,pos_syl,750,2,0.96,0.958
ru,pos_syl,750,2,0.970588235294118,0.971
ru,token,1000,1,0.854666666666667,0.811
ru,pos,750,2,0.941176470588235,0.94
ru,syl,750,1,0.824705882352941,0.821
ru,token,750,2,0.6,0.573
ru,pos,750,1,0.783529411764706,0.78
ru,token,1000,1,0.798666666666667,0.743
ru,syl,750,2,0.991764705882353,0.992
ru,pos_syl,750,1,0.970588235294118,0.97
ru,token,1000,2,0.676,NA
ru,pos,1000,1,0.785333333333333,0.791
ru,pos,750,2,0.938823529411765,0.938
ru,syl,750,1,0.821176470588235,0.814
ru,token,1000,2,0.652,NaN
ru,pos,1000,1,0.84,0.838
ru,token,1000,2,0.634666666666667,NA
ru,syl,750,2,0.996470588235294,0.996
ru,pos_syl,750,2,0.975294117647059,0.975
ru,pos,1000,1,0.821333333333333,0.826
ru,pos,1000,2,0.942666666666667,0.931
ru,syl,1000,1,0.917333333333333,0.914
ru,pos_syl,750,1,0.977647058823529,0.978
ru,token,1000,1,0.84,0.783
ru,pos,1000,2,0.926666666666667,0.905
ru,syl,1000,1,0.865333333333333,0.853
ru,syl,1000,2,1,1
ru,pos,1000,2,0.949333333333333,0.943
ru,pos_syl,1000,1,0.990666666666667,0.989
ru,syl,1000,1,0.858666666666667,0.837
ru,pos_syl,750,2,0.949411764705882,0.946
ru,syl,1000,2,1,1
ru,pos_syl,1000,1,0.990666666666667,0.992
ru,token,1000,1,0.793333333333333,0.742
ru,token,1000,2,0.621333333333333,0.556
ru,syl,1000,2,1,1
ru,pos,1000,1,0.786666666666667,0.778
ru,pos_syl,1000,2,0.984,0.984
ru,pos_syl,1000,1,0.977333333333333,0.979
ru,token,25,1,0.258823529411765,0.25
ru,pos_syl,1000,2,0.98,0.979
ru,token,25,2,0.111764705882353,NaN
ru,pos,25,1,0.156470588235294,NaN
ru,token,25,1,0.156470588235294,0.154
ru,pos,1000,2,0.94,0.926
ru,syl,1000,1,0.882666666666667,0.87
ru,pos_syl,1000,2,0.965333333333333,0.963
ru,token,1000,2,0.642666666666667,NA
ru,pos,25,2,0.314117647058824,NaN
ru,pos,1000,1,0.774666666666667,0.789
ru,syl,25,1,0.268235294117647,NaN
ru,token,25,2,0.0741176470588235,NaN
ru,token,25,1,0.198823529411765,0.194
ru,syl,25,2,0.397647058823529,NaN
ru,pos,25,1,0.195294117647059,0.184
ru,pos_syl,25,1,0.311764705882353,NaN
ru,token,25,2,0.0470588235294118,NaN
ru,pos,25,2,0.355294117647059,0.339
ru,syl,25,1,0.115294117647059,NaN
ru,syl,1000,2,1,1
ru,pos,25,1,0.0988235294117647,NaN
ru,syl,25,2,0.341176470588235,NaN
ru,pos_syl,1000,1,0.990666666666667,0.992
ru,pos_syl,25,1,0.330588235294118,0.31
ru,pos,1000,2,0.958666666666667,0.956
ru,pos,25,2,0.270588235294118,0.263
ru,syl,1000,1,0.893333333333333,0.888
ru,syl,25,1,0.176470588235294,NaN
ru,syl,25,2,0.367058823529412,NaN
ru,pos_syl,25,1,0.278823529411765,0.261
ru,syl,1000,2,0.998666666666667,0.999
ru,pos_syl,1000,2,0.984,0.982
ru,pos_syl,1000,1,0.984,0.984
ru,token,25,1,0.18,NaN
ru,pos_syl,25,2,0.487058823529412,0.476
ru,token,25,2,0.101176470588235,NaN
ru,pos,25,1,0.110588235294118,NaN
ru,token,50,1,0.289411764705882,0.274
ru,pos,25,2,0.321176470588235,0.314
ru,syl,25,1,0.22,NaN
ru,pos_syl,1000,2,0.968,0.968
ru,syl,25,2,0.418823529411765,0.404
ru,token,25,1,0.185882352941176,0.179
ru,pos_syl,25,1,0.350588235294118,NaN
ru,token,50,2,0.0976470588235294,NaN
ru,pos,50,1,0.145882352941176,NaN
ru,pos_syl,25,2,0.482352941176471,0.472
ru,token,25,2,0.115294117647059,NaN
ru,pos_syl,25,2,0.564705882352941,0.556
ru,token,50,1,0.234117647058824,0.222
ru,pos,25,1,0.128235294117647,NaN
ru,pos,50,2,0.470588235294118,0.455
ru,syl,50,1,0.282352941176471,0.267
ru,token,50,1,0.22,NaN
ru,syl,50,2,0.591764705882353,0.578
ru,pos,25,2,0.323529411764706,0.304
ru,syl,25,1,0.14,NaN
ru,pos_syl,50,1,0.4,0.384
ru,token,50,2,0.172941176470588,NaN
ru,syl,25,2,0.396470588235294,0.371
ru,pos,50,1,0.290588235294118,NaN
ru,pos_syl,25,1,0.32,0.311
ru,token,50,2,0.117647058823529,NaN
ru,pos_syl,50,2,0.552941176470588,0.54
ru,pos,50,1,0.148235294117647,NaN
ru,pos,50,2,0.38,0.363
ru,syl,50,1,0.28,NaN
ru,token,100,1,0.34,0.334
ru,syl,50,2,0.495294117647059,0.482
ru,pos,50,2,0.378823529411765,0.366
ru,syl,50,1,0.278823529411765,NaN
ru,pos_syl,50,1,0.418823529411765,0.397
ru,syl,50,2,0.554117647058823,0.545
ru,pos_syl,25,2,0.548235294117647,0.539
ru,pos_syl,50,1,0.395294117647059,0.378
ru,token,100,2,0.189411764705882,NaN
ru,pos_syl,50,2,0.591764705882353,0.579
ru,pos,100,1,0.288235294117647,NaN
ru,token,50,1,0.298823529411765,0.283
ru,pos_syl,50,2,0.591764705882353,0.58
ru,token,100,1,0.42,0.401
ru,pos,100,2,0.531764705882353,0.511
ru,syl,100,1,0.305882352941176,NaN
ru,token,100,1,0.429411764705882,0.41
ru,syl,100,2,0.721176470588235,0.709
ru,token,50,2,0.131764705882353,NaN
ru,pos,50,1,0.261176470588235,NaN
ru,token,100,2,0.144705882352941,NaN
ru,pos_syl,100,1,0.534117647058823,0.519
ru,pos_syl,25,2,0.501176470588235,0.489
ru,pos,100,1,0.297647058823529,NaN
ru,token,100,2,0.234117647058824,NaN
ru,pos,50,2,0.442352941176471,0.424
ru,pos,100,1,0.271764705882353,NaN
ru,token,50,1,0.287058823529412,NaN
ru,syl,50,1,0.268235294117647,NaN
ru,pos_syl,100,2,0.78,0.768
ru,pos,100,2,0.494117647058824,0.481
ru,syl,50,2,0.575294117647059,0.565
ru,syl,100,1,0.390588235294118,0.375
ru,pos,100,2,0.612941176470588,0.599
ru,pos_syl,50,1,0.450588235294118,0.44
ru,syl,100,1,0.383529411764706,0.369
ru,syl,100,2,0.761176470588235,0.757
ru,token,200,1,0.501176470588235,0.483
ru,syl,100,2,0.768235294117647,0.761
ru,token,50,2,0.128235294117647,NaN
ru,pos_syl,100,1,0.602352941176471,0.582
ru,pos,50,1,0.190588235294118,NaN
ru,pos_syl,100,1,0.612941176470588,0.597
ru,pos_syl,50,2,0.622352941176471,0.608
ru,pos,50,2,0.361176470588235,0.351
ru,token,100,1,0.385882352941176,0.373
ru,token,200,2,0.343529411764706,0.328
ru,pos_syl,100,2,0.732941176470588,0.727
ru,syl,50,1,0.214117647058824,NaN
ru,pos,200,1,0.421176470588235,0.413
ru,pos_syl,100,2,0.763529411764706,0.755
ru,syl,50,2,0.530588235294118,0.512
ru,token,200,1,0.583529411764706,0.559
ru,pos_syl,50,1,0.342352941176471,0.327
ru,token,200,1,0.534117647058823,0.515
ru,pos,200,2,0.661176470588235,0.65
ru,token,100,2,0.182352941176471,NaN
ru,syl,200,1,0.550588235294118,0.539
ru,pos,100,1,0.290588235294118,0.28
ru,pos_syl,50,2,0.56,0.541
ru,syl,200,2,0.918823529411765,0.918
ru,token,200,2,0.252941176470588,NaN
ru,pos,100,2,0.471764705882353,0.46
ru,token,100,1,0.365882352941176,0.352
ru,pos_syl,200,1,0.76,0.746
ru,pos,200,1,0.421176470588235,0.391
ru,syl,100,1,0.374117647058824,0.365
ru,token,200,2,0.303529411764706,0.292
ru,pos,200,1,0.461176470588235,0.448
ru,syl,100,2,0.824705882352941,0.821
ru,pos_syl,100,1,0.638823529411765,0.625
ru,pos,200,2,0.676470588235294,0.669
ru,pos_syl,200,2,0.918823529411765,0.919
ru,syl,200,1,0.525882352941176,0.51
ru,token,100,2,0.210588235294118,NaN
ru,pos,200,2,0.702352941176471,0.693
ru,syl,200,1,0.535294117647059,0.533
ru,pos,100,1,0.295294117647059,0.284
ru,syl,200,2,0.928235294117647,0.928
ru,pos_syl,100,2,0.815294117647059,0.807
ru,token,300,1,0.581176470588235,0.569
ru,syl,200,2,0.917647058823529,0.918
ru,pos_syl,200,1,0.794117647058823,0.789
ru,pos,100,2,0.56,0.539
ru,pos_syl,200,1,0.775294117647059,0.765
ru,syl,100,1,0.311764705882353,0.303
ru,token,200,1,0.56,0.532
ru,syl,100,2,0.721176470588235,0.716
ru,pos_syl,100,1,0.564705882352941,0.541
ru,pos_syl,200,2,0.930588235294118,0.929
ru,pos_syl,200,2,0.918823529411765,0.917
ru,token,300,2,0.345882352941176,0.331
ru,pos,300,1,0.511764705882353,0.493
ru,token,200,2,0.251764705882353,0.239
ru,token,300,1,0.656470588235294,0.647
ru,token,300,1,0.638823529411765,0.626
ru,pos,200,1,0.395294117647059,0.376
ru,pos_syl,100,2,0.792941176470588,0.786
ru,token,200,1,0.597647058823529,0.583
ru,pos,300,2,0.803529411764706,0.798
ru,pos,200,2,0.677647058823529,0.661
ru,syl,300,1,0.637647058823529,0.629
ru,syl,200,1,0.572941176470588,0.564
ru,token,300,2,0.381176470588235,0.37
ru,token,300,2,0.351764705882353,0.34
ru,syl,200,2,0.910588235294118,0.908
ru,pos,300,1,0.485882352941176,0.476
ru,syl,300,2,0.982352941176471,0.982
ru,pos,300,1,0.443529411764706,0.432
ru,pos_syl,200,1,0.814117647058824,0.804
ru,pos_syl,300,1,0.867058823529412,0.862
ru,token,200,2,0.242352941176471,NaN
ru,pos,200,1,0.384705882352941,0.363
ru,pos,300,2,0.745882352941176,0.741
ru,pos,300,2,0.78,0.773
ru,syl,300,1,0.648235294117647,0.644
ru,syl,300,1,0.578823529411765,0.574
ru,pos_syl,200,2,0.905882352941176,0.904
ru,pos_syl,300,2,0.936470588235294,0.936
ru,pos,200,2,0.624705882352941,0.607
ru,syl,200,1,0.531764705882353,NaN
ru,syl,300,2,0.962352941176471,0.962
ru,syl,300,2,0.955294117647059,0.955
ru,token,300,1,0.637647058823529,0.624
ru,pos_syl,300,1,0.872941176470588,0.87
ru,pos_syl,300,1,0.84,0.838
ru,token,500,1,0.784705882352941,0.779
ru,syl,200,2,0.896470588235294,0.896
ru,pos_syl,200,1,0.810588235294118,0.809
ru,pos_syl,300,2,0.938823529411765,0.939
ru,pos_syl,300,2,0.957647058823529,0.957
ru,token,300,2,0.424705882352941,0.408
ru,pos_syl,200,2,0.884705882352941,0.883
ru,pos,300,1,0.5,0.495
ru,token,500,1,0.755294117647059,0.747
ru,token,500,1,0.729411764705882,0.723
ru,token,500,2,0.532941176470588,0.512
ru,token,300,1,0.591764705882353,0.576
ru,pos,500,1,0.72,0.708
ru,pos,300,2,0.734117647058824,0.727
ru,syl,300,1,0.650588235294118,0.645
ru,syl,300,2,0.964705882352941,0.964
ru,pos,500,2,0.901176470588235,0.898
ru,token,300,2,0.415294117647059,0.407
ru,syl,500,1,0.723529411764706,0.723
ru,pos_syl,300,1,0.882352941176471,0.88
ru,pos,300,1,0.563529411764706,0.545
ru,token,500,2,0.502352941176471,0.483
ru,pos,500,1,0.668235294117647,0.657
ru,token,500,2,0.509411764705882,0.496
ru,pos,500,1,0.695294117647059,0.69
ru,syl,500,2,1,1
ru,pos,300,2,0.807058823529412,0.795
ru,pos_syl,300,2,0.924705882352941,0.924
ru,pos_syl,500,1,0.954117647058824,0.954
ru,syl,300,1,0.630588235294118,0.625
ru,pos,500,2,0.872941176470588,0.868
ru,syl,500,1,0.714117647058824,0.71
ru,token,500,1,0.736470588235294,0.73
ru,pos,500,2,0.86,0.858
ru,syl,300,2,0.969411764705882,0.969
ru,syl,500,1,0.723529411764706,0.724
ru,pos_syl,300,1,0.917647058823529,0.916
ru,pos_syl,500,2,0.967058823529412,0.966
ru,syl,500,2,0.984705882352941,0.985
ru,syl,500,2,0.997647058823529,0.998
ru,pos_syl,500,1,0.948235294117647,0.948
ru,token,750,1,0.763529411764706,0.733
ru,pos_syl,300,2,0.950588235294118,0.95
ru,pos_syl,500,1,0.954117647058824,0.954
ru,token,500,2,0.547058823529412,0.532
ru,token,500,1,0.727058823529412,0.721
ru,pos,500,1,0.662352941176471,0.643
ru,pos_syl,500,2,0.96,0.96
ru,pos_syl,500,2,0.964705882352941,0.964
ru,token,750,1,0.763529411764706,0.745
ru,pos,500,2,0.861176470588235,0.859
ru,token,750,1,0.744705882352941,0.702
ru,syl,500,1,0.730588235294118,0.722
ru,token,750,2,0.567058823529412,0.542
ru,pos,750,1,0.803529411764706,0.801
ru,token,500,2,0.537647058823529,0.515
ru,pos,500,1,0.663529411764706,NaN
ru,syl,500,2,0.992941176470588,0.993
ru,pos_syl,500,1,0.947058823529412,0.948
ru,pos,750,2,0.902352941176471,0.895
ru,syl,750,1,0.817647058823529,0.807
ru,token,750,2,0.602352941176471,NA
ru,pos,750,1,0.729411764705882,0.73
ru,pos,500,2,0.895294117647059,0.893
ru,token,750,2,0.605882352941176,0.585
ru,syl,500,1,0.781176470588235,0.773
ru,pos,750,1,0.804705882352941,0.805
ru,pos_syl,500,2,0.969411764705882,0.969
ru,syl,750,2,0.998823529411765,0.999
ru,pos_syl,750,1,0.962352941176471,0.962
ru,syl,500,2,0.994117647058824,0.994
ru,token,750,1,0.724705882352941,0.69
ru,pos_syl,500,1,0.967058823529412,0.967
ru,pos,750,2,0.921176470588235,0.92
ru,pos,750,2,0.910588235294118,0.91
ru,syl,750,1,0.862352941176471,0.86
ru,syl,750,1,0.838823529411765,0.832
ru,pos_syl,500,2,0.984705882352941,0.985
ru,pos_syl,750,2,0.970588235294118,0.97
ru,syl,750,2,1,1
ru,syl,750,2,0.991764705882353,0.992
ru,pos_syl,750,1,0.978823529411765,0.979
ru,pos_syl,750,1,0.977647058823529,0.978
ru,token,1000,1,0.841333333333333,0.79
ru,token,750,1,0.787058823529412,0.77
ru,token,750,2,0.588235294117647,0.564
ru,pos,750,1,0.785882352941176,0.784
ru,pos_syl,750,2,0.965882352941177,0.966
ru,pos_syl,750,2,0.975294117647059,0.975
ru,token,1000,1,0.833333333333333,0.777
ru,pos,750,2,0.922352941176471,0.921
ru,token,1000,1,0.828,0.784
ru,syl,750,1,0.807058823529412,0.792
ru,token,750,2,0.554117647058823,0.541
ru,token,1000,2,0.662666666666667,0.611
ru,pos,750,1,0.771764705882353,0.772
ru,pos,1000,1,0.832,0.837
ru,syl,750,2,0.998823529411765,0.999
ru,pos_syl,750,1,0.971764705882353,0.972
ru,pos,750,2,0.927058823529412,0.926
ru,syl,750,1,0.821176470588235,0.81
ru,pos,1000,2,0.950666666666667,0.944
ru,syl,1000,1,0.873333333333333,0.864
ru,token,1000,2,0.686666666666667,NA
ru,pos,1000,1,0.802666666666667,0.809
ru,token,1000,2,0.674666666666667,0.617
ru,pos,1000,1,0.822666666666667,0.833
ru,syl,750,2,0.996470588235294,0.996
ru,pos_syl,750,2,0.948235294117647,0.947
ru,pos_syl,750,1,0.981176470588235,0.981
ru,syl,1000,2,0.998666666666667,0.999
ru,token,1000,1,0.864,0.821
ru,pos_syl,1000,1,0.993333333333333,0.994
ru,pos,1000,2,0.956,0.95
ru,syl,1000,1,0.853333333333333,0.847
ru,pos,1000,2,0.954666666666667,0.937
ru,syl,1000,1,0.872,0.862
ru,pos_syl,750,2,0.975294117647059,0.975
ru,syl,1000,2,0.998666666666667,0.999
ru,pos_syl,1000,2,0.984,0.981
ru,token,1000,1,0.797333333333333,0.741
ru,pos_syl,1000,1,0.990666666666667,0.992
ru,syl,1000,2,0.990666666666667,0.992
ru,token,25,1,0.214117647058824,0.207
ru,pos_syl,1000,1,0.984,0.986
ru,token,1000,2,0.665333333333333,NaN
ru,pos,1000,1,0.817333333333333,0.815
ru,token,25,2,0.114117647058824,NaN
ru,pos,25,1,0.165882352941176,NaN
ru,pos,25,2,0.344705882352941,NaN
ru,pos_syl,1000,2,0.982666666666667,0.981
ru,syl,25,1,0.187058823529412,NaN
ru,syl,25,2,0.412941176470588,0.395
ru,pos_syl,1000,2,0.965333333333333,0.957
ru,token,25,1,0.204705882352941,NaN
ru,pos_syl,25,1,0.355294117647059,0.344
ru,pos,1000,2,0.948,0.95
ru,token,1000,2,0.624,0.573
ru,syl,1000,1,0.894666666666667,0.871
ru,pos,1000,1,0.802666666666667,0.804
ru,token,25,1,0.148235294117647,NaN
ru,token,25,2,0.0952941176470588,NaN
ru,pos,25,1,0.123529411764706,NaN
ru,token,25,2,0.121176470588235,NaN
ru,pos,25,1,0.101176470588235,NaN
ru,pos,25,2,0.332941176470588,0.321
ru,syl,25,1,0.147058823529412,NaN
ru,syl,1000,2,0.998666666666667,0.999
ru,syl,25,2,0.38,0.366
ru,pos,25,2,0.350588235294118,0.334
ru,pos_syl,1000,1,0.986666666666667,0.988
ru,pos_syl,25,1,0.277647058823529,0.262
ru,syl,25,1,0.169411764705882,NaN
ru,pos,1000,2,0.942666666666667,0.926
ru,syl,1000,1,0.882666666666667,0.871
ru,syl,25,2,0.415294117647059,0.4
ru,pos_syl,25,1,0.305882352941176,0.297
ru,syl,1000,2,1,1
ru,pos_syl,1000,2,0.965333333333333,0.966
ru,pos_syl,1000,1,0.984,0.986
ru,token,25,1,0.217647058823529,0.206
ru,pos_syl,25,2,0.496470588235294,0.482
ru,token,25,2,0.0858823529411765,NaN
ru,pos,25,1,0.158823529411765,NaN
ru,token,50,1,0.250588235294118,NaN
ru,pos_syl,1000,2,0.977333333333333,0.973
ru,pos,25,2,0.309411764705882,0.286
ru,pos_syl,25,2,0.537647058823529,0.521
ru,syl,25,1,0.172941176470588,NaN
ru,token,25,1,0.192941176470588,NaN
ru,syl,25,2,0.389411764705882,NaN
ru,token,50,1,0.235294117647059,0.219
ru,pos_syl,25,1,0.364705882352941,0.346
ru,pos_syl,25,2,0.468235294117647,0.459
ru,token,50,2,0.0929411764705882,NaN
ru,token,25,2,0.0517647058823529,NaN
ru,pos,50,1,0.145882352941176,NaN
ru,pos,25,1,0.122352941176471,NaN
ru,token,50,1,0.281176470588235,NaN
ru,pos,50,2,0.369411764705882,0.362
ru,token,50,2,0.103529411764706,NaN
ru,pos,25,2,0.324705882352941,0.307
ru,syl,50,1,0.201176470588235,NaN
ru,syl,25,1,0.192941176470588,NaN
ru,pos,50,1,0.225882352941176,NaN
ru,syl,25,2,0.407058823529412,0.393
ru,syl,50,2,0.547058823529412,0.53
ru,pos_syl,25,1,0.269411764705882,0.257
ru,pos_syl,50,1,0.387058823529412,0.372
ru,pos,50,2,0.397647058823529,0.384
ru,token,50,2,0.147058823529412,NaN
ru,syl,50,1,0.289411764705882,NaN
ru,pos,50,1,0.121176470588235,NaN
ru,syl,50,2,0.550588235294118,NaN
ru,pos_syl,50,2,0.542352941176471,0.529
ru,pos_syl,50,1,0.504705882352941,0.481
ru,pos,50,2,0.404705882352941,0.393
ru,syl,50,1,0.250588235294118,0.232
ru,token,100,1,0.388235294117647,0.371
ru,syl,50,2,0.52,0.508
ru,pos_syl,50,2,0.607058823529412,0.594
ru,pos_syl,50,1,0.347058823529412,0.331
ru,token,100,1,0.447058823529412,NaN
ru,pos_syl,25,2,0.487058823529412,0.478
ru,token,100,2,0.262352941176471,NaN
ru,pos_syl,50,2,0.562352941176471,0.544
ru,pos,100,1,0.284705882352941,0.266
ru,token,50,1,0.281176470588235,0.269
ru,token,100,1,0.423529411764706,0.405
ru,token,100,2,0.230588235294118,0.222
ru,pos,100,2,0.502352941176471,0.481
ru,syl,100,1,0.314117647058824,NaN
ru,pos,100,1,0.342352941176471,0.33
ru,syl,100,2,0.784705882352941,0.779
ru,pos_syl,25,2,0.510588235294118,0.505
ru,pos_syl,100,1,0.605882352941176,0.591
ru,pos,100,2,0.527058823529412,0.51
ru,token,50,2,0.177647058823529,NaN
ru,token,100,2,0.16,NaN
ru,syl,100,1,0.367058823529412,0.359
ru,pos,50,1,0.207058823529412,0.197
ru,pos,100,1,0.224705882352941,NaN
ru,token,50,1,0.32,0.298
ru,syl,100,2,0.763529411764706,0.761
ru,pos_syl,100,2,0.837647058823529,0.833
ru,pos,50,2,0.481176470588235,0.465
ru,pos_syl,100,1,0.595294117647059,0.577
ru,pos,100,2,0.497647058823529,0.478
ru,syl,50,1,0.24,NaN
ru,syl,100,1,0.327058823529412,0.315
ru,syl,50,2,0.503529411764706,0.491
ru,token,200,1,0.521176470588235,0.507
ru,syl,100,2,0.749411764705882,0.745
ru,pos_syl,50,1,0.385882352941176,0.37
ru,token,50,2,0.12,NaN
ru,pos_syl,100,1,0.570588235294118,0.55
ru,pos_syl,100,2,0.778823529411765,0.775
ru,pos,50,1,0.188235294117647,NaN
ru,pos_syl,50,2,0.616470588235294,0.603
ru,token,200,1,0.595294117647059,0.582
ru,pos,50,2,0.34,0.327
ru,syl,50,1,0.267058823529412,NaN
ru,pos_syl,100,2,0.761176470588235,0.753
ru,token,200,2,0.294117647058824,NaN
ru,pos,200,1,0.387058823529412,0.367
ru,syl,50,2,0.527058823529412,0.52
ru,token,100,1,0.44,0.427
ru,token,200,1,0.529411764705882,0.515
ru,pos_syl,50,1,0.454117647058824,0.433
ru,token,200,2,0.296470588235294,0.282
ru,pos,200,2,0.676470588235294,0.669
ru,pos,200,1,0.471764705882353,0.459
ru,syl,200,1,0.497647058823529,0.48
ru,token,100,2,0.182352941176471,NaN
ru,pos_syl,50,2,0.601176470588235,0.594
ru,pos,100,1,0.282352941176471,NaN
ru,token,200,2,0.3,NaN
ru,syl,200,2,0.903529411764706,0.903
ru,pos,200,1,0.374117647058824,NaN
ru,token,100,1,0.430588235294118,0.415
ru,pos_syl,200,1,0.751764705882353,0.741
ru,pos,200,2,0.623529411764706,0.608
ru,pos,100,2,0.502352941176471,0.487
ru,syl,200,1,0.497647058823529,0.484
ru,syl,100,1,0.325882352941176,0.308
ru,pos,200,2,0.64,0.632
ru,syl,100,2,0.764705882352941,0.764
ru,syl,200,2,0.908235294117647,0.905
ru,syl,200,1,0.517647058823529,0.499
ru,token,100,2,0.192941176470588,NaN
ru,pos_syl,100,1,0.610588235294118,0.592
ru,pos_syl,200,2,0.917647058823529,0.916
ru,pos_syl,200,1,0.78,0.766
ru,pos,100,1,0.283529411764706,NaN
ru,syl,200,2,0.901176470588235,0.899
ru,pos_syl,200,1,0.775294117647059,0.768
ru,token,300,1,0.658823529411765,0.644
ru,pos,100,2,0.492941176470588,0.48
ru,pos_syl,100,2,0.788235294117647,0.778
ru,syl,100,1,0.385882352941176,0.366
ru,pos_syl,200,2,0.902352941176471,0.901
ru,syl,100,2,0.757647058823529,0.751
ru,token,200,1,0.570588235294118,0.547
ru,pos_syl,200,2,0.901176470588235,0.899
ru,pos_syl,100,1,0.596470588235294,0.573
ru,token,300,1,0.648235294117647,0.635
ru,token,300,2,0.404705882352941,0.393
ru,token,300,1,0.670588235294118,0.66
ru,pos,300,1,0.521176470588235,0.511
ru,pos_syl,100,2,0.796470588235294,0.792
ru,token,200,2,0.284705882352941,0.272
ru,pos,200,1,0.450588235294118,0.439
ru,token,300,2,0.357647058823529,NaN
ru,token,200,1,0.537647058823529,0.525
ru,pos,300,2,0.767058823529412,0.754
ru,pos,300,1,0.472941176470588,0.457
ru,syl,300,1,0.612941176470588,0.606
ru,token,300,2,0.408235294117647,0.396
ru,pos,300,1,0.562352941176471,0.549
ru,pos,200,2,0.703529411764706,0.696
ru,syl,300,2,0.957647058823529,0.958
ru,syl,200,1,0.52,0.513
ru,pos,300,2,0.755294117647059,0.741
ru,token,200,2,0.268235294117647,0.258
ru,syl,300,1,0.556470588235294,0.549
ru,pos_syl,300,1,0.897647058823529,0.895
ru,pos,200,1,0.447058823529412,0.443
ru,syl,200,2,0.916470588235294,0.916
ru,pos,300,2,0.802352941176471,0.796
ru,syl,300,1,0.6,0.602
ru,syl,300,2,0.969411764705882,0.97
ru,pos_syl,200,1,0.795294117647059,0.787
ru,pos_syl,300,1,0.901176470588235,0.898
ru,pos,200,2,0.723529411764706,0.716
ru,pos_syl,300,2,0.944705882352941,0.944
ru,syl,300,2,0.96,0.96
ru,syl,200,1,0.52,0.512
ru,pos_syl,300,1,0.902352941176471,0.899
ru,pos_syl,200,2,0.884705882352941,0.881
ru,syl,200,2,0.947058823529412,0.947
ru,token,500,1,0.741176470588235,0.735
ru,pos_syl,300,2,0.962352941176471,0.961
ru,pos_syl,200,1,0.775294117647059,0.768
ru,token,300,1,0.629411764705882,0.622
ru,token,500,1,0.715294117647059,0.704
ru,pos_syl,300,2,0.948235294117647,0.948
ru,pos_syl,200,2,0.910588235294118,0.909
ru,token,500,1,0.737647058823529,0.732
ru,token,300,1,0.657647058823529,0.656
ru,token,300,2,0.371764705882353,0.35
ru,pos,300,1,0.590588235294118,0.579
ru,token,500,2,0.536470588235294,0.519
ru,pos,500,1,0.645882352941176,0.633
ru,token,500,2,0.536470588235294,0.528
ru,pos,300,2,0.797647058823529,0.792
ru,pos,500,1,0.66,0.649
ru,syl,300,1,0.592941176470588,0.591
ru,token,300,2,0.412941176470588,0.392
ru,pos,300,1,0.585882352941177,0.572
ru,token,500,2,0.562352941176471,0.552
ru,pos,500,2,0.863529411764706,0.857
ru,syl,500,1,0.729411764705882,0.722
ru,pos,500,1,0.687058823529412,0.677
ru,syl,300,2,0.949411764705882,0.949
ru,pos_syl,300,1,0.895294117647059,0.894
ru,pos,500,2,0.855294117647059,0.848
ru,pos,300,2,0.788235294117647,0.784
ru,syl,500,2,0.989411764705882,0.989
ru,syl,500,1,0.754117647058824,0.742
ru,syl,300,1,0.598823529411765,0.589
ru,pos_syl,500,1,0.941176470588235,0.94
ru,pos,500,2,0.868235294117647,0.862
ru,syl,500,1,0.790588235294118,0.787
ru,syl,300,2,0.970588235294118,0.971
ru,pos_syl,300,2,0.936470588235294,0.936
ru,syl,500,2,0.998823529411765,0.999
ru,pos_syl,300,1,0.868235294117647,0.867
ru,pos_syl,500,1,0.945882352941177,0.946
ru,syl,500,2,0.992941176470588,0.993
ru,token,500,1,0.774117647058824,0.768
ru,pos_syl,500,1,0.941176470588235,0.94
ru,pos_syl,500,2,0.964705882352941,0.964
ru,pos_syl,300,2,0.92,0.917
ru,token,750,1,0.749411764705882,NaN
ru,pos_syl,500,2,0.989411764705882,0.989
ru,token,500,1,0.743529411764706,0.734
ru,pos_syl,500,2,0.984705882352941,0.985
ru,token,750,1,0.762352941176471,NA
ru,token,500,2,0.552941176470588,0.54
ru,pos,500,1,0.665882352941176,0.656
ru,token,750,1,0.734117647058824,0.711
ru,token,500,2,0.524705882352941,0.515
ru,token,750,2,0.6,0.571
ru,pos,500,1,0.7,0.698
ru,pos,750,1,0.784705882352941,0.786
ru,pos,500,2,0.868235294117647,0.862
ru,syl,500,1,0.771764705882353,0.77
ru,token,750,2,0.570588235294118,0.55
ru,token,750,2,0.632941176470588,0.62
ru,pos,750,1,0.723529411764706,0.725
ru,pos,750,1,0.8,0.797
ru,pos,500,2,0.871764705882353,0.867
ru,syl,500,2,1,1
ru,syl,500,1,0.747058823529412,0.74
ru,pos,750,2,0.969411764705882,0.969
ru,syl,750,1,0.871764705882353,0.871
ru,pos_syl,500,1,0.957647058823529,0.957
ru,syl,500,2,1,1
ru,pos_syl,500,1,0.952941176470588,0.951
ru,syl,750,2,0.994117647058824,0.994
ru,pos,750,2,0.92,0.918
ru,pos,750,2,0.912941176470588,0.909
ru,syl,750,1,0.836470588235294,0.829
ru,syl,750,1,0.842352941176471,0.838
ru,pos_syl,500,2,0.988235294117647,0.988
ru,pos_syl,750,1,0.997647058823529,0.998
ru,token,750,1,0.732941176470588,0.698
ru,pos_syl,500,2,0.975294117647059,0.975
ru,syl,750,2,1,1
ru,syl,750,2,1,1
ru,pos_syl,750,1,0.976470588235294,0.976
ru,pos_syl,750,1,0.983529411764706,0.984
ru,token,750,1,0.742352941176471,0.716
ru,pos_syl,750,2,0.961176470588235,0.961
ru,token,1000,1,0.810666666666667,0.755
ru,pos_syl,750,2,0.982352941176471,0.982
ru,pos_syl,750,2,0.977647058823529,0.977
ru,token,750,2,0.594117647058824,0.564
ru,pos,750,1,0.74,0.735
ru,token,1000,1,0.842666666666667,0.788
ru,token,1000,1,0.838666666666667,0.788
ru,token,750,2,0.545882352941176,0.526
ru,pos,750,1,0.728235294117647,0.726
ru,pos,750,2,0.924705882352941,0.924
ru,syl,750,1,0.841176470588235,0.836
ru,token,1000,2,0.673333333333333,0.605
ru,pos,1000,1,0.814666666666667,0.826
ru,pos,750,2,0.916470588235294,0.917
ru,syl,750,1,0.834117647058824,0.829
ru,syl,750,2,0.998823529411765,0.999
ru,token,1000,2,0.638666666666667,0.615
ru,pos,1000,1,0.808,0.808
ru,token,1000,2,0.670666666666667,0.621
ru,pos_syl,750,1,0.957647058823529,0.957
ru,pos,1000,1,0.836,0.838
ru,pos,1000,2,0.92,0.918
ru,syl,1000,1,0.892,0.886
ru,syl,750,2,0.997647058823529,0.998
ru,pos_syl,750,1,0.982352941176471,0.982
ru,pos,1000,2,0.956,0.945
ru,syl,1000,1,0.902666666666667,0.883
ru,pos_syl,750,2,0.98,0.98
ru,syl,1000,2,1,1
ru,pos,1000,2,0.942666666666667,0.934
ru,syl,1000,1,0.892,0.877
ru,pos_syl,1000,1,0.981333333333333,0.982
ru,token,1000,1,0.830666666666667,0.761
ru,pos_syl,750,2,0.982352941176471,0.982
ru,syl,1000,2,1,1
ru,pos_syl,1000,1,0.988,0.989
ru,syl,1000,2,1,1
ru,token,1000,1,0.796,0.732
ru,pos_syl,1000,1,0.968,0.971
ru,pos_syl,1000,2,0.992,0.992
ru,token,25,1,0.197647058823529,NaN
ru,pos_syl,1000,2,0.982666666666667,0.98
ru,token,1000,2,0.721333333333333,0.672
ru,token,25,2,0.0976470588235294,NaN
ru,pos,1000,1,0.850666666666667,0.861
ru,token,25,1,0.178823529411765,NaN
ru,pos,25,1,0.105882352941176,NaN
ru,pos_syl,1000,2,0.976,0.974
ru,pos,25,2,0.356470588235294,0.342
ru,token,25,2,0.0917647058823529,NaN
ru,token,25,1,0.172941176470588,0.164
ru,syl,25,1,0.232941176470588,0.224
ru,pos,25,1,0.174117647058824,NaN
ru,token,1000,2,0.629333333333333,0.56
ru,syl,25,2,0.36,0.349
ru,pos,1000,1,0.814666666666667,0.807
ru,pos_syl,25,1,0.288235294117647,0.276
ru,token,25,2,0.0752941176470588,NaN
ru,pos,25,2,0.357647058823529,0.342
ru,syl,25,1,0.181176470588235,NaN
ru,pos,25,1,0.152941176470588,NaN
ru,pos,1000,2,0.966666666666667,0.96
ru,syl,1000,1,0.878666666666667,0.86
ru,syl,25,2,0.329411764705882,0.314
ru,pos,25,2,0.311764705882353,0.302
ru,pos_syl,25,1,0.351764705882353,0.337
ru,syl,25,1,0.161176470588235,NaN
ru,syl,25,2,0.354117647058824,0.344
ru,pos_syl,25,1,0.283529411764706,0.263
ru,pos,1000,2,0.96,0.948
ru,syl,1000,1,0.908,0.896
ru,syl,1000,2,0.997333333333333,0.998
ru,pos_syl,1000,1,0.974666666666667,0.976
ru,syl,1000,2,1,1
ru,pos_syl,1000,1,0.974666666666667,0.977
ru,pos_syl,1000,2,0.978666666666667,0.978
ru,pos_syl,25,2,0.514117647058824,0.497
ru,token,25,1,0.212941176470588,0.207
ru,token,50,1,0.304705882352941,0.289
ru,pos_syl,1000,2,0.982666666666667,0.98
ru,pos_syl,25,2,0.511764705882353,0.494
ru,token,25,2,0.0835294117647059,NaN
ru,pos,25,1,0.156470588235294,NaN
ru,token,25,1,0.197647058823529,0.19
ru,token,50,1,0.256470588235294,0.251
ru,pos_syl,25,2,0.449411764705882,0.435
ru,token,50,2,0.110588235294118,NaN
ru,pos,50,1,0.254117647058824,NaN
ru,pos,25,2,0.378823529411765,0.37
ru,syl,25,1,0.198823529411765,NaN
ru,token,50,1,0.292941176470588,0.279
ru,token,25,2,0.107058823529412,NaN
ru,syl,25,2,0.378823529411765,0.362
ru,pos,25,1,0.102352941176471,NaN
ru,pos,50,2,0.430588235294118,0.41
ru,pos_syl,25,1,0.298823529411765,0.283
ru,syl,50,1,0.181176470588235,NaN
ru,token,50,2,0.138823529411765,NaN
ru,pos,50,1,0.243529411764706,0.233
ru,syl,50,2,0.627058823529412,0.617
ru,pos,25,2,0.369411764705882,0.354
ru,syl,25,1,0.145882352941176,NaN
ru,pos_syl,50,1,0.455294117647059,0.439
ru,token,50,2,0.156470588235294,NaN
ru,syl,25,2,0.296470588235294,0.282
ru,pos,50,1,0.162352941176471,0.151
ru,pos,50,2,0.462352941176471,0.456
ru,syl,50,1,0.237647058823529,0.223
ru,pos_syl,25,1,0.294117647058824,0.282
ru,syl,50,2,0.541176470588235,0.536
ru,pos_syl,50,2,0.582352941176471,0.572
ru,pos,50,2,0.425882352941176,0.406
ru,syl,50,1,0.262352941176471,NaN
ru,pos_syl,50,1,0.414117647058824,0.404
ru,token,100,1,0.363529411764706,0.352
ru,syl,50,2,0.570588235294118,0.564
ru,pos_syl,50,1,0.411764705882353,0.39
ru,pos_syl,50,2,0.534117647058823,0.518
ru,token,100,1,0.454117647058824,0.441
ru,token,100,2,0.175294117647059,NaN
ru,pos_syl,50,2,0.621176470588235,0.61
ru,pos,100,1,0.202352941176471,0.198
ru,token,100,1,0.421176470588235,0.409
ru,pos_syl,25,2,0.517647058823529,0.5
ru,pos,100,2,0.510588235294118,0.491
ru,syl,100,1,0.336470588235294,NaN
ru,token,50,1,0.278823529411765,NaN
ru,token,100,2,0.214117647058824,NaN
ru,pos,100,1,0.309411764705882,0.28
ru,syl,100,2,0.747058823529412,0.746
ru,pos_syl,100,1,0.581176470588235,0.564
ru,token,100,2,0.198823529411765,NaN
ru,pos,100,1,0.292941176470588,0.281
ru,pos_syl,25,2,0.370588235294118,0.362
ru,pos,100,2,0.581176470588235,0.572
ru,syl,100,1,0.322352941176471,0.317
ru,token,50,2,0.151764705882353,NaN
ru,token,50,1,0.284705882352941,NaN
ru,pos_syl,100,2,0.772941176470588,0.77
ru,pos,50,1,0.212941176470588,NaN
ru,pos,100,2,0.532941176470588,0.518
ru,syl,100,2,0.775294117647059,0.772
ru,syl,100,1,0.331764705882353,NaN
ru,pos_syl,100,1,0.605882352941176,0.582
ru,syl,100,2,0.736470588235294,0.728
ru,token,200,1,0.547058823529412,0.528
ru,pos,50,2,0.429411764705882,0.414
ru,syl,50,1,0.269411764705882,NaN
ru,pos_syl,100,1,0.610588235294118,0.58
ru,syl,50,2,0.558823529411765,0.552
ru,token,50,2,0.117647058823529,NaN
ru,pos_syl,100,2,0.789411764705882,0.78
ru,pos,50,1,0.171764705882353,NaN
ru,pos_syl,50,1,0.391764705882353,0.372
ru,pos_syl,100,2,0.823529411764706,0.82
ru,token,200,2,0.345882352941176,NaN
ru,token,200,1,0.547058823529412,0.535
ru,pos,200,1,0.425882352941176,0.414
ru,pos,50,2,0.411764705882353,0.405
ru,syl,50,1,0.203529411764706,NaN
ru,pos_syl,50,2,0.577647058823529,0.555
ru,token,200,1,0.454117647058824,0.434
ru,syl,50,2,0.52,0.499
ru,pos_syl,50,1,0.434117647058824,0.413
ru,token,100,1,0.405882352941176,0.393
ru,pos,200,2,0.64,0.633
ru,syl,200,1,0.564705882352941,NaN
ru,token,200,2,0.272941176470588,0.261
ru,pos,200,1,0.514117647058824,0.508
ru,pos_syl,50,2,0.596470588235294,0.584
ru,syl,200,2,0.929411764705882,0.927
ru,token,200,2,0.267058823529412,NaN
ru,pos,200,1,0.356470588235294,NaN
ru,pos_syl,200,1,0.761176470588235,0.758
ru,token,100,2,0.162352941176471,NaN
ru,token,100,1,0.391764705882353,0.379
ru,pos,100,1,0.331764705882353,0.311
ru,pos,200,2,0.687058823529412,0.675
ru,syl,200,1,0.468235294117647,0.46
ru,pos,200,2,0.604705882352941,0.578
ru,syl,200,1,0.487058823529412,0.481
ru,syl,200,2,0.915294117647059,0.915
ru,pos_syl,200,2,0.912941176470588,0.912
ru,pos,100,2,0.538823529411765,0.521
ru,syl,100,1,0.314117647058824,0.302
ru,pos_syl,200,1,0.818823529411765,0.812
ru,token,100,2,0.167058823529412,NaN
ru,syl,200,2,0.885882352941176,0.886
ru,pos,100,1,0.298823529411765,NaN
ru,token,300,1,0.654117647058824,0.646
ru,syl,100,2,0.717647058823529,0.711
ru,pos_syl,200,1,0.761176470588235,0.744
ru,pos_syl,100,1,0.576470588235294,0.561
ru,pos,100,2,0.472941176470588,0.444
ru,pos_syl,200,2,0.874117647058824,0.873
ru,syl,100,1,0.303529411764706,NaN
ru,syl,100,2,0.705882352941177,0.702
ru,pos_syl,200,2,0.911764705882353,0.911
ru,pos_syl,100,2,0.768235294117647,0.758
ru,token,300,1,0.605882352941176,0.587
ru,pos_syl,100,1,0.514117647058824,0.506
ru,token,300,2,0.474117647058824,0.45
ru,pos,300,1,0.442352941176471,0.431
ru,token,200,1,0.517647058823529,0.499
ru,token,300,1,0.643529411764706,0.634
ru,pos_syl,100,2,0.745882352941176,0.736
ru,pos,300,2,0.775294117647059,0.768
ru,token,300,2,0.417647058823529,0.388
ru,syl,300,1,0.637647058823529,0.622
ru,pos,300,1,0.555294117647059,0.542
ru,token,200,1,0.601176470588235,0.589
ru,token,200,2,0.356470588235294,NaN
ru,pos,200,1,0.391764705882353,NaN
ru,token,300,2,0.391764705882353,NaN
ru,pos,300,1,0.537647058823529,0.519
ru,syl,300,2,0.947058823529412,0.946
ru,pos_syl,300,1,0.844705882352941,0.838
ru,pos,300,2,0.792941176470588,0.786
ru,syl,300,1,0.587058823529412,0.58
ru,pos,200,2,0.707058823529412,0.699
ru,token,200,2,0.242352941176471,0.235
ru,syl,200,1,0.574117647058824,0.565
ru,pos,200,1,0.452941176470588,0.424
ru,pos,300,2,0.752941176470588,0.745
ru,syl,300,1,0.622352941176471,0.614
ru,syl,300,2,0.985882352941176,0.986
ru,syl,200,2,0.877647058823529,0.873
ru,pos_syl,300,2,0.934117647058823,0.932
ru,pos_syl,300,1,0.857647058823529,0.856
ru,pos_syl,200,1,0.769411764705882,0.757
ru,syl,300,2,0.972941176470588,0.973
ru,pos,200,2,0.684705882352941,0.674
ru,syl,200,1,0.531764705882353,0.529
ru,token,500,1,0.683529411764706,0.664
ru,pos_syl,300,1,0.864705882352941,0.862
ru,syl,200,2,0.904705882352941,0.904
ru,pos_syl,300,2,0.928235294117647,0.927
ru,pos_syl,200,2,0.896470588235294,0.896
ru,pos_syl,200,1,0.790588235294118,0.783
ru,token,500,1,0.724705882352941,0.713
ru,token,300,1,0.568235294117647,0.551
ru,pos_syl,300,2,0.938823529411765,0.937
ru,pos_syl,200,2,0.9,0.899
ru,token,500,2,0.52,0.504
ru,token,500,1,0.725882352941176,0.718
ru,pos,500,1,0.621176470588235,NaN
ru,token,300,1,0.582352941176471,0.574
ru,token,300,2,0.342352941176471,0.332
ru,pos,300,1,0.525882352941176,0.516
ru,token,500,2,0.578823529411765,0.562
ru,pos,500,2,0.88,0.877
ru,pos,500,1,0.668235294117647,0.659
ru,syl,500,1,0.781176470588235,0.78
ru,token,300,2,0.363529411764706,0.35
ru,token,500,2,0.485882352941176,0.47
ru,pos,300,2,0.795294117647059,0.791
ru,pos,300,1,0.496470588235294,0.489
ru,syl,300,1,0.595294117647059,0.584
ru,pos,500,1,0.625882352941176,0.606
ru,syl,500,2,0.989411764705882,0.989
ru,pos,500,2,0.891764705882353,0.891
ru,pos_syl,500,1,0.935294117647059,0.935
ru,syl,500,1,0.775294117647059,0.772
ru,syl,300,2,0.957647058823529,0.957
ru,pos_syl,300,1,0.921176470588235,0.921
ru,pos,300,2,0.805882352941176,0.804
ru,syl,300,1,0.592941176470588,0.578
ru,pos,500,2,0.856470588235294,0.849
ru,syl,500,2,0.990588235294118,0.991
ru,syl,500,1,0.725882352941176,0.721
ru,pos_syl,500,1,0.974117647058824,0.974
ru,pos_syl,500,2,0.964705882352941,0.964
ru,syl,300,2,0.978823529411765,0.979
ru,pos_syl,300,2,0.949411764705882,0.949
ru,pos_syl,300,1,0.878823529411765,0.877
ru,syl,500,2,0.981176470588235,0.981
ru,token,750,1,0.776470588235294,0.752
ru,token,500,1,0.770588235294118,0.762
ru,pos_syl,500,1,0.923529411764706,0.923
ru,pos_syl,500,2,0.990588235294118,0.991
ru,pos_syl,300,2,0.958823529411765,0.959
ru,token,750,1,0.76,NA
ru,token,500,1,0.657647058823529,0.648
ru,pos_syl,500,2,0.964705882352941,0.965
ru,token,500,2,0.561176470588235,0.546
ru,pos,500,1,0.727058823529412,0.726
ru,token,750,1,0.752941176470588,0.732
ru,token,750,2,0.545882352941176,0.521
ru,pos,750,1,0.777647058823529,0.775
ru,token,500,2,0.544705882352941,0.529
ru,pos,500,2,0.929411764705882,0.929
ru,pos,500,1,0.678823529411765,0.663
ru,syl,500,1,0.784705882352941,0.78
ru,token,750,2,0.562352941176471,NaN
ru,pos,750,2,0.944705882352941,0.945
ru,pos,750,1,0.776470588235294,0.78
ru,syl,750,1,0.867058823529412,0.864
ru,token,750,2,0.594117647058824,0.582
ru,syl,500,2,0.988235294117647,0.988
ru,pos,750,1,0.709411764705882,0.708
ru,pos,500,2,0.892941176470588,0.891
ru,pos_syl,500,1,0.985882352941176,0.986
ru,syl,750,2,0.998823529411765,0.999
ru,syl,500,1,0.667058823529412,0.659
ru,pos,750,2,0.901176470588235,0.899
ru,pos_syl,750,1,0.989411764705882,0.989
ru,syl,750,1,0.847058823529412,0.843
ru,syl,500,2,0.983529411764706,0.983
ru,pos,750,2,0.931764705882353,0.931
ru,syl,750,1,0.810588235294118,0.797
ru,pos_syl,500,1,0.924705882352941,0.925
ru,pos_syl,500,2,0.976470588235294,0.976
ru,syl,750,2,0.998823529411765,0.999
ru,pos_syl,750,2,0.961176470588235,0.96
ru,pos_syl,750,1,0.974117647058824,0.974
ru,token,750,1,0.743529411764706,0.722
ru,syl,750,2,1,1
ru,token,1000,1,0.792,0.729
ru,pos_syl,750,1,0.975294117647059,0.975
ru,pos_syl,500,2,0.971764705882353,0.972
ru,token,750,1,0.721176470588235,0.694
ru,pos_syl,750,2,0.967058823529412,0.966
ru,pos_syl,750,2,0.96,0.96
ru,token,1000,1,0.810666666666667,0.748
ru,token,750,2,0.583529411764706,0.57
ru,pos,750,1,0.785882352941176,0.786
ru,token,1000,1,0.849333333333333,0.806
ru,token,1000,2,0.669333333333333,NA
ru,pos,1000,1,0.850666666666667,0.859
ru,token,750,2,0.590588235294118,0.566
ru,pos,750,1,0.724705882352941,0.722
ru,pos,750,2,0.937647058823529,0.936
ru,syl,750,1,0.827058823529412,0.814
ru,token,1000,2,0.713333333333333,0.678
ru,pos,1000,1,0.841333333333333,0.838
ru,pos,1000,2,0.974666666666667,0.968
ru,syl,1000,1,0.874666666666667,0.849
ru,syl,750,2,1,1
ru,pos,750,2,0.897647058823529,0.896
ru,token,1000,2,0.68,0.636
ru,syl,750,1,0.870588235294118,0.869
ru,pos_syl,750,1,0.977647058823529,0.978
ru,pos,1000,1,0.841333333333333,0.834
ru,pos,1000,2,0.948,0.949
ru,syl,1000,1,0.844,0.829
ru,syl,1000,2,0.998666666666667,0.999
ru,syl,750,2,0.998823529411765,0.999
ru,pos_syl,1000,1,0.990666666666667,0.992
ru,pos_syl,750,1,0.990588235294118,0.991
ru,pos_syl,750,2,0.976470588235294,0.977
ru,pos,1000,2,0.950666666666667,0.941
ru,syl,1000,1,0.901333333333333,0.899
ru,syl,1000,2,1,1
ru,token,1000,1,0.78,NA
ru,pos_syl,1000,1,0.973333333333333,0.971
ru,pos_syl,750,2,0.952941176470588,0.951
ru,pos_syl,1000,2,0.96,0.958
ru,syl,1000,2,1,1
ru,token,25,1,0.190588235294118,NaN
ru,token,1000,1,0.837333333333333,0.769
ru,pos_syl,1000,1,0.996,0.996
ru,token,25,2,0.0670588235294118,NaN
ru,pos_syl,1000,2,0.982666666666667,0.981
ru,pos,25,1,0.176470588235294,NaN
ru,token,25,1,0.209411764705882,NaN
ru,pos,25,2,0.252941176470588,0.245
ru,syl,25,1,0.148235294117647,NaN
ru,token,1000,2,0.637333333333333,0.606
ru,syl,25,2,0.327058823529412,0.314
ru,pos_syl,1000,2,0.981333333333333,0.976
ru,pos,1000,1,0.832,0.833
ru,token,25,2,0.0882352941176471,NaN
ru,pos_syl,25,1,0.257647058823529,NaN
ru,pos,25,1,0.192941176470588,NaN
ru,token,25,1,0.165882352941176,NaN
ru,pos,25,2,0.334117647058824,0.318
ru,token,1000,2,0.654666666666667,0.611
ru,syl,25,1,0.229411764705882,NaN
ru,pos,1000,1,0.841333333333333,0.841
ru,syl,25,2,0.462352941176471,0.441
ru,token,25,2,0.0658823529411765,NaN
ru,pos_syl,25,1,0.285882352941176,0.272
ru,pos,25,1,0.142352941176471,NaN
ru,pos,1000,2,0.948,0.945
ru,syl,1000,1,0.845333333333333,0.828
ru,pos,25,2,0.403529411764706,0.384
ru,syl,25,1,0.2,NaN
ru,syl,25,2,0.374117647058824,0.355
ru,pos,1000,2,0.970666666666667,0.969
ru,syl,1000,1,0.893333333333333,0.879
ru,pos_syl,25,1,0.298823529411765,0.291
ru,syl,1000,2,1,1
ru,pos_syl,1000,1,0.981333333333333,0.983
ru,pos_syl,25,2,0.488235294117647,0.48
ru,syl,1000,2,1,1
ru,token,50,1,0.258823529411765,0.252
ru,pos_syl,1000,1,0.98,0.979
ru,pos_syl,1000,2,0.990666666666667,0.991
ru,pos_syl,25,2,0.492941176470588,0.481
ru,token,50,2,0.158823529411765,NaN
ru,pos,50,1,0.171764705882353,NaN
ru,token,25,1,0.196470588235294,0.182
ru,token,50,1,0.332941176470588,NaN
ru,pos,50,2,0.417647058823529,0.407
ru,token,25,2,0.0741176470588235,NaN
ru,pos_syl,1000,2,0.984,0.975
ru,syl,50,1,0.202352941176471,NaN
ru,pos_syl,25,2,0.571764705882353,0.559
ru,pos,25,1,0.138823529411765,NaN
ru,syl,50,2,0.507058823529412,0.5
ru,token,25,1,0.184705882352941,NaN
ru,token,50,1,0.287058823529412,0.27
ru,token,50,2,0.177647058823529,0.17
ru,pos_syl,50,1,0.437647058823529,0.419
ru,pos,50,1,0.158823529411765,NaN
ru,pos,25,2,0.302352941176471,0.292
ru,syl,25,1,0.188235294117647,NaN
ru,syl,25,2,0.363529411764706,0.348
ru,token,25,2,0.110588235294118,NaN
ru,pos,50,2,0.432941176470588,0.423
ru,pos,25,1,0.188235294117647,NaN
ru,syl,50,1,0.284705882352941,NaN
ru,pos_syl,25,1,0.283529411764706,0.272
ru,pos_syl,50,2,0.515294117647059,0.507
ru,syl,50,2,0.56,0.539
ru,token,50,2,0.165882352941176,NaN
ru,pos,50,1,0.176470588235294,NaN
ru,pos,25,2,0.298823529411765,0.29
ru,token,100,1,0.414117647058824,0.399
ru,pos_syl,50,1,0.431764705882353,NaN
ru,syl,25,1,0.188235294117647,NaN
ru,syl,25,2,0.369411764705882,0.363
ru,pos,50,2,0.421176470588235,0.407
ru,pos_syl,25,1,0.311764705882353,0.299
ru,syl,50,1,0.169411764705882,NaN
ru,pos_syl,50,2,0.563529411764706,0.548
ru,syl,50,2,0.588235294117647,0.574
ru,token,100,2,0.141176470588235,0.133
ru,pos,100,1,0.244705882352941,0.232
ru,pos_syl,50,1,0.392941176470588,NaN
ru,token,100,1,0.365882352941176,0.351
ru,pos_syl,50,2,0.576470588235294,0.553
ru,pos,100,2,0.481176470588235,0.462
ru,syl,100,1,0.302352941176471,NaN
ru,token,100,2,0.269411764705882,0.256
ru,token,100,1,0.354117647058824,0.34
ru,syl,100,2,0.736470588235294,0.73
ru,pos,100,1,0.296470588235294,0.285
ru,pos_syl,100,1,0.574117647058824,0.558
ru,pos_syl,25,2,0.550588235294118,0.542
ru,pos,100,2,0.529411764705882,0.519
ru,syl,100,1,0.370588235294118,0.367
ru,token,100,2,0.174117647058824,NaN
ru,token,50,1,0.269411764705882,NaN
ru,pos_syl,100,2,0.787058823529412,0.78
ru,pos,100,1,0.242352941176471,0.238
ru,syl,100,2,0.771764705882353,0.765
ru,pos_syl,100,1,0.598823529411765,0.59
ru,token,200,1,0.510588235294118,0.49
ru,pos_syl,25,2,0.535294117647059,0.522
ru,pos,100,2,0.492941176470588,0.477
ru,syl,100,1,0.354117647058824,NaN
ru,token,50,1,0.257647058823529,0.249
ru,token,50,2,0.0847058823529412,NaN
ru,syl,100,2,0.696470588235294,0.679
ru,pos_syl,100,2,0.810588235294118,0.806
ru,pos,50,1,0.188235294117647,NaN
ru,pos_syl,100,1,0.610588235294118,0.59
ru,token,200,2,0.264705882352941,0.243
ru,token,200,1,0.612941176470588,0.6
ru,pos,50,2,0.405882352941176,0.384
ru,pos,200,1,0.452941176470588,0.436
ru,syl,50,1,0.231764705882353,NaN
ru,token,50,2,0.171764705882353,NaN
ru,syl,50,2,0.517647058823529,0.508
ru,pos,50,1,0.181176470588235,NaN
ru,pos_syl,100,2,0.770588235294118,0.766
ru,pos_syl,50,1,0.412941176470588,0.378
ru,pos,200,2,0.675294117647059,0.668
ru,syl,200,1,0.474117647058824,0.463
ru,token,200,1,0.515294117647059,0.503
ru,pos,50,2,0.388235294117647,0.375
ru,token,200,2,0.298823529411765,0.289
ru,syl,50,1,0.276470588235294,NaN
ru,pos,200,1,0.428235294117647,0.41
ru,syl,200,2,0.884705882352941,0.881
ru,syl,50,2,0.535294117647059,0.518
ru,pos_syl,50,2,0.563529411764706,0.546
ru,pos_syl,200,1,0.737647058823529,0.725
ru,pos_syl,50,1,0.398823529411765,0.379
ru,token,100,1,0.375294117647059,0.367
ru,pos,200,2,0.709411764705882,0.694
ru,token,200,2,0.317647058823529,0.298
ru,syl,200,1,0.547058823529412,NaN
ru,pos,200,1,0.417647058823529,0.412
ru,pos_syl,50,2,0.631764705882353,0.621
ru,pos_syl,200,2,0.914117647058823,0.914
ru,syl,200,2,0.934117647058823,0.933
ru,token,100,1,0.424705882352941,NaN
ru,token,100,2,0.157647058823529,NaN
ru,pos_syl,200,1,0.777647058823529,0.762
ru,pos,100,1,0.255294117647059,0.246
ru,pos,200,2,0.615294117647059,0.595
ru,token,300,1,0.576470588235294,0.555
ru,syl,200,1,0.483529411764706,0.469
ru,pos,100,2,0.508235294117647,0.49
ru,syl,200,2,0.872941176470588,0.87
ru,syl,100,1,0.365882352941176,0.36
ru,pos_syl,200,2,0.889411764705882,0.886
ru,token,100,2,0.182352941176471,0.174
ru,pos_syl,200,1,0.778823529411765,0.757
ru,pos,100,1,0.283529411764706,NaN
ru,syl,100,2,0.749411764705882,0.745
ru,token,300,1,0.655294117647059,0.645
ru,pos_syl,100,1,0.597647058823529,0.592
ru,token,300,2,0.383529411764706,0.37
ru,pos,300,1,0.589411764705882,0.586
ru,pos,100,2,0.529411764705882,0.506
ru,syl,100,1,0.342352941176471,NaN
ru,pos_syl,200,2,0.914117647058823,0.913
ru,syl,100,2,0.756470588235294,0.75
ru,pos_syl,100,2,0.770588235294118,0.764
ru,pos_syl,100,1,0.585882352941177,0.56
ru,token,300,1,0.62,0.61
ru,pos,300,2,0.804705882352941,0.801
ru,syl,300,1,0.648235294117647,0.639
ru,token,200,1,0.575294117647059,0.565
ru,token,300,2,0.454117647058824,0.443
ru,pos,300,1,0.502352941176471,0.489
ru,syl,300,2,0.951764705882353,0.952
ru,pos_syl,100,2,0.810588235294118,0.803
ru,pos_syl,300,1,0.911764705882353,0.911
ru,token,200,1,0.562352941176471,0.545
ru,token,300,2,0.405882352941176,0.396
ru,pos,300,2,0.748235294117647,0.745
ru,token,200,2,0.307058823529412,0.291
ru,pos,300,1,0.543529411764706,NaN
ru,syl,300,1,0.654117647058824,0.652
ru,pos,200,1,0.368235294117647,0.344
ru,pos_syl,300,2,0.934117647058823,0.934
ru,syl,300,2,0.971764705882353,0.972
ru,pos_syl,300,1,0.844705882352941,0.84
ru,pos,300,2,0.783529411764706,0.773
ru,pos,200,2,0.648235294117647,0.627
ru,syl,300,1,0.677647058823529,0.676
ru,token,200,2,0.338823529411765,0.319
ru,syl,200,1,0.522352941176471,0.517
ru,token,500,1,0.778823529411765,0.772
ru,pos,200,1,0.367058823529412,0.351
ru,syl,200,2,0.909411764705882,0.909
ru,syl,300,2,0.963529411764706,0.963
ru,pos_syl,200,1,0.76,0.751
ru,pos_syl,300,2,0.947058823529412,0.946
ru,pos_syl,300,1,0.863529411764706,0.858
ru,pos,200,2,0.658823529411765,0.65
ru,syl,200,1,0.472941176470588,0.456
ru,token,500,1,0.704705882352941,0.689
ru,syl,200,2,0.908235294117647,0.906
ru,pos_syl,200,2,0.895294117647059,0.895
ru,pos_syl,200,1,0.737647058823529,0.73
ru,token,500,2,0.58,0.566
ru,pos_syl,300,2,0.938823529411765,0.938
ru,pos,500,1,0.741176470588235,0.736
ru,token,300,1,0.617647058823529,0.595
ru,token,500,1,0.72,0.713
ru,pos_syl,200,2,0.911764705882353,0.911
ru,token,300,1,0.682352941176471,0.675
ru,token,500,2,0.544705882352941,0.531
ru,pos,500,2,0.897647058823529,0.895
ru,pos,500,1,0.638823529411765,0.629
ru,syl,500,1,0.695294117647059,0.691
ru,token,300,2,0.277647058823529,0.265
ru,pos,300,1,0.517647058823529,0.51
ru,syl,500,2,0.98,0.98
ru,token,500,2,0.570588235294118,0.555
ru,pos,500,1,0.712941176470588,0.7
ru,pos_syl,500,1,0.951764705882353,0.952
ru,pos,500,2,0.865882352941176,0.863
ru,syl,500,1,0.704705882352941,0.697
ru,token,300,2,0.451764705882353,0.432
ru,pos,300,1,0.410588235294118,0.388
ru,pos,300,2,0.781176470588235,0.77
ru,syl,300,1,0.611764705882353,0.606
ru,syl,500,2,0.988235294117647,0.988
ru,syl,300,2,0.956470588235294,0.956
ru,pos,500,2,0.889411764705882,0.887
ru,pos_syl,500,1,0.931764705882353,0.931
ru,pos,300,2,0.777647058823529,0.77
ru,syl,500,1,0.810588235294118,0.811
ru,pos_syl,500,2,0.947058823529412,0.946
ru,syl,300,1,0.604705882352941,0.602
ru,pos_syl,300,1,0.897647058823529,0.895
ru,token,750,1,0.751764705882353,0.725
ru,syl,300,2,0.958823529411765,0.958
ru,syl,500,2,0.985882352941176,0.986
ru,pos_syl,300,1,0.882352941176471,0.879
ru,pos_syl,300,2,0.961176470588235,0.961
ru,pos_syl,500,1,0.964705882352941,0.965
ru,pos_syl,500,2,0.978823529411765,0.979
ru,token,500,1,0.732941176470588,0.728
ru,token,750,1,0.78,0.753
ru,pos_syl,300,2,0.931764705882353,0.932
ru,pos_syl,500,2,0.981176470588235,0.981
ru,token,500,1,0.723529411764706,0.714
ru,token,750,2,0.601176470588235,0.573
ru,pos,750,1,0.817647058823529,0.813
ru,token,750,1,0.738823529411765,0.698
ru,token,500,2,0.5,0.478
ru,pos,500,1,0.702352941176471,0.702
ru,token,750,2,0.584705882352941,0.559
ru,pos,750,1,0.728235294117647,0.728
ru,token,500,2,0.561176470588235,0.553
ru,pos,750,2,0.921176470588235,0.92
ru,pos,500,1,0.74,0.729
ru,syl,750,1,0.792941176470588,0.786
ru,pos,500,2,0.891764705882353,0.89
ru,syl,500,1,0.744705882352941,0.736
ru,token,750,2,0.550588235294118,0.523
ru,pos,750,1,0.801176470588235,0.787
ru,pos,750,2,0.941176470588235,0.94
ru,syl,750,1,0.82,0.809
ru,syl,750,2,0.995294117647059,0.995
ru,pos,500,2,0.867058823529412,0.862
ru,syl,500,2,0.984705882352941,0.985
ru,syl,500,1,0.735294117647059,0.73
ru,pos_syl,750,1,0.964705882352941,0.964
ru,pos_syl,500,1,0.954117647058824,0.954
ru,syl,750,2,1,1
ru,syl,500,2,0.998823529411765,0.999
ru,pos,750,2,0.929411764705882,0.928
ru,syl,750,1,0.772941176470588,0.772
ru,pos_syl,750,1,0.975294117647059,0.975
ru,pos_syl,500,1,0.936470588235294,0.934
ru,pos_syl,500,2,0.965882352941177,0.966
ru,pos_syl,750,2,0.976470588235294,0.976
ru,token,750,1,0.803529411764706,0.773
ru,syl,750,2,0.998823529411765,0.999
ru,token,1000,1,0.784,0.752
ru,pos_syl,750,1,0.971764705882353,0.972
ru,pos_syl,500,2,0.957647058823529,0.957
ru,pos_syl,750,2,0.968235294117647,0.968
ru,token,1000,1,0.84,0.799
ru,token,750,1,0.758823529411765,0.736
ru,pos_syl,750,2,0.965882352941177,0.965
ru,token,750,2,0.58,NaN
ru,pos,750,1,0.747058823529412,0.745
ru,token,1000,1,0.834666666666667,NA
ru,token,1000,2,0.594666666666667,NaN
ru,pos,1000,1,0.808,0.822
ru,token,750,2,0.525882352941176,0.505
ru,pos,750,1,0.752941176470588,0.741
ru,token,1000,2,0.633333333333333,NA
ru,pos,1000,1,0.818666666666667,0.824
ru,pos,750,2,0.922352941176471,0.921
ru,syl,750,1,0.804705882352941,0.795
ru,pos,1000,2,0.965333333333333,0.946
ru,syl,1000,1,0.906666666666667,0.896
ru,pos,750,2,0.923529411764706,0.922
ru,syl,750,2,0.995294117647059,0.995
ru,syl,750,1,0.825882352941177,0.821
ru,token,1000,2,0.736,0.674
ru,pos,1000,2,0.933333333333333,0.914
ru,pos,1000,1,0.853333333333333,0.845
ru,pos_syl,750,1,0.958823529411765,0.959
ru,syl,1000,1,0.849333333333333,0.821
ru,syl,1000,2,1,1
ru,pos_syl,1000,1,0.982666666666667,0.98
ru,syl,750,2,0.990588235294118,0.991
ru,pos_syl,750,1,0.958823529411765,0.959
ru,syl,1000,2,0.998666666666667,0.999
ru,pos,1000,2,0.934666666666667,0.915
ru,pos_syl,1000,1,0.994666666666667,0.995
ru,syl,1000,1,0.88,0.869
ru,pos_syl,750,2,0.955294117647059,0.954
ru,pos_syl,1000,2,0.988,0.984
ru,token,1000,1,0.817333333333333,NA
ru,pos_syl,750,2,0.949411764705882,0.949
ru,token,25,1,0.187058823529412,NaN
ru,syl,1000,2,1,1
ru,pos_syl,1000,1,0.984,0.983
ru,token,25,2,0.0635294117647059,NaN
ru,token,1000,1,0.84,0.783
ru,pos_syl,1000,2,0.98,0.976
ru,pos,25,1,0.161176470588235,NaN
ru,token,25,1,0.162352941176471,0.156
ru,pos,25,2,0.312941176470588,0.301
ru,syl,25,1,0.165882352941176,NaN
ru,syl,25,2,0.336470588235294,0.322
ru,token,25,2,0.127058823529412,NaN
ru,pos_syl,25,1,0.323529411764706,0.305
ru,pos,25,1,0.130588235294118,NaN
ru,token,1000,2,0.669333333333333,NaN
ru,pos_syl,1000,2,0.986666666666667,0.985
ru,pos,1000,1,0.862666666666667,0.863
ru,pos,25,2,0.328235294117647,0.313
ru,syl,25,1,0.162352941176471,NaN
ru,token,25,1,0.155294117647059,NaN
ru,syl,25,2,0.330588235294118,NaN
ru,token,1000,2,0.617333333333333,NA
ru,pos_syl,25,1,0.294117647058824,0.276
ru,pos,1000,1,0.793333333333333,0.78
ru,token,25,2,0.0705882352941176,NaN
ru,pos,25,1,0.169411764705882,NaN
ru,pos,1000,2,0.934666666666667,0.923
ru,syl,1000,1,0.901333333333333,0.876
ru,pos,25,2,0.316470588235294,0.303
ru,syl,25,1,0.229411764705882,NaN
ru,syl,25,2,0.463529411764706,0.451
ru,pos_syl,25,1,0.349411764705882,0.333
ru,pos,1000,2,0.928,0.92
ru,syl,1000,1,0.857333333333333,0.846
ru,syl,1000,2,0.998666666666667,0.999
ru,pos_syl,25,2,0.483529411764706,0.474
ru,pos_syl,1000,1,1,1
ru,token,50,1,0.304705882352941,0.29
ru,syl,1000,2,1,1
ru,pos_syl,1000,1,0.994666666666667,0.995
ru,pos_syl,25,2,0.505882352941176,0.493
ru,token,50,2,0.130588235294118,NaN
ru,token,50,1,0.217647058823529,0.21
ru,pos,50,1,0.195294117647059,0.183
ru,pos_syl,1000,2,0.973333333333333,0.97
ru,pos,50,2,0.414117647058824,0.397
ru,syl,50,1,0.249411764705882,0.236
ru,token,25,1,0.191764705882353,0.178
ru,pos_syl,1000,2,0.969333333333333,0.967
ru,syl,50,2,0.502352941176471,0.489
ru,token,50,2,0.178823529411765,NaN
ru,pos_syl,25,2,0.542352941176471,0.531
ru,pos,50,1,0.124705882352941,0.117
ru,token,25,1,0.181176470588235,NaN
ru,pos_syl,50,1,0.447058823529412,NaN
ru,token,25,2,0.118823529411765,NaN
ru,token,50,1,0.247058823529412,0.238
ru,pos,25,1,0.134117647058824,NaN
ru,pos,50,2,0.342352941176471,0.331
ru,syl,50,1,0.215294117647059,NaN
ru,token,25,2,0.0929411764705882,NaN
ru,pos_syl,50,2,0.607058823529412,0.594
ru,pos,25,1,0.167058823529412,0.157
ru,syl,50,2,0.558823529411765,0.542
ru,pos,25,2,0.332941176470588,NaN
ru,syl,25,1,0.157647058823529,NaN
ru,pos_syl,50,1,0.427058823529412,0.403
ru,token,100,1,0.378823529411765,0.36
ru,syl,25,2,0.383529411764706,0.367
ru,token,50,2,0.174117647058824,NaN
ru,pos,25,2,0.407058823529412,0.397
ru,pos,50,1,0.194117647058824,NaN
ru,syl,25,1,0.188235294117647,NaN
ru,pos_syl,25,1,0.283529411764706,NaN
ru,syl,25,2,0.331764705882353,NaN
ru,pos_syl,50,2,0.538823529411765,0.526
ru,pos_syl,25,1,0.298823529411765,0.289
ru,pos,50,2,0.409411764705882,0.395
ru,syl,50,1,0.211764705882353,0.208
ru,token,100,2,0.135294117647059,NaN
ru,token,100,1,0.381176470588235,0.364
ru,pos,100,1,0.3,NaN
ru,syl,50,2,0.515294117647059,0.5
ru,pos_syl,50,1,0.417647058823529,0.399
ru,pos,100,2,0.468235294117647,0.451
ru,syl,100,1,0.357647058823529,NaN
ru,token,100,2,0.189411764705882,0.185
ru,pos_syl,50,2,0.62,0.611
ru,syl,100,2,0.763529411764706,0.757
ru,pos,100,1,0.255294117647059,0.239
ru,pos_syl,100,1,0.622352941176471,0.612
ru,token,100,1,0.356470588235294,0.34
ru,pos,100,2,0.505882352941176,0.49
ru,syl,100,1,0.415294117647059,0.4
ru,pos_syl,100,2,0.777647058823529,0.768
ru,syl,100,2,0.745882352941176,0.741
ru,token,100,2,0.16,NaN
ru,pos_syl,100,1,0.66,0.64
ru,token,200,1,0.595294117647059,0.581
ru,pos,100,1,0.290588235294118,0.284
ru,pos_syl,25,2,0.531764705882353,0.519
ru,token,50,1,0.309411764705882,0.3
ru,pos_syl,25,2,0.514117647058824,0.496
ru,pos,100,2,0.462352941176471,0.449
ru,pos_syl,100,2,0.823529411764706,0.818
ru,syl,100,1,0.36,NaN
ru,token,50,1,0.224705882352941,NaN
ru,token,200,2,0.324705882352941,NaN
ru,syl,100,2,0.781176470588235,0.776
ru,token,200,1,0.551764705882353,0.53
ru,pos,200,1,0.402352941176471,0.392
ru,pos_syl,100,1,0.521176470588235,0.5
ru,token,50,2,0.0988235294117647,NaN
ru,pos,50,1,0.174117647058824,0.161
ru,pos,200,2,0.657647058823529,0.644
ru,token,50,2,0.145882352941176,NaN
ru,pos_syl,100,2,0.752941176470588,0.746
ru,pos,50,2,0.369411764705882,0.352
ru,syl,200,1,0.504705882352941,0.495
ru,token,200,2,0.303529411764706,NaN
ru,pos,50,1,0.164705882352941,NaN
ru,syl,50,1,0.235294117647059,NaN
ru,pos,200,1,0.471764705882353,0.46
ru,syl,50,2,0.501176470588235,0.495
ru,token,200,1,0.609411764705882,0.605
ru,syl,200,2,0.918823529411765,0.918
ru,pos,50,2,0.384705882352941,0.368
ru,pos_syl,50,1,0.430588235294118,0.417
ru,pos_syl,200,1,0.803529411764706,0.798
ru,syl,50,1,0.247058823529412,NaN
ru,pos,200,2,0.694117647058824,0.681
ru,syl,50,2,0.585882352941177,0.575
ru,syl,200,1,0.524705882352941,0.516
ru,pos_syl,50,1,0.441176470588235,0.43
ru,pos_syl,50,2,0.570588235294118,0.565
ru,token,200,2,0.296470588235294,0.274
ru,syl,200,2,0.898823529411765,0.896
ru,pos_syl,200,2,0.92,0.919
ru,pos,200,1,0.461176470588235,0.432
ru,pos_syl,200,1,0.802352941176471,0.798
ru,token,100,1,0.416470588235294,NaN
ru,pos_syl,50,2,0.591764705882353,0.58
ru,token,300,1,0.688235294117647,0.68
ru,pos,200,2,0.691764705882353,0.685
ru,token,100,1,0.364705882352941,0.355
ru,syl,200,1,0.554117647058823,0.551
ru,pos_syl,200,2,0.888235294117647,0.885
ru,token,100,2,0.149411764705882,NaN
ru,syl,200,2,0.936470588235294,0.936
ru,pos,100,1,0.296470588235294,NaN
ru,token,300,1,0.643529411764706,0.632
ru,pos_syl,200,1,0.82,0.818
ru,token,100,2,0.201176470588235,NaN
ru,token,300,2,0.430588235294118,0.408
ru,pos,100,1,0.317647058823529,0.309
ru,pos,300,1,0.490588235294118,0.47
ru,pos,100,2,0.485882352941176,0.462
ru,syl,100,1,0.4,0.386
ru,syl,100,2,0.758823529411765,0.745
ru,pos_syl,200,2,0.902352941176471,0.902
ru,pos,100,2,0.501176470588235,0.485
ru,syl,100,1,0.321176470588235,0.294
ru,pos_syl,100,1,0.612941176470588,0.588
ru,pos,300,2,0.776470588235294,0.771
ru,token,300,2,0.405882352941176,0.389
ru,syl,300,1,0.624705882352941,0.617
ru,syl,100,2,0.791764705882353,0.788
ru,token,300,1,0.611764705882353,0.6
ru,pos,300,1,0.552941176470588,0.545
ru,pos_syl,100,1,0.6,0.579
ru,pos_syl,100,2,0.755294117647059,0.748
ru,syl,300,2,0.948235294117647,0.948
ru,pos_syl,300,1,0.901176470588235,0.899
ru,pos,300,2,0.754117647058824,0.736
ru,token,200,1,0.596470588235294,0.576
ru,syl,300,1,0.6,0.594
ru,pos_syl,100,2,0.768235294117647,0.757
ru,token,300,2,0.377647058823529,0.351
ru,pos,300,1,0.48,0.46
ru,syl,300,2,0.969411764705882,0.969
ru,token,200,1,0.557647058823529,0.538
ru,pos_syl,300,2,0.930588235294118,0.93
ru,pos_syl,300,1,0.902352941176471,0.902
ru,token,200,2,0.362352941176471,0.345
ru,pos,200,1,0.357647058823529,0.346
ru,token,500,1,0.705882352941177,0.703
ru,pos,300,2,0.754117647058824,0.737
ru,syl,300,1,0.543529411764706,0.54
ru,token,200,2,0.250588235294118,0.235
ru,pos,200,1,0.36,0.349
ru,pos_syl,300,2,0.950588235294118,0.951
ru,syl,300,2,0.930588235294118,0.931
ru,pos,200,2,0.658823529411765,0.648
ru,syl,200,1,0.492941176470588,0.481
ru,pos_syl,300,1,0.871764705882353,0.871
ru,token,500,1,0.730588235294118,0.723
ru,syl,200,2,0.897647058823529,0.895
ru,pos,200,2,0.624705882352941,0.615
ru,syl,200,1,0.501176470588235,0.489
ru,pos_syl,200,1,0.797647058823529,0.787
ru,token,500,2,0.544705882352941,0.531
ru,pos,500,1,0.663529411764706,0.649
ru,syl,200,2,0.94,0.938
ru,pos_syl,300,2,0.949411764705882,0.949
ru,pos_syl,200,1,0.789411764705882,0.781
ru,pos_syl,200,2,0.938823529411765,0.939
ru,token,500,1,0.734117647058824,0.727
ru,token,500,2,0.544705882352941,0.533
ru,pos,500,2,0.857647058823529,0.853
ru,token,300,1,0.618823529411765,0.594
ru,pos,500,1,0.691764705882353,0.671
ru,syl,500,1,0.790588235294118,0.783
ru,pos_syl,200,2,0.904705882352941,0.901
ru,token,300,1,0.611764705882353,0.594
ru,syl,500,2,0.997647058823529,0.998
ru,pos,500,2,0.881176470588235,0.875
ru,pos_syl,500,1,0.936470588235294,0.935
ru,syl,500,1,0.784705882352941,0.778
ru,token,500,2,0.547058823529412,0.531
ru,token,300,2,0.389411764705882,0.369
ru,pos,500,1,0.668235294117647,0.65
ru,pos,300,1,0.489411764705882,0.476
ru,token,300,2,0.429411764705882,0.415
ru,syl,500,2,0.991764705882353,0.992
ru,pos,300,1,0.514117647058824,0.5
ru,pos_syl,500,2,0.965882352941177,0.965
ru,pos_syl,500,1,0.978823529411765,0.978
ru,pos,300,2,0.789411764705882,0.78
ru,syl,300,1,0.624705882352941,0.607
ru,pos,500,2,0.838823529411765,0.832
ru,syl,500,1,0.714117647058824,0.71
ru,token,750,1,0.769411764705882,NA
ru,pos,300,2,0.770588235294118,0.762
ru,syl,300,2,0.98,0.98
ru,syl,300,1,0.607058823529412,0.597
ru,pos_syl,300,1,0.891764705882353,0.891
ru,syl,500,2,0.989411764705882,0.989
ru,pos_syl,500,2,0.969411764705882,0.969
ru,syl,300,2,0.957647058823529,0.957
ru,pos_syl,500,1,0.956470588235294,0.956
ru,pos_syl,300,1,0.884705882352941,0.882
ru,token,750,1,0.775294117647059,0.748
ru,pos_syl,300,2,0.956470588235294,0.956
ru,token,750,2,0.544705882352941,0.518
ru,token,500,1,0.781176470588235,0.779
ru,pos_syl,300,2,0.930588235294118,0.93
ru,pos,750,1,0.750588235294118,0.747
ru,pos_syl,500,2,0.969411764705882,0.969
ru,token,500,1,0.767058823529412,0.753
ru,token,750,1,0.757647058823529,0.727
ru,token,750,2,0.570588235294118,0.54
ru,pos,750,2,0.904705882352941,0.903
ru,pos,750,1,0.722352941176471,0.716
ru,syl,750,1,0.835294117647059,0.827
ru,token,500,2,0.518823529411765,0.5
ru,pos,500,1,0.664705882352941,0.647
ru,token,500,2,0.510588235294118,0.49
ru,syl,750,2,1,1
ru,token,750,2,0.609411764705882,0.588
ru,pos,500,1,0.684705882352941,0.68
ru,pos,750,1,0.792941176470588,0.79
ru,pos_syl,750,1,0.954117647058824,0.953
ru,pos,750,2,0.950588235294118,0.949
ru,pos,500,2,0.850588235294118,0.846
ru,syl,750,1,0.838823529411765,0.834
ru,syl,500,1,0.750588235294118,0.751
ru,pos,500,2,0.908235294117647,0.902
ru,syl,500,1,0.74,0.735
ru,syl,500,2,0.987058823529412,0.987
ru,pos,750,2,0.923529411764706,0.92
ru,syl,750,2,0.997647058823529,0.998
ru,pos_syl,750,2,0.970588235294118,0.97
ru,syl,750,1,0.857647058823529,0.841
ru,pos_syl,500,1,0.951764705882353,0.951
ru,pos_syl,750,1,0.977647058823529,0.978
ru,token,1000,1,0.845333333333333,0.795
ru,syl,500,2,0.991764705882353,0.992
ru,pos_syl,500,1,0.975294117647059,0.975
ru,syl,750,2,0.996470588235294,0.996
ru,pos_syl,750,1,0.974117647058824,0.974
ru,pos_syl,500,2,0.941176470588235,0.94
ru,pos_syl,750,2,0.962352941176471,0.962
ru,token,750,1,0.748235294117647,0.73
ru,pos_syl,500,2,0.995294117647059,0.995
ru,token,1000,1,0.853333333333333,0.816
ru,pos_syl,750,2,0.981176470588235,0.981
ru,token,750,1,0.741176470588235,0.71
ru,token,1000,2,0.628,0.564
ru,pos,1000,1,0.846666666666667,0.853
ru,token,1000,1,0.786666666666667,0.725
ru,token,750,2,0.538823529411765,0.503
ru,pos,750,1,0.734117647058824,0.734
ru,token,1000,2,0.641333333333333,0.579
ru,pos,1000,2,0.953333333333333,0.942
ru,pos,1000,1,0.817333333333333,0.81
ru,syl,1000,1,0.838666666666667,0.812
ru,token,750,2,0.555294117647059,0.527
ru,pos,750,1,0.730588235294118,0.724
ru,pos,750,2,0.936470588235294,0.934
ru,syl,750,1,0.810588235294118,0.804
ru,token,1000,2,0.658666666666667,0.6
ru,pos,1000,1,0.869333333333333,0.869
ru,syl,1000,2,0.994666666666667,0.995
ru,pos,1000,2,0.941333333333333,0.92
ru,pos_syl,1000,1,0.997333333333333,0.998
ru,syl,1000,1,0.88,0.867
ru,pos,750,2,0.930588235294118,0.93
ru,syl,750,1,0.810588235294118,0.806
ru,syl,750,2,0.995294117647059,0.995
ru,pos_syl,750,1,0.98,0.98
ru,syl,1000,2,0.996,0.996
ru,pos,1000,2,0.946666666666667,0.935
ru,syl,750,2,0.996470588235294,0.996
ru,syl,1000,1,0.849333333333333,0.826
ru,pos_syl,1000,1,0.989333333333333,0.991
ru,pos_syl,1000,2,0.982666666666667,0.983
ru,pos_syl,750,1,0.969411764705882,0.969
ru,token,25,1,0.216470588235294,NaN
ru,pos_syl,750,2,0.963529411764706,0.963
ru,syl,1000,2,1,1
ru,token,25,2,0.0905882352941176,NaN
ru,pos_syl,1000,1,0.990666666666667,0.992
ru,pos,25,1,0.117647058823529,NaN
ru,token,1000,1,0.822666666666667,NA
ru,pos_syl,1000,2,0.981333333333333,0.979
ru,pos_syl,750,2,0.956470588235294,0.954
ru,pos,25,2,0.269411764705882,0.261
ru,syl,25,1,0.168235294117647,NaN
ru,token,25,1,0.204705882352941,0.189
ru,syl,25,2,0.364705882352941,0.355
ru,token,1000,1,0.809333333333333,NA
ru,pos_syl,25,1,0.304705882352941,NaN
ru,token,25,2,0.101176470588235,NaN
ru,pos_syl,1000,2,0.977333333333333,0.975
ru,pos,25,1,0.116470588235294,NaN
ru,token,25,1,0.194117647058824,NaN
ru,pos,25,2,0.298823529411765,0.278
ru,syl,25,1,0.18,NaN
ru,syl,25,2,0.447058823529412,0.431
ru,token,25,2,0.0835294117647059,NaN
ru,token,1000,2,0.582666666666667,NA
ru,pos,25,1,0.0929411764705882,NaN
ru,pos_syl,25,1,0.329411764705882,0.308
ru,pos,1000,1,0.814666666666667,0.804
ru,pos,25,2,0.32,NaN
ru,syl,25,1,0.214117647058824,NaN
ru,token,1000,2,0.661333333333333,NA
ru,syl,25,2,0.388235294117647,0.363
ru,pos,1000,1,0.838666666666667,0.837
ru,pos_syl,25,1,0.317647058823529,NaN
ru,pos,1000,2,0.936,0.917
ru,pos_syl,25,2,0.516470588235294,0.504
ru,syl,1000,1,0.897333333333333,0.88
ru,token,50,1,0.275294117647059,NaN
ru,pos,1000,2,0.953333333333333,0.941
ru,syl,1000,1,0.886666666666667,0.879
ru,syl,1000,2,0.997333333333333,0.998
ru,token,50,2,0.116470588235294,NaN
ru,pos,50,1,0.167058823529412,0.162
ru,pos_syl,1000,1,0.993333333333333,0.994
ru,pos_syl,25,2,0.543529411764706,0.531
ru,pos,50,2,0.363529411764706,0.344
ru,token,50,1,0.271764705882353,0.259
ru,syl,1000,2,0.998666666666667,0.999
ru,syl,50,1,0.257647058823529,NaN
ru,syl,50,2,0.527058823529412,0.514
ru,pos_syl,1000,1,0.985333333333333,0.987
ru,pos_syl,50,1,0.462352941176471,0.447
ru,pos_syl,25,2,0.530588235294118,0.516
ru,pos_syl,1000,2,0.985333333333333,0.986
ru,token,50,2,0.161176470588235,NaN
ru,pos,50,1,0.147058823529412,NaN
ru,pos_syl,50,2,0.562352941176471,0.543
ru,token,50,1,0.24,0.225
ru,token,25,1,0.176470588235294,0.17
ru,pos,50,2,0.350588235294118,0.337
ru,token,100,1,0.377647058823529,0.363
ru,syl,50,1,0.232941176470588,NaN
ru,pos_syl,1000,2,0.984,0.983
ru,syl,50,2,0.583529411764706,0.576
ru,token,25,2,0.103529411764706,NaN
ru,pos_syl,50,1,0.402352941176471,0.385
ru,pos,25,1,0.123529411764706,0.115
ru,token,25,1,0.183529411764706,NaN
ru,token,50,2,0.0823529411764706,NaN
ru,pos,50,1,0.183529411764706,NaN
ru,token,100,2,0.238823529411765,0.225
ru,pos,100,1,0.276470588235294,0.266
ru,pos,25,2,0.307058823529412,0.291
ru,pos_syl,50,2,0.557647058823529,0.538
ru,syl,25,1,0.197647058823529,NaN
ru,token,25,2,0.118823529411765,NaN
ru,pos,50,2,0.447058823529412,0.437
ru,pos,25,1,0.108235294117647,NaN
ru,syl,50,1,0.274117647058824,NaN
ru,syl,25,2,0.38,0.362
ru,syl,50,2,0.492941176470588,0.487
ru,pos,100,2,0.485882352941176,0.468
ru,token,100,1,0.390588235294118,0.373
ru,pos_syl,25,1,0.328235294117647,NaN
ru,syl,100,1,0.371764705882353,0.357
ru,pos,25,2,0.249411764705882,0.235
ru,pos_syl,50,1,0.395294117647059,0.375
ru,syl,25,1,0.241176470588235,NaN
ru,syl,100,2,0.789411764705882,0.786
ru,syl,25,2,0.376470588235294,0.365
ru,pos_syl,100,1,0.615294117647059,0.594
ru,pos_syl,25,1,0.351764705882353,0.341
ru,pos_syl,50,2,0.572941176470588,0.561
ru,token,100,2,0.215294117647059,0.207
ru,pos,100,1,0.311764705882353,0.295
ru,token,100,1,0.387058823529412,0.374
ru,pos_syl,100,2,0.769411764705882,0.767
ru,pos,100,2,0.491764705882353,0.476
ru,syl,100,1,0.290588235294118,0.267
ru,token,200,1,0.472941176470588,0.461
ru,syl,100,2,0.697647058823529,0.697
ru,token,100,2,0.196470588235294,NaN
ru,pos_syl,100,1,0.555294117647059,0.547
ru,pos,100,1,0.244705882352941,NaN
ru,token,200,2,0.343529411764706,NaN
ru,pos,100,2,0.504705882352941,0.494
ru,pos_syl,100,2,0.741176470588235,0.734
ru,pos,200,1,0.502352941176471,0.492
ru,syl,100,1,0.328235294117647,0.313
ru,pos_syl,25,2,0.474117647058824,0.463
ru,syl,100,2,0.76,0.754
ru,token,200,1,0.543529411764706,0.531
ru,pos_syl,100,1,0.591764705882353,0.582
ru,token,50,1,0.250588235294118,0.237
ru,pos,200,2,0.638823529411765,0.629
ru,syl,200,1,0.563529411764706,0.556
ru,pos_syl,25,2,0.497647058823529,0.483
ru,syl,200,2,0.890588235294118,0.891
ru,pos_syl,100,2,0.791764705882353,0.79
ru,token,50,1,0.274117647058824,NaN
ru,token,200,2,0.26,0.254
ru,pos_syl,200,1,0.787058823529412,0.784
ru,pos,200,1,0.432941176470588,0.414
ru,token,50,2,0.1,NaN
ru,token,200,1,0.496470588235294,0.479
ru,pos,50,1,0.163529411764706,NaN
ru,pos,200,2,0.616470588235294,0.603
ru,pos_syl,200,2,0.915294117647059,0.914
ru,pos,50,2,0.301176470588235,0.282
ru,syl,200,1,0.516470588235294,0.506
ru,token,50,2,0.130588235294118,NaN
ru,syl,50,1,0.250588235294118,NaN
ru,pos,50,1,0.195294117647059,NaN
ru,syl,50,2,0.587058823529412,0.577
ru,token,200,2,0.256470588235294,NaN
ru,syl,200,2,0.945882352941177,0.946
ru,token,300,1,0.663529411764706,0.658
ru,pos,200,1,0.428235294117647,0.42
ru,pos_syl,50,1,0.404705882352941,0.384
ru,pos_syl,200,1,0.812941176470588,0.807
ru,pos,50,2,0.365882352941176,0.351
ru,syl,50,1,0.210588235294118,NaN
ru,syl,50,2,0.575294117647059,0.552
ru,pos,200,2,0.685882352941176,0.669
ru,pos_syl,50,2,0.547058823529412,0.535
ru,syl,200,1,0.523529411764706,0.518
ru,pos_syl,50,1,0.417647058823529,0.395
ru,pos_syl,200,2,0.911764705882353,0.911
ru,token,300,2,0.376470588235294,0.361
ru,token,100,1,0.383529411764706,0.366
ru,syl,200,2,0.908235294117647,0.909
ru,pos,300,1,0.54,NaN
ru,token,300,1,0.623529411764706,0.601
ru,pos_syl,50,2,0.574117647058824,0.564
ru,pos_syl,200,1,0.775294117647059,0.763
ru,token,100,1,0.437647058823529,0.425
ru,pos,300,2,0.738823529411765,0.726
ru,token,100,2,0.192941176470588,0.181
ru,syl,300,1,0.629411764705882,0.621
ru,pos_syl,200,2,0.904705882352941,0.902
ru,pos,100,1,0.263529411764706,0.252
ru,token,300,2,0.314117647058824,0.298
ru,syl,300,2,0.945882352941177,0.944
ru,pos,300,1,0.514117647058824,0.495
ru,token,300,1,0.668235294117647,0.653
ru,token,100,2,0.147058823529412,NaN
ru,pos,100,2,0.475294117647059,0.46
ru,pos_syl,300,1,0.903529411764706,0.902
ru,pos,100,1,0.249411764705882,0.231
ru,syl,100,1,0.34,0.323
ru,syl,100,2,0.783529411764706,0.779
ru,pos,300,2,0.74,0.729
ru,pos_syl,100,1,0.521176470588235,0.502
ru,pos,100,2,0.536470588235294,0.52
ru,syl,300,1,0.623529411764706,0.609
ru,syl,100,1,0.318823529411765,0.308
ru,pos_syl,300,2,0.948235294117647,0.948
ru,syl,100,2,0.758823529411765,0.755
ru,token,300,2,0.375294117647059,0.368
ru,syl,300,2,0.985882352941176,0.986
ru,pos,300,1,0.485882352941176,0.466
ru,pos_syl,100,1,0.561176470588235,0.555
ru,pos_syl,100,2,0.787058823529412,0.782
ru,pos_syl,300,1,0.908235294117647,0.908
ru,token,500,1,0.676470588235294,0.669
ru,token,200,1,0.568235294117647,0.549
ru,pos_syl,100,2,0.743529411764706,0.732
ru,pos,300,2,0.792941176470588,0.789
ru,syl,300,1,0.642352941176471,0.633
ru,pos_syl,300,2,0.951764705882353,0.952
ru,token,200,1,0.528235294117647,0.513
ru,syl,300,2,0.963529411764706,0.963
ru,token,500,1,0.745882352941176,0.739
ru,token,200,2,0.28,NaN
ru,pos_syl,300,1,0.881176470588235,0.88
ru,pos,200,1,0.395294117647059,NaN
ru,token,500,2,0.528235294117647,0.511
ru,pos,500,1,0.616470588235294,0.605
ru,token,200,2,0.307058823529412,0.281
ru,pos,200,1,0.397647058823529,0.37
ru,pos,200,2,0.630588235294118,0.612
ru,syl,200,1,0.525882352941176,0.505
ru,pos_syl,300,2,0.944705882352941,0.945
ru,pos,200,2,0.612941176470588,0.595
ru,syl,200,2,0.924705882352941,0.924
ru,pos,500,2,0.889411764705882,0.886
ru,token,500,2,0.575294117647059,0.552
ru,syl,200,1,0.58,0.577
ru,syl,500,1,0.78,0.77
ru,token,500,1,0.767058823529412,0.756
ru,pos,500,1,0.710588235294118,0.712
ru,pos_syl,200,1,0.728235294117647,0.716
ru,syl,200,2,0.902352941176471,0.9
ru,syl,500,2,0.98,0.98
ru,pos_syl,200,1,0.794117647058823,0.791
ru,pos_syl,200,2,0.878823529411765,0.875
ru,pos_syl,500,1,0.969411764705882,0.97
ru,pos,500,2,0.92,0.92
ru,syl,500,1,0.735294117647059,0.728
ru,token,300,1,0.652941176470588,0.64
ru,pos_syl,200,2,0.856470588235294,0.852
ru,token,500,2,0.545882352941176,0.526
ru,pos,500,1,0.656470588235294,0.643
ru,token,300,1,0.585882352941177,0.566
ru,syl,500,2,0.985882352941176,0.986
ru,pos_syl,500,2,0.978823529411765,0.979
ru,pos_syl,500,1,0.951764705882353,0.952
ru,token,300,2,0.403529411764706,0.391
ru,token,750,1,0.784705882352941,NA
ru,pos,300,1,0.522352941176471,0.507
ru,pos,500,2,0.892941176470588,0.89
ru,syl,500,1,0.737647058823529,0.727
ru,token,300,2,0.38,0.371
ru,pos,300,1,0.528235294117647,0.514
ru,pos_syl,500,2,0.978823529411765,0.979
ru,pos,300,2,0.769411764705882,0.757
ru,syl,300,1,0.675294117647059,0.666
ru,syl,500,2,0.991764705882353,0.992
ru,pos_syl,500,1,0.964705882352941,0.964
ru,token,750,1,0.732941176470588,NA
ru,pos,300,2,0.745882352941176,0.741
ru,syl,300,2,0.937647058823529,0.933
ru,syl,300,1,0.691764705882353,0.684
ru,pos_syl,300,1,0.924705882352941,0.923
ru,token,750,2,0.542352941176471,0.507
ru,pos,750,1,0.812941176470588,0.812
ru,syl,300,2,0.955294117647059,0.955
ru,pos_syl,300,1,0.902352941176471,0.901
ru,pos_syl,500,2,0.974117647058824,0.974
ru,pos_syl,300,2,0.941176470588235,0.94
ru,token,750,1,0.743529411764706,0.709
ru,pos,750,2,0.932941176470588,0.932
ru,syl,750,1,0.870588235294118,0.87
ru,pos_syl,300,2,0.927058823529412,0.926
ru,token,500,1,0.749411764705882,0.745
ru,token,750,2,0.607058823529412,0.58
ru,pos,750,1,0.744705882352941,0.743
ru,token,500,1,0.745882352941176,0.734
ru,syl,750,2,1,1
ru,pos_syl,750,1,0.978823529411765,0.979
ru,pos,750,2,0.945882352941177,0.945
ru,token,500,2,0.581176470588235,0.558
ru,syl,750,1,0.757647058823529,0.759
ru,token,750,2,0.563529411764706,NA
ru,pos,500,1,0.678823529411765,0.666
ru,pos,750,1,0.747058823529412,0.75
ru,token,500,2,0.508235294117647,0.481
ru,pos,500,1,0.690588235294118,0.673
ru,pos_syl,750,2,0.962352941176471,0.962
ru,syl,750,2,0.991764705882353,0.992
ru,pos_syl,750,1,0.970588235294118,0.971
ru,pos,500,2,0.88,0.877
ru,token,1000,1,0.801333333333333,0.765
ru,syl,500,1,0.750588235294118,0.748
ru,pos,750,2,0.916470588235294,0.914
ru,syl,750,1,0.830588235294118,0.828
ru,pos,500,2,0.868235294117647,0.86
ru,syl,500,1,0.770588235294118,0.766
ru,syl,500,2,0.995294117647059,0.995
ru,pos_syl,500,1,0.935294117647059,0.935
ru,pos_syl,750,2,0.967058823529412,0.965
ru,syl,750,2,0.995294117647059,0.995
ru,syl,500,2,0.991764705882353,0.992
ru,pos_syl,750,1,0.976470588235294,0.977
ru,pos_syl,500,1,0.937647058823529,0.938
ru,token,1000,1,0.804,0.74
ru,token,1000,2,0.697333333333333,NA
ru,pos_syl,500,2,0.969411764705882,0.969
ru,pos,1000,1,0.809333333333333,0.825
ru,pos_syl,500,2,0.984705882352941,0.985
ru,token,750,1,0.797647058823529,0.772
ru,pos_syl,750,2,0.942352941176471,0.941
ru,token,750,1,0.756470588235294,0.738
ru,token,1000,1,0.824,0.739
ru,pos,1000,2,0.918666666666667,0.893
ru,syl,1000,1,0.821333333333333,0.796
ru,token,1000,2,0.682666666666667,0.64
ru,pos,1000,1,0.809333333333333,0.822
ru,syl,1000,2,0.993333333333333,0.994
ru,token,750,2,0.558823529411765,0.554
ru,pos,750,1,0.781176470588235,0.778
ru,pos_syl,1000,1,0.986666666666667,0.986
ru,token,750,2,0.589411764705882,0.566
ru,pos,750,1,0.762352941176471,0.76
ru,pos,1000,2,0.942666666666667,0.937
ru,token,1000,2,0.702666666666667,0.658
ru,syl,1000,1,0.896,0.854
ru,pos,1000,1,0.826666666666667,0.837
ru,pos,750,2,0.894117647058824,0.888
ru,syl,750,1,0.8,0.789
ru,syl,1000,2,0.998666666666667,0.999
ru,pos,750,2,0.924705882352941,0.918
ru,pos_syl,1000,2,0.961333333333333,0.962
ru,syl,750,1,0.850588235294118,0.844
ru,pos_syl,1000,1,0.996,0.995
ru,token,25,1,0.142352941176471,NaN
ru,pos,1000,2,0.948,0.939
ru,syl,1000,1,0.789333333333333,0.787
ru,syl,750,2,1,1
ru,pos_syl,750,1,0.990588235294118,0.991
ru,token,25,2,0.109411764705882,NaN
ru,syl,750,2,1,1
ru,pos,25,1,0.165882352941176,NaN
ru,pos_syl,750,1,0.976470588235294,0.976
ru,syl,1000,2,1,1
ru,pos_syl,1000,2,0.984,0.984
ru,pos,25,2,0.28,0.263
ru,syl,25,1,0.198823529411765,NaN
ru,pos_syl,1000,1,0.990666666666667,0.992
ru,syl,25,2,0.357647058823529,0.331
ru,token,25,1,0.150588235294118,NaN
ru,pos_syl,750,2,0.961176470588235,0.96
ru,pos_syl,25,1,0.284705882352941,0.267
ru,token,25,2,0.0835294117647059,NaN
ru,pos_syl,750,2,0.964705882352941,0.963
ru,pos,25,1,0.0835294117647059,NaN
ru,token,1000,1,0.816,0.766
ru,pos_syl,1000,2,0.984,0.985
ru,token,1000,1,0.805333333333333,0.783
ru,pos,25,2,0.317647058823529,0.308
ru,syl,25,1,0.155294117647059,NaN
ru,syl,25,2,0.397647058823529,0.387
ru,token,25,1,0.149411764705882,NaN
ru,pos_syl,25,1,0.277647058823529,0.265
ru,token,25,2,0.0917647058823529,NaN
ru,pos,25,1,0.188235294117647,NaN
ru,pos,25,2,0.316470588235294,NaN
ru,syl,25,1,0.188235294117647,NaN
ru,token,1000,2,0.62,NaN
ru,syl,25,2,0.449411764705882,0.428
ru,pos,1000,1,0.848,0.851
ru,pos_syl,25,1,0.289411764705882,NaN
ru,token,1000,2,0.625333333333333,NA
ru,pos,1000,1,0.849333333333333,0.854
ru,pos_syl,25,2,0.516470588235294,0.505
ru,token,50,1,0.269411764705882,0.255
ru,pos,1000,2,0.968,0.965
ru,syl,1000,1,0.877333333333333,0.865
ru,pos,1000,2,0.94,0.919
ru,pos_syl,25,2,0.467058823529412,0.46
ru,syl,1000,1,0.897333333333333,0.885
ru,token,50,1,0.22,0.216
ru,token,50,2,0.103529411764706,NaN
ru,syl,1000,2,1,1
ru,pos,50,1,0.184705882352941,NaN
ru,pos_syl,1000,1,0.988,0.988
ru,pos,50,2,0.397647058823529,0.384
ru,syl,50,1,0.256470588235294,NaN
ru,syl,1000,2,1,1
ru,token,50,2,0.0941176470588235,NaN
ru,pos_syl,25,2,0.472941176470588,0.464
ru,syl,50,2,0.569411764705882,0.558
ru,pos,50,1,0.165882352941176,0.159
ru,pos_syl,1000,1,0.988,0.987
ru,pos_syl,50,1,0.372941176470588,0.355
ru,token,50,1,0.236470588235294,NaN
ru,pos,50,2,0.325882352941176,0.307
ru,syl,50,1,0.251764705882353,NaN
ru,pos_syl,1000,2,0.973333333333333,0.973
ru,syl,50,2,0.554117647058823,0.536
ru,pos_syl,50,2,0.578823529411765,0.558
ru,pos_syl,50,1,0.383529411764706,NaN
ru,token,25,1,0.189411764705882,0.183
ru,token,50,2,0.204705882352941,NaN
ru,token,100,1,0.423529411764706,0.402
ru,pos,50,1,0.196470588235294,NaN
ru,pos_syl,1000,2,0.98,0.98
ru,pos_syl,50,2,0.545882352941176,0.526
ru,token,25,2,0.12,NaN
ru,pos,25,1,0.125882352941176,NaN
ru,pos,50,2,0.435294117647059,0.414
ru,token,25,1,0.188235294117647,NaN
ru,syl,50,1,0.245882352941176,NaN
ru,token,100,1,0.388235294117647,0.366
ru,syl,50,2,0.544705882352941,0.536
ru,token,100,2,0.188235294117647,NaN
ru,pos,25,2,0.342352941176471,0.329
ru,pos,100,1,0.292941176470588,NaN
ru,syl,25,1,0.175294117647059,NaN
ru,pos_syl,50,1,0.437647058823529,0.422
ru,token,25,2,0.0552941176470588,NaN
ru,syl,25,2,0.36,0.345
ru,pos,25,1,0.188235294117647,NaN
ru,pos_syl,25,1,0.276470588235294,0.265
ru,pos,100,2,0.475294117647059,0.459
ru,token,100,2,0.196470588235294,NaN
ru,syl,100,1,0.344705882352941,0.335
ru,pos,25,2,0.288235294117647,0.275
ru,pos_syl,50,2,0.662352941176471,0.652
ru,pos,100,1,0.256470588235294,NaN
ru,syl,25,1,0.182352941176471,NaN
ru,syl,100,2,0.741176470588235,0.731
ru,syl,25,2,0.355294117647059,0.348
ru,token,100,1,0.437647058823529,0.429
ru,pos_syl,100,1,0.62,0.61
ru,pos_syl,25,1,0.298823529411765,NaN
ru,pos,100,2,0.564705882352941,0.552
ru,syl,100,1,0.324705882352941,NaN
ru,syl,100,2,0.723529411764706,0.718
ru,pos_syl,100,2,0.767058823529412,0.762
ru,token,100,2,0.192941176470588,NaN
ru,pos_syl,100,1,0.548235294117647,0.53
ru,pos,100,1,0.316470588235294,0.297
ru,token,200,1,0.583529411764706,0.572
ru,pos,100,2,0.567058823529412,0.553
ru,pos_syl,100,2,0.743529411764706,0.738
ru,syl,100,1,0.295294117647059,NaN
ru,syl,100,2,0.734117647058824,0.726
ru,token,200,1,0.563529411764706,0.552
ru,token,200,2,0.297647058823529,0.282
ru,pos_syl,100,1,0.664705882352941,0.65
ru,pos,200,1,0.454117647058824,0.443
ru,pos_syl,25,2,0.524705882352941,0.509
ru,token,50,1,0.250588235294118,0.242
ru,pos_syl,100,2,0.754117647058824,0.738
ru,pos,200,2,0.624705882352941,0.617
ru,token,200,2,0.302352941176471,0.283
ru,syl,200,1,0.474117647058824,0.467
ru,pos,200,1,0.391764705882353,NaN
ru,token,200,1,0.531764705882353,0.505
ru,pos_syl,25,2,0.474117647058824,0.46
ru,syl,200,2,0.895294117647059,0.894
ru,token,50,1,0.278823529411765,0.27
ru,token,50,2,0.118823529411765,NaN
ru,pos_syl,200,1,0.804705882352941,0.801
ru,pos,50,1,0.175294117647059,NaN
ru,pos,200,2,0.698823529411765,0.687
ru,syl,200,1,0.488235294117647,0.48
ru,token,200,2,0.277647058823529,0.26
ru,syl,200,2,0.915294117647059,0.916
ru,pos,50,2,0.348235294117647,0.33
ru,pos,200,1,0.388235294117647,NaN
ru,syl,50,1,0.198823529411765,0.197
ru,token,50,2,0.101176470588235,NaN
ru,pos_syl,200,1,0.721176470588235,0.708
ru,pos_syl,200,2,0.932941176470588,0.932
ru,syl,50,2,0.509411764705882,0.496
ru,pos,50,1,0.177647058823529,NaN
ru,pos_syl,50,1,0.382352941176471,0.375
ru,token,300,1,0.635294117647059,0.619
ru,pos,200,2,0.665882352941176,0.653
ru,syl,200,1,0.442352941176471,0.439
ru,pos,50,2,0.395294117647059,0.38
ru,pos_syl,200,2,0.918823529411765,0.918
ru,syl,50,1,0.236470588235294,0.231
ru,pos_syl,50,2,0.590588235294118,0.581
ru,syl,50,2,0.561176470588235,0.542
ru,syl,200,2,0.943529411764706,0.943
ru,token,300,1,0.597647058823529,0.582
ru,pos_syl,50,1,0.452941176470588,0.43
ru,pos_syl,200,1,0.834117647058824,0.832
ru,token,100,1,0.352941176470588,0.333
ru,token,300,2,0.371764705882353,0.356
ru,pos,300,1,0.531764705882353,0.512
ru,pos_syl,50,2,0.595294117647059,0.584
ru,pos_syl,200,2,0.917647058823529,0.917
ru,token,100,2,0.187058823529412,NaN
ru,token,100,1,0.354117647058824,0.338
ru,pos,100,1,0.307058823529412,0.293
ru,token,300,2,0.396470588235294,0.381
ru,token,300,1,0.628235294117647,0.614
ru,pos,300,1,0.524705882352941,0.512
ru,pos,300,2,0.784705882352941,0.776
ru,syl,300,1,0.570588235294118,0.557
ru,pos,100,2,0.529411764705882,0.513
ru,syl,100,1,0.304705882352941,0.29
ru,syl,300,2,0.978823529411765,0.979
ru,token,100,2,0.16,NaN
ru,pos,100,1,0.275294117647059,NaN
ru,pos,300,2,0.817647058823529,0.812
ru,syl,100,2,0.725882352941176,0.719
ru,syl,300,1,0.610588235294118,0.599
ru,pos_syl,300,1,0.897647058823529,0.895
ru,pos_syl,100,1,0.651764705882353,0.638
ru,token,300,2,0.416470588235294,0.395
ru,pos,100,2,0.470588235294118,0.45
ru,syl,300,2,0.962352941176471,0.962
ru,pos,300,1,0.528235294117647,0.514
ru,syl,100,1,0.332941176470588,0.321
ru,pos_syl,300,1,0.887058823529412,0.882
ru,syl,100,2,0.795294117647059,0.795
ru,pos_syl,300,2,0.915294117647059,0.915
ru,pos_syl,100,2,0.769411764705882,0.759
ru,pos_syl,100,1,0.591764705882353,0.584
ru,pos,300,2,0.76,0.749
ru,token,200,1,0.552941176470588,0.537
ru,syl,300,1,0.602352941176471,0.597
ru,token,500,1,0.749411764705882,0.742
ru,pos_syl,300,2,0.921176470588235,0.921
ru,pos_syl,100,2,0.789411764705882,0.784
ru,syl,300,2,0.948235294117647,0.948
ru,token,500,1,0.708235294117647,0.694
ru,pos_syl,300,1,0.877647058823529,0.875
ru,token,200,1,0.567058823529412,0.549
ru,token,200,2,0.297647058823529,0.286
ru,pos,200,1,0.477647058823529,0.451
ru,token,500,2,0.616470588235294,0.603
ru,pos_syl,300,2,0.914117647058823,0.911
ru,pos,500,1,0.687058823529412,0.672
ru,pos,200,2,0.7,0.697
ru,token,200,2,0.263529411764706,NaN
ru,syl,200,1,0.545882352941176,0.526
ru,pos,200,1,0.407058823529412,0.394
ru,token,500,1,0.765882352941176,0.758
ru,syl,200,2,0.867058823529412,0.86
ru,token,500,2,0.6,0.585
ru,pos,500,1,0.635294117647059,0.625
ru,pos_syl,200,1,0.745882352941176,0.735
ru,pos,500,2,0.870588235294118,0.867
ru,pos,200,2,0.731764705882353,0.724
ru,syl,500,1,0.769411764705882,0.767
ru,syl,200,1,0.561176470588235,0.558
ru,syl,200,2,0.908235294117647,0.908
ru,pos_syl,200,2,0.894117647058824,0.894
ru,pos_syl,200,1,0.785882352941176,0.776
ru,pos,500,2,0.876470588235294,0.873
ru,syl,500,2,0.990588235294118,0.991
ru,syl,500,1,0.745882352941176,0.743
ru,token,500,2,0.576470588235294,0.556
ru,pos,500,1,0.691764705882353,0.683
ru,pos_syl,500,1,0.925882352941176,0.924
ru,token,300,1,0.681176470588235,0.667
ru,pos_syl,200,2,0.881176470588235,0.88
ru,syl,500,2,0.985882352941176,0.986
ru,pos_syl,500,1,0.923529411764706,0.923
ru,token,300,1,0.601176470588235,0.59
ru,pos,500,2,0.867058823529412,0.863
ru,pos_syl,500,2,0.949411764705882,0.949
ru,syl,500,1,0.730588235294118,0.729
ru,token,300,2,0.347058823529412,0.324
ru,pos,300,1,0.515294117647059,0.497
ru,token,750,1,0.765882352941176,NA
ru,syl,500,2,0.988235294117647,0.988
ru,pos_syl,500,2,0.971764705882353,0.971
ru,pos_syl,500,1,0.957647058823529,0.957
ru,token,300,2,0.448235294117647,0.437
ru,pos,300,2,0.810588235294118,0.807
ru,pos,300,1,0.594117647058824,0.589
ru,syl,300,1,0.591764705882353,0.583
ru,token,750,1,0.798823529411765,0.774
ru,syl,300,2,0.964705882352941,0.964
ru,pos_syl,300,1,0.915294117647059,0.916
ru,pos,300,2,0.723529411764706,0.72
ru,syl,300,1,0.577647058823529,0.574
ru,pos_syl,500,2,0.954117647058824,0.954
ru,token,750,2,0.578823529411765,NA
ru,pos,750,1,0.770588235294118,0.766
ru,syl,300,2,0.968235294117647,0.968
ru,token,750,1,0.764705882352941,0.741
ru,pos_syl,300,2,0.942352941176471,0.941
ru,pos_syl,300,1,0.889411764705882,0.887
ru,token,500,1,0.805882352941176,0.801
ru,token,750,2,0.574117647058824,NaN
ru,pos,750,1,0.722352941176471,0.718
ru,pos_syl,300,2,0.931764705882353,0.93
ru,pos,750,2,0.927058823529412,0.924
ru,syl,750,1,0.809411764705882,0.802
ru,token,500,1,0.757647058823529,0.751
ru,token,750,2,0.575294117647059,NA
ru,pos,750,2,0.907058823529412,0.899
ru,pos,750,1,0.770588235294118,0.774
ru,syl,750,1,0.812941176470588,0.801
ru,syl,750,2,0.998823529411765,0.999
ru,token,500,2,0.54,0.526
ru,pos_syl,750,1,0.967058823529412,0.967
ru,pos,500,1,0.690588235294118,0.677
ru,syl,750,2,0.991764705882353,0.992
ru,pos,750,2,0.891764705882353,0.89
ru,token,500,2,0.517647058823529,NaN
ru,pos_syl,750,1,0.968235294117647,0.968
ru,syl,750,1,0.837647058823529,0.832
ru,pos,500,2,0.910588235294118,0.908
ru,pos,500,1,0.689411764705882,0.678
ru,syl,500,1,0.72,0.715
ru,pos_syl,750,2,0.957647058823529,0.956
ru,syl,500,2,0.978823529411765,0.979
ru,token,1000,1,0.837333333333333,0.804
ru,syl,750,2,0.996470588235294,0.996
ru,pos,500,2,0.914117647058823,0.913
ru,pos_syl,500,1,0.923529411764706,0.921
ru,syl,500,1,0.787058823529412,0.787
ru,pos_syl,750,1,0.972941176470588,0.973
ru,pos_syl,750,2,0.936470588235294,0.935
ru,token,1000,1,0.798666666666667,0.73
ru,syl,500,2,1,1
ru,pos_syl,500,1,0.963529411764706,0.963
ru,pos_syl,500,2,0.975294117647059,0.975
ru,pos_syl,750,2,0.968235294117647,0.967
ru,token,750,1,0.722352941176471,0.684
ru,token,1000,1,0.814666666666667,0.728
ru,token,1000,2,0.670666666666667,NaN
ru,pos,1000,1,0.829333333333333,0.833
ru,pos_syl,500,2,0.970588235294118,0.97
ru,token,750,1,0.743529411764706,0.717
ru,token,1000,2,0.66,0.605
ru,pos,1000,1,0.802666666666667,0.804
ru,pos,1000,2,0.956,0.95
ru,syl,1000,1,0.888,0.876
ru,token,750,2,0.581176470588235,NaN
ru,pos,750,1,0.764705882352941,0.761
ru,token,1000,2,0.589333333333333,NA
ru,pos,1000,1,0.828,0.837
ru,pos,1000,2,0.973333333333333,0.972
ru,syl,1000,1,0.850666666666667,0.833
ru,syl,1000,2,1,1
ru,token,750,2,0.509411764705882,0.481
ru,pos,750,1,0.761176470588235,0.762
ru,pos_syl,1000,1,0.988,0.988
ru,pos,750,2,0.922352941176471,0.92
ru,syl,750,1,0.842352941176471,0.833
ru,pos,1000,2,0.936,0.923
ru,syl,1000,1,0.905333333333333,0.908
ru,syl,1000,2,1,1
ru,pos_syl,1000,1,0.994666666666667,0.995
ru,syl,750,2,0.991764705882353,0.992
ru,pos_syl,1000,2,0.98,0.98
ru,pos,750,2,0.896470588235294,0.893
ru,pos_syl,750,1,0.981176470588235,0.981
ru,syl,750,1,0.804705882352941,0.8
ru,syl,1000,2,1,1
ru,token,25,1,0.171764705882353,NaN
ru,pos_syl,1000,1,0.986666666666667,0.988
ru,syl,750,2,0.995294117647059,0.995
ru,token,25,2,0.0552941176470588,NaN
ru,pos_syl,1000,2,0.985333333333333,0.985
ru,pos,25,1,0.112941176470588,NaN
ru,pos_syl,750,1,0.982352941176471,0.982
ru,pos_syl,750,2,0.937647058823529,0.935
ru,token,25,1,0.147058823529412,NaN
ru,pos,25,2,0.350588235294118,0.336
ru,syl,25,1,0.222352941176471,NaN
ru,token,1000,1,0.821333333333333,0.771
ru,syl,25,2,0.4,0.391
ru,pos_syl,1000,2,0.986666666666667,0.988
ru,token,25,2,0.0976470588235294,NaN
ru,pos_syl,25,1,0.28,0.265
ru,pos,25,1,0.148235294117647,NaN
ru,token,25,1,0.14,NaN
ru,pos_syl,750,2,0.987058823529412,0.987
ru,pos,25,2,0.296470588235294,0.288
ru,syl,25,1,0.236470588235294,NaN
ru,syl,25,2,0.427058823529412,0.409
ru,token,25,2,0.0564705882352941,NaN
ru,pos,25,1,0.150588235294118,NaN
ru,token,1000,1,0.798666666666667,0.757
ru,pos_syl,25,1,0.308235294117647,0.291
ru,pos,25,2,0.348235294117647,0.334
ru,syl,25,1,0.172941176470588,NaN
ru,syl,25,2,0.350588235294118,0.334
ru,token,1000,2,0.608,NA
ru,pos_syl,25,1,0.267058823529412,0.261
ru,pos,1000,1,0.826666666666667,0.837
ru,pos_syl,25,2,0.477647058823529,0.463
ru,token,1000,2,0.649333333333333,NA
ru,pos,1000,1,0.788,0.794
ru,token,50,1,0.262352941176471,0.244
ru,pos,1000,2,0.949333333333333,0.941
ru,syl,1000,1,0.896,0.872
ru,pos_syl,25,2,0.523529411764706,0.503
ru,token,50,2,0.138823529411765,NaN
ru,pos,50,1,0.22,0.205
ru,token,50,1,0.262352941176471,0.248
ru,pos,1000,2,0.950666666666667,0.949
ru,syl,1000,2,1,1
ru,syl,1000,1,0.885333333333333,0.878
ru,pos,50,2,0.423529411764706,0.414
ru,pos_syl,1000,1,0.994666666666667,0.995
ru,syl,50,1,0.222352941176471,NaN
ru,pos_syl,25,2,0.547058823529412,0.538
ru,syl,50,2,0.585882352941177,0.571
ru,token,50,2,0.127058823529412,NaN
ru,pos,50,1,0.172941176470588,NaN
ru,pos_syl,50,1,0.364705882352941,0.344
ru,token,50,1,0.334117647058824,NaN
ru,syl,1000,2,1,1
ru,pos,50,2,0.449411764705882,0.438
ru,syl,50,1,0.318823529411765,0.313
ru,pos_syl,50,2,0.602352941176471,0.587
ru,pos_syl,1000,1,0.986666666666667,0.988
ru,syl,50,2,0.54,0.526
ru,pos_syl,1000,2,0.974666666666667,0.973
ru,token,100,1,0.391764705882353,0.376
ru,token,50,2,0.175294117647059,NaN
ru,pos_syl,50,1,0.382352941176471,0.359
ru,pos,50,1,0.188235294117647,NaN
ru,token,25,1,0.232941176470588,0.228
ru,pos,50,2,0.447058823529412,0.434
ru,pos_syl,50,2,0.597647058823529,0.584
ru,syl,50,1,0.290588235294118,NaN
ru,token,100,2,0.176470588235294,NaN
ru,token,25,2,0.129411764705882,NaN
ru,pos,100,1,0.298823529411765,NaN
ru,pos_syl,1000,2,0.970666666666667,0.968
ru,syl,50,2,0.572941176470588,0.564
ru,pos,25,1,0.158823529411765,NaN
ru,token,100,1,0.367058823529412,0.35
ru,pos_syl,50,1,0.451764705882353,0.44
ru,token,25,1,0.175294117647059,NaN
ru,pos,25,2,0.349411764705882,0.338
ru,pos,100,2,0.537647058823529,0.516
ru,syl,25,1,0.18,NaN
ru,syl,100,1,0.356470588235294,0.349
ru,syl,25,2,0.368235294117647,NaN
ru,syl,100,2,0.737647058823529,0.727
ru,pos_syl,50,2,0.592941176470588,0.579
ru,token,25,2,0.0882352941176471,NaN
ru,token,100,2,0.154117647058824,NaN
ru,pos_syl,25,1,0.335294117647059,0.312
ru,pos,25,1,0.115294117647059,NaN
ru,pos_syl,100,1,0.561176470588235,0.546
ru,pos,100,1,0.285882352941176,0.272
ru,token,100,1,0.337647058823529,0.327
ru,pos,25,2,0.323529411764706,0.302
ru,pos,100,2,0.497647058823529,0.48
ru,syl,25,1,0.169411764705882,0.166
ru,pos_syl,100,2,0.756470588235294,0.748
ru,syl,100,1,0.34,0.326
ru,syl,25,2,0.423529411764706,0.407
ru,syl,100,2,0.751764705882353,0.743
ru,pos_syl,25,1,0.276470588235294,0.254
ru,token,200,1,0.527058823529412,0.512
ru,token,100,2,0.224705882352941,NaN
ru,pos_syl,100,1,0.614117647058824,0.592
ru,pos,100,1,0.327058823529412,0.313
ru,pos,100,2,0.524705882352941,0.499
ru,syl,100,1,0.290588235294118,NaN
ru,pos_syl,100,2,0.763529411764706,0.758
ru,token,200,2,0.3,NaN
ru,syl,100,2,0.743529411764706,0.737
ru,pos,200,1,0.431764705882353,NaN
ru,token,200,1,0.5,0.492
ru,pos_syl,100,1,0.612941176470588,0.6
ru,pos,200,2,0.696470588235294,0.682
ru,pos_syl,25,2,0.508235294117647,0.493
ru,syl,200,1,0.517647058823529,0.5
ru,pos_syl,100,2,0.825882352941177,0.824
ru,token,200,2,0.334117647058824,0.319
ru,token,50,1,0.310588235294118,0.291
ru,syl,200,2,0.894117647058824,0.891
ru,pos,200,1,0.410588235294118,0.394
ru,token,200,1,0.572941176470588,0.556
ru,pos_syl,200,1,0.783529411764706,0.777
ru,pos,200,2,0.668235294117647,0.654
ru,pos_syl,25,2,0.467058823529412,0.451
ru,syl,200,1,0.542352941176471,0.525
ru,token,50,2,0.107058823529412,NaN
ru,token,200,2,0.275294117647059,0.258
ru,pos_syl,200,2,0.884705882352941,0.882
ru,pos,50,1,0.184705882352941,NaN
ru,token,50,1,0.235294117647059,0.218
ru,syl,200,2,0.918823529411765,0.918
ru,pos,200,1,0.429411764705882,0.413
ru,pos_syl,200,1,0.768235294117647,0.75
ru,token,300,1,0.641176470588235,0.63
ru,pos,50,2,0.374117647058824,0.366
ru,syl,50,1,0.264705882352941,NaN
ru,pos,200,2,0.661176470588235,0.654
ru,syl,50,2,0.554117647058823,0.542
ru,syl,200,1,0.438823529411765,0.436
ru,token,50,2,0.122352941176471,NaN
ru,pos,50,1,0.196470588235294,NaN
ru,pos_syl,50,1,0.404705882352941,0.385
ru,pos_syl,200,2,0.921176470588235,0.919
ru,syl,200,2,0.885882352941176,0.882
ru,pos_syl,200,1,0.770588235294118,0.765
ru,pos,50,2,0.384705882352941,0.367
ru,token,300,1,0.612941176470588,0.595
ru,syl,50,1,0.247058823529412,0.239
ru,token,300,2,0.388235294117647,0.379
ru,pos_syl,50,2,0.597647058823529,0.591
ru,pos,300,1,0.527058823529412,0.515
ru,syl,50,2,0.530588235294118,0.524
ru,token,100,1,0.364705882352941,0.343
ru,pos_syl,50,1,0.388235294117647,0.369
ru,pos_syl,200,2,0.897647058823529,0.897
ru,pos,300,2,0.762352941176471,0.752
ru,syl,300,1,0.652941176470588,0.648
ru,pos_syl,50,2,0.575294117647059,0.568
ru,token,300,1,0.638823529411765,0.625
ru,token,300,2,0.385882352941176,0.371
ru,pos,300,1,0.547058823529412,0.531
ru,token,100,2,0.191764705882353,NaN
ru,pos,100,1,0.222352941176471,NaN
ru,token,100,1,0.381176470588235,0.351
ru,syl,300,2,0.954117647058824,0.954
ru,pos_syl,300,1,0.901176470588235,0.895
ru,pos,100,2,0.484705882352941,0.468
ru,pos,300,2,0.82,0.816
ru,syl,100,1,0.361176470588235,0.352
ru,syl,300,1,0.555294117647059,0.55
ru,token,300,2,0.424705882352941,0.411
ru,pos,300,1,0.568235294117647,0.559
ru,token,100,2,0.194117647058824,NaN
ru,syl,100,2,0.74,0.735
ru,pos,100,1,0.217647058823529,NaN
ru,pos_syl,300,2,0.952941176470588,0.952
ru,pos_syl,100,1,0.542352941176471,0.532
ru,syl,300,2,0.947058823529412,0.947
ru,pos_syl,300,1,0.864705882352941,0.863
ru,pos,300,2,0.808235294117647,0.801
ru,pos,100,2,0.537647058823529,0.527
ru,token,500,1,0.775294117647059,0.769
ru,syl,300,1,0.712941176470588,0.698
ru,syl,100,1,0.410588235294118,0.394
ru,pos_syl,100,2,0.792941176470588,0.781
ru,syl,100,2,0.732941176470588,0.725
ru,token,200,1,0.515294117647059,0.502
ru,pos_syl,100,1,0.576470588235294,0.563
ru,syl,300,2,0.958823529411765,0.958
ru,pos_syl,300,2,0.956470588235294,0.956
ru,pos_syl,300,1,0.924705882352941,0.925
ru,pos_syl,100,2,0.804705882352941,0.8
ru,token,500,1,0.703529411764706,0.693
ru,token,500,2,0.554117647058823,0.537
ru,token,200,2,0.305882352941176,0.293
ru,pos,500,1,0.665882352941176,0.656
ru,pos,200,1,0.431764705882353,0.409
ru,pos_syl,300,2,0.947058823529412,0.947
ru,token,200,1,0.54,0.53
ru,token,500,1,0.761176470588235,0.754
ru,pos,200,2,0.685882352941176,0.676
ru,syl,200,1,0.545882352941176,0.541
ru,pos,500,2,0.855294117647059,0.85
ru,syl,500,1,0.795294117647059,0.787
ru,token,200,2,0.304705882352941,0.285
ru,token,500,2,0.577647058823529,0.567
ru,syl,200,2,0.914117647058823,0.914
ru,pos,200,1,0.455294117647059,0.443
ru,pos,500,1,0.684705882352941,0.678
ru,pos_syl,200,1,0.770588235294118,0.766
ru,syl,500,2,0.998823529411765,0.999
ru,pos,200,2,0.685882352941176,0.676
ru,syl,200,1,0.442352941176471,0.437
ru,token,500,2,0.555294117647059,0.541
ru,pos_syl,500,1,0.945882352941177,0.946
ru,pos_syl,200,2,0.903529411764706,0.902
ru,pos,500,1,0.728235294117647,0.713
ru,pos,500,2,0.875294117647059,0.87
ru,syl,500,1,0.788235294117647,0.785
ru,syl,200,2,0.923529411764706,0.922
ru,token,300,1,0.572941176470588,0.556
ru,pos_syl,200,1,0.794117647058823,0.785
ru,syl,500,2,0.990588235294118,0.99
ru,pos_syl,500,2,0.972941176470588,0.973
ru,pos_syl,500,1,0.948235294117647,0.948
ru,pos,500,2,0.894117647058824,0.89
ru,syl,500,1,0.767058823529412,0.766
ru,pos_syl,200,2,0.901176470588235,0.9
ru,token,750,1,0.788235294117647,0.761
ru,token,300,2,0.374117647058824,0.36
ru,pos,300,1,0.523529411764706,0.506
ru,token,300,1,0.588235294117647,0.574
ru,syl,500,2,0.990588235294118,0.991
ru,pos_syl,500,2,0.965882352941177,0.966
ru,pos_syl,500,1,0.958823529411765,0.959
ru,pos,300,2,0.763529411764706,0.756
ru,token,750,1,0.787058823529412,0.762
ru,syl,300,1,0.617647058823529,0.606
ru,token,300,2,0.408235294117647,0.377
ru,pos,300,1,0.541176470588235,0.538
ru,syl,300,2,0.954117647058824,0.954
ru,pos_syl,500,2,0.968235294117647,0.968
ru,pos_syl,300,1,0.848235294117647,0.846
ru,token,750,2,0.531764705882353,0.502
ru,pos,750,1,0.771764705882353,0.773
ru,token,750,1,0.725882352941176,0.691
ru,pos,300,2,0.821176470588235,0.818
ru,syl,300,1,0.587058823529412,0.581
ru,pos_syl,300,2,0.930588235294118,0.929
ru,token,750,2,0.654117647058824,0.635
ru,pos,750,1,0.767058823529412,0.766
ru,syl,300,2,0.96,0.96
ru,pos,750,2,0.922352941176471,0.922
ru,syl,750,1,0.865882352941176,0.865
ru,pos_syl,300,1,0.915294117647059,0.915
ru,token,500,1,0.743529411764706,0.741
ru,pos,750,2,0.948235294117647,0.948
ru,syl,750,2,0.988235294117647,0.988
ru,token,750,2,0.627058823529412,0.6
ru,pos_syl,300,2,0.937647058823529,0.937
ru,syl,750,1,0.857647058823529,0.848
ru,pos,750,1,0.722352941176471,0.714
ru,pos_syl,750,1,0.965882352941177,0.966
ru,token,500,1,0.724705882352941,0.718
ru,token,500,2,0.552941176470588,0.535
ru,pos,500,1,0.661176470588235,0.658
ru,syl,750,2,0.985882352941176,0.986
ru,pos_syl,750,1,0.984705882352941,0.985
ru,pos,750,2,0.911764705882353,0.908
ru,syl,750,1,0.782352941176471,0.773
ru,pos_syl,750,2,0.989411764705882,0.989
ru,pos,500,2,0.874117647058824,0.871
ru,token,1000,1,0.828,0.759
ru,token,500,2,0.556470588235294,0.545
ru,syl,500,1,0.76,0.757
ru,pos,500,1,0.674117647058823,0.657
ru,syl,750,2,1,1
ru,pos_syl,750,2,0.98,0.98
ru,pos_syl,750,1,0.983529411764706,0.983
ru,syl,500,2,0.990588235294118,0.991
ru,token,1000,1,0.846666666666667,NA
ru,pos_syl,500,1,0.927058823529412,0.926
ru,pos,500,2,0.872941176470588,0.865
ru,syl,500,1,0.690588235294118,0.682
ru,pos_syl,750,2,0.964705882352941,0.963
ru,syl,500,2,0.975294117647059,0.975
ru,token,1000,2,0.664,NaN
ru,pos_syl,500,2,0.978823529411765,0.979
ru,pos,1000,1,0.762666666666667,0.772
ru,token,1000,1,0.858666666666667,0.799
ru,pos_syl,500,1,0.957647058823529,0.958
ru,token,750,1,0.774117647058824,NA
ru,token,1000,2,0.656,0.618
ru,pos,1000,1,0.841333333333333,0.835
ru,pos_syl,500,2,0.963529411764706,0.963
ru,pos,1000,2,0.921333333333333,0.9
ru,syl,1000,1,0.832,0.819
ru,token,750,1,0.78,0.751
ru,pos,1000,2,0.961333333333333,0.955
ru,syl,1000,1,0.902666666666667,0.898
ru,token,1000,2,0.7,0.623
ru,token,750,2,0.614117647058824,0.589
ru,pos,1000,1,0.793333333333333,0.797
ru,pos,750,1,0.723529411764706,0.714
ru,syl,1000,2,1,1
ru,pos_syl,1000,1,0.992,0.993
ru,syl,1000,2,1,1
ru,pos_syl,1000,1,0.997333333333333,0.998
ru,pos,750,2,0.912941176470588,0.911
ru,pos,1000,2,0.952,0.938
ru,token,750,2,0.629411764705882,0.599
ru,syl,750,1,0.763529411764706,0.746
ru,syl,1000,1,0.870666666666667,0.862
ru,pos,750,1,0.74,0.739
ru,pos_syl,1000,2,0.968,0.971
ru,syl,750,2,0.998823529411765,0.999
ru,token,25,1,0.163529411764706,NaN
ru,syl,1000,2,1,1
ru,pos_syl,1000,2,0.978666666666667,0.977
ru,pos_syl,750,1,0.977647058823529,0.978
ru,pos_syl,1000,1,0.993333333333333,0.993
ru,pos,750,2,0.901176470588235,0.898
ru,syl,750,1,0.794117647058823,0.787
ru,token,25,1,0.205882352941176,NaN
ru,token,25,2,0.101176470588235,NaN
ru,pos,25,1,0.125882352941176,NaN
ru,token,25,2,0.0905882352941176,NaN
ru,pos,25,2,0.331764705882353,0.305
ru,pos,25,1,0.0988235294117647,NaN
ru,syl,25,1,0.177647058823529,0.165
ru,pos_syl,750,2,0.945882352941177,0.939
ru,syl,750,2,0.996470588235294,0.996
ru,syl,25,2,0.385882352941176,0.378
ru,pos_syl,750,1,0.964705882352941,0.965
ru,pos_syl,1000,2,0.964,0.955
ru,pos,25,2,0.287058823529412,0.271
ru,pos_syl,25,1,0.272941176470588,0.261
ru,syl,25,1,0.163529411764706,NaN
ru,token,1000,1,0.825333333333333,NA
ru,syl,25,2,0.24,NaN
ru,token,25,1,0.223529411764706,NaN
ru,pos_syl,25,1,0.297647058823529,0.285
ru,token,25,2,0.108235294117647,NaN
ru,pos,25,1,0.112941176470588,NaN
ru,pos_syl,750,2,0.977647058823529,0.977
ru,pos,25,2,0.361176470588235,0.343
ru,syl,25,1,0.195294117647059,0.193
ru,syl,25,2,0.452941176470588,0.437
ru,token,1000,1,0.830666666666667,0.779
ru,pos_syl,25,1,0.264705882352941,0.252
ru,token,1000,2,0.584,NA
ru,pos,1000,1,0.837333333333333,0.85
ru,pos_syl,25,2,0.494117647058824,0.473
ru,token,50,1,0.245882352941176,0.237
ru,pos_syl,25,2,0.387058823529412,0.377
ru,pos,1000,2,0.961333333333333,0.959
ru,token,1000,2,0.598666666666667,NA
ru,syl,1000,1,0.910666666666667,0.872
ru,pos,1000,1,0.8,0.812
ru,token,50,1,0.257647058823529,0.255
ru,token,50,2,0.132941176470588,NaN
ru,pos,50,1,0.172941176470588,0.171
ru,pos_syl,25,2,0.483529411764706,0.467
ru,pos,50,2,0.391764705882353,0.384
ru,token,50,2,0.168235294117647,NaN
ru,syl,50,1,0.231764705882353,NaN
ru,syl,1000,2,0.992,0.993
ru,pos,50,1,0.178823529411765,0.172
ru,syl,50,2,0.557647058823529,0.549
ru,pos_syl,1000,1,0.982666666666667,0.985
ru,token,50,1,0.251764705882353,NaN
ru,pos,1000,2,0.972,0.973
ru,pos_syl,50,1,0.428235294117647,0.406
ru,syl,1000,1,0.837333333333333,0.835
ru,pos,50,2,0.403529411764706,0.389
ru,syl,50,1,0.18,NaN
ru,syl,50,2,0.505882352941176,0.494
ru,pos_syl,50,2,0.603529411764706,0.595
ru,token,50,2,0.0870588235294118,NaN
ru,pos_syl,50,1,0.411764705882353,0.397
ru,pos,50,1,0.185882352941176,NaN
ru,token,100,1,0.392941176470588,0.381
ru,syl,1000,2,0.996,0.996
ru,pos_syl,1000,2,0.993333333333333,0.993
ru,pos_syl,50,2,0.627058823529412,0.618
ru,pos,50,2,0.416470588235294,0.401
ru,pos_syl,1000,1,0.990666666666667,0.992
ru,syl,50,1,0.247058823529412,NaN
ru,token,25,1,0.22,NaN
ru,token,100,1,0.443529411764706,0.427
ru,syl,50,2,0.557647058823529,0.547
ru,token,100,2,0.16,NaN
ru,pos_syl,50,1,0.424705882352941,0.394
ru,pos,100,1,0.345882352941176,0.335
ru,token,25,2,0.124705882352941,NaN
ru,pos,25,1,0.118823529411765,NaN
ru,token,100,2,0.277647058823529,NaN
ru,pos_syl,50,2,0.592941176470588,0.584
ru,pos,100,2,0.502352941176471,0.482
ru,pos,100,1,0.24,NaN
ru,pos,25,2,0.315294117647059,0.307
ru,syl,100,1,0.312941176470588,NaN
ru,pos_syl,1000,2,0.992,0.992
ru,syl,25,1,0.130588235294118,NaN
ru,token,100,1,0.368235294117647,0.351
ru,syl,25,2,0.332941176470588,0.317
ru,syl,100,2,0.715294117647059,0.708
ru,pos_syl,25,1,0.342352941176471,0.323
ru,token,25,1,0.184705882352941,0.177
ru,pos_syl,100,1,0.543529411764706,0.524
ru,pos,100,2,0.434117647058824,0.419
ru,syl,100,1,0.315294117647059,0.305
ru,syl,100,2,0.718823529411765,0.713
ru,token,100,2,0.195294117647059,NaN
ru,token,25,2,0.0670588235294118,NaN
ru,pos_syl,100,1,0.558823529411765,0.549
ru,pos_syl,100,2,0.752941176470588,0.744
ru,pos,100,1,0.4,0.384
ru,pos,25,1,0.185882352941176,NaN
ru,token,200,1,0.567058823529412,0.543
ru,pos,25,2,0.283529411764706,0.269
ru,pos,100,2,0.549411764705882,0.532
ru,syl,25,1,0.182352941176471,NaN
ru,syl,100,1,0.442352941176471,0.437
ru,pos_syl,100,2,0.769411764705882,0.765
ru,syl,25,2,0.415294117647059,0.405
ru,syl,100,2,0.822352941176471,0.819
ru,pos_syl,25,1,0.269411764705882,0.256
ru,token,200,1,0.544705882352941,0.52
ru,pos_syl,100,1,0.670588235294118,0.655
ru,token,200,2,0.302352941176471,NaN
ru,pos,200,1,0.435294117647059,NaN
ru,pos_syl,100,2,0.789411764705882,0.785
ru,pos,200,2,0.576470588235294,0.561
ru,token,200,2,0.308235294117647,NaN
ru,pos_syl,25,2,0.478823529411765,0.467
ru,token,200,1,0.556470588235294,0.534
ru,syl,200,1,0.509411764705882,0.491
ru,pos,200,1,0.437647058823529,0.421
ru,token,50,1,0.258823529411765,0.254
ru,syl,200,2,0.916470588235294,0.916
ru,pos_syl,200,1,0.82,0.814
ru,pos,200,2,0.674117647058823,0.666
ru,syl,200,1,0.501176470588235,0.496
ru,token,200,2,0.257647058823529,NaN
ru,pos,200,1,0.449411764705882,0.43
ru,syl,200,2,0.934117647058823,0.934
ru,token,50,2,0.141176470588235,NaN
ru,pos,50,1,0.210588235294118,NaN
ru,pos_syl,200,1,0.838823529411765,0.833
ru,pos_syl,200,2,0.92,0.918
ru,pos,200,2,0.667058823529412,0.655
ru,pos,50,2,0.4,0.39
ru,token,300,1,0.627058823529412,0.615
ru,syl,200,1,0.502352941176471,0.488
ru,syl,50,1,0.209411764705882,NaN
ru,syl,50,2,0.521176470588235,0.51
ru,pos_syl,200,2,0.9,0.899
ru,syl,200,2,0.88,0.879
ru,pos_syl,50,1,0.471764705882353,0.458
ru,pos_syl,25,2,0.411764705882353,0.401
ru,pos_syl,200,1,0.768235294117647,0.761
ru,token,300,1,0.609411764705882,0.586
ru,token,50,1,0.215294117647059,0.206
ru,pos_syl,50,2,0.625882352941176,0.616
ru,token,300,2,0.412941176470588,0.397
ru,pos,300,1,0.495294117647059,0.47
ru,pos_syl,200,2,0.898823529411765,0.897
ru,token,100,1,0.361176470588235,0.347
ru,token,300,2,0.38,0.36
ru,token,300,1,0.624705882352941,0.606
ru,token,50,2,0.1,NaN
ru,pos,300,1,0.554117647058823,0.541
ru,pos,50,1,0.212941176470588,NaN
ru,pos,300,2,0.787058823529412,0.783
ru,syl,300,1,0.676470588235294,0.67
ru,token,100,2,0.192941176470588,NaN
ru,pos,100,1,0.257647058823529,0.252
ru,pos,50,2,0.408235294117647,0.394
ru,syl,300,2,0.971764705882353,0.971
ru,syl,50,1,0.205882352941176,0.202
ru,pos,300,2,0.805882352941176,0.802
ru,pos_syl,300,1,0.894117647058824,0.892
ru,syl,300,1,0.558823529411765,0.553
ru,syl,50,2,0.482352941176471,0.473
ru,token,300,2,0.357647058823529,0.343
ru,pos,100,2,0.550588235294118,0.536
ru,pos,300,1,0.551764705882353,0.539
ru,syl,100,1,0.305882352941176,NaN
ru,pos_syl,50,1,0.387058823529412,NaN
ru,syl,300,2,0.958823529411765,0.959
ru,syl,100,2,0.723529411764706,0.716
ru,pos_syl,300,1,0.883529411764706,0.881
ru,pos_syl,100,1,0.564705882352941,0.545
ru,pos_syl,300,2,0.942352941176471,0.942
ru,pos_syl,50,2,0.556470588235294,0.539
ru,pos,300,2,0.723529411764706,0.714
ru,syl,300,1,0.654117647058824,0.651
ru,token,100,1,0.408235294117647,0.391
ru,token,500,1,0.756470588235294,0.753
ru,pos_syl,100,2,0.783529411764706,0.775
ru,syl,300,2,0.994117647058824,0.994
ru,pos_syl,300,2,0.956470588235294,0.956
ru,pos_syl,300,1,0.88,0.879
ru,token,200,1,0.532941176470588,0.518
ru,token,500,1,0.728235294117647,0.724
ru,token,100,2,0.175294117647059,NaN
ru,pos,100,1,0.284705882352941,NaN
ru,pos_syl,300,2,0.934117647058823,0.933
ru,token,200,2,0.281176470588235,0.276
ru,token,500,2,0.525882352941176,0.51
ru,pos,100,2,0.467058823529412,0.452
ru,pos,500,1,0.682352941176471,0.664
ru,pos,200,1,0.389411764705882,0.38
ru,syl,100,1,0.374117647058824,0.356
ru,token,500,1,0.731764705882353,0.718
ru,syl,100,2,0.710588235294118,0.707
ru,pos_syl,100,1,0.628235294117647,0.61
ru,token,500,2,0.472941176470588,0.452
ru,pos,200,2,0.703529411764706,0.697
ru,pos,500,1,0.662352941176471,0.655
ru,syl,200,1,0.583529411764706,0.573
ru,pos,500,2,0.92,0.919
ru,syl,500,1,0.728235294117647,0.724
ru,syl,200,2,0.894117647058824,0.894
ru,pos_syl,100,2,0.756470588235294,0.751
ru,pos_syl,200,1,0.792941176470588,0.788
ru,token,200,1,0.550588235294118,0.535
ru,syl,500,2,0.992941176470588,0.993
ru,pos,500,2,0.862352941176471,0.861
ru,token,500,2,0.474117647058824,0.466
ru,syl,500,1,0.768235294117647,0.762
ru,pos,500,1,0.692941176470588,0.671
ru,pos_syl,500,1,0.964705882352941,0.965
ru,pos_syl,200,2,0.869411764705882,0.868
ru,syl,500,2,0.997647058823529,0.998
ru,token,300,1,0.583529411764706,0.566
ru,token,200,2,0.310588235294118,0.297
ru,pos,200,1,0.408235294117647,0.395
ru,pos_syl,500,1,0.948235294117647,0.948
ru,pos,500,2,0.903529411764706,0.899
ru,pos_syl,500,2,0.963529411764706,0.963
ru,syl,500,1,0.758823529411765,0.751
ru,pos,200,2,0.658823529411765,0.649
ru,syl,200,1,0.534117647058823,0.531
ru,token,750,1,0.771764705882353,NA
ru,token,300,2,0.384705882352941,NaN
ru,syl,500,2,0.992941176470588,0.993
ru,pos,300,1,0.543529411764706,0.525
ru,syl,200,2,0.865882352941176,0.863
ru,pos_syl,500,2,0.976470588235294,0.976
ru,pos_syl,200,1,0.711764705882353,0.702
ru,pos_syl,500,1,0.963529411764706,0.963
ru,token,750,1,0.741176470588235,0.706
ru,pos,300,2,0.776470588235294,0.764
ru,syl,300,1,0.643529411764706,0.64
ru,pos_syl,200,2,0.902352941176471,0.9
ru,pos_syl,500,2,0.971764705882353,0.971
ru,syl,300,2,0.967058823529412,0.967
ru,token,300,1,0.652941176470588,0.629
ru,token,750,2,0.572941176470588,0.551
ru,pos_syl,300,1,0.901176470588235,0.9
ru,pos,750,1,0.725882352941176,0.727
ru,token,750,1,0.783529411764706,0.758
ru,token,750,2,0.628235294117647,0.583
ru,pos,750,1,0.744705882352941,0.741
ru,pos_syl,300,2,0.925882352941176,0.924
ru,token,300,2,0.437647058823529,0.416
ru,pos,300,1,0.58,0.57
ru,pos,750,2,0.902352941176471,0.898
ru,syl,750,1,0.785882352941176,0.766
ru,token,500,1,0.732941176470588,0.718
ru,pos,300,2,0.751764705882353,0.744
ru,pos,750,2,0.902352941176471,0.9
ru,syl,300,1,0.542352941176471,0.534
ru,token,750,2,0.564705882352941,0.527
ru,syl,750,1,0.768235294117647,0.765
ru,pos,750,1,0.778823529411765,0.777
ru,syl,750,2,0.997647058823529,0.998
ru,pos_syl,750,1,0.987058823529412,0.987
ru,syl,300,2,0.949411764705882,0.949
ru,pos_syl,300,1,0.872941176470588,0.871
ru,token,500,2,0.557647058823529,0.554
ru,syl,750,2,1,1
ru,pos,500,1,0.716470588235294,0.709
ru,pos,750,2,0.952941176470588,0.953
ru,pos_syl,750,1,0.972941176470588,0.973
ru,syl,750,1,0.854117647058824,0.848
ru,pos_syl,300,2,0.929411764705882,0.928
ru,pos_syl,750,2,0.970588235294118,0.97
ru,pos,500,2,0.911764705882353,0.908
ru,syl,500,1,0.749411764705882,0.745
ru,token,500,1,0.697647058823529,0.689
ru,syl,750,2,0.992941176470588,0.993
ru,token,1000,1,0.834666666666667,0.796
ru,pos_syl,750,1,0.987058823529412,0.987
ru,pos_syl,750,2,0.974117647058824,0.974
ru,syl,500,2,0.995294117647059,0.995
ru,token,1000,1,0.816,NA
ru,pos_syl,500,1,0.927058823529412,0.927
ru,token,500,2,0.535294117647059,0.519
ru,pos_syl,750,2,0.958823529411765,0.956
ru,pos,500,1,0.669411764705882,0.655
ru,pos_syl,500,2,0.975294117647059,0.975
ru,token,1000,1,0.828,0.793
ru,token,1000,2,0.588,0.552
ru,pos,1000,1,0.830666666666667,0.83
ru,token,750,1,0.743529411764706,0.712
ru,pos,500,2,0.911764705882353,0.91
ru,syl,500,1,0.728235294117647,0.718
ru,token,1000,2,0.672,0.574
ru,pos,1000,1,0.850666666666667,0.846
ru,syl,500,2,0.996470588235294,0.996
ru,pos_syl,500,1,0.943529411764706,0.942
ru,pos,1000,2,0.968,0.963
ru,syl,1000,1,0.904,0.877
ru,token,1000,2,0.721333333333333,0.673
ru,token,750,2,0.628235294117647,0.606
ru,pos,1000,2,0.94,0.929
ru,pos,1000,1,0.750666666666667,0.757
ru,syl,1000,1,0.862666666666667,0.831
ru,pos,750,1,0.775294117647059,0.771
ru,pos_syl,500,2,0.968235294117647,0.968
ru,syl,1000,2,0.992,0.993
ru,pos_syl,1000,1,0.984,0.985
ru,token,750,1,0.788235294117647,NA
ru,syl,1000,2,1,1
ru,pos,750,2,0.930588235294118,0.929
ru,pos,1000,2,0.912,0.893
ru,pos_syl,1000,1,0.990666666666667,0.992
ru,syl,1000,1,0.912,0.914
ru,syl,750,1,0.888235294117647,0.883
ru,pos_syl,1000,2,0.989333333333333,0.989
ru,syl,750,2,1,1
ru,syl,1000,2,0.996,0.996
ru,token,25,1,0.150588235294118,NaN
ru,pos_syl,750,1,0.978823529411765,0.979
ru,token,750,2,0.605882352941176,0.571
ru,pos_syl,1000,1,0.989333333333333,0.991
ru,pos_syl,1000,2,0.977333333333333,0.978
ru,pos,750,1,0.762352941176471,0.762
ru,token,25,1,0.203529411764706,0.202
ru,token,25,2,0.0823529411764706,NaN
ru,pos,25,1,0.134117647058824,NaN
ru,token,25,2,0.0823529411764706,NaN
ru,pos,25,2,0.324705882352941,0.31
ru,pos,25,1,0.117647058823529,NaN
ru,syl,25,1,0.203529411764706,NaN
ru,pos_syl,750,2,0.956470588235294,0.956
ru,pos,750,2,0.914117647058823,0.912
ru,syl,25,2,0.425882352941176,0.415
ru,pos_syl,1000,2,0.982666666666667,0.98
ru,syl,750,1,0.789411764705882,0.78
ru,pos,25,2,0.283529411764706,0.268
ru,pos_syl,25,1,0.32,0.3
ru,syl,25,1,0.151764705882353,NaN
ru,token,1000,1,0.834666666666667,0.803
ru,syl,25,2,0.48,0.469
ru,token,25,1,0.161176470588235,NaN
ru,pos_syl,25,1,0.26,0.238
ru,syl,750,2,0.991764705882353,0.992
ru,token,25,2,0.123529411764706,NaN
ru,pos,25,1,0.0952941176470588,NaN
ru,pos_syl,750,1,0.98,0.98
ru,pos,25,2,0.318823529411765,0.305
ru,syl,25,1,0.162352941176471,NaN
ru,syl,25,2,0.316470588235294,NaN
ru,pos_syl,25,1,0.3,0.283
ru,pos_syl,750,2,0.967058823529412,0.966
ru,token,1000,2,0.633333333333333,0.597
ru,pos,1000,1,0.856,0.862
ru,token,1000,1,0.837333333333333,0.774
ru,pos_syl,25,2,0.523529411764706,0.513
ru,token,50,1,0.262352941176471,0.251
ru,pos_syl,25,2,0.442352941176471,0.418
ru,pos,1000,2,0.944,0.935
ru,syl,1000,1,0.872,0.861
ru,token,50,1,0.224705882352941,NaN
ru,token,50,2,0.107058823529412,NaN
ru,pos,50,1,0.184705882352941,NaN
ru,token,1000,2,0.641333333333333,0.598
ru,pos_syl,25,2,0.505882352941176,0.494
ru,syl,1000,2,0.997333333333333,0.998
ru,token,50,2,0.112941176470588,NaN
ru,pos,1000,1,0.808,0.803
ru,pos,50,2,0.423529411764706,0.411
ru,pos,50,1,0.105882352941176,NaN
ru,syl,50,1,0.267058823529412,NaN
ru,pos_syl,1000,1,0.992,0.993
ru,token,50,1,0.28,0.264
ru,syl,50,2,0.510588235294118,0.502
ru,pos_syl,50,1,0.381176470588235,0.372
ru,pos,50,2,0.404705882352941,0.391
ru,syl,50,1,0.208235294117647,NaN
ru,syl,50,2,0.545882352941176,0.537
ru,token,50,2,0.142352941176471,NaN
ru,pos_syl,50,2,0.563529411764706,0.545
ru,pos,50,1,0.207058823529412,NaN
ru,pos_syl,50,1,0.443529411764706,0.428
ru,pos,1000,2,0.938666666666667,0.921
ru,syl,1000,1,0.884,0.873
ru,token,100,1,0.36,0.352
ru,pos_syl,1000,2,0.98,0.976
ru,pos,50,2,0.478823529411765,0.461
ru,syl,50,1,0.236470588235294,NaN
ru,pos_syl,50,2,0.569411764705882,0.556
ru,syl,50,2,0.582352941176471,0.57
ru,token,25,1,0.201176470588235,NaN
ru,token,100,1,0.455294117647059,0.441
ru,pos_syl,50,1,0.412941176470588,0.396
ru,syl,1000,2,0.997333333333333,0.998
ru,token,100,2,0.192941176470588,NaN
ru,pos,100,1,0.335294117647059,NaN
ru,pos_syl,1000,1,0.994666666666667,0.995
ru,token,25,2,0.121176470588235,NaN
ru,pos,25,1,0.203529411764706,NaN
ru,pos_syl,50,2,0.616470588235294,0.606
ru,token,100,2,0.2,NaN
ru,pos,100,2,0.494117647058824,0.471
ru,pos,100,1,0.367058823529412,NaN
ru,syl,100,1,0.362352941176471,NaN
ru,pos,25,2,0.291764705882353,0.278
ru,token,100,1,0.442352941176471,0.416
ru,syl,25,1,0.231764705882353,NaN
ru,syl,100,2,0.783529411764706,0.783
ru,syl,25,2,0.402352941176471,0.386
ru,pos,100,2,0.543529411764706,0.532
ru,pos_syl,100,1,0.664705882352941,0.643
ru,pos_syl,25,1,0.304705882352941,0.3
ru,syl,100,1,0.350588235294118,0.326
ru,pos_syl,1000,2,0.972,0.973
ru,token,100,2,0.181176470588235,NaN
ru,syl,100,2,0.735294117647059,0.728
ru,pos,100,1,0.269411764705882,0.258
ru,token,25,1,0.122352941176471,NaN
ru,pos_syl,100,1,0.54,0.519
ru,pos_syl,100,2,0.796470588235294,0.794
ru,pos,100,2,0.571764705882353,0.56
ru,token,200,1,0.565882352941177,0.551
ru,syl,100,1,0.315294117647059,0.308
ru,token,25,2,0.0623529411764706,NaN
ru,pos_syl,100,2,0.776470588235294,0.77
ru,pos,25,1,0.102352941176471,NaN
ru,syl,100,2,0.776470588235294,0.772
ru,pos_syl,100,1,0.530588235294118,0.514
ru,token,200,1,0.52,0.505
ru,pos,25,2,0.287058823529412,0.268
ru,syl,25,1,0.203529411764706,NaN
ru,token,200,2,0.288235294117647,0.264
ru,syl,25,2,0.367058823529412,0.346
ru,pos,200,1,0.457647058823529,0.439
ru,pos_syl,100,2,0.769411764705882,0.763
ru,pos_syl,25,1,0.281176470588235,0.268
ru,token,200,1,0.541176470588235,0.516
ru,token,200,2,0.289411764705882,0.278
ru,pos,200,1,0.435294117647059,0.426
ru,pos,200,2,0.670588235294118,0.662
ru,syl,200,1,0.527058823529412,0.515
ru,syl,200,2,0.911764705882353,0.91
ru,pos,200,2,0.715294117647059,0.709
ru,syl,200,1,0.551764705882353,0.544
ru,pos_syl,25,2,0.432941176470588,0.419
ru,pos_syl,200,1,0.723529411764706,0.701
ru,token,200,2,0.302352941176471,0.288
ru,pos,200,1,0.370588235294118,NaN
ru,syl,200,2,0.936470588235294,0.936
ru,token,50,1,0.282352941176471,0.275
ru,pos_syl,200,1,0.787058823529412,0.776
ru,pos_syl,200,2,0.928235294117647,0.928
ru,pos,200,2,0.652941176470588,0.639
ru,syl,200,1,0.442352941176471,0.437
ru,token,300,1,0.66,0.646
ru,token,50,2,0.127058823529412,0.124
ru,pos_syl,200,2,0.901176470588235,0.899
ru,syl,200,2,0.937647058823529,0.937
ru,pos,50,1,0.195294117647059,NaN
ru,pos_syl,200,1,0.730588235294118,0.722
ru,pos_syl,25,2,0.481176470588235,0.474
ru,token,300,1,0.6,0.584
ru,pos,50,2,0.394117647058824,0.377
ru,syl,50,1,0.229411764705882,NaN
ru,token,50,1,0.334117647058824,0.324
ru,syl,50,2,0.56,0.553
ru,token,300,2,0.316470588235294,0.309
ru,pos,300,1,0.583529411764706,0.557
ru,pos_syl,200,2,0.896470588235294,0.896
ru,pos_syl,50,1,0.354117647058824,0.328
ru,token,300,1,0.651764705882353,0.641
ru,token,300,2,0.374117647058824,0.362
ru,pos_syl,50,2,0.537647058823529,0.524
ru,pos,300,1,0.470588235294118,0.462
ru,pos,300,2,0.769411764705882,0.759
ru,token,50,2,0.112941176470588,NaN
ru,syl,300,1,0.669411764705882,0.667
ru,pos,50,1,0.204705882352941,NaN
ru,token,100,1,0.4,0.386
ru,syl,300,2,0.971764705882353,0.972
ru,pos,300,2,0.734117647058824,0.73
ru,pos,50,2,0.412941176470588,0.405
ru,syl,300,1,0.568235294117647,0.562
ru,syl,50,1,0.295294117647059,NaN
ru,pos_syl,300,1,0.901176470588235,0.898
ru,token,300,2,0.370588235294118,0.358
ru,syl,50,2,0.632941176470588,0.613
ru,pos,300,1,0.524705882352941,0.507
ru,token,100,2,0.163529411764706,NaN
ru,syl,300,2,0.976470588235294,0.976
ru,pos,100,1,0.294117647058824,NaN
ru,pos_syl,50,1,0.484705882352941,0.468
ru,pos_syl,300,1,0.888235294117647,0.885
ru,pos_syl,300,2,0.958823529411765,0.958
ru,pos,100,2,0.508235294117647,0.498
ru,pos,300,2,0.8,0.796
ru,pos_syl,50,2,0.608235294117647,0.595
ru,syl,300,1,0.601176470588235,0.591
ru,syl,100,1,0.34,NaN
ru,syl,100,2,0.761176470588235,0.752
ru,token,500,1,0.735294117647059,0.727
ru,pos_syl,300,2,0.932941176470588,0.933
ru,token,100,1,0.407058823529412,0.384
ru,syl,300,2,0.971764705882353,0.972
ru,pos_syl,100,1,0.578823529411765,0.57
ru,pos_syl,300,1,0.890588235294118,0.884
ru,token,500,1,0.716470588235294,0.702
ru,token,100,2,0.250588235294118,NaN
ru,pos_syl,100,2,0.804705882352941,0.799
ru,pos,100,1,0.3,0.295
ru,token,200,1,0.554117647058823,0.54
ru,pos_syl,300,2,0.942352941176471,0.942
ru,token,500,2,0.505882352941176,0.493
ru,pos,100,2,0.52,0.505
ru,pos,500,1,0.681176470588235,0.68
ru,syl,100,1,0.303529411764706,0.286
ru,token,500,1,0.74,0.735
ru,syl,100,2,0.797647058823529,0.794
ru,token,500,2,0.555294117647059,0.536
ru,pos_syl,100,1,0.562352941176471,0.55
ru,pos,500,1,0.609411764705882,0.591
ru,token,200,2,0.285882352941176,NaN
ru,pos,200,1,0.405882352941176,0.384
ru,pos,500,2,0.887058823529412,0.886
ru,syl,500,1,0.723529411764706,0.721
ru,pos_syl,100,2,0.795294117647059,0.789
ru,pos,200,2,0.690588235294118,0.677
ru,pos,500,2,0.901176470588235,0.899
ru,syl,200,1,0.535294117647059,0.511
ru,syl,500,1,0.817647058823529,0.811
ru,token,200,1,0.509411764705882,0.491
ru,token,500,2,0.618823529411765,0.608
ru,syl,500,2,0.997647058823529,0.998
ru,pos,500,1,0.68,0.673
ru,syl,200,2,0.912941176470588,0.911
ru,pos_syl,500,1,0.968235294117647,0.968
ru,pos_syl,200,1,0.742352941176471,0.731
ru,syl,500,2,0.990588235294118,0.991
ru,pos_syl,500,1,0.96,0.96
ru,token,200,2,0.295294117647059,NaN
ru,pos,200,1,0.388235294117647,0.375
ru,pos,500,2,0.830588235294118,0.824
ru,pos_syl,200,2,0.908235294117647,0.908
ru,syl,500,1,0.729411764705882,0.728
ru,pos_syl,500,2,0.967058823529412,0.967
ru,token,300,1,0.622352941176471,0.614
ru,pos,200,2,0.683529411764706,0.668
ru,pos_syl,500,2,0.961176470588235,0.96
ru,syl,200,1,0.517647058823529,0.5
ru,token,750,1,0.775294117647059,0.75
ru,syl,500,2,0.987058823529412,0.987
ru,pos_syl,500,1,0.927058823529412,0.927
ru,syl,200,2,0.938823529411765,0.938
ru,token,750,1,0.76,0.73
ru,pos_syl,200,1,0.805882352941176,0.801
ru,token,300,2,0.438823529411765,0.427
ru,pos,300,1,0.527058823529412,0.515
ru,pos_syl,500,2,0.970588235294118,0.97
ru,pos_syl,200,2,0.903529411764706,0.902
ru,token,750,2,0.576470588235294,NA
ru,pos,750,1,0.708235294117647,0.701
ru,pos,300,2,0.745882352941176,0.734
ru,token,300,1,0.641176470588235,0.624
ru,syl,300,1,0.668235294117647,0.655
ru,token,750,1,0.808235294117647,0.781
ru,token,750,2,0.569411764705882,0.535
ru,pos,750,1,0.805882352941176,0.805
ru,syl,300,2,0.947058823529412,0.947
ru,pos_syl,300,1,0.869411764705882,0.867
ru,pos,750,2,0.922352941176471,0.922
ru,syl,750,1,0.847058823529412,0.843
ru,token,300,2,0.382352941176471,0.365
ru,pos,300,1,0.543529411764706,0.529
ru,pos,750,2,0.965882352941177,0.964
ru,syl,750,1,0.781176470588235,0.77
ru,pos_syl,300,2,0.945882352941177,0.945
ru,token,750,2,0.564705882352941,0.542
ru,syl,750,2,0.998823529411765,0.999
ru,pos,300,2,0.741176470588235,0.724
ru,pos,750,1,0.755294117647059,0.751
ru,token,500,1,0.755294117647059,0.749
ru,syl,300,1,0.576470588235294,0.573
ru,pos_syl,750,1,0.958823529411765,0.958
ru,syl,750,2,0.987058823529412,0.987
ru,pos_syl,750,1,0.974117647058824,0.974
ru,syl,300,2,0.954117647058824,0.954
ru,pos_syl,300,1,0.856470588235294,0.855
ru,pos,750,2,0.94,0.939
ru,syl,750,1,0.842352941176471,0.838
ru,pos_syl,750,2,0.969411764705882,0.969
ru,token,500,2,0.517647058823529,0.507
ru,pos_syl,300,2,0.928235294117647,0.928
ru,pos_syl,750,2,0.965882352941177,0.965
ru,pos,500,1,0.617647058823529,0.613
ru,token,1000,1,0.833333333333333,0.777
ru,syl,750,2,1,1
ru,token,500,1,0.787058823529412,0.785
ru,token,1000,1,0.825333333333333,0.764
ru,pos_syl,750,1,0.968235294117647,0.968
ru,pos,500,2,0.894117647058824,0.892
ru,syl,500,1,0.764705882352941,0.764
ru,syl,500,2,0.995294117647059,0.995
ru,pos_syl,750,2,0.970588235294118,0.97
ru,token,500,2,0.54,0.519
ru,pos_syl,500,1,0.947058823529412,0.946
ru,pos,500,1,0.636470588235294,0.631
ru,token,1000,2,0.684,0.639
ru,token,1000,1,0.812,0.757
ru,pos,1000,1,0.828,0.839
ru,token,1000,2,0.678666666666667,0.638
ru,pos,1000,1,0.816,0.821
ru,pos,500,2,0.903529411764706,0.898
ru,pos_syl,500,2,0.984705882352941,0.985
ru,syl,500,1,0.768235294117647,0.763
ru,pos,1000,2,0.957333333333333,0.959
ru,token,750,1,0.772941176470588,0.747
ru,syl,1000,1,0.874666666666667,0.859
ru,syl,500,2,0.982352941176471,0.982
ru,pos,1000,2,0.941333333333333,0.939
ru,syl,1000,1,0.869333333333333,0.852
ru,pos_syl,500,1,0.962352941176471,0.962
ru,token,1000,2,0.68,0.634
ru,pos,1000,1,0.890666666666667,0.893
ru,syl,1000,2,0.998666666666667,0.999
ru,pos_syl,1000,1,0.990666666666667,0.992
ru,syl,1000,2,1,1
ru,pos_syl,1000,1,0.994666666666667,0.995
ru,pos_syl,500,2,0.974117647058824,0.974
ru,token,750,2,0.6,0.574
ru,pos,750,1,0.781176470588235,0.776
ru,pos,1000,2,0.946666666666667,0.943
ru,token,750,1,0.738823529411765,0.717
ru,syl,1000,1,0.9,0.884
ru,pos_syl,1000,2,0.976,0.972
ru,pos_syl,1000,2,0.978666666666667,0.974
ru,token,25,1,0.169411764705882,0.162
ru,pos,750,2,0.932941176470588,0.932
ru,syl,750,1,0.830588235294118,0.831
ru,token,25,1,0.198823529411765,NaN
ru,syl,1000,2,0.997333333333333,0.998
ru,token,25,2,0.0929411764705882,NaN
ru,pos_syl,1000,1,0.992,0.993
ru,pos,25,1,0.103529411764706,NaN
ru,token,25,2,0.0694117647058824,NaN
ru,token,750,2,0.557647058823529,0.535
ru,pos,25,1,0.110588235294118,NaN
ru,pos,750,1,0.735294117647059,0.731
ru,syl,750,2,0.997647058823529,0.998
ru,pos,25,2,0.309411764705882,0.303
ru,syl,25,1,0.136470588235294,NaN
ru,pos_syl,750,1,0.970588235294118,0.97
ru,pos,25,2,0.371764705882353,0.362
ru,syl,25,2,0.355294117647059,0.332
ru,syl,25,1,0.123529411764706,NaN
ru,pos_syl,25,1,0.274117647058824,0.253
ru,syl,25,2,0.32,NaN
ru,pos_syl,25,1,0.342352941176471,0.321
ru,pos_syl,1000,2,0.984,0.979
ru,pos,750,2,0.911764705882353,0.91
ru,syl,750,1,0.822352941176471,0.817
ru,token,25,1,0.189411764705882,NaN
ru,pos_syl,750,2,0.967058823529412,0.967
ru,token,25,2,0.127058823529412,NaN
ru,pos,25,1,0.132941176470588,NaN
ru,token,1000,1,0.817333333333333,0.757
ru,syl,750,2,0.995294117647059,0.995
ru,pos_syl,750,1,0.976470588235294,0.976
ru,pos,25,2,0.298823529411765,0.283
ru,syl,25,1,0.154117647058824,0.157
ru,syl,25,2,0.397647058823529,0.389
ru,pos_syl,25,1,0.263529411764706,0.247
ru,pos_syl,750,2,0.968235294117647,0.968
ru,pos_syl,25,2,0.502352941176471,0.497
ru,pos_syl,25,2,0.496470588235294,0.484
ru,token,1000,2,0.624,0.566
ru,token,50,1,0.225882352941176,0.213
ru,pos,1000,1,0.868,0.872
ru,token,1000,1,0.853333333333333,0.81
ru,token,50,1,0.256470588235294,0.252
ru,token,50,2,0.148235294117647,NaN
ru,token,50,2,0.103529411764706,NaN
ru,pos,50,1,0.221176470588235,0.212
ru,pos,50,1,0.12,NaN
ru,pos,1000,2,0.956,0.95
ru,pos,50,2,0.428235294117647,0.416
ru,syl,1000,1,0.882666666666667,0.87
ru,pos,50,2,0.4,0.395
ru,pos_syl,25,2,0.518823529411765,0.507
ru,syl,50,1,0.275294117647059,NaN
ru,syl,50,1,0.224705882352941,NaN
ru,syl,50,2,0.525882352941176,0.517
ru,syl,50,2,0.576470588235294,0.566
ru,token,50,1,0.267058823529412,0.25
ru,pos_syl,50,1,0.474117647058824,0.458
ru,pos_syl,50,1,0.428235294117647,0.412
ru,token,1000,2,0.709333333333333,NA
ru,pos,1000,1,0.812,0.814
ru,syl,1000,2,1,1
ru,pos_syl,50,2,0.623529411764706,0.617
ru,pos_syl,50,2,0.581176470588235,0.569
ru,token,50,2,0.149411764705882,NaN
ru,pos_syl,1000,1,0.994666666666667,0.995
ru,pos,50,1,0.174117647058824,NaN
ru,token,100,1,0.375294117647059,0.355
ru,token,100,1,0.383529411764706,0.371
ru,pos,50,2,0.483529411764706,0.464
ru,syl,50,1,0.304705882352941,NaN
ru,pos,1000,2,0.946666666666667,0.931
ru,syl,1000,1,0.905333333333333,0.898
ru,syl,50,2,0.614117647058824,0.605
ru,token,100,2,0.163529411764706,NaN
ru,pos_syl,50,1,0.474117647058824,0.459
ru,token,100,2,0.175294117647059,NaN
ru,pos,100,1,0.258823529411765,NaN
ru,pos,100,1,0.221176470588235,0.211
ru,pos_syl,1000,2,0.982666666666667,0.979
ru,pos_syl,50,2,0.598823529411765,0.588
ru,token,25,1,0.169411764705882,0.163
ru,pos,100,2,0.503529411764706,0.489
ru,syl,100,1,0.309411764705882,NaN
ru,syl,1000,2,0.998666666666667,0.999
ru,pos,100,2,0.448235294117647,0.432
ru,syl,100,1,0.390588235294118,0.384
ru,token,100,1,0.423529411764706,0.413
ru,pos_syl,1000,1,0.977333333333333,0.979
ru,syl,100,2,0.763529411764706,0.758
ru,syl,100,2,0.695294117647059,0.69
ru,token,25,2,0.0870588235294118,NaN
ru,pos_syl,100,1,0.597647058823529,0.58
ru,pos,25,1,0.155294117647059,NaN
ru,pos_syl,100,1,0.62,0.605
ru,pos,25,2,0.328235294117647,0.313
ru,syl,25,1,0.2,NaN
ru,token,100,2,0.136470588235294,NaN
ru,pos_syl,100,2,0.801176470588235,0.794
ru,pos,100,1,0.278823529411765,0.262
ru,syl,25,2,0.362352941176471,0.35
ru,pos_syl,100,2,0.751764705882353,0.746
ru,pos_syl,25,1,0.275294117647059,NaN
ru,token,200,1,0.590588235294118,0.571
ru,pos_syl,1000,2,0.982666666666667,0.983
ru,token,200,1,0.522352941176471,0.508
ru,pos,100,2,0.518823529411765,0.496
ru,syl,100,1,0.348235294117647,0.336
ru,token,25,1,0.187058823529412,NaN
ru,syl,100,2,0.714117647058824,0.702
ru,pos_syl,100,1,0.631764705882353,0.617
ru,token,25,2,0.0505882352941176,NaN
ru,token,200,2,0.284705882352941,NaN
ru,pos,25,1,0.141176470588235,NaN
ru,token,200,2,0.256470588235294,NaN
ru,pos,200,1,0.397647058823529,0.39
ru,pos,200,1,0.38,NaN
ru,pos,25,2,0.308235294117647,0.286
ru,pos_syl,100,2,0.776470588235294,0.771
ru,syl,25,1,0.184705882352941,NaN
ru,pos,200,2,0.623529411764706,0.618
ru,syl,25,2,0.382352941176471,0.375
ru,syl,200,1,0.56,0.548
ru,pos,200,2,0.718823529411765,0.707
ru,token,200,1,0.512941176470588,0.495
ru,pos_syl,25,1,0.282352941176471,0.272
ru,syl,200,1,0.552941176470588,0.543
ru,syl,200,2,0.901176470588235,0.9
ru,syl,200,2,0.928235294117647,0.927
ru,pos_syl,200,1,0.765882352941176,0.755
ru,pos_syl,200,1,0.715294117647059,0.702
ru,pos_syl,25,2,0.562352941176471,0.545
ru,token,200,2,0.355294117647059,0.344
ru,pos,200,1,0.415294117647059,0.404
ru,token,50,1,0.250588235294118,NaN
ru,pos_syl,200,2,0.883529411764706,0.883
ru,pos_syl,200,2,0.935294117647059,0.933
ru,pos,200,2,0.665882352941176,0.659
ru,syl,200,1,0.516470588235294,0.508
ru,token,300,1,0.615294117647059,0.603
ru,token,300,1,0.588235294117647,0.577
ru,token,50,2,0.107058823529412,NaN
ru,pos,50,1,0.218823529411765,NaN
ru,syl,200,2,0.897647058823529,0.896
ru,pos_syl,200,1,0.798823529411765,0.79
ru,pos,50,2,0.448235294117647,0.43
ru,syl,50,1,0.270588235294118,NaN
ru,token,300,2,0.348235294117647,NaN
ru,token,300,2,0.375294117647059,0.37
ru,syl,50,2,0.6,0.587
ru,pos,300,1,0.503529411764706,0.489
ru,pos,300,1,0.54,0.518
ru,pos_syl,25,2,0.436470588235294,0.422
ru,pos_syl,200,2,0.869411764705882,0.867
ru,pos_syl,50,1,0.434117647058824,NaN
ru,token,50,1,0.276470588235294,0.262
ru,token,300,1,0.674117647058823,0.661
ru,pos,300,2,0.738823529411765,0.729
ru,pos,300,2,0.768235294117647,0.761
ru,pos_syl,50,2,0.642352941176471,0.631
ru,syl,300,1,0.66,0.652
ru,syl,300,1,0.596470588235294,0.578
ru,token,100,1,0.361176470588235,0.342
ru,syl,300,2,0.974117647058824,0.974
ru,token,50,2,0.114117647058824,NaN
ru,syl,300,2,0.969411764705882,0.969
ru,pos,50,1,0.137647058823529,NaN
ru,pos_syl,300,1,0.888235294117647,0.885
ru,pos_syl,300,1,0.904705882352941,0.903
ru,token,300,2,0.408235294117647,0.398
ru,pos,300,1,0.565882352941177,0.547
ru,pos,50,2,0.461176470588235,0.436
ru,token,100,2,0.252941176470588,NaN
ru,syl,50,1,0.267058823529412,NaN
ru,pos,100,1,0.363529411764706,NaN
ru,syl,50,2,0.491764705882353,0.48
ru,pos_syl,300,2,0.914117647058823,0.911
ru,pos_syl,300,2,0.935294117647059,0.935
ru,pos_syl,50,1,0.423529411764706,0.407
ru,pos,300,2,0.764705882352941,0.754
ru,syl,300,1,0.594117647058824,0.581
ru,pos,100,2,0.496470588235294,0.479
ru,syl,100,1,0.315294117647059,NaN
ru,token,500,1,0.76,0.756
ru,token,500,1,0.756470588235294,0.748
ru,syl,100,2,0.787058823529412,0.784
ru,pos_syl,50,2,0.58,0.568
ru,syl,300,2,0.967058823529412,0.966
ru,pos_syl,100,1,0.576470588235294,0.555
ru,pos_syl,300,1,0.882352941176471,0.878
ru,token,100,1,0.424705882352941,0.405
ru,pos_syl,100,2,0.755294117647059,0.744
ru,pos_syl,300,2,0.948235294117647,0.948
ru,token,100,2,0.16,NaN
ru,token,200,1,0.565882352941177,0.547
ru,token,500,2,0.532941176470588,0.511
ru,pos,100,1,0.258823529411765,NaN
ru,pos,500,1,0.723529411764706,0.721
ru,token,500,2,0.523529411764706,0.513
ru,pos,500,1,0.696470588235294,0.679
ru,token,500,1,0.763529411764706,0.75
ru,pos,100,2,0.501176470588235,0.489
ru,syl,100,1,0.374117647058824,0.359
ru,token,200,2,0.328235294117647,0.308
ru,syl,100,2,0.74,0.736
ru,pos,200,1,0.378823529411765,0.358
ru,pos,500,2,0.897647058823529,0.895
ru,pos,500,2,0.868235294117647,0.866
ru,pos_syl,100,1,0.618823529411765,0.608
ru,syl,500,1,0.774117647058824,0.767
ru,syl,500,1,0.781176470588235,0.778
ru,pos,200,2,0.674117647058823,0.658
ru,syl,200,1,0.549411764705882,0.547
ru,token,500,2,0.562352941176471,0.547
ru,pos_syl,100,2,0.811764705882353,0.806
ru,syl,500,2,0.985882352941176,0.986
ru,pos,500,1,0.735294117647059,0.726
ru,syl,500,2,0.995294117647059,0.995
ru,pos_syl,500,1,0.962352941176471,0.962
ru,syl,200,2,0.941176470588235,0.94
ru,pos_syl,500,1,0.949411764705882,0.948
ru,token,200,1,0.530588235294118,0.523
ru,pos_syl,200,1,0.8,0.795
ru,pos,500,2,0.885882352941176,0.881
ru,syl,500,1,0.812941176470588,0.809
ru,pos_syl,500,2,0.974117647058824,0.974
ru,pos_syl,200,2,0.908235294117647,0.906
ru,token,200,2,0.310588235294118,NaN
ru,pos_syl,500,2,0.977647058823529,0.977
ru,pos,200,1,0.430588235294118,0.424
ru,token,300,1,0.637647058823529,0.63
ru,token,750,1,0.76,0.74
ru,syl,500,2,0.984705882352941,0.985
ru,token,750,1,0.790588235294118,0.765
ru,pos_syl,500,1,0.952941176470588,0.952
ru,pos,200,2,0.677647058823529,0.676
ru,syl,200,1,0.534117647058823,0.527
ru,syl,200,2,0.912941176470588,0.913
ru,token,300,2,0.395294117647059,0.377
ru,pos_syl,200,1,0.804705882352941,0.798
ru,pos,300,1,0.529411764705882,0.517
ru,pos_syl,500,2,0.964705882352941,0.964
ru,token,750,2,0.596470588235294,0.563
ru,pos_syl,200,2,0.908235294117647,0.908
ru,token,750,1,0.761176470588235,0.726
ru,pos,750,1,0.8,0.797
ru,pos,300,2,0.769411764705882,0.761
ru,token,750,2,0.561176470588235,0.544
ru,syl,300,1,0.624705882352941,0.607
ru,pos,750,1,0.715294117647059,0.715
ru,token,300,1,0.616470588235294,0.602
ru,syl,300,2,0.967058823529412,0.967
ru,pos_syl,300,1,0.871764705882353,0.868
ru,pos,750,2,0.914117647058823,0.91
ru,syl,750,1,0.890588235294118,0.888
ru,pos,750,2,0.936470588235294,0.936
ru,syl,750,1,0.752941176470588,0.745
ru,token,300,2,0.391764705882353,0.379
ru,pos,300,1,0.588235294117647,0.579
ru,token,750,2,0.635294117647059,0.604
ru,pos_syl,300,2,0.932941176470588,0.933
ru,pos,750,1,0.788235294117647,0.786
ru,syl,750,2,1,1
ru,pos_syl,750,1,0.978823529411765,0.979
ru,syl,750,2,1,1
ru,token,500,1,0.749411764705882,0.744
ru,pos_syl,750,1,0.961176470588235,0.961
ru,pos,300,2,0.781176470588235,0.773
ru,syl,300,1,0.701176470588235,0.701
ru,syl,300,2,0.965882352941177,0.966
ru,pos,750,2,0.915294117647059,0.914
ru,syl,750,1,0.835294117647059,0.824
ru,pos_syl,300,1,0.888235294117647,0.884
ru,pos_syl,750,2,0.962352941176471,0.961
ru,pos_syl,750,2,0.942352941176471,0.942
ru,token,500,2,0.532941176470588,0.52
ru,token,1000,1,0.826666666666667,0.757
ru,pos,500,1,0.603529411764706,0.592
ru,pos_syl,300,2,0.936470588235294,0.936
ru,syl,750,2,0.987058823529412,0.987
ru,token,1000,1,0.842666666666667,0.822
ru,pos_syl,750,1,0.988235294117647,0.988
ru,token,500,1,0.708235294117647,0.697
ru,pos,500,2,0.86,0.857
ru,syl,500,1,0.781176470588235,0.775
ru,pos_syl,750,2,0.96,0.96
ru,syl,500,2,0.991764705882353,0.992
ru,token,1000,1,0.809333333333333,0.762
ru,token,1000,2,0.634666666666667,NA
ru,pos_syl,500,1,0.945882352941177,0.946
ru,token,500,2,0.481176470588235,0.466
ru,token,1000,2,0.677333333333333,NA
ru,pos,1000,1,0.798666666666667,0.797
ru,pos,1000,1,0.865333333333333,0.866
ru,pos,500,1,0.641176470588235,0.633
ru,pos,500,2,0.875294117647059,0.872
ru,pos_syl,500,2,0.977647058823529,0.977
ru,syl,500,1,0.736470588235294,0.727
ru,pos,1000,2,0.936,0.918
ru,syl,1000,1,0.878666666666667,0.858
ru,pos,1000,2,0.948,0.939
ru,syl,1000,1,0.898666666666667,0.886
ru,token,750,1,0.761176470588235,0.74
ru,syl,500,2,0.98,0.98
ru,token,1000,2,0.673333333333333,0.636
ru,pos,1000,1,0.808,0.81
ru,pos_syl,500,1,0.965882352941177,0.966
ru,syl,1000,2,1,1
ru,pos_syl,1000,1,0.984,0.986
ru,syl,1000,2,1,1
ru,pos_syl,1000,1,0.984,0.983
ru,pos_syl,500,2,0.981176470588235,0.981
ru,pos,1000,2,0.938666666666667,0.923
ru,syl,1000,1,0.9,0.892
ru,token,750,2,0.556470588235294,0.528
ru,pos,750,1,0.770588235294118,0.769
ru,token,750,1,0.738823529411765,0.702
ru,pos_syl,1000,2,0.978666666666667,0.98
ru,pos_syl,1000,2,0.974666666666667,0.974
ru,syl,1000,2,1,1
ru,pos_syl,1000,1,0.998666666666667,0.999
ru,pos,750,2,0.972941176470588,0.973
ru,syl,750,1,0.825882352941177,0.825
ru,token,750,2,0.610588235294118,0.595
ru,pos,750,1,0.755294117647059,0.757
ru,syl,750,2,0.995294117647059,0.995
ru,pos_syl,1000,2,0.962666666666667,0.966
ru,pos_syl,750,1,0.969411764705882,0.969
ru,pos,750,2,0.94,0.939
ru,syl,750,1,0.769411764705882,0.757
ru,pos_syl,750,2,0.943529411764706,0.942
ru,syl,750,2,1,1
ru,token,1000,1,0.826666666666667,0.781
ru,pos_syl,750,1,0.968235294117647,0.968
ru,pos_syl,750,2,0.976470588235294,0.977
ru,token,1000,1,0.8,NA
ru,token,1000,2,0.633333333333333,NaN
ru,pos,1000,1,0.878666666666667,0.884
ru,pos,1000,2,0.957333333333333,0.953
ru,syl,1000,1,0.890666666666667,0.871
ru,token,1000,2,0.622666666666667,0.614
ru,pos,1000,1,0.790666666666667,0.772
ru,syl,1000,2,0.996,0.996
ru,pos_syl,1000,1,0.992,0.992
ru,pos,1000,2,0.945333333333333,0.938
ru,syl,1000,1,0.889333333333333,0.87
ru,pos_syl,1000,2,0.972,0.973
ru,syl,1000,2,1,1
ru,pos_syl,1000,1,0.989333333333333,0.989
ru,pos_syl,1000,2,0.978666666666667,0.974
