cs,token,25,1,0.34,0.32
cs,token,25,1,0.555,0.559
cs,token,25,1,0.385,0.378
cs,token,25,1,0.305,0.298
cs,token,25,1,0.5,0.495
cs,token,25,2,0.38,0.364
cs,token,25,2,0.28,0.276
cs,token,25,2,0.18,0.147
cs,pos,25,1,0.435,0.435
cs,pos,25,1,0.33,0.328
cs,pos,25,1,0.36,0.358
cs,token,25,2,0.38,0.375
cs,token,25,2,0.225,0.218
cs,pos,25,1,0.61,0.607
cs,pos,25,1,0.29,0.292
cs,pos,25,2,0.695,0.697
cs,pos,25,2,0.53,0.53
cs,pos,25,2,0.455,0.452
cs,syl,25,1,0.89,0.888
cs,syl,25,1,0.825,0.825
cs,syl,25,1,0.72,0.721
cs,pos,25,2,0.635,0.618
cs,pos,25,2,0.48,0.485
cs,syl,25,2,0.93,0.93
cs,syl,25,2,0.86,0.858
cs,syl,25,2,0.87,0.87
cs,syl,25,1,0.78,0.783
cs,syl,25,1,0.825,0.823
cs,pos_syl,25,1,0.84,0.84
cs,pos_syl,25,1,0.625,0.616
cs,pos_syl,25,1,0.83,0.832
cs,syl,25,2,0.86,0.86
cs,syl,25,2,0.905,0.903
cs,pos_syl,25,1,0.875,0.874
cs,pos_syl,25,1,0.785,0.779
cs,pos_syl,25,2,0.9,0.9
cs,pos_syl,25,2,0.865,0.863
cs,pos_syl,25,2,0.96,0.96
cs,pos_syl,25,2,0.85,0.85
cs,pos_syl,25,2,0.965,0.965
cs,token,50,1,0.63,0.62
cs,token,50,1,0.565,0.553
cs,token,50,1,0.51,0.503
cs,token,50,1,0.555,0.547
cs,token,50,1,0.46,0.445
cs,token,50,2,0.37,0.314
cs,token,50,2,0.46,0.439
cs,pos,50,1,0.53,0.523
cs,pos,50,1,0.605,0.599
cs,token,50,2,0.365,0.366
cs,token,50,2,0.405,0.372
cs,token,50,2,0.34,0.319
cs,pos,50,1,0.425,0.411
cs,pos,50,1,0.47,0.469
cs,pos,50,1,0.55,0.548
cs,pos,50,2,0.64,0.64
cs,pos,50,2,0.775,0.765
cs,syl,50,1,0.885,0.887
cs,syl,50,1,0.885,0.885
cs,syl,50,2,1,1
cs,syl,50,2,1,1
cs,pos,50,2,0.585,0.584
cs,pos,50,2,0.695,0.678
cs,pos,50,2,0.68,0.676
cs,syl,50,1,0.845,0.845
cs,syl,50,1,0.92,0.92
cs,syl,50,1,0.84,0.835
cs,pos_syl,50,1,0.965,0.965
cs,pos_syl,50,1,0.92,0.92
cs,syl,50,2,0.955,0.955
cs,syl,50,2,0.94,0.94
cs,syl,50,2,0.985,0.985
cs,pos_syl,50,1,0.975,0.975
cs,pos_syl,50,1,0.905,0.904
cs,pos_syl,50,1,0.875,0.873
cs,pos_syl,50,2,0.97,0.97
cs,pos_syl,50,2,0.995,0.995
cs,pos_syl,50,2,0.955,0.955
cs,pos_syl,50,2,0.945,0.945
cs,pos_syl,50,2,0.95,0.95
cs,token,100,1,0.885,0.885
cs,token,100,1,0.72,0.711
cs,token,100,1,0.78,0.771
cs,token,100,1,0.825,0.822
cs,token,100,1,0.785,0.781
cs,token,100,2,0.29,0.292
cs,token,100,2,0.415,0.42
cs,pos,100,1,0.555,0.546
cs,pos,100,1,0.67,0.666
cs,token,100,2,0.355,0.348
cs,token,100,2,0.43,0.446
cs,pos,100,1,0.62,0.621
cs,token,100,2,0.32,0.324
cs,pos,100,1,0.46,0.455
cs,pos,100,1,0.505,0.507
cs,pos,100,2,0.805,0.804
cs,pos,100,2,0.765,0.766
cs,syl,100,1,0.955,0.955
cs,syl,100,1,1,1
cs,pos,100,2,0.76,0.75
cs,pos,100,2,0.74,0.738
cs,syl,100,1,0.955,0.955
cs,syl,100,2,0.985,0.985
cs,pos,100,2,0.78,0.768
cs,syl,100,2,0.995,0.995
cs,syl,100,1,0.885,0.885
cs,syl,100,1,0.935,0.935
cs,pos_syl,100,1,0.98,0.98
cs,pos_syl,100,1,0.995,0.995
cs,syl,100,2,1,1
cs,syl,100,2,1,1
cs,syl,100,2,0.98,0.98
cs,pos_syl,100,1,0.96,0.96
cs,pos_syl,100,1,0.945,0.945
cs,pos_syl,100,1,0.945,0.945
cs,pos_syl,100,2,0.995,0.995
cs,pos_syl,100,2,0.985,0.985
cs,pos_syl,100,2,1,1
cs,pos_syl,100,2,0.99,0.99
cs,pos_syl,100,2,0.995,0.995
cs,token,200,1,0.895,0.895
cs,token,200,1,0.875,0.874
cs,token,200,1,0.935,0.935
cs,token,200,1,0.88,0.878
cs,token,200,1,0.925,0.925
cs,token,200,2,0.53,0.524
cs,token,200,2,0.47,0.452
cs,pos,200,1,0.79,0.788
cs,pos,200,1,0.75,0.752
cs,token,200,2,0.555,0.548
cs,token,200,2,0.47,0.469
cs,pos,200,1,0.82,0.819
cs,pos,200,1,0.75,0.749
cs,pos,200,2,0.84,0.839
cs,token,200,2,0.455,0.449
cs,syl,200,1,0.99,0.99
cs,pos,200,2,0.94,0.94
cs,pos,200,1,0.655,0.654
cs,syl,200,1,1,1
cs,pos,200,2,0.87,0.869
cs,pos,200,2,0.92,0.919
cs,syl,200,1,0.975,0.975
cs,syl,200,1,0.975,0.975
cs,syl,200,2,1,1
cs,syl,200,2,1,1
cs,pos_syl,200,1,1,1
cs,pos,200,2,0.89,0.888
cs,pos_syl,200,1,1,1
cs,syl,200,2,1,1
cs,syl,200,2,1,1
cs,syl,200,1,1,1
cs,pos_syl,200,1,0.99,0.99
cs,pos_syl,200,1,0.98,0.98
cs,syl,200,2,1,1
cs,pos_syl,200,2,0.995,0.995
cs,pos_syl,200,1,1,1
cs,pos_syl,200,2,1,1
cs,pos_syl,200,2,0.995,0.995
cs,pos_syl,200,2,1,1
cs,pos_syl,200,2,0.99,0.99
cs,token,300,1,0.955,0.954
cs,token,300,1,0.955,0.955
cs,token,300,1,0.94,0.94
cs,token,300,1,0.96,0.96
cs,token,300,1,0.945,0.945
cs,token,300,2,0.69,0.688
cs,pos,300,1,0.725,0.723
cs,token,300,2,0.545,0.514
cs,pos,300,1,0.855,0.855
cs,token,300,2,0.595,0.568
cs,token,300,2,0.495,0.48
cs,pos,300,1,0.785,0.785
cs,pos,300,1,0.885,0.886
cs,token,300,2,0.65,0.63
cs,pos,300,2,0.975,0.975
cs,syl,300,1,1,1
cs,pos,300,1,0.845,0.842
cs,pos,300,2,1,1
cs,syl,300,1,1,1
cs,pos,300,2,0.94,0.94
cs,pos,300,2,0.97,0.97
cs,syl,300,1,1,1
cs,syl,300,1,1,1
cs,syl,300,2,1,1
cs,syl,300,2,1,1
cs,pos,300,2,1,1
cs,pos_syl,300,1,1,1
cs,syl,300,1,1,1
cs,syl,300,2,1,1
cs,syl,300,2,1,1
cs,pos_syl,300,1,1,1
cs,pos_syl,300,1,1,1
cs,pos_syl,300,1,1,1
cs,syl,300,2,1,1
cs,pos_syl,300,1,1,1
cs,pos_syl,300,2,1,1
cs,pos_syl,300,2,1,1
cs,pos_syl,300,2,1,1
cs,pos_syl,300,2,1,1
cs,pos_syl,300,2,1,1
cs,token,500,1,0.935,0.934
cs,token,500,1,0.95,0.95
cs,token,500,1,0.975,0.975
cs,token,500,1,0.94,0.94
cs,token,500,1,1,1
cs,token,500,2,0.72,0.711
cs,pos,500,1,0.865,0.863
cs,token,500,2,0.695,0.676
cs,pos,500,1,0.9,0.9
cs,token,500,2,0.64,0.64
cs,token,500,2,0.695,0.66
cs,pos,500,1,0.8,0.798
cs,pos,500,1,0.9,0.899
cs,token,500,2,0.69,0.69
cs,pos,500,1,0.9,0.898
cs,pos,500,2,1,1
cs,syl,500,1,1,1
cs,pos,500,2,1,1
cs,syl,500,1,1,1
cs,pos,500,2,1,1
cs,pos,500,2,0.98,0.98
cs,syl,500,1,1,1
cs,syl,500,1,1,1
cs,pos,500,2,0.99,0.99
cs,syl,500,2,1,1
cs,syl,500,1,1,1
cs,syl,500,2,1,1
cs,pos_syl,500,1,1,1
cs,pos_syl,500,1,1,1
cs,syl,500,2,1,1
cs,syl,500,2,1,1
cs,pos_syl,500,1,1,1
cs,pos_syl,500,1,1,1
cs,syl,500,2,1,1
cs,pos_syl,500,1,1,1
cs,pos_syl,500,2,1,1
cs,pos_syl,500,2,1,1
cs,pos_syl,500,2,1,1
cs,pos_syl,500,2,1,1
cs,pos_syl,500,2,1,1
cs,token,750,1,1,1
cs,token,750,1,0.985,0.985
cs,token,750,1,1,1
cs,token,750,1,1,1
cs,token,750,1,0.975,0.975
cs,token,750,2,0.785,0.784
cs,pos,750,1,0.915,0.915
cs,token,750,2,0.745,0.745
cs,pos,750,1,0.96,0.96
cs,token,750,2,0.81,0.809
cs,pos,750,1,0.975,0.975
cs,token,750,2,0.79,0.789
cs,token,750,2,0.75,0.738
cs,pos,750,1,0.985,0.985
cs,pos,750,1,0.935,0.934
cs,pos,750,2,1,1
cs,syl,750,1,1,1
cs,pos,750,2,0.99,0.99
cs,syl,750,1,1,1
cs,pos,750,2,1,1
cs,syl,750,1,1,1
cs,pos,750,2,1,1
cs,pos,750,2,1,1
cs,syl,750,1,1,1
cs,syl,750,1,1,1
cs,syl,750,2,1,1
cs,pos_syl,750,1,1,1
cs,syl,750,2,1,1
cs,pos_syl,750,1,1,1
cs,syl,750,2,1,1
cs,pos_syl,750,1,1,1
cs,syl,750,2,1,1
cs,syl,750,2,1,1
cs,pos_syl,750,1,1,1
cs,pos_syl,750,1,1,1
cs,pos_syl,750,2,1,1
cs,pos_syl,750,2,1,1
cs,pos_syl,750,2,1,1
cs,pos_syl,750,2,1,1
cs,pos_syl,750,2,1,1
cs,token,1000,1,1,1
cs,token,1000,1,1,1
cs,token,1000,1,1,1
cs,token,1000,1,0.99,0.99
cs,token,1000,1,1,1
cs,token,1000,2,0.87,0.869
cs,pos,1000,1,0.935,0.936
cs,token,1000,2,0.88,0.878
cs,pos,1000,1,0.93,0.93
cs,token,1000,2,0.935,0.935
cs,token,1000,2,0.81,0.804
cs,pos,1000,1,0.925,0.926
cs,pos,1000,1,0.98,0.98
cs,token,1000,2,0.88,0.879
cs,pos,1000,1,0.97,0.97
cs,pos,1000,2,1,1
cs,syl,1000,1,1,1
cs,pos,1000,2,0.985,0.985
cs,syl,1000,1,1,1
cs,pos,1000,2,1,1
cs,syl,1000,1,1,1
cs,pos,1000,2,1,1
cs,syl,1000,1,1,1
cs,pos,1000,2,1,1
cs,syl,1000,1,1,1
cs,syl,1000,2,1,1
cs,pos_syl,1000,1,1,1
cs,syl,1000,2,1,1
cs,syl,1000,2,1,1
cs,pos_syl,1000,1,1,1
cs,syl,1000,2,1,1
cs,pos_syl,1000,1,1,1
cs,pos_syl,1000,1,1,1
cs,syl,1000,2,1,1
cs,pos_syl,1000,1,1,1
cs,pos_syl,1000,2,1,1
cs,pos_syl,1000,2,1,1
cs,pos_syl,1000,2,1,1
cs,token,25,1,0.62,0.613
cs,pos_syl,1000,2,1,1
cs,token,25,2,0.235,0.187
cs,pos,25,1,0.32,0.305
cs,pos_syl,1000,2,1,1
cs,token,25,1,0.525,0.505
cs,token,25,1,0.36,0.371
cs,pos,25,2,0.48,0.47
cs,token,25,1,0.51,0.496
cs,syl,25,1,0.865,0.864
cs,token,25,2,0.395,0.386
cs,syl,25,2,0.9,0.9
cs,token,25,2,0.24,NaN
cs,pos,25,1,0.28,0.271
cs,pos,25,1,0.525,0.503
cs,pos_syl,25,1,0.86,0.86
cs,token,25,2,0.265,NaN
cs,pos,25,1,0.335,0.325
cs,pos,25,2,0.565,0.555
cs,pos,25,2,0.355,0.343
cs,syl,25,1,0.86,0.857
cs,syl,25,1,0.705,0.694
cs,syl,25,2,0.85,0.849
cs,pos,25,2,0.53,0.531
cs,syl,25,2,0.875,0.875
cs,syl,25,1,0.79,0.788
cs,pos_syl,25,1,0.73,0.72
cs,pos_syl,25,1,0.665,0.671
cs,syl,25,2,0.805,0.804
cs,pos_syl,25,1,0.775,0.763
cs,pos_syl,25,2,0.91,0.91
cs,pos_syl,25,2,0.885,0.884
cs,token,50,1,0.545,0.531
cs,pos_syl,25,2,0.89,0.889
cs,pos_syl,25,2,0.74,0.732
cs,token,25,1,0.515,0.512
cs,token,50,2,0.555,0.556
cs,pos,50,1,0.485,0.489
cs,token,50,1,0.485,0.478
cs,token,50,1,0.575,0.566
cs,token,25,2,0.37,0.315
cs,pos,25,1,0.28,0.28
cs,pos,50,2,0.655,0.652
cs,token,50,1,0.68,0.68
cs,syl,50,1,0.915,0.915
cs,pos,25,2,0.505,0.5
cs,syl,50,2,0.945,0.945
cs,token,50,2,0.315,0.31
cs,token,50,2,0.31,0.317
cs,syl,25,1,0.63,0.621
cs,pos,50,1,0.675,0.675
cs,pos_syl,50,1,0.885,0.883
cs,pos,50,1,0.535,0.529
cs,syl,25,2,0.935,0.935
cs,pos_syl,25,1,0.785,0.78
cs,token,50,2,0.335,0.325
cs,pos,50,2,0.71,0.689
cs,pos,50,2,0.69,0.69
cs,syl,50,1,0.73,0.727
cs,pos,50,1,0.415,0.41
cs,syl,50,1,0.86,0.861
cs,pos_syl,50,2,0.965,0.965
cs,syl,50,2,0.955,0.955
cs,syl,50,2,0.965,0.965
cs,pos_syl,50,1,0.91,0.906
cs,pos,50,2,0.62,0.612
cs,pos_syl,50,1,0.89,0.89
cs,syl,50,1,0.86,0.859
cs,syl,50,2,0.97,0.97
cs,pos_syl,50,1,0.935,0.935
cs,pos_syl,50,2,0.97,0.97
cs,token,100,1,0.625,0.623
cs,pos_syl,50,2,0.93,0.93
cs,pos_syl,25,2,0.915,0.915
cs,pos_syl,50,2,0.96,0.96
cs,token,100,1,0.825,0.821
cs,token,100,2,0.37,0.369
cs,token,50,1,0.43,0.407
cs,pos,100,1,0.495,0.489
cs,token,100,1,0.81,0.802
cs,token,100,1,0.82,0.816
cs,pos,100,2,0.87,0.867
cs,syl,100,1,0.97,0.97
cs,token,100,2,0.365,0.365
cs,token,50,2,0.32,0.322
cs,pos,100,1,0.5,0.493
cs,syl,100,2,0.96,0.96
cs,pos,50,1,0.435,0.42
cs,token,100,2,0.415,0.4
cs,pos,100,1,0.44,0.428
cs,pos_syl,100,1,0.985,0.985
cs,token,100,2,0.39,0.396
cs,pos,100,1,0.585,0.579
cs,pos,100,2,0.805,0.803
cs,pos,50,2,0.505,0.503
cs,syl,100,1,0.96,0.96
cs,syl,50,1,0.885,0.883
cs,pos,100,2,0.835,0.835
cs,syl,50,2,0.98,0.98
cs,syl,100,1,1,1
cs,syl,100,2,1,1
cs,pos,100,2,0.67,0.664
cs,pos_syl,100,2,0.99,0.99
cs,pos_syl,50,1,0.89,0.887
cs,syl,100,1,0.935,0.935
cs,pos_syl,100,1,0.99,0.99
cs,syl,100,2,0.955,0.955
cs,pos_syl,100,1,0.965,0.965
cs,syl,100,2,1,1
cs,pos_syl,100,1,1,1
cs,pos_syl,50,2,0.935,0.934
cs,pos_syl,100,2,1,1
cs,token,200,1,0.755,0.755
cs,pos_syl,100,2,0.95,0.95
cs,pos_syl,100,2,1,1
cs,token,100,1,0.825,0.822
cs,token,200,1,0.795,0.79
cs,token,200,1,0.9,0.9
cs,token,200,2,0.435,0.428
cs,pos,200,1,0.775,0.773
cs,token,200,1,0.825,0.824
cs,token,100,2,0.475,0.477
cs,pos,100,1,0.665,0.665
cs,pos,200,2,0.945,0.945
cs,syl,200,1,0.995,0.995
cs,token,200,2,0.45,0.464
cs,pos,100,2,0.685,0.683
cs,pos,200,1,0.795,0.793
cs,token,200,2,0.47,0.459
cs,syl,100,1,0.955,0.955
cs,pos,200,1,0.74,0.741
cs,token,200,2,0.47,0.478
cs,pos,200,1,0.62,0.62
cs,syl,200,2,1,1
cs,syl,100,2,1,1
cs,pos_syl,200,1,0.99,0.99
cs,pos_syl,100,1,0.995,0.995
cs,pos,200,2,0.915,0.915
cs,syl,200,1,1,1
cs,pos,200,2,0.88,0.879
cs,syl,200,1,0.975,0.975
cs,pos,200,2,0.855,0.851
cs,syl,200,1,0.99,0.99
cs,syl,200,2,1,1
cs,pos_syl,100,2,0.995,0.995
cs,syl,200,2,0.985,0.985
cs,pos_syl,200,2,1,1
cs,pos_syl,200,1,1,1
cs,syl,200,2,0.995,0.995
cs,pos_syl,200,1,0.985,0.985
cs,pos_syl,200,1,1,1
cs,token,200,1,0.86,0.857
cs,pos_syl,200,2,1,1
cs,pos_syl,200,2,1,1
cs,token,300,1,0.98,0.98
cs,pos_syl,200,2,1,1
cs,token,300,1,0.95,0.949
cs,token,200,2,0.515,0.495
cs,token,300,1,0.93,0.929
cs,pos,200,1,0.685,0.679
cs,token,300,1,0.93,0.929
cs,token,300,2,0.56,0.55
cs,pos,300,1,0.665,0.665
cs,pos,200,2,0.895,0.894
cs,syl,200,1,1,1
cs,token,300,2,0.575,0.566
cs,syl,200,2,1,1
cs,pos,300,2,0.9,0.9
cs,pos,300,1,0.925,0.926
cs,syl,300,1,1,1
cs,token,300,2,0.645,0.643
cs,pos_syl,200,1,0.99,0.99
cs,token,300,2,0.635,0.63
cs,pos,300,1,0.77,0.76
cs,pos,300,1,0.82,0.815
cs,syl,300,2,1,1
cs,pos,300,2,1,1
cs,pos_syl,300,1,1,1
cs,syl,300,1,1,1
cs,pos,300,2,0.915,0.915
cs,pos_syl,200,2,1,1
cs,syl,300,1,1,1
cs,pos,300,2,0.985,0.985
cs,syl,300,1,1,1
cs,syl,300,2,1,1
cs,pos_syl,300,1,1,1
cs,syl,300,2,1,1
cs,syl,300,2,1,1
cs,pos_syl,300,2,1,1
cs,pos_syl,300,1,1,1
cs,token,300,1,0.92,0.92
cs,pos_syl,300,1,1,1
cs,pos_syl,300,2,1,1
cs,token,500,1,0.995,0.995
cs,pos_syl,300,2,1,1
cs,pos_syl,300,2,1,1
cs,token,300,2,0.45,0.458
cs,pos,300,1,0.63,0.62
cs,token,500,1,0.985,0.985
cs,token,500,1,0.995,0.995
cs,token,500,1,0.99,0.99
cs,pos,300,2,0.97,0.97
cs,syl,300,1,1,1
cs,token,500,2,0.845,0.837
cs,pos,500,1,0.87,0.87
cs,syl,300,2,1,1
cs,pos_syl,300,1,1,1
cs,token,500,2,0.615,0.593
cs,pos,500,1,0.82,0.812
cs,token,500,2,0.755,0.74
cs,token,500,2,0.64,0.625
cs,pos,500,2,0.995,0.995
cs,pos,500,1,0.945,0.945
cs,pos,500,1,0.94,0.94
cs,syl,500,1,1,1
cs,pos_syl,300,2,1,1
cs,pos,500,2,1,1
cs,syl,500,2,1,1
cs,syl,500,1,1,1
cs,pos,500,2,0.98,0.98
cs,pos,500,2,0.99,0.99
cs,syl,500,1,1,1
cs,pos_syl,500,1,1,1
cs,syl,500,1,1,1
cs,token,500,1,0.995,0.995
cs,syl,500,2,1,1
cs,syl,500,2,1,1
cs,pos_syl,500,1,1,1
cs,syl,500,2,1,1
cs,pos_syl,500,1,1,1
cs,pos_syl,500,1,1,1
cs,pos_syl,500,2,1,1
cs,token,500,2,0.765,0.762
cs,pos_syl,500,2,1,1
cs,pos,500,1,0.89,0.888
cs,pos_syl,500,2,1,1
cs,pos_syl,500,2,1,1
cs,token,750,1,1,1
cs,pos,500,2,0.97,0.97
cs,token,750,1,1,1
cs,syl,500,1,1,1
cs,token,750,1,0.975,0.975
cs,token,750,1,1,1
cs,syl,500,2,1,1
cs,pos_syl,500,1,1,1
cs,token,750,2,0.755,0.738
cs,pos,750,1,0.875,0.877
cs,pos_syl,500,2,1,1
cs,token,750,2,0.785,0.784
cs,token,750,2,0.735,0.72
cs,token,750,2,0.91,0.909
cs,pos,750,1,1,1
cs,pos,750,1,0.915,0.914
cs,pos,750,1,0.95,0.95
cs,pos,750,2,0.98,0.98
cs,syl,750,1,1,1
cs,token,750,1,1,1
cs,pos,750,2,1,1
cs,pos,750,2,1,1
cs,pos,750,2,1,1
cs,syl,750,2,1,1
cs,syl,750,1,1,1
cs,syl,750,1,1,1
cs,syl,750,1,1,1
cs,pos_syl,750,1,1,1
cs,syl,750,2,1,1
cs,syl,750,2,1,1
cs,syl,750,2,1,1
cs,pos_syl,750,1,1,1
cs,pos_syl,750,1,1,1
cs,pos_syl,750,1,1,1
cs,token,750,2,0.79,0.791
cs,pos,750,1,0.96,0.96
cs,pos_syl,750,2,1,1
cs,pos_syl,750,2,1,1
cs,pos_syl,750,2,1,1
cs,pos_syl,750,2,1,1
cs,token,1000,1,1,1
cs,pos,750,2,1,1
cs,syl,750,1,1,1
cs,token,1000,1,0.995,0.995
cs,token,1000,1,1,1
cs,token,1000,1,1,1
cs,syl,750,2,1,1
cs,pos_syl,750,1,1,1
cs,pos_syl,750,2,1,1
cs,token,1000,2,0.925,0.923
cs,pos,1000,1,0.98,0.98
cs,token,1000,2,0.935,0.935
cs,pos,1000,1,0.95,0.95
cs,token,1000,1,0.995,0.995
cs,token,1000,2,0.79,0.781
cs,token,1000,2,0.87,0.862
cs,pos,1000,1,0.965,0.965
cs,pos,1000,1,0.925,0.925
cs,pos,1000,2,1,1
cs,syl,1000,1,1,1
cs,pos,1000,2,1,1
cs,syl,1000,1,1,1
cs,pos,1000,2,1,1
cs,pos,1000,2,1,1
cs,syl,1000,1,1,1
cs,syl,1000,1,1,1
cs,syl,1000,2,1,1
cs,pos_syl,1000,1,1,1
cs,syl,1000,2,1,1
cs,pos_syl,1000,1,1,1
cs,token,1000,2,0.925,0.924
cs,pos,1000,1,0.985,0.985
cs,syl,1000,2,1,1
cs,syl,1000,2,1,1
cs,pos_syl,1000,1,1,1
cs,pos_syl,1000,1,1,1
cs,pos_syl,1000,2,1,1
cs,token,25,1,0.56,0.555
cs,pos,1000,2,1,1
cs,pos_syl,1000,2,1,1
cs,syl,1000,1,1,1
cs,pos_syl,1000,2,1,1
cs,token,25,2,0.23,NaN
cs,pos_syl,1000,2,1,1
cs,pos,25,1,0.355,0.364
cs,pos,25,2,0.395,0.398
cs,syl,25,1,0.73,0.729
cs,token,25,1,0.56,0.558
cs,token,25,1,0.56,0.546
cs,syl,25,2,0.87,0.87
cs,pos_syl,25,1,0.665,0.666
cs,token,25,2,0.29,0.222
cs,token,25,2,0.335,0.306
cs,syl,1000,2,1,1
cs,pos,25,1,0.315,0.318
cs,pos,25,1,0.255,0.243
cs,pos_syl,1000,1,1,1
cs,pos,25,2,0.45,0.45
cs,pos,25,2,0.55,0.551
cs,syl,25,1,0.79,0.784
cs,syl,25,1,0.815,0.815
cs,syl,25,2,0.89,0.889
cs,syl,25,2,0.84,0.84
cs,pos_syl,25,1,0.8,0.799
cs,pos_syl,25,1,0.77,0.768
cs,token,25,1,0.48,0.464
cs,pos_syl,25,2,0.86,0.859
cs,token,25,2,0.26,0.19
cs,pos,25,1,0.51,0.513
cs,pos,25,2,0.485,0.46
cs,token,50,1,0.57,0.575
cs,syl,25,1,0.755,0.752
cs,pos_syl,1000,2,1,1
cs,pos_syl,25,2,0.88,0.878
cs,syl,25,2,0.91,0.91
cs,pos_syl,25,2,0.76,0.756
cs,pos_syl,25,1,0.69,0.69
cs,token,50,2,0.335,0.3
cs,token,50,1,0.555,0.551
cs,pos,50,1,0.365,0.365
cs,token,50,1,0.62,0.617
cs,token,25,1,0.61,0.611
cs,pos,50,2,0.505,0.501
cs,syl,50,1,0.97,0.97
cs,token,50,2,0.29,0.289
cs,syl,50,2,0.955,0.955
cs,pos,50,1,0.495,0.494
cs,pos_syl,25,2,0.81,0.809
cs,token,25,2,0.325,0.339
cs,pos_syl,50,1,0.905,0.906
cs,token,50,2,0.41,0.419
cs,pos,25,1,0.46,0.457
cs,pos,50,1,0.68,0.681
cs,pos,50,2,0.465,0.466
cs,syl,50,1,0.845,0.84
cs,pos,25,2,0.41,0.39
cs,syl,25,1,0.84,0.839
cs,pos_syl,50,2,0.925,0.925
cs,pos,50,2,0.755,0.74
cs,syl,50,2,1,1
cs,syl,50,1,0.935,0.935
cs,token,50,1,0.53,0.511
cs,syl,25,2,0.89,0.89
cs,pos_syl,50,1,0.82,0.823
cs,syl,50,2,1,1
cs,pos_syl,25,1,0.615,0.614
cs,pos_syl,50,1,0.96,0.96
cs,token,100,1,0.79,0.789
cs,pos_syl,50,2,0.93,0.93
cs,token,50,2,0.33,0.321
cs,pos_syl,50,2,0.995,0.995
cs,pos,50,1,0.45,0.45
cs,pos,50,2,0.53,0.512
cs,token,100,2,0.425,0.426
cs,syl,50,1,0.87,0.869
cs,pos_syl,25,2,0.725,0.709
cs,token,100,1,0.79,0.784
cs,pos,100,1,0.53,0.537
cs,syl,50,2,1,1
cs,token,100,1,0.785,0.781
cs,pos_syl,50,1,0.925,0.925
cs,pos,100,2,0.695,0.681
cs,syl,100,1,0.995,0.995
cs,token,100,2,0.315,0.297
cs,token,50,1,0.635,0.628
cs,pos_syl,50,2,0.93,0.93
cs,syl,100,2,1,1
cs,pos,100,1,0.6,0.593
cs,token,100,2,0.495,0.495
cs,pos_syl,100,1,0.975,0.975
cs,pos,100,1,0.655,0.643
cs,pos,100,2,0.71,0.704
cs,syl,100,1,0.95,0.95
cs,pos,100,2,0.79,0.784
cs,token,50,2,0.39,0.392
cs,syl,100,1,0.97,0.97
cs,token,100,1,0.715,0.709
cs,pos_syl,100,2,0.975,0.975
cs,pos,50,1,0.435,0.442
cs,syl,100,2,1,1
cs,syl,100,2,1,1
cs,pos_syl,100,1,0.92,0.92
cs,pos_syl,100,1,0.93,0.93
cs,pos,50,2,0.6,0.601
cs,syl,50,1,0.875,0.866
cs,syl,50,2,1,1
cs,token,100,2,0.5,0.499
cs,token,200,1,0.87,0.868
cs,pos,100,1,0.69,0.682
cs,pos_syl,100,2,0.97,0.97
cs,pos_syl,50,1,0.89,0.89
cs,pos_syl,100,2,1,1
cs,pos,100,2,0.88,0.879
cs,syl,100,1,0.985,0.985
cs,pos_syl,50,2,0.95,0.95
cs,syl,100,2,0.99,0.99
cs,token,200,1,0.8,0.794
cs,token,200,2,0.485,0.477
cs,token,200,1,0.88,0.879
cs,pos_syl,100,1,0.88,0.879
cs,pos,200,1,0.66,0.653
cs,token,100,1,0.75,0.75
cs,pos_syl,100,2,0.95,0.95
cs,pos,200,2,0.825,0.822
cs,syl,200,1,1,1
cs,token,200,2,0.475,0.473
cs,token,200,2,0.385,0.393
cs,pos,200,1,0.745,0.741
cs,pos,200,1,0.665,0.659
cs,syl,200,2,1,1
cs,pos_syl,200,1,1,1
cs,token,100,2,0.33,0.309
cs,token,200,1,0.885,0.883
cs,pos,100,1,0.565,0.562
cs,pos,200,2,0.865,0.862
cs,pos,200,2,0.92,0.92
cs,syl,200,1,1,1
cs,syl,200,1,0.995,0.995
cs,pos,100,2,0.725,0.723
cs,pos_syl,200,2,0.995,0.995
cs,syl,100,1,0.935,0.935
cs,syl,200,2,0.995,0.995
cs,syl,200,2,1,1
cs,pos_syl,200,1,0.98,0.98
cs,pos_syl,200,1,1,1
cs,syl,100,2,0.99,0.99
cs,token,200,2,0.51,0.498
cs,pos,200,1,0.59,0.582
cs,pos_syl,100,1,0.975,0.975
cs,token,300,1,0.895,0.895
cs,pos_syl,200,2,1,1
cs,pos_syl,200,2,0.995,0.995
cs,pos,200,2,0.865,0.866
cs,pos_syl,100,2,0.99,0.99
cs,syl,200,1,1,1
cs,syl,200,2,1,1
cs,pos_syl,200,1,1,1
cs,token,300,1,0.9,0.899
cs,token,300,1,0.92,0.92
cs,token,200,1,0.845,0.843
cs,token,300,2,0.56,0.546
cs,pos,300,1,0.82,0.817
cs,pos_syl,200,2,1,1
cs,pos,300,2,0.935,0.934
cs,token,200,2,0.43,0.433
cs,syl,300,1,1,1
cs,pos,200,1,0.745,0.739
cs,token,300,2,0.54,0.542
cs,pos,300,1,0.815,0.815
cs,token,300,2,0.445,0.439
cs,token,300,1,0.915,0.912
cs,pos,300,1,0.825,0.826
cs,syl,300,2,1,1
cs,pos,200,2,0.855,0.854
cs,syl,200,1,0.99,0.99
cs,pos_syl,300,1,1,1
cs,pos,300,2,0.955,0.955
cs,syl,300,1,1,1
cs,pos,300,2,0.965,0.965
cs,syl,200,2,1,1
cs,syl,300,1,1,1
cs,pos_syl,200,1,1,1
cs,syl,300,2,1,1
cs,token,300,2,0.585,0.583
cs,pos_syl,300,2,1,1
cs,syl,300,2,1,1
cs,pos,300,1,0.83,0.831
cs,pos_syl,300,1,1,1
cs,pos_syl,300,1,1,1
cs,pos_syl,200,2,1,1
cs,pos,300,2,0.94,0.94
cs,syl,300,1,1,1
cs,token,500,1,0.995,0.995
cs,pos_syl,300,2,0.995,0.995
cs,pos_syl,300,2,1,1
cs,token,300,1,0.845,0.844
cs,syl,300,2,1,1
cs,pos_syl,300,1,1,1
cs,token,500,1,0.95,0.949
cs,token,500,1,0.94,0.94
cs,pos_syl,300,2,1,1
cs,token,300,2,0.645,0.638
cs,token,500,2,0.78,0.776
cs,pos,300,1,0.78,0.779
cs,pos,500,1,0.94,0.94
cs,pos,300,2,0.94,0.94
cs,token,500,1,0.965,0.965
cs,syl,300,1,1,1
cs,token,500,2,0.795,0.79
cs,pos,500,2,0.99,0.99
cs,token,500,2,0.59,0.571
cs,pos,500,1,0.87,0.868
cs,syl,500,1,1,1
cs,pos,500,1,0.9,0.899
cs,syl,300,2,1,1
cs,pos_syl,300,1,1,1
cs,syl,500,2,1,1
cs,pos,500,2,1,1
cs,pos_syl,500,1,1,1
cs,pos,500,2,1,1
cs,syl,500,1,1,1
cs,syl,500,1,1,1
cs,token,500,2,0.79,0.786
cs,pos_syl,300,2,1,1
cs,pos,500,1,0.895,0.893
cs,syl,500,2,1,1
cs,syl,500,2,1,1
cs,pos_syl,500,1,1,1
cs,pos_syl,500,2,1,1
cs,pos_syl,500,1,1,1
cs,token,500,1,0.965,0.965
cs,pos,500,2,0.995,0.995
cs,syl,500,1,1,1
cs,syl,500,2,1,1
cs,token,750,1,0.98,0.98
cs,pos_syl,500,2,1,1
cs,pos_syl,500,2,1,1
cs,pos_syl,500,1,1,1
cs,token,500,2,0.72,0.72
cs,token,750,1,1,1
cs,pos,500,1,0.875,0.874
cs,token,750,1,1,1
cs,pos_syl,500,2,1,1
cs,pos,500,2,0.985,0.985
cs,syl,500,1,1,1
cs,token,750,2,0.795,0.795
cs,pos,750,1,0.995,0.995
cs,token,750,1,1,1
cs,syl,500,2,1,1
cs,pos_syl,500,1,1,1
cs,token,750,2,0.695,0.679
cs,token,750,2,0.815,0.811
cs,pos,750,1,0.935,0.935
cs,pos,750,1,1,1
cs,pos,750,2,1,1
cs,syl,750,1,1,1
cs,pos_syl,500,2,1,1
cs,pos,750,2,1,1
cs,token,750,2,0.93,0.93
cs,pos,750,2,1,1
cs,syl,750,1,1,1
cs,pos,750,1,0.965,0.965
cs,syl,750,1,1,1
cs,syl,750,2,1,1
cs,pos_syl,750,1,1,1
cs,token,750,1,1,1
cs,syl,750,2,1,1
cs,syl,750,2,1,1
cs,pos_syl,750,1,1,1
cs,pos_syl,750,1,1,1
cs,pos,750,2,1,1
cs,syl,750,1,1,1
cs,pos_syl,750,2,1,1
cs,syl,750,2,1,1
cs,pos_syl,750,2,1,1
cs,pos_syl,750,2,1,1
cs,pos_syl,750,1,1,1
cs,token,1000,1,1,1
cs,token,750,2,0.84,0.838
cs,pos,750,1,0.905,0.904
cs,token,1000,1,1,1
cs,token,1000,1,1,1
cs,pos,750,2,0.995,0.995
cs,pos_syl,750,2,1,1
cs,syl,750,1,1,1
cs,syl,750,2,1,1
cs,token,1000,1,1,1
cs,pos_syl,750,1,1,1
cs,token,1000,2,0.905,0.905
cs,pos,1000,1,0.945,0.944
cs,token,1000,2,0.86,0.858
cs,pos,1000,1,1,1
cs,token,1000,2,0.89,0.889
cs,pos_syl,750,2,1,1
cs,pos,1000,1,0.98,0.98
cs,pos,1000,2,1,1
cs,syl,1000,1,1,1
cs,token,1000,1,1,1
cs,pos,1000,2,1,1
cs,syl,1000,1,1,1
cs,token,1000,2,0.78,0.778
cs,pos,1000,2,1,1
cs,syl,1000,1,1,1
cs,pos,1000,1,0.91,0.909
cs,syl,1000,2,1,1
cs,pos_syl,1000,1,1,1
cs,syl,1000,2,1,1
cs,pos_syl,1000,1,1,1
cs,syl,1000,2,1,1
cs,pos_syl,1000,1,1,1
cs,pos,1000,2,0.99,0.99
cs,syl,1000,1,1,1
cs,token,1000,2,0.865,0.865
cs,pos_syl,1000,2,1,1
cs,pos,1000,1,0.995,0.995
cs,pos_syl,1000,2,1,1
cs,syl,1000,2,1,1
cs,token,25,1,0.475,0.468
cs,pos_syl,1000,2,1,1
cs,pos_syl,1000,1,1,1
cs,token,25,1,0.36,0.355
cs,token,25,2,0.255,0.255
cs,pos,25,1,0.455,0.455
cs,token,25,2,0.32,0.308
cs,pos,25,1,0.39,0.384
cs,token,25,1,0.375,0.36
cs,pos,1000,2,1,1
cs,pos,25,2,0.635,0.638
cs,syl,1000,1,1,1
cs,syl,25,1,0.595,0.584
cs,pos,25,2,0.48,0.455
cs,syl,25,2,0.97,0.97
cs,token,25,2,0.295,0.261
cs,syl,25,1,0.825,0.826
cs,pos_syl,25,1,0.63,0.619
cs,pos,25,1,0.36,0.358
cs,syl,25,2,0.95,0.95
cs,pos_syl,25,1,0.86,0.855
cs,pos,25,2,0.42,0.419
cs,pos_syl,1000,2,1,1
cs,syl,25,1,0.875,0.874
cs,syl,25,2,0.91,0.91
cs,pos_syl,25,1,0.86,0.859
cs,syl,1000,2,1,1
cs,pos_syl,25,2,0.93,0.93
cs,pos_syl,1000,1,1,1
cs,pos_syl,25,2,0.905,0.905
cs,token,50,1,0.66,0.651
cs,pos_syl,25,2,0.935,0.935
cs,token,25,1,0.4,0.396
cs,token,25,2,0.245,NaN
cs,token,50,1,0.67,0.663
cs,token,50,2,0.425,0.421
cs,pos,25,1,0.37,0.35
cs,pos,50,1,0.405,0.406
cs,token,50,1,0.665,0.661
cs,pos,25,2,0.495,0.484
cs,pos,50,2,0.65,0.648
cs,pos_syl,1000,2,1,1
cs,syl,25,1,0.67,0.666
cs,syl,50,1,0.97,0.97
cs,token,50,2,0.37,0.368
cs,syl,25,2,0.855,0.855
cs,syl,50,2,0.97,0.97
cs,pos,50,1,0.545,0.54
cs,pos_syl,25,1,0.79,0.788
cs,pos_syl,50,1,0.97,0.97
cs,token,50,2,0.39,0.385
cs,pos,50,2,0.76,0.756
cs,pos,50,1,0.455,0.462
cs,syl,50,1,0.935,0.935
cs,syl,50,2,0.985,0.985
cs,pos_syl,50,2,0.99,0.99
cs,pos,50,2,0.665,0.669
cs,syl,50,1,0.9,0.902
cs,pos_syl,50,1,0.895,0.895
cs,syl,50,2,0.99,0.99
cs,pos_syl,50,1,0.885,0.884
cs,pos_syl,25,2,0.825,0.811
cs,token,100,1,0.76,0.755
cs,pos_syl,50,2,0.985,0.985
cs,pos_syl,50,2,0.955,0.955
cs,token,50,1,0.49,0.492
cs,token,100,2,0.545,0.552
cs,token,100,1,0.82,0.819
cs,pos,100,1,0.645,0.64
cs,token,100,1,0.725,0.722
cs,token,25,1,0.51,0.499
cs,token,50,2,0.33,0.331
cs,pos,100,2,0.735,0.735
cs,pos,50,1,0.33,0.317
cs,syl,100,1,0.99,0.99
cs,token,25,2,0.385,0.338
cs,token,100,2,0.4,0.415
cs,syl,100,2,1,1
cs,pos,25,1,0.28,0.277
cs,pos,100,1,0.675,0.672
cs,pos,50,2,0.615,0.607
cs,token,100,2,0.45,0.448
cs,pos_syl,100,1,0.995,0.995
cs,syl,50,1,0.84,0.839
cs,pos,100,1,0.645,0.649
cs,syl,50,2,0.98,0.98
cs,pos,25,2,0.545,0.54
cs,syl,25,1,0.75,0.748
cs,pos,100,2,0.825,0.817
cs,pos_syl,50,1,0.89,0.889
cs,syl,100,1,0.995,0.995
cs,pos,100,2,0.85,0.847
cs,syl,25,2,0.96,0.96
cs,pos_syl,100,2,1,1
cs,syl,100,1,1,1
cs,syl,100,2,0.995,0.995
cs,pos_syl,25,1,0.75,0.748
cs,syl,100,2,0.98,0.98
cs,pos_syl,100,1,1,1
cs,pos_syl,50,2,0.96,0.96
cs,pos_syl,100,1,0.96,0.96
cs,token,200,1,0.92,0.919
cs,pos_syl,100,2,0.985,0.985
cs,pos_syl,100,2,0.985,0.985
cs,token,100,1,0.765,0.759
cs,pos_syl,25,2,0.87,0.87
cs,token,200,1,0.895,0.894
cs,token,200,2,0.545,0.539
cs,token,200,1,0.91,0.91
cs,token,100,2,0.46,0.463
cs,pos,200,1,0.74,0.722
cs,pos,100,1,0.64,0.634
cs,token,50,1,0.645,0.631
cs,pos,100,2,0.895,0.894
cs,syl,100,1,1,1
cs,pos,200,2,0.935,0.934
cs,syl,200,1,0.995,0.995
cs,token,50,2,0.25,0.221
cs,token,200,2,0.385,0.381
cs,syl,100,2,1,1
cs,token,200,2,0.555,0.557
cs,pos,50,1,0.58,0.582
cs,pos,200,1,0.61,0.604
cs,pos,200,1,0.805,0.802
cs,pos_syl,100,1,0.995,0.995
cs,syl,200,2,0.995,0.995
cs,pos_syl,200,1,1,1
cs,pos,50,2,0.665,0.666
cs,syl,50,1,0.895,0.895
cs,pos,200,2,0.795,0.792
cs,pos,200,2,0.97,0.97
cs,syl,50,2,0.985,0.985
cs,syl,200,1,1,1
cs,pos_syl,100,2,0.995,0.995
cs,syl,200,1,1,1
cs,pos_syl,50,1,0.89,0.89
cs,pos_syl,200,2,1,1
cs,syl,200,2,1,1
cs,syl,200,2,1,1
cs,pos_syl,200,1,0.975,0.975
cs,pos_syl,200,1,1,1
cs,pos_syl,50,2,0.915,0.915
cs,token,200,1,0.925,0.925
cs,token,300,1,0.965,0.965
cs,pos_syl,200,2,1,1
cs,pos_syl,200,2,1,1
cs,token,100,1,0.71,0.704
cs,token,200,2,0.63,0.623
cs,pos,200,1,0.765,0.76
cs,token,300,1,0.86,0.858
cs,token,300,1,0.875,0.873
cs,token,100,2,0.39,0.39
cs,pos,100,1,0.625,0.619
cs,token,300,2,0.735,0.728
cs,pos,200,2,0.905,0.903
cs,pos,300,1,0.56,0.562
cs,syl,200,1,1,1
cs,pos,100,2,0.81,0.813
cs,syl,100,1,0.92,0.92
cs,syl,200,2,1,1
cs,pos_syl,200,1,1,1
cs,syl,100,2,0.98,0.98
cs,pos_syl,100,1,0.955,0.955
cs,pos,300,2,0.955,0.955
cs,token,300,2,0.545,0.546
cs,syl,300,1,1,1
cs,token,300,2,0.71,0.704
cs,pos,300,1,0.775,0.77
cs,pos,300,1,0.75,0.748
cs,pos_syl,200,2,1,1
cs,syl,300,2,1,1
cs,pos_syl,100,2,0.995,0.995
cs,pos_syl,300,1,1,1
cs,pos,300,2,0.935,0.934
cs,pos,300,2,0.97,0.97
cs,syl,300,1,1,1
cs,syl,300,1,1,1
cs,token,300,1,0.94,0.939
cs,syl,300,2,1,1
cs,token,200,1,0.87,0.87
cs,syl,300,2,1,1
cs,pos_syl,300,2,1,1
cs,pos_syl,300,1,1,1
cs,pos_syl,300,1,1,1
cs,token,200,2,0.51,0.524
cs,pos_syl,300,2,1,1
cs,token,500,1,0.97,0.97
cs,pos,200,1,0.71,0.706
cs,pos_syl,300,2,1,1
cs,token,300,2,0.63,0.623
cs,pos,300,1,0.88,0.88
cs,pos,200,2,0.905,0.904
cs,syl,200,1,1,1
cs,pos,300,2,0.995,0.995
cs,token,500,1,0.95,0.949
cs,token,500,1,0.955,0.955
cs,syl,300,1,1,1
cs,syl,200,2,1,1
cs,pos_syl,200,1,1,1
cs,syl,300,2,1,1
cs,token,500,2,0.745,0.742
cs,pos_syl,300,1,1,1
cs,pos,500,1,0.93,0.929
cs,pos_syl,200,2,1,1
cs,pos_syl,300,2,1,1
cs,token,500,2,0.63,0.613
cs,token,500,2,0.775,0.772
cs,pos,500,2,0.955,0.955
cs,pos,500,1,0.96,0.96
cs,syl,500,1,1,1
cs,pos,500,1,0.9,0.899
cs,token,300,1,0.93,0.929
cs,token,500,1,0.995,0.995
cs,syl,500,2,1,1
cs,pos,500,2,1,1
cs,pos,500,2,0.99,0.99
cs,pos_syl,500,1,1,1
cs,syl,500,1,1,1
cs,syl,500,1,1,1
cs,token,300,2,0.645,0.644
cs,pos,300,1,0.74,0.736
cs,syl,500,2,1,1
cs,syl,500,2,1,1
cs,pos_syl,500,1,1,1
cs,pos_syl,500,1,1,1
cs,pos_syl,500,2,1,1
cs,pos,300,2,0.975,0.975
cs,syl,300,1,1,1
cs,token,500,2,0.68,0.677
cs,pos,500,1,0.885,0.885
cs,syl,300,2,1,1
cs,pos_syl,300,1,1,1
cs,pos_syl,500,2,1,1
cs,pos_syl,500,2,1,1
cs,token,750,1,1,1
cs,pos,500,2,0.995,0.995
cs,syl,500,1,1,1
cs,pos_syl,300,2,1,1
cs,token,750,1,0.99,0.99
cs,token,750,1,0.99,0.99
cs,syl,500,2,1,1
cs,pos_syl,500,1,1,1
cs,token,500,1,0.965,0.965
cs,token,750,2,0.86,0.857
cs,pos_syl,500,2,1,1
cs,pos,750,1,0.945,0.945
cs,token,500,2,0.72,0.72
cs,token,750,2,0.725,0.711
cs,token,750,2,0.865,0.864
cs,pos,500,1,0.915,0.915
cs,pos,750,1,1,1
cs,pos,750,1,0.97,0.97
cs,token,750,1,0.995,0.995
cs,pos,750,2,0.995,0.995
cs,syl,750,1,1,1
cs,pos,500,2,0.995,0.995
cs,syl,500,1,1,1
cs,pos,750,2,1,1
cs,pos,750,2,1,1
cs,syl,750,1,1,1
cs,syl,750,1,1,1
cs,syl,750,2,1,1
cs,pos_syl,750,1,1,1
cs,syl,500,2,1,1
cs,pos_syl,500,1,1,1
cs,syl,750,2,1,1
cs,syl,750,2,1,1
cs,token,750,2,0.82,0.819
cs,pos_syl,750,1,1,1
cs,pos,750,1,0.96,0.96
cs,pos_syl,750,1,1,1
cs,pos_syl,500,2,1,1
cs,pos_syl,750,2,1,1
cs,pos,750,2,1,1
cs,syl,750,1,1,1
cs,pos_syl,750,2,1,1
cs,token,750,1,1,1
cs,pos_syl,750,2,1,1
cs,token,1000,1,1,1
cs,syl,750,2,1,1
cs,token,1000,1,1,1
cs,token,1000,1,1,1
cs,pos_syl,750,1,1,1
cs,token,750,2,0.655,0.643
cs,pos,750,1,0.96,0.96
cs,pos_syl,750,2,1,1
cs,token,1000,2,0.945,0.945
cs,pos,1000,1,0.98,0.98
cs,pos,750,2,1,1
cs,syl,750,1,1,1
cs,token,1000,1,1,1
cs,token,1000,2,0.91,0.909
cs,token,1000,2,0.825,0.823
cs,pos,1000,1,0.845,0.846
cs,pos,1000,1,0.905,0.905
cs,syl,750,2,1,1
cs,pos,1000,2,1,1
cs,pos_syl,750,1,1,1
cs,syl,1000,1,1,1
cs,pos,1000,2,1,1
cs,pos,1000,2,1,1
cs,syl,1000,1,1,1
cs,syl,1000,1,1,1
cs,syl,1000,2,1,1
cs,pos_syl,750,2,1,1
cs,pos_syl,1000,1,1,1
cs,token,1000,2,0.83,0.829
cs,pos,1000,1,0.945,0.945
cs,syl,1000,2,1,1
cs,pos_syl,1000,1,1,1
cs,syl,1000,2,1,1
cs,token,1000,1,1,1
cs,pos_syl,1000,1,1,1
cs,pos_syl,1000,2,1,1
cs,pos,1000,2,1,1
cs,syl,1000,1,1,1
cs,token,25,1,0.52,0.497
cs,pos_syl,1000,2,1,1
cs,pos_syl,1000,2,1,1
cs,token,25,2,0.385,0.364
cs,pos,25,1,0.46,0.455
cs,syl,1000,2,1,1
cs,token,25,1,0.415,0.394
cs,pos,25,2,0.495,0.474
cs,pos_syl,1000,1,1,1
cs,token,25,1,0.49,0.464
cs,syl,25,1,0.75,0.748
cs,syl,25,2,0.93,0.93
cs,token,25,2,0.21,0.164
cs,token,25,2,0.295,0.281
cs,pos,25,1,0.375,0.375
cs,pos_syl,25,1,0.645,0.636
cs,token,1000,2,0.85,0.846
cs,pos,25,1,0.46,0.442
cs,pos,1000,1,0.94,0.94
cs,pos,25,2,0.55,0.542
cs,pos,25,2,0.615,0.615
cs,syl,25,1,0.725,0.725
cs,syl,25,1,0.775,0.776
cs,syl,25,2,0.92,0.92
cs,syl,25,2,0.855,0.854
cs,pos_syl,25,1,0.63,0.626
cs,pos_syl,25,1,0.805,0.804
cs,pos_syl,1000,2,1,1
cs,pos_syl,25,2,0.885,0.884
cs,pos,1000,2,1,1
cs,syl,1000,1,1,1
cs,pos_syl,25,2,0.925,0.925
cs,token,25,1,0.485,0.464
cs,pos_syl,25,2,0.93,0.929
cs,token,50,1,0.55,0.537
cs,token,25,2,0.325,0.298
cs,pos,25,1,0.425,0.423
cs,token,50,1,0.555,0.549
cs,token,50,2,0.44,0.449
cs,token,50,1,0.6,0.597
cs,pos,25,2,0.51,0.507
cs,pos,50,1,0.31,0.3
cs,syl,25,1,0.675,0.67
cs,syl,1000,2,1,1
cs,syl,25,2,0.85,0.849
cs,pos,50,2,0.655,0.653
cs,pos_syl,1000,1,1,1
cs,token,50,2,0.37,0.365
cs,pos_syl,25,1,0.775,0.772
cs,syl,50,1,0.85,0.85
cs,pos,50,1,0.565,0.571
cs,token,50,2,0.385,0.376
cs,syl,50,2,0.98,0.98
cs,pos,50,1,0.45,0.445
cs,pos_syl,50,1,0.93,0.93
cs,pos,50,2,0.55,0.548
cs,syl,50,1,0.87,0.868
cs,syl,50,2,0.96,0.96
cs,pos,50,2,0.69,0.68
cs,syl,50,1,0.905,0.905
cs,pos_syl,50,1,0.84,0.839
cs,pos_syl,50,2,0.965,0.965
cs,syl,50,2,0.955,0.955
cs,pos_syl,25,2,0.935,0.935
cs,pos_syl,50,1,0.995,0.995
cs,pos_syl,50,2,0.95,0.95
cs,pos_syl,1000,2,1,1
cs,token,100,1,0.65,0.645
cs,pos_syl,50,2,0.955,0.955
cs,token,50,1,0.645,0.641
cs,token,100,1,0.76,0.748
cs,token,100,2,0.39,0.375
cs,pos,100,1,0.63,0.628
cs,token,50,2,0.315,0.318
cs,token,100,1,0.78,0.78
cs,pos,50,1,0.53,0.524
cs,token,100,2,0.34,0.334
cs,pos,100,2,0.74,0.732
cs,pos,100,1,0.6,0.6
cs,syl,100,1,1,1
cs,pos,50,2,0.63,0.63
cs,token,25,1,0.375,0.361
cs,syl,50,1,0.85,0.849
cs,syl,100,2,0.97,0.97
cs,pos,100,2,0.865,0.864
cs,token,100,2,0.32,0.31
cs,syl,50,2,0.98,0.98
cs,pos_syl,100,1,0.995,0.995
cs,syl,100,1,0.98,0.98
cs,pos,100,1,0.655,0.655
cs,pos_syl,50,1,0.92,0.92
cs,token,25,2,0.285,0.255
cs,syl,100,2,1,1
cs,pos,25,1,0.515,0.49
cs,pos_syl,100,1,0.99,0.99
cs,pos,100,2,0.795,0.793
cs,pos_syl,100,2,1,1
cs,syl,100,1,0.965,0.965
cs,pos,25,2,0.485,0.479
cs,syl,25,1,0.625,0.622
cs,pos_syl,50,2,0.945,0.945
cs,syl,100,2,1,1
cs,syl,25,2,0.72,0.718
cs,pos_syl,100,1,0.98,0.98
cs,pos_syl,100,2,1,1
cs,pos_syl,25,1,0.78,0.778
cs,token,200,1,0.875,0.872
cs,pos_syl,100,2,0.995,0.995
cs,token,100,1,0.72,0.715
cs,token,200,1,0.885,0.884
cs,pos_syl,25,2,0.845,0.843
cs,token,200,2,0.435,0.442
cs,token,100,2,0.4,0.397
cs,token,200,1,0.93,0.929
cs,pos,200,1,0.68,0.682
cs,pos,100,1,0.61,0.612
cs,token,200,2,0.5,0.494
cs,pos,200,1,0.695,0.687
cs,pos,100,2,0.715,0.708
cs,token,50,1,0.55,0.541
cs,pos,200,2,0.925,0.925
cs,syl,100,1,0.96,0.96
cs,syl,200,1,1,1
cs,syl,100,2,0.985,0.985
cs,token,200,2,0.495,0.509
cs,pos_syl,100,1,0.975,0.975
cs,syl,200,2,1,1
cs,pos,200,1,0.72,0.72
cs,pos,200,2,0.87,0.866
cs,syl,200,1,0.99,0.99
cs,pos_syl,200,1,0.995,0.995
cs,token,50,2,0.3,0.256
cs,pos,50,1,0.515,0.512
cs,syl,200,2,1,1
cs,pos_syl,100,2,0.975,0.975
cs,pos,200,2,0.875,0.875
cs,pos_syl,200,1,1,1
cs,syl,200,1,1,1
cs,pos,50,2,0.68,0.679
cs,syl,50,1,0.915,0.915
cs,pos_syl,200,2,1,1
cs,syl,50,2,0.97,0.97
cs,syl,200,2,1,1
cs,pos_syl,200,1,1,1
cs,pos_syl,50,1,0.885,0.884
cs,token,200,1,0.915,0.916
cs,pos_syl,200,2,1,1
cs,token,300,1,0.935,0.934
cs,pos_syl,50,2,0.885,0.885
cs,pos_syl,200,2,1,1
cs,token,300,1,0.965,0.965
cs,token,200,2,0.5,0.491
cs,pos,200,1,0.685,0.683
cs,token,100,1,0.76,0.761
cs,token,300,1,0.915,0.914
cs,token,300,2,0.615,0.599
cs,pos,200,2,0.89,0.889
cs,pos,300,1,0.89,0.89
cs,syl,200,1,0.985,0.985
cs,token,100,2,0.305,0.308
cs,token,300,2,0.645,0.645
cs,syl,200,2,0.985,0.985
cs,pos,100,1,0.605,0.608
cs,pos,300,1,0.795,0.795
cs,pos_syl,200,1,1,1
cs,pos,300,2,0.97,0.97
cs,syl,300,1,0.965,0.965
cs,pos,100,2,0.75,0.751
cs,token,300,2,0.59,0.574
cs,syl,100,1,0.92,0.92
cs,pos,300,1,0.74,0.738
cs,pos,300,2,0.95,0.95
cs,syl,300,2,1,1
cs,syl,300,1,1,1
cs,syl,100,2,0.99,0.99
cs,pos_syl,200,2,0.99,0.99
cs,pos_syl,300,1,1,1
cs,pos_syl,100,1,0.985,0.985
cs,pos,300,2,0.985,0.985
cs,syl,300,2,1,1
cs,syl,300,1,1,1
cs,pos_syl,300,1,1,1
cs,token,300,1,0.885,0.882
cs,pos_syl,100,2,0.995,0.995
cs,pos_syl,300,2,1,1
cs,syl,300,2,1,1
cs,pos_syl,300,1,1,1
cs,pos_syl,300,2,1,1
cs,token,200,1,0.91,0.909
cs,token,500,1,0.98,0.98
cs,token,300,2,0.5,0.487
cs,pos_syl,300,2,1,1
cs,pos,300,1,0.835,0.834
cs,token,500,1,0.975,0.975
cs,token,200,2,0.375,0.378
cs,pos,200,1,0.795,0.792
cs,pos,300,2,0.93,0.928
cs,syl,300,1,1,1
cs,token,500,1,0.985,0.985
cs,pos,200,2,0.91,0.91
cs,syl,200,1,1,1
cs,syl,300,2,1,1
cs,token,500,2,0.665,0.659
cs,pos_syl,300,1,1,1
cs,pos,500,1,0.875,0.873
cs,syl,200,2,1,1
cs,pos_syl,200,1,1,1
cs,token,500,2,0.61,0.588
cs,pos,500,1,0.875,0.874
cs,pos_syl,300,2,1,1
cs,pos_syl,200,2,1,1
cs,pos,500,2,0.98,0.98
cs,token,500,2,0.695,0.686
cs,syl,500,1,1,1
cs,pos,500,1,0.935,0.935
cs,pos,500,2,1,1
cs,syl,500,1,1,1
cs,token,500,1,0.985,0.985
cs,token,300,1,0.975,0.975
cs,syl,500,2,1,1
cs,pos_syl,500,1,1,1
cs,pos,500,2,0.985,0.985
cs,syl,500,1,1,1
cs,syl,500,2,1,1
cs,pos_syl,500,1,1,1
cs,syl,500,2,1,1
cs,pos_syl,500,1,1,1
cs,token,300,2,0.585,0.569
cs,pos_syl,500,2,1,1
cs,pos,300,1,0.75,0.749
cs,token,500,2,0.64,0.637
cs,pos,500,1,0.805,0.805
cs,pos_syl,500,2,1,1
cs,pos,300,2,0.965,0.965
cs,syl,300,1,0.975,0.975
cs,token,750,1,1,1
cs,pos_syl,500,2,1,1
cs,pos,500,2,1,1
cs,syl,300,2,1,1
cs,syl,500,1,1,1
cs,token,750,1,1,1
cs,pos_syl,300,1,1,1
cs,token,750,1,1,1
cs,syl,500,2,1,1
cs,pos_syl,500,1,1,1
cs,pos_syl,300,2,1,1
cs,token,750,2,0.83,0.827
cs,token,500,1,0.97,0.97
cs,pos,750,1,0.965,0.965
cs,pos_syl,500,2,1,1
cs,token,750,2,0.77,0.765
cs,pos,750,1,0.995,0.995
cs,token,750,2,0.875,0.875
cs,pos,750,1,0.85,0.851
cs,token,750,1,0.97,0.97
cs,pos,750,2,1,1
cs,syl,750,1,1,1
cs,token,500,2,0.62,0.623
cs,pos,500,1,0.895,0.896
cs,pos,750,2,1,1
cs,syl,750,1,1,1
cs,pos,750,2,1,1
cs,syl,750,1,1,1
cs,syl,750,2,1,1
cs,pos_syl,750,1,1,1
cs,pos,500,2,0.995,0.995
cs,syl,500,1,1,1
cs,syl,750,2,1,1
cs,pos_syl,750,1,1,1
cs,syl,750,2,1,1
cs,token,750,2,0.71,0.7
cs,pos_syl,750,1,1,1
cs,syl,500,2,0.99,0.99
cs,pos,750,1,0.925,0.924
cs,pos_syl,500,1,1,1
cs,pos_syl,750,2,1,1
cs,pos_syl,750,2,1,1
cs,pos,750,2,1,1
cs,pos_syl,500,2,1,1
cs,syl,750,1,1,1
cs,pos_syl,750,2,1,1
cs,token,1000,1,1,1
cs,token,1000,1,0.99,0.99
cs,token,750,1,0.965,0.965
cs,syl,750,2,1,1
cs,token,1000,1,1,1
cs,pos_syl,750,1,1,1
cs,pos_syl,750,2,1,1
cs,token,1000,2,0.9,0.901
cs,pos,1000,1,0.94,0.939
cs,token,750,2,0.75,0.736
cs,pos,750,1,0.965,0.965
cs,token,1000,1,0.995,0.995
cs,token,1000,2,0.73,0.721
cs,pos,1000,1,0.99,0.99
cs,token,1000,2,0.93,0.929
cs,pos,1000,1,1,1
cs,pos,750,2,0.985,0.985
cs,syl,750,1,1,1
cs,pos,1000,2,1,1
cs,syl,1000,1,1,1
cs,pos,1000,2,1,1
cs,syl,1000,1,1,1
cs,pos,1000,2,1,1
cs,syl,750,2,1,1
cs,syl,1000,1,1,1
cs,pos_syl,750,1,1,1
cs,syl,1000,2,1,1
cs,token,1000,2,0.87,0.868
cs,pos_syl,1000,1,1,1
cs,pos,1000,1,0.99,0.99
cs,syl,1000,2,1,1
cs,pos_syl,1000,1,1,1
cs,syl,1000,2,1,1
cs,pos_syl,1000,1,1,1
cs,pos_syl,750,2,1,1
cs,pos,1000,2,1,1
cs,pos_syl,1000,2,1,1
cs,token,1000,1,1,1
cs,syl,1000,1,1,1
cs,pos_syl,1000,2,1,1
cs,pos_syl,1000,2,1,1
cs,token,25,1,0.56,0.539
cs,token,25,1,0.57,0.557
cs,token,25,1,0.455,0.444
cs,token,25,2,0.37,0.374
cs,pos,25,1,0.425,0.415
cs,syl,1000,2,1,1
cs,pos_syl,1000,1,1,1
cs,token,25,2,0.295,0.204
cs,token,25,2,0.375,0.376
cs,pos,25,1,0.54,0.525
cs,pos,25,2,0.5,0.501
cs,pos,25,1,0.355,0.335
cs,syl,25,1,0.76,0.758
cs,syl,25,2,0.87,0.87
cs,pos,25,2,0.51,0.5
cs,pos,25,2,0.38,0.374
cs,pos_syl,25,1,0.825,0.822
cs,syl,25,1,0.805,0.801
cs,syl,25,1,0.745,0.742
cs,syl,25,2,0.93,0.93
cs,syl,25,2,0.855,0.855
cs,pos_syl,25,1,0.74,0.736
cs,pos_syl,25,1,0.8,0.797
cs,token,1000,2,0.87,0.867
cs,pos,1000,1,0.99,0.99
cs,pos_syl,1000,2,1,1
cs,pos_syl,25,2,0.935,0.935
cs,pos_syl,25,2,0.925,0.924
cs,token,25,1,0.56,0.56
cs,token,50,1,0.685,0.678
cs,pos_syl,25,2,0.93,0.929
cs,token,25,2,0.33,0.314
cs,token,50,1,0.495,0.482
cs,pos,25,1,0.405,0.407
cs,pos,1000,2,1,1
cs,token,50,2,0.285,0.3
cs,syl,1000,1,1,1
cs,pos,50,1,0.59,0.587
cs,token,50,1,0.56,0.559
cs,pos,25,2,0.51,0.496
cs,syl,25,1,0.805,0.804
cs,token,50,2,0.285,0.277
cs,syl,25,2,0.96,0.96
cs,pos,50,2,0.8,0.793
cs,pos,50,1,0.605,0.605
cs,syl,50,1,0.935,0.935
cs,pos_syl,25,1,0.79,0.79
cs,syl,50,2,0.975,0.975
cs,token,50,2,0.345,0.338
cs,pos,50,2,0.55,0.54
cs,pos_syl,50,1,0.96,0.96
cs,pos,50,1,0.51,0.501
cs,syl,50,1,0.975,0.975
cs,syl,50,2,0.97,0.97
cs,pos_syl,50,1,0.93,0.929
cs,pos,50,2,0.61,0.611
cs,syl,1000,2,1,1
cs,syl,50,1,0.96,0.96
cs,pos_syl,50,2,0.97,0.97
cs,pos_syl,1000,1,1,1
cs,syl,50,2,0.94,0.94
cs,pos_syl,25,2,0.925,0.924
cs,pos_syl,50,1,0.83,0.829
cs,pos_syl,50,2,0.95,0.95
cs,token,100,1,0.665,0.65
cs,pos_syl,50,2,0.925,0.925
cs,token,50,1,0.515,0.518
cs,token,100,1,0.75,0.732
cs,token,100,2,0.465,0.472
cs,pos,100,1,0.35,0.351
cs,token,50,2,0.435,0.43
cs,token,100,1,0.765,0.766
cs,pos,50,1,0.31,0.307
cs,token,100,2,0.55,0.531
cs,pos_syl,1000,2,1,1
cs,pos,100,1,0.585,0.578
cs,pos,100,2,0.755,0.747
cs,pos,50,2,0.52,0.511
cs,syl,100,1,0.96,0.96
cs,syl,50,1,1,1
cs,syl,100,2,0.99,0.99
cs,syl,50,2,0.905,0.905
cs,pos,100,2,0.73,0.721
cs,token,100,2,0.475,0.465
cs,pos_syl,100,1,0.99,0.99
cs,syl,100,1,0.945,0.945
cs,pos_syl,50,1,0.87,0.871
cs,pos,100,1,0.545,0.528
cs,syl,100,2,0.995,0.995
cs,pos_syl,100,1,0.965,0.965
cs,pos,100,2,0.86,0.861
cs,syl,100,1,0.925,0.925
cs,pos_syl,50,2,0.965,0.965
cs,pos_syl,100,2,1,1
cs,syl,100,2,1,1
cs,pos_syl,100,1,0.96,0.96
cs,pos_syl,100,2,0.985,0.985
cs,token,100,1,0.795,0.791
cs,token,200,1,0.89,0.89
cs,pos_syl,100,2,1,1
cs,token,200,1,0.865,0.864
cs,token,100,2,0.45,0.451
cs,pos,100,1,0.56,0.559
cs,token,200,1,0.81,0.809
cs,token,200,2,0.55,0.536
cs,token,25,1,0.55,0.55
cs,pos,200,1,0.645,0.64
cs,pos,100,2,0.815,0.817
cs,syl,100,1,0.985,0.985
cs,token,200,2,0.51,0.505
cs,token,25,2,0.27,0.267
cs,pos,200,1,0.785,0.783
cs,syl,100,2,1,1
cs,pos,25,1,0.305,0.304
cs,pos,200,2,0.86,0.862
cs,pos_syl,100,1,0.995,0.995
cs,syl,200,1,1,1
cs,token,200,2,0.545,0.532
cs,pos,25,2,0.505,0.486
cs,pos,200,1,0.47,0.469
cs,pos,200,2,0.905,0.906
cs,syl,200,2,1,1
cs,syl,25,1,0.83,0.829
cs,syl,200,1,1,1
cs,syl,25,2,0.93,0.93
cs,pos_syl,200,1,1,1
cs,pos_syl,100,2,0.97,0.97
cs,pos_syl,25,1,0.83,0.824
cs,syl,200,2,1,1
cs,pos,200,2,0.885,0.884
cs,syl,200,1,1,1
cs,pos_syl,200,1,1,1
cs,syl,200,2,1,1
cs,pos_syl,200,2,1,1
cs,token,200,1,0.92,0.92
cs,pos_syl,200,1,1,1
cs,pos_syl,200,2,1,1
cs,pos_syl,25,2,0.81,0.806
cs,token,300,1,0.885,0.885
cs,pos_syl,200,2,1,1
cs,token,200,2,0.33,0.341
cs,pos,200,1,0.7,0.697
cs,token,300,1,0.86,0.86
cs,token,50,1,0.67,0.654
cs,token,300,1,0.92,0.92
cs,pos,200,2,0.875,0.871
cs,syl,200,1,1,1
cs,token,50,2,0.285,0.232
cs,token,300,2,0.59,0.583
cs,pos,50,1,0.55,0.539
cs,pos,300,1,0.795,0.795
cs,syl,200,2,1,1
cs,pos_syl,200,1,1,1
cs,token,300,2,0.465,0.458
cs,pos,50,2,0.495,0.486
cs,syl,50,1,0.97,0.97
cs,pos,300,1,0.81,0.811
cs,syl,50,2,0.93,0.93
cs,pos,300,2,0.98,0.98
cs,syl,300,1,1,1
cs,token,300,2,0.485,0.458
cs,pos_syl,50,1,0.84,0.84
cs,pos,300,1,0.835,0.833
cs,pos_syl,200,2,1,1
cs,pos,300,2,0.95,0.95
cs,syl,300,2,1,1
cs,syl,300,1,1,1
cs,pos_syl,50,2,0.925,0.925
cs,pos_syl,300,1,1,1
cs,pos,300,2,0.98,0.98
cs,syl,300,1,1,1
cs,syl,300,2,1,1
cs,token,300,1,0.96,0.96
cs,pos_syl,300,1,1,1
cs,token,100,1,0.7,0.691
cs,syl,300,2,1,1
cs,pos_syl,300,2,1,1
cs,pos_syl,300,1,1,1
cs,pos_syl,300,2,1,1
cs,token,100,2,0.34,0.34
cs,pos,100,1,0.57,0.568
cs,token,300,2,0.635,0.615
cs,pos,300,1,0.69,0.685
cs,pos_syl,300,2,1,1
cs,token,500,1,0.98,0.98
cs,pos,100,2,0.705,0.705
cs,syl,100,1,0.95,0.95
cs,token,500,1,0.93,0.93
cs,syl,100,2,0.985,0.985
cs,pos,300,2,0.99,0.99
cs,syl,300,1,1,1
cs,pos_syl,100,1,0.99,0.99
cs,token,500,1,0.985,0.985
cs,syl,300,2,1,1
cs,pos_syl,100,2,0.98,0.98
cs,pos_syl,300,1,1,1
cs,token,500,2,0.665,0.667
cs,pos,500,1,0.975,0.975
cs,token,500,2,0.66,0.637
cs,token,200,1,0.785,0.781
cs,pos,500,1,0.965,0.965
cs,pos_syl,300,2,1,1
cs,token,500,2,0.71,0.705
cs,pos,500,1,0.865,0.864
cs,pos,500,2,0.99,0.99
cs,syl,500,1,1,1
cs,pos,500,2,0.99,0.99
cs,token,200,2,0.5,0.499
cs,token,500,1,0.945,0.944
cs,syl,500,1,1,1
cs,pos,200,1,0.605,0.605
cs,syl,500,2,1,1
cs,pos,500,2,1,1
cs,syl,500,1,1,1
cs,pos_syl,500,1,1,1
cs,pos,200,2,0.86,0.861
cs,syl,200,1,0.995,0.995
cs,syl,500,2,1,1
cs,pos_syl,500,1,1,1
cs,syl,200,2,1,1
cs,syl,500,2,1,1
cs,pos_syl,200,1,1,1
cs,pos_syl,500,1,1,1
cs,token,500,2,0.695,0.687
cs,pos_syl,500,2,1,1
cs,pos,500,1,0.94,0.94
cs,pos_syl,500,2,1,1
cs,pos_syl,200,2,1,1
cs,pos_syl,500,2,1,1
cs,pos,500,2,1,1
cs,token,750,1,0.995,0.995
cs,syl,500,1,1,1
cs,token,300,1,0.95,0.95
cs,token,750,1,1,1
cs,syl,500,2,1,1
cs,token,750,1,0.99,0.99
cs,pos_syl,500,1,1,1
cs,token,300,2,0.675,0.675
cs,pos,300,1,0.825,0.824
cs,pos_syl,500,2,1,1
cs,pos,300,2,0.95,0.95
cs,token,750,2,0.765,0.757
cs,syl,300,1,1,1
cs,pos,750,1,0.94,0.939
cs,token,750,2,0.805,0.799
cs,pos,750,1,0.965,0.965
cs,syl,300,2,1,1
cs,pos_syl,300,1,1,1
cs,token,750,1,0.98,0.98
cs,token,750,2,0.835,0.833
cs,pos,750,1,0.905,0.903
cs,pos,750,2,1,1
cs,syl,750,1,1,1
cs,pos_syl,300,2,1,1
cs,pos,750,2,0.99,0.99
cs,syl,750,1,1,1
cs,pos,750,2,1,1
cs,syl,750,1,1,1
cs,token,500,1,0.97,0.97
cs,syl,750,2,1,1
cs,pos_syl,750,1,1,1
cs,syl,750,2,1,1
cs,pos_syl,750,1,1,1
cs,token,750,2,0.7,0.686
cs,pos,750,1,0.99,0.99
cs,syl,750,2,1,1
cs,pos_syl,750,1,1,1
cs,pos_syl,750,2,1,1
cs,token,500,2,0.65,0.642
cs,pos,500,1,0.87,0.87
cs,pos_syl,750,2,1,1
cs,pos,750,2,1,1
cs,syl,750,1,1,1
cs,pos_syl,750,2,1,1
cs,pos,500,2,0.995,0.995
cs,syl,500,1,1,1
cs,token,1000,1,1,1
cs,syl,750,2,1,1
cs,token,1000,1,1,1
cs,pos_syl,750,1,1,1
cs,syl,500,2,1,1
cs,pos_syl,500,1,1,1
cs,token,1000,1,1,1
cs,pos_syl,750,2,1,1
cs,pos_syl,500,2,1,1
cs,token,1000,2,0.85,0.848
cs,token,1000,1,1,1
cs,token,1000,2,0.885,0.883
cs,token,750,1,0.99,0.99
cs,pos,1000,1,1,1
cs,pos,1000,1,0.975,0.975
cs,token,1000,2,0.86,0.858
cs,pos,1000,1,0.96,0.959
cs,pos,1000,2,0.995,0.995
cs,syl,1000,1,1,1
cs,pos,1000,2,1,1
cs,syl,1000,1,1,1
cs,token,750,2,0.8,0.791
cs,pos,750,1,0.94,0.94
cs,pos,1000,2,1,1
cs,syl,1000,1,1,1
cs,syl,1000,2,1,1
cs,token,1000,2,0.82,0.818
cs,pos,1000,1,1,1
cs,pos_syl,1000,1,1,1
cs,syl,1000,2,1,1
cs,pos_syl,1000,1,1,1
cs,pos,750,2,1,1
cs,syl,750,1,1,1
cs,syl,1000,2,1,1
cs,pos_syl,1000,1,1,1
cs,pos,1000,2,1,1
cs,syl,1000,1,1,1
cs,pos_syl,1000,2,1,1
cs,syl,750,2,1,1
cs,pos_syl,750,1,1,1
cs,pos_syl,1000,2,1,1
cs,pos_syl,1000,2,1,1
cs,token,25,1,0.41,0.389
cs,token,25,1,0.585,0.572
cs,token,25,2,0.275,0.236
cs,syl,1000,2,1,1
cs,pos,25,1,0.555,0.556
cs,token,25,2,0.31,NaN
cs,pos_syl,1000,1,1,1
cs,pos,25,1,0.495,0.48
cs,pos_syl,750,2,1,1
cs,pos,25,2,0.665,0.664
cs,token,25,1,0.51,0.503
cs,syl,25,1,0.78,0.779
cs,syl,25,2,0.955,0.955
cs,pos,25,2,0.46,0.443
cs,syl,25,1,0.7,0.693
cs,token,25,2,0.325,0.275
cs,pos_syl,25,1,0.88,0.879
cs,pos,25,1,0.375,0.358
cs,syl,25,2,0.975,0.975
cs,pos_syl,25,1,0.755,0.757
cs,pos,25,2,0.54,0.532
cs,syl,25,1,0.76,0.757
cs,syl,25,2,0.87,0.87
cs,token,1000,1,1,1
cs,pos_syl,25,1,0.855,0.854
cs,pos_syl,1000,2,1,1
cs,pos_syl,25,2,0.96,0.96
cs,pos_syl,25,2,0.84,0.837
cs,token,50,1,0.625,0.616
cs,pos_syl,25,2,0.88,0.879
cs,token,25,1,0.55,0.544
cs,token,50,1,0.505,0.473
cs,token,25,2,0.315,0.312
cs,token,50,2,0.205,0.194
cs,pos,25,1,0.44,0.439
cs,pos,50,1,0.405,0.393
cs,token,50,1,0.68,0.661
cs,token,50,2,0.28,0.202
cs,pos,25,2,0.51,0.506
cs,pos,50,2,0.535,0.527
cs,syl,25,1,0.8,0.797
cs,pos,50,1,0.525,0.517
cs,syl,50,1,0.895,0.896
cs,syl,25,2,0.885,0.885
cs,token,50,2,0.23,0.226
cs,syl,50,2,0.99,0.99
cs,pos_syl,25,1,0.725,0.715
cs,pos,50,1,0.35,0.346
cs,pos,50,2,0.64,0.636
cs,pos_syl,50,1,0.915,0.915
cs,syl,50,1,0.81,0.806
cs,token,1000,2,0.9,0.899
cs,pos,1000,1,0.98,0.98
cs,syl,50,2,0.95,0.95
cs,pos,50,2,0.445,0.448
cs,syl,50,1,0.935,0.935
cs,pos_syl,50,1,0.91,0.91
cs,syl,50,2,0.945,0.945
cs,pos_syl,50,2,0.97,0.97
cs,pos_syl,50,1,0.915,0.915
cs,pos_syl,50,2,0.925,0.925
cs,pos_syl,25,2,0.925,0.925
cs,pos_syl,50,2,0.98,0.98
cs,token,100,1,0.68,0.669
cs,token,100,1,0.765,0.763
cs,pos,1000,2,1,1
cs,syl,1000,1,1,1
cs,token,50,1,0.615,0.614
cs,token,100,2,0.465,0.473
cs,token,100,1,0.73,0.725
cs,pos,100,1,0.45,0.437
cs,token,100,2,0.37,0.376
cs,pos,100,1,0.615,0.606
cs,token,50,2,0.43,0.406
cs,pos,100,2,0.725,0.724
cs,pos,50,1,0.44,0.445
cs,syl,100,1,0.99,0.99
cs,token,100,2,0.37,0.39
cs,pos,100,2,0.84,0.837
cs,syl,100,1,1,1
cs,pos,100,1,0.495,0.484
cs,syl,100,2,0.995,0.995
cs,pos,50,2,0.56,0.559
cs,syl,1000,2,1,1
cs,syl,50,1,0.925,0.925
cs,pos_syl,100,1,1,1
cs,syl,100,2,1,1
cs,pos_syl,1000,1,1,1
cs,syl,50,2,0.98,0.98
cs,pos_syl,100,1,0.98,0.98
cs,pos,100,2,0.775,0.772
cs,syl,100,1,0.955,0.955
cs,pos_syl,50,1,0.89,0.887
cs,syl,100,2,0.99,0.99
cs,pos_syl,100,2,1,1
cs,pos_syl,100,1,0.96,0.96
cs,pos_syl,100,2,1,1
cs,pos_syl,50,2,0.81,0.809
cs,pos_syl,100,2,1,1
cs,token,200,1,0.735,0.729
cs,token,200,1,0.83,0.83
cs,token,100,1,0.705,0.701
cs,pos_syl,1000,2,1,1
cs,token,200,1,0.86,0.858
cs,token,200,2,0.565,0.55
cs,token,200,2,0.605,0.599
cs,token,100,2,0.55,0.555
cs,pos,200,1,0.8,0.8
cs,pos,200,1,0.745,0.74
cs,pos,100,1,0.455,0.445
cs,token,25,1,0.475,0.464
cs,token,200,2,0.53,0.529
cs,pos,100,2,0.82,0.811
cs,pos,200,2,0.945,0.945
cs,pos,200,1,0.755,0.751
cs,syl,100,1,0.965,0.965
cs,token,25,2,0.26,0.153
cs,pos,200,2,0.92,0.921
cs,syl,200,1,0.975,0.975
cs,pos,25,1,0.41,0.406
cs,syl,200,1,1,1
cs,syl,100,2,0.98,0.98
cs,syl,200,2,1,1
cs,pos_syl,100,1,0.96,0.96
cs,pos,25,2,0.495,0.48
cs,syl,200,2,1,1
cs,pos,200,2,0.87,0.864
cs,pos_syl,200,1,1,1
cs,syl,25,1,0.74,0.739
cs,syl,200,1,1,1
cs,pos_syl,200,1,1,1
cs,syl,25,2,0.915,0.915
cs,pos_syl,25,1,0.81,0.807
cs,syl,200,2,1,1
cs,pos_syl,100,2,0.99,0.99
cs,pos_syl,200,1,1,1
cs,pos_syl,200,2,0.995,0.995
cs,pos_syl,200,2,1,1
cs,token,200,1,0.845,0.845
cs,pos_syl,200,2,1,1
cs,token,300,1,0.955,0.955
cs,pos_syl,25,2,0.88,0.878
cs,token,300,1,0.965,0.965
cs,token,300,1,0.96,0.96
cs,token,200,2,0.51,0.496
cs,pos,200,1,0.775,0.772
cs,token,50,1,0.6,0.59
cs,token,300,2,0.48,0.477
cs,pos,200,2,0.87,0.868
cs,token,300,2,0.6,0.579
cs,pos,300,1,0.7,0.697
cs,syl,200,1,1,1
cs,pos,300,1,0.81,0.804
cs,token,50,2,0.385,0.379
cs,pos,50,1,0.36,0.358
cs,syl,200,2,1,1
cs,token,300,2,0.74,0.739
cs,pos,300,1,0.725,0.722
cs,pos_syl,200,1,1,1
cs,pos,300,2,0.975,0.975
cs,pos,300,2,0.985,0.985
cs,syl,300,1,1,1
cs,pos,50,2,0.64,0.623
cs,syl,300,1,1,1
cs,syl,50,1,0.925,0.925
cs,syl,50,2,0.99,0.99
cs,pos,300,2,0.98,0.98
cs,pos_syl,50,1,0.83,0.829
cs,syl,300,2,1,1
cs,pos_syl,200,2,1,1
cs,syl,300,1,1,1
cs,syl,300,2,1,1
cs,pos_syl,300,1,1,1
cs,pos_syl,300,1,1,1
cs,pos_syl,50,2,1,1
cs,syl,300,2,1,1
cs,pos_syl,300,1,1,1
cs,token,300,1,0.835,0.836
cs,pos_syl,300,2,1,1
cs,pos_syl,300,2,1,1
cs,token,100,1,0.795,0.795
cs,pos_syl,300,2,1,1
cs,token,500,1,0.99,0.99
cs,token,100,2,0.305,0.316
cs,token,500,1,0.945,0.945
cs,token,300,2,0.475,0.479
cs,pos,100,1,0.57,0.566
cs,pos,300,1,0.78,0.776
cs,token,500,1,0.97,0.97
cs,pos,100,2,0.79,0.79
cs,syl,100,1,0.98,0.98
cs,pos,300,2,0.955,0.955
cs,syl,100,2,1,1
cs,syl,300,1,1,1
cs,pos_syl,100,1,0.965,0.965
cs,syl,300,2,1,1
cs,pos_syl,300,1,1,1
cs,token,500,2,0.485,0.463
cs,token,500,2,0.735,0.736
cs,pos_syl,100,2,1,1
cs,pos,500,1,0.795,0.785
cs,pos,500,1,0.955,0.955
cs,token,500,2,0.675,0.674
cs,pos,500,1,0.925,0.924
cs,pos_syl,300,2,1,1
cs,token,200,1,0.815,0.813
cs,pos,500,2,1,1
cs,pos,500,2,0.985,0.985
cs,syl,500,1,1,1
cs,syl,500,1,1,1
cs,pos,500,2,0.995,0.995
cs,syl,500,1,1,1
cs,token,500,1,0.945,0.944
cs,token,200,2,0.375,0.382
cs,syl,500,2,1,1
cs,pos,200,1,0.63,0.624
cs,syl,500,2,1,1
cs,pos_syl,500,1,1,1
cs,pos_syl,500,1,1,1
cs,syl,500,2,1,1
cs,pos,200,2,0.915,0.912
cs,pos_syl,500,1,1,1
cs,syl,200,1,1,1
cs,syl,200,2,1,1
cs,pos_syl,500,2,1,1
cs,pos_syl,500,2,1,1
cs,pos_syl,200,1,1,1
cs,token,500,2,0.735,0.732
cs,pos,500,1,0.815,0.815
cs,pos_syl,500,2,1,1
cs,pos_syl,200,2,0.99,0.99
cs,token,750,1,1,1
cs,token,750,1,0.96,0.96
cs,pos,500,2,0.995,0.995
cs,syl,500,1,1,1
cs,token,750,1,1,1
cs,token,300,1,0.94,0.938
cs,syl,500,2,1,1
cs,pos_syl,500,1,1,1
cs,token,300,2,0.55,0.554
cs,pos,300,1,0.725,0.723
cs,token,750,2,0.72,0.699
cs,pos,750,1,0.995,0.995
cs,token,750,2,0.81,0.808
cs,pos_syl,500,2,1,1
cs,pos,750,1,0.91,0.909
cs,pos,300,2,0.995,0.995
cs,syl,300,1,1,1
cs,token,750,2,0.755,0.748
cs,pos,750,1,0.98,0.98
cs,syl,300,2,1,1
cs,pos_syl,300,1,1,1
cs,token,750,1,0.965,0.965
cs,pos,750,2,1,1
cs,syl,750,1,1,1
cs,pos,750,2,1,1
cs,syl,750,1,1,1
cs,pos,750,2,1,1
cs,syl,750,1,1,1
cs,pos_syl,300,2,1,1
cs,syl,750,2,1,1
cs,pos_syl,750,1,1,1
cs,syl,750,2,1,1
cs,syl,750,2,1,1
cs,token,500,1,0.98,0.98
cs,pos_syl,750,1,1,1
cs,pos_syl,750,1,1,1
cs,token,750,2,0.79,0.784
cs,pos,750,1,0.925,0.925
cs,pos_syl,750,2,1,1
cs,pos_syl,750,2,1,1
cs,pos_syl,750,2,1,1
cs,token,500,2,0.8,0.787
cs,pos,500,1,0.915,0.915
cs,pos,750,2,1,1
cs,syl,750,1,1,1
cs,token,1000,1,1,1
cs,token,1000,1,0.985,0.985
cs,token,1000,1,1,1
cs,pos,500,2,0.995,0.995
cs,syl,500,1,1,1
cs,syl,750,2,1,1
cs,pos_syl,750,1,1,1
cs,syl,500,2,1,1
cs,pos_syl,500,1,1,1
cs,pos_syl,750,2,1,1
cs,pos_syl,500,2,1,1
cs,token,1000,2,0.805,0.796
cs,pos,1000,1,0.96,0.96
cs,token,1000,2,0.845,0.837
cs,token,1000,2,0.915,0.915
cs,pos,1000,1,0.915,0.913
cs,pos,1000,1,0.935,0.935
cs,token,1000,1,1,1
cs,token,750,1,0.99,0.99
cs,pos,1000,2,1,1
cs,syl,1000,1,1,1
cs,pos,1000,2,0.995,0.995
cs,syl,1000,1,1,1
cs,pos,1000,2,0.995,0.995
cs,syl,1000,1,1,1
cs,syl,1000,2,1,1
cs,token,750,2,0.82,0.814
cs,pos_syl,1000,1,1,1
cs,pos,750,1,0.995,0.995
cs,syl,1000,2,1,1
cs,token,1000,2,0.89,0.89
cs,pos,1000,1,0.94,0.94
cs,pos_syl,1000,1,1,1
cs,syl,1000,2,1,1
cs,pos_syl,1000,1,1,1
cs,pos,750,2,1,1
cs,syl,750,1,1,1
cs,pos_syl,1000,2,1,1
cs,pos,1000,2,1,1
cs,syl,1000,1,1,1
cs,pos_syl,1000,2,1,1
cs,pos_syl,1000,2,1,1
cs,token,25,1,0.375,0.366
cs,syl,750,2,1,1
cs,pos_syl,750,1,1,1
cs,token,25,2,0.22,0.19
cs,pos,25,1,0.37,0.367
cs,token,25,1,0.41,0.409
cs,token,25,1,0.395,0.406
cs,syl,1000,2,1,1
cs,pos,25,2,0.455,0.455
cs,token,25,2,0.29,0.258
cs,syl,25,1,0.755,0.752
cs,token,25,2,0.22,NaN
cs,pos_syl,1000,1,1,1
cs,pos,25,1,0.38,0.379
cs,pos,25,1,0.345,0.338
cs,syl,25,2,0.925,0.925
cs,pos_syl,25,1,0.865,0.866
cs,pos,25,2,0.545,0.533
cs,pos,25,2,0.46,0.456
cs,syl,25,1,0.765,0.764
cs,syl,25,1,0.745,0.742
cs,syl,25,2,0.835,0.834
cs,syl,25,2,0.88,0.879
cs,pos_syl,750,2,1,1
cs,pos_syl,25,1,0.785,0.784
cs,pos_syl,25,1,0.805,0.802
cs,pos_syl,25,2,0.945,0.945
cs,pos_syl,1000,2,1,1
cs,token,1000,1,1,1
cs,pos_syl,25,2,0.835,0.833
cs,pos_syl,25,2,0.88,0.88
cs,token,50,1,0.7,0.686
cs,token,25,1,0.565,0.55
cs,token,50,1,0.615,0.61
cs,token,50,1,0.61,0.614
cs,token,25,2,0.345,0.302
cs,token,50,2,0.495,0.487
cs,pos,25,1,0.415,0.412
cs,pos,50,1,0.41,0.397
cs,pos,25,2,0.695,0.691
cs,token,50,2,0.4,0.391
cs,token,50,2,0.405,0.376
cs,syl,25,1,0.77,0.767
cs,pos,50,1,0.42,0.411
cs,pos,50,1,0.415,0.414
cs,pos,50,2,0.68,0.673
cs,syl,25,2,0.945,0.945
cs,syl,50,1,0.785,0.787
cs,pos_syl,25,1,0.805,0.808
cs,syl,50,2,0.97,0.97
cs,pos,50,2,0.635,0.632
cs,pos,50,2,0.585,0.572
cs,syl,50,1,0.935,0.935
cs,pos_syl,50,1,0.845,0.843
cs,syl,50,1,0.955,0.955
cs,syl,50,2,0.99,0.99
cs,syl,50,2,1,1
cs,pos_syl,50,1,0.855,0.854
cs,pos_syl,50,1,0.92,0.92
cs,pos_syl,50,2,0.945,0.945
cs,token,1000,2,0.84,0.832
cs,pos,1000,1,0.95,0.949
cs,pos_syl,25,2,0.94,0.94
cs,pos_syl,50,2,0.91,0.909
cs,pos_syl,50,2,0.93,0.93
cs,token,100,1,0.735,0.732
cs,token,100,1,0.87,0.87
cs,token,50,1,0.675,0.668
cs,token,100,1,0.79,0.789
cs,token,100,2,0.585,0.584
cs,pos,100,1,0.56,0.558
cs,pos,1000,2,1,1
cs,token,50,2,0.285,0.293
cs,token,100,2,0.335,0.321
cs,syl,1000,1,1,1
cs,pos,50,1,0.55,0.543
cs,pos,100,1,0.65,0.647
cs,pos,100,2,0.695,0.691
cs,token,100,2,0.41,0.408
cs,syl,100,1,0.985,0.985
cs,pos,100,1,0.59,0.588
cs,pos,50,2,0.745,0.742
cs,syl,50,1,0.87,0.87
cs,pos,100,2,0.78,0.781
cs,syl,100,2,1,1
cs,syl,100,1,0.96,0.96
cs,syl,50,2,0.955,0.955
cs,pos_syl,100,1,0.995,0.995
cs,pos,100,2,0.725,0.726
cs,pos_syl,50,1,0.92,0.919
cs,syl,100,2,1,1
cs,syl,100,1,0.95,0.95
cs,pos_syl,100,1,0.99,0.99
cs,syl,100,2,1,1
cs,pos_syl,100,1,0.98,0.98
cs,pos_syl,100,2,0.995,0.995
cs,pos_syl,50,2,0.955,0.955
cs,syl,1000,2,1,1
cs,pos_syl,1000,1,1,1
cs,pos_syl,100,2,0.99,0.99
cs,pos_syl,100,2,0.99,0.99
cs,token,200,1,0.885,0.884
cs,token,100,1,0.775,0.771
cs,token,200,1,0.805,0.8
cs,token,200,1,0.8,0.796
cs,token,100,2,0.45,0.445
cs,pos,100,1,0.57,0.565
cs,token,200,2,0.52,0.519
cs,pos,200,1,0.675,0.678
cs,token,200,2,0.555,0.558
cs,pos,100,2,0.735,0.732
cs,pos_syl,1000,2,1,1
cs,pos,200,1,0.76,0.76
cs,syl,100,1,0.97,0.97
cs,token,200,2,0.67,0.67
cs,pos,200,2,0.855,0.855
cs,pos,200,1,0.665,0.667
cs,syl,100,2,0.975,0.975
cs,syl,200,1,0.95,0.95
cs,pos_syl,100,1,0.94,0.939
cs,pos,200,2,0.975,0.975
cs,syl,200,1,1,1
cs,syl,200,2,0.975,0.975
cs,pos,200,2,0.89,0.889
cs,pos_syl,200,1,0.99,0.99
cs,syl,200,1,0.97,0.97
cs,syl,200,2,1,1
cs,pos_syl,100,2,0.97,0.97
cs,pos_syl,200,1,0.995,0.995
cs,syl,200,2,1,1
cs,pos_syl,200,1,1,1
cs,pos_syl,200,2,1,1
cs,token,200,1,0.88,0.88
cs,pos_syl,200,2,1,1
cs,pos_syl,200,2,1,1
cs,token,300,1,0.89,0.889
cs,token,25,1,0.41,0.396
cs,token,300,1,0.985,0.985
cs,token,200,2,0.4,0.391
cs,pos,200,1,0.76,0.756
cs,token,300,1,0.905,0.905
cs,token,25,2,0.315,0.275
cs,pos,25,1,0.34,0.315
cs,pos,200,2,0.905,0.905
cs,pos,25,2,0.585,0.582
cs,token,300,2,0.58,0.553
cs,syl,200,1,1,1
cs,syl,25,1,0.82,0.822
cs,pos,300,1,0.88,0.88
cs,syl,25,2,0.87,0.87
cs,syl,200,2,1,1
cs,token,300,2,0.57,0.561
cs,pos_syl,25,1,0.745,0.746
cs,pos,300,1,0.81,0.809
cs,token,300,2,0.63,0.626
cs,pos_syl,200,1,1,1
cs,pos,300,1,0.85,0.85
cs,pos,300,2,0.98,0.98
cs,syl,300,1,1,1
cs,pos,300,2,0.945,0.945
cs,syl,300,1,1,1
cs,pos_syl,200,2,1,1
cs,syl,300,2,1,1
cs,pos,300,2,0.955,0.955
cs,syl,300,1,1,1
cs,pos_syl,300,1,1,1
cs,pos_syl,25,2,0.935,0.935
cs,syl,300,2,1,1
cs,syl,300,2,0.97,0.97
cs,pos_syl,300,1,1,1
cs,pos_syl,300,1,1,1
cs,token,300,1,0.925,0.925
cs,pos_syl,300,2,1,1
cs,token,50,1,0.545,0.536
cs,pos_syl,300,2,1,1
cs,pos_syl,300,2,1,1
cs,token,50,2,0.415,0.403
cs,token,500,1,0.94,0.939
cs,pos,50,1,0.6,0.602
cs,token,300,2,0.585,0.577
cs,pos,300,1,0.715,0.712
cs,pos,50,2,0.78,0.776
cs,token,500,1,0.93,0.93
cs,syl,50,1,0.835,0.835
cs,token,500,1,1,1
cs,syl,50,2,0.97,0.97
cs,pos,300,2,0.955,0.954
cs,pos_syl,50,1,0.97,0.97
cs,syl,300,1,1,1
cs,syl,300,2,1,1
cs,pos_syl,50,2,0.905,0.904
cs,pos_syl,300,1,1,1
cs,token,500,2,0.69,0.693
cs,pos,500,1,0.91,0.91
cs,token,500,2,0.715,0.709
cs,pos,500,1,0.945,0.945
cs,token,500,2,0.695,0.693
cs,token,100,1,0.74,0.737
cs,pos,500,1,0.92,0.919
cs,pos_syl,300,2,1,1
cs,pos,500,2,0.995,0.995
cs,syl,500,1,1,1
cs,token,100,2,0.43,0.436
cs,pos,500,2,1,1
cs,pos,100,1,0.62,0.623
cs,syl,500,1,1,1
cs,pos,500,2,1,1
cs,token,500,1,0.975,0.975
cs,syl,500,1,1,1
cs,syl,500,2,1,1
cs,pos,100,2,0.83,0.828
cs,pos_syl,500,1,1,1
cs,syl,100,1,0.98,0.98
cs,syl,500,2,1,1
cs,syl,100,2,0.985,0.985
cs,syl,500,2,1,1
cs,pos_syl,500,1,1,1
cs,pos_syl,100,1,0.98,0.98
cs,pos_syl,500,1,1,1
cs,pos_syl,100,2,0.985,0.985
cs,pos_syl,500,2,1,1
cs,token,500,2,0.625,0.619
cs,pos,500,1,0.875,0.875
cs,pos_syl,500,2,1,1
cs,pos_syl,500,2,1,1
cs,token,200,1,0.885,0.884
cs,token,750,1,0.99,0.99
cs,pos,500,2,1,1
cs,syl,500,1,1,1
cs,token,750,1,1,1
cs,token,200,2,0.445,0.441
cs,token,750,1,0.99,0.99
cs,pos,200,1,0.695,0.69
cs,syl,500,2,1,1
cs,pos_syl,500,1,1,1
cs,pos,200,2,0.975,0.975
cs,syl,200,1,1,1
cs,syl,200,2,1,1
cs,pos_syl,200,1,1,1
cs,token,750,2,0.865,0.862
cs,pos,750,1,0.93,0.931
cs,pos_syl,500,2,1,1
cs,pos_syl,200,2,1,1
cs,token,750,2,0.775,0.775
cs,pos,750,1,0.96,0.96
cs,token,750,2,0.84,0.836
cs,pos,750,1,0.915,0.915
cs,token,750,1,1,1
cs,pos,750,2,1,1
cs,token,300,1,0.93,0.931
cs,syl,750,1,1,1
cs,pos,750,2,1,1
cs,pos,750,2,1,1
cs,syl,750,1,1,1
cs,syl,750,1,1,1
cs,syl,750,2,1,1
cs,token,300,2,0.785,0.782
cs,pos_syl,750,1,1,1
cs,pos,300,1,0.735,0.728
cs,syl,750,2,1,1
cs,syl,750,2,1,1
cs,pos_syl,750,1,1,1
cs,pos_syl,750,1,1,1
cs,pos,300,2,0.955,0.955
cs,token,750,2,0.785,0.779
cs,syl,300,1,1,1
cs,pos,750,1,0.985,0.985
cs,syl,300,2,1,1
cs,pos_syl,750,2,1,1
cs,pos_syl,300,1,1,1
cs,pos_syl,750,2,1,1
cs,pos,750,2,1,1
cs,pos_syl,750,2,1,1
cs,syl,750,1,1,1
cs,pos_syl,300,2,1,1
cs,token,1000,1,1,1
cs,token,1000,1,1,1
cs,syl,750,2,1,1
cs,token,1000,1,1,1
cs,token,500,1,0.96,0.96
cs,pos_syl,750,1,1,1
cs,pos_syl,750,2,1,1
cs,token,500,2,0.65,0.642
cs,pos,500,1,0.88,0.881
cs,token,1000,2,0.9,0.899
cs,pos,1000,1,1,1
cs,token,1000,2,0.87,0.87
cs,token,1000,1,1,1
cs,pos,1000,1,0.995,0.995
cs,pos,500,2,1,1
cs,syl,500,1,1,1
cs,token,1000,2,0.835,0.834
cs,pos,1000,1,0.965,0.965
cs,syl,500,2,1,1
cs,pos,1000,2,1,1
cs,pos_syl,500,1,1,1
cs,syl,1000,1,1,1
cs,pos,1000,2,1,1
cs,syl,1000,1,1,1
cs,pos,1000,2,1,1
cs,syl,1000,1,1,1
cs,pos_syl,500,2,1,1
cs,syl,1000,2,1,1
cs,token,1000,2,0.86,0.859
cs,pos,1000,1,0.915,0.915
cs,pos_syl,1000,1,1,1
cs,syl,1000,2,1,1
cs,pos_syl,1000,1,1,1
cs,token,750,1,1,1
cs,syl,1000,2,1,1
cs,pos_syl,1000,1,1,1
cs,pos,1000,2,1,1
cs,syl,1000,1,1,1
cs,pos_syl,1000,2,1,1
cs,pos_syl,1000,2,1,1
cs,pos_syl,1000,2,1,1
cs,token,25,1,0.435,0.415
cs,token,750,2,0.865,0.862
cs,pos,750,1,0.95,0.95
cs,token,25,2,0.26,0.203
cs,syl,1000,2,1,1
cs,pos,25,1,0.285,0.286
cs,token,25,1,0.365,0.362
cs,token,25,1,0.575,0.557
cs,pos_syl,1000,1,1,1
cs,pos,25,2,0.495,0.486
cs,syl,25,1,0.825,0.825
cs,token,25,2,0.34,0.315
cs,token,25,2,0.265,0.233
cs,syl,25,2,0.835,0.835
cs,pos,25,1,0.28,0.273
cs,pos,25,1,0.43,0.436
cs,pos_syl,25,1,0.83,0.831
cs,pos,25,2,0.58,0.565
cs,pos,25,2,0.545,0.535
cs,pos,750,2,1,1
cs,syl,25,1,0.755,0.754
cs,syl,25,1,0.745,0.746
cs,syl,750,1,1,1
cs,syl,25,2,0.88,0.879
cs,syl,25,2,0.99,0.99
cs,pos_syl,25,1,0.72,0.716
cs,pos_syl,25,1,0.78,0.775
cs,pos_syl,25,2,0.865,0.863
cs,pos_syl,1000,2,1,1
cs,syl,750,2,1,1
cs,pos_syl,750,1,1,1
cs,pos_syl,25,2,0.905,0.904
cs,token,50,1,0.59,0.572
cs,pos_syl,25,2,0.915,0.914
cs,token,25,1,0.53,0.528
cs,token,50,1,0.63,0.628
cs,token,50,2,0.29,0.273
cs,token,25,2,0.3,0.244
cs,token,50,1,0.63,0.625
cs,pos,50,1,0.51,0.508
cs,pos,25,1,0.375,0.361
cs,pos,50,2,0.665,0.659
cs,pos_syl,750,2,1,1
cs,pos,25,2,0.475,0.467
cs,syl,50,1,0.93,0.929
cs,token,50,2,0.49,0.481
cs,syl,25,1,0.78,0.78
cs,pos,50,1,0.41,0.405
cs,syl,50,2,0.965,0.965
cs,token,50,2,0.37,0.362
cs,syl,25,2,0.925,0.925
cs,pos,50,1,0.49,0.489
cs,pos_syl,50,1,0.94,0.939
cs,pos_syl,25,1,0.825,0.822
cs,pos,50,2,0.63,0.629
cs,syl,50,1,0.92,0.921
cs,pos,50,2,0.565,0.562
cs,syl,50,2,0.9,0.9
cs,syl,50,1,0.87,0.87
cs,pos_syl,50,2,0.98,0.98
cs,pos_syl,50,1,0.92,0.92
cs,syl,50,2,0.975,0.975
cs,token,1000,1,1,1
cs,pos_syl,50,1,0.885,0.885
cs,pos_syl,50,2,0.935,0.935
cs,pos_syl,25,2,0.915,0.915
cs,token,100,1,0.785,0.776
cs,pos_syl,50,2,0.985,0.985
cs,token,100,1,0.725,0.72
cs,token,100,2,0.51,0.512
cs,token,50,1,0.695,0.691
cs,token,100,1,0.77,0.765
cs,pos,100,1,0.535,0.528
cs,pos,100,2,0.74,0.741
cs,token,100,2,0.29,0.285
cs,syl,100,1,0.975,0.975
cs,pos,100,1,0.545,0.534
cs,token,50,2,0.34,0.331
cs,pos,50,1,0.565,0.565
cs,token,100,2,0.505,0.506
cs,syl,100,2,1,1
cs,pos,100,1,0.485,0.482
cs,pos_syl,100,1,0.975,0.975
cs,pos,100,2,0.86,0.856
cs,pos,50,2,0.575,0.541
cs,syl,100,1,0.985,0.985
cs,syl,50,1,0.805,0.804
cs,pos,100,2,0.66,0.66
cs,syl,100,2,0.995,0.995
cs,syl,50,2,0.975,0.975
cs,syl,100,1,0.985,0.985
cs,token,1000,2,0.855,0.852
cs,pos_syl,100,1,0.935,0.935
cs,pos_syl,50,1,0.805,0.801
cs,pos,1000,1,0.99,0.99
cs,pos_syl,100,2,1,1
cs,syl,100,2,0.995,0.995
cs,pos_syl,100,1,0.95,0.95
cs,pos_syl,50,2,0.96,0.96
cs,pos_syl,100,2,1,1
cs,token,200,1,0.805,0.805
cs,pos_syl,100,2,0.975,0.975
cs,token,100,1,0.685,0.673
cs,token,200,1,0.935,0.935
cs,pos,1000,2,1,1
cs,syl,1000,1,1,1
cs,token,200,1,0.795,0.785
cs,token,200,2,0.345,0.345
cs,pos,200,1,0.7,0.694
cs,token,100,2,0.445,0.441
cs,pos,100,1,0.505,0.509
cs,token,200,2,0.57,0.554
cs,pos,200,1,0.46,0.458
cs,pos,200,2,0.89,0.889
cs,pos,100,2,0.82,0.815
cs,syl,200,1,0.995,0.995
cs,syl,100,1,0.995,0.995
cs,token,200,2,0.62,0.615
cs,syl,100,2,1,1
cs,syl,200,2,1,1
cs,pos,200,1,0.825,0.821
cs,pos,200,2,0.785,0.778
cs,pos_syl,100,1,0.995,0.995
cs,pos_syl,200,1,1,1
cs,syl,200,1,1,1
cs,syl,1000,2,1,1
cs,pos_syl,1000,1,1,1
cs,syl,200,2,1,1
cs,pos,200,2,0.955,0.954
cs,syl,200,1,1,1
cs,pos_syl,200,1,0.995,0.995
cs,pos_syl,100,2,0.985,0.985
cs,pos_syl,200,2,0.98,0.98
cs,syl,200,2,1,1
cs,pos_syl,200,1,0.99,0.99
cs,pos_syl,200,2,0.995,0.995
cs,token,200,1,0.895,0.893
cs,token,300,1,0.895,0.894
cs,pos_syl,200,2,1,1
cs,pos_syl,1000,2,1,1
cs,token,300,1,0.93,0.929
cs,token,200,2,0.49,0.491
cs,pos,200,1,0.725,0.725
cs,token,300,1,0.97,0.97
cs,token,300,2,0.635,0.629
cs,pos,300,1,0.77,0.768
cs,pos,200,2,0.85,0.851
cs,syl,200,1,1,1
cs,token,25,1,0.605,0.601
cs,token,300,2,0.575,0.574
cs,pos,300,1,0.97,0.97
cs,syl,200,2,1,1
cs,token,25,2,0.355,0.312
cs,pos,300,2,0.885,0.885
cs,pos,25,1,0.4,0.398
cs,pos_syl,200,1,0.995,0.995
cs,syl,300,1,1,1
cs,token,300,2,0.61,0.611
cs,pos,300,1,0.755,0.751
cs,pos,25,2,0.61,0.609
cs,syl,25,1,0.785,0.793
cs,pos,300,2,0.99,0.99
cs,syl,300,1,1,1
cs,syl,300,2,1,1
cs,syl,25,2,0.93,0.93
cs,pos_syl,200,2,1,1
cs,pos_syl,25,1,0.81,0.812
cs,pos_syl,300,1,1,1
cs,pos,300,2,0.975,0.975
cs,syl,300,1,1,1
cs,syl,300,2,1,1
cs,pos_syl,300,1,1,1
cs,syl,300,2,1,1
cs,token,300,1,0.885,0.885
cs,pos_syl,300,2,1,1
cs,pos_syl,300,1,1,1
cs,pos_syl,25,2,0.955,0.955
cs,pos_syl,300,2,1,1
cs,pos_syl,300,2,1,1
cs,token,500,1,0.97,0.97
cs,token,50,1,0.53,0.524
cs,token,300,2,0.605,0.59
cs,pos,300,1,0.82,0.823
cs,token,500,1,0.955,0.955
cs,token,50,2,0.37,0.362
cs,token,500,1,0.995,0.995
cs,pos,50,1,0.495,0.479
cs,pos,300,2,0.98,0.98
cs,syl,300,1,1,1
cs,pos,50,2,0.485,0.465
cs,syl,50,1,0.875,0.875
cs,syl,50,2,0.975,0.975
cs,syl,300,2,1,1
cs,pos_syl,50,1,0.925,0.925
cs,token,500,2,0.75,0.744
cs,pos_syl,300,1,1,1
cs,pos,500,1,0.92,0.917
cs,token,500,2,0.825,0.823
cs,pos,500,1,0.935,0.935
cs,pos_syl,50,2,0.965,0.965
cs,token,500,2,0.72,0.713
cs,pos_syl,300,2,1,1
cs,pos,500,1,0.975,0.975
cs,pos,500,2,1,1
cs,syl,500,1,1,1
cs,token,100,1,0.75,0.742
cs,pos,500,2,0.995,0.995
cs,syl,500,1,1,1
cs,token,500,1,0.955,0.955
cs,pos,500,2,1,1
cs,syl,500,2,1,1
cs,syl,500,1,1,1
cs,token,100,2,0.495,0.508
cs,pos_syl,500,1,1,1
cs,pos,100,1,0.72,0.709
cs,syl,500,2,1,1
cs,pos_syl,500,1,1,1
cs,pos,100,2,0.855,0.855
cs,syl,100,1,0.985,0.985
cs,syl,500,2,1,1
cs,pos_syl,500,1,1,1
cs,syl,100,2,1,1
cs,pos_syl,100,1,1,1
cs,pos_syl,500,2,1,1
cs,pos_syl,500,2,1,1
cs,token,500,2,0.76,0.753
cs,pos,500,1,0.88,0.88
cs,pos_syl,100,2,0.975,0.975
cs,pos_syl,500,2,1,1
cs,token,750,1,0.945,0.945
cs,token,750,1,0.98,0.98
cs,token,200,1,0.92,0.921
cs,pos,500,2,0.99,0.99
cs,syl,500,1,1,1
cs,token,750,1,0.995,0.995
cs,syl,500,2,1,1
cs,token,200,2,0.44,0.427
cs,pos_syl,500,1,1,1
cs,pos,200,1,0.815,0.815
cs,pos,200,2,0.92,0.92
cs,syl,200,1,1,1
cs,token,750,2,0.795,0.789
cs,pos,750,1,0.935,0.933
cs,pos_syl,500,2,1,1
cs,syl,200,2,1,1
cs,token,750,2,0.815,0.815
cs,pos_syl,200,1,1,1
cs,pos,750,1,0.91,0.91
cs,token,750,2,0.8,0.799
cs,pos,750,1,0.935,0.935
cs,token,750,1,1,1
cs,pos_syl,200,2,1,1
cs,pos,750,2,0.995,0.995
cs,syl,750,1,1,1
cs,pos,750,2,1,1
cs,syl,750,1,1,1
cs,token,300,1,0.95,0.95
cs,pos,750,2,1,1
cs,syl,750,1,1,1
cs,syl,750,2,1,1
cs,pos_syl,750,1,1,1
cs,syl,750,2,1,1
cs,pos_syl,750,1,1,1
cs,token,300,2,0.505,0.483
cs,token,750,2,0.73,0.726
cs,pos,300,1,0.825,0.822
cs,pos,750,1,0.935,0.935
cs,syl,750,2,1,1
cs,pos_syl,750,1,1,1
cs,pos,300,2,0.955,0.953
cs,syl,300,1,1,1
cs,pos_syl,750,2,1,1
cs,pos_syl,750,2,1,1
cs,syl,300,2,1,1
cs,pos,750,2,1,1
cs,syl,750,1,1,1
cs,pos_syl,300,1,1,1
cs,pos_syl,750,2,1,1
cs,token,1000,1,1,1
cs,pos_syl,300,2,1,1
cs,token,1000,1,1,1
cs,syl,750,2,1,1
cs,token,1000,1,1,1
cs,pos_syl,750,1,1,1
cs,token,500,1,1,1
cs,pos_syl,750,2,1,1
cs,token,500,2,0.78,0.777
cs,token,1000,2,0.875,0.873
cs,pos,500,1,0.97,0.97
cs,token,1000,1,1,1
cs,pos,1000,1,0.935,0.935
cs,token,1000,2,0.92,0.918
cs,token,1000,2,0.88,0.877
cs,pos,1000,1,0.985,0.985
cs,pos,1000,1,0.985,0.985
cs,pos,500,2,0.995,0.995
cs,syl,500,1,1,1
cs,pos,1000,2,1,1
cs,syl,1000,1,1,1
cs,syl,500,2,1,1
cs,pos,1000,2,1,1
cs,pos,1000,2,1,1
cs,syl,1000,1,1,1
cs,pos_syl,500,1,1,1
cs,syl,1000,1,1,1
cs,token,1000,2,0.855,0.854
cs,pos_syl,500,2,1,1
cs,syl,1000,2,1,1
cs,pos,1000,1,0.955,0.955
cs,pos_syl,1000,1,1,1
cs,syl,1000,2,1,1
cs,syl,1000,2,1,1
cs,pos_syl,1000,1,1,1
cs,pos_syl,1000,1,1,1
cs,token,750,1,1,1
cs,pos,1000,2,1,1
cs,syl,1000,1,1,1
cs,pos_syl,1000,2,1,1
cs,pos_syl,1000,2,1,1
cs,pos_syl,1000,2,1,1
cs,token,25,1,0.52,0.517
cs,token,25,1,0.405,0.397
cs,syl,1000,2,1,1
cs,token,25,2,0.26,NA
cs,pos_syl,1000,1,1,1
cs,token,25,1,0.49,0.485
cs,pos,25,1,0.29,0.287
cs,token,25,2,0.36,0.308
cs,token,750,2,0.815,0.807
cs,pos,25,1,0.305,0.302
cs,pos,750,1,0.945,0.945
cs,pos,25,2,0.37,0.365
cs,token,25,2,0.335,0.302
cs,syl,25,1,0.905,0.904
cs,pos,25,1,0.45,0.456
cs,pos,25,2,0.51,0.52
cs,syl,25,2,0.94,0.94
cs,syl,25,1,0.83,0.828
cs,pos_syl,25,1,0.815,0.815
cs,syl,25,2,0.915,0.915
cs,pos,25,2,0.585,0.578
cs,syl,25,1,0.815,0.815
cs,pos_syl,25,1,0.73,0.73
cs,syl,25,2,0.91,0.91
cs,pos_syl,25,1,0.875,0.874
cs,pos,750,2,1,1
cs,pos_syl,1000,2,1,1
cs,syl,750,1,1,1
cs,pos_syl,25,2,0.95,0.95
cs,pos_syl,25,2,0.77,0.767
cs,pos_syl,25,2,0.93,0.93
cs,token,50,1,0.625,0.623
cs,syl,750,2,1,1
cs,pos_syl,750,1,1,1
cs,token,50,1,0.675,0.66
cs,token,25,1,0.39,0.387
cs,token,50,1,0.62,0.613
cs,token,25,2,0.37,0.377
cs,token,50,2,0.46,0.456
cs,pos,25,1,0.265,0.26
cs,pos,50,1,0.35,0.348
cs,token,50,2,0.365,0.363
cs,pos,50,1,0.35,0.332
cs,pos,25,2,0.51,0.514
cs,pos,50,2,0.635,0.635
cs,syl,25,1,0.83,0.83
cs,token,50,2,0.38,0.39
cs,syl,50,1,0.865,0.865
cs,syl,25,2,0.875,0.875
cs,pos,50,1,0.445,0.43
cs,pos,50,2,0.71,0.711
cs,syl,50,2,0.96,0.96
cs,syl,50,1,0.91,0.909
cs,pos_syl,25,1,0.835,0.833
cs,pos_syl,750,2,1,1
cs,pos_syl,50,1,0.95,0.949
cs,syl,50,2,0.98,0.98
cs,pos,50,2,0.655,0.649
cs,pos_syl,50,1,0.91,0.91
cs,syl,50,1,0.89,0.889
cs,syl,50,2,0.95,0.95
cs,pos_syl,50,1,0.93,0.93
cs,pos_syl,50,2,0.955,0.955
cs,pos_syl,50,2,0.965,0.965
cs,pos_syl,25,2,0.925,0.925
cs,pos_syl,50,2,0.9,0.899
cs,token,1000,1,1,1
cs,token,100,1,0.755,0.755
cs,token,100,1,0.68,0.665
cs,token,50,1,0.61,0.609
cs,token,100,1,0.695,0.685
cs,token,100,2,0.42,0.422
cs,pos,100,1,0.625,0.628
cs,token,100,2,0.39,0.387
cs,token,50,2,0.355,0.353
cs,pos,100,1,0.6,0.578
cs,pos,50,1,0.395,0.384
cs,token,100,2,0.34,0.327
cs,pos,100,2,0.82,0.818
cs,pos,100,1,0.535,0.528
cs,syl,100,1,0.92,0.918
cs,pos,50,2,0.57,0.543
cs,pos,100,2,0.75,0.743
cs,syl,50,1,0.86,0.859
cs,syl,100,2,1,1
cs,syl,100,1,0.915,0.915
cs,pos,100,2,0.855,0.851
cs,syl,50,2,0.97,0.97
cs,pos_syl,100,1,0.915,0.915
cs,syl,100,1,0.99,0.99
cs,syl,100,2,1,1
cs,pos_syl,50,1,0.94,0.94
cs,syl,100,2,0.975,0.975
cs,pos_syl,100,1,0.94,0.94
cs,pos_syl,100,1,1,1
cs,pos_syl,100,2,0.99,0.99
cs,pos_syl,50,2,0.92,0.919
cs,pos_syl,100,2,0.995,0.995
cs,token,1000,2,0.88,0.882
cs,pos_syl,100,2,1,1
cs,pos,1000,1,0.97,0.97
cs,token,200,1,0.945,0.945
cs,token,100,1,0.7,0.69
cs,token,200,1,0.85,0.848
cs,token,200,1,0.955,0.955
cs,token,100,2,0.55,0.555
cs,token,200,2,0.515,0.51
cs,pos,100,1,0.555,0.543
cs,pos,200,1,0.65,0.637
cs,token,200,2,0.535,0.536
cs,pos,1000,2,1,1
cs,pos,200,1,0.64,0.638
cs,syl,1000,1,1,1
cs,token,200,2,0.59,0.593
cs,pos,100,2,0.71,0.705
cs,pos,200,1,0.72,0.721
cs,syl,100,1,0.95,0.95
cs,pos,200,2,0.955,0.955
cs,syl,200,1,1,1
cs,syl,100,2,1,1
cs,pos,200,2,0.915,0.914
cs,pos_syl,100,1,0.975,0.975
cs,syl,200,1,1,1
cs,pos,200,2,0.9,0.899
cs,syl,200,2,1,1
cs,syl,200,1,1,1
cs,pos_syl,200,1,1,1
cs,syl,200,2,1,1
cs,pos_syl,200,1,1,1
cs,syl,200,2,1,1
cs,pos_syl,100,2,1,1
cs,pos_syl,200,1,1,1
cs,syl,1000,2,1,1
cs,pos_syl,1000,1,1,1
cs,pos_syl,200,2,1,1
cs,pos_syl,200,2,1,1
cs,pos_syl,200,2,1,1
cs,token,200,1,0.765,0.764
cs,token,300,1,0.995,0.995
cs,token,300,1,0.845,0.845
cs,token,300,1,0.94,0.939
cs,token,200,2,0.385,0.378
cs,pos,200,1,0.78,0.779
cs,pos_syl,1000,2,1,1
cs,token,300,2,0.605,0.601
cs,pos,200,2,0.785,0.783
cs,pos,300,1,0.78,0.778
cs,syl,200,1,1,1
cs,token,300,2,0.505,0.493
cs,pos,300,1,0.9,0.899
cs,token,300,2,0.56,0.545
cs,token,25,1,0.535,0.525
cs,syl,200,2,0.985,0.985
cs,pos,300,1,0.825,0.827
cs,pos_syl,200,1,1,1
cs,pos,300,2,0.93,0.929
cs,token,25,2,0.205,0.188
cs,syl,300,1,1,1
cs,pos,25,1,0.47,0.468
cs,pos,300,2,0.985,0.985
cs,syl,300,1,1,1
cs,pos,300,2,0.99,0.99
cs,syl,300,1,1,1
cs,pos,25,2,0.605,0.602
cs,syl,300,2,1,1
cs,pos_syl,200,2,1,1
cs,syl,25,1,0.845,0.846
cs,pos_syl,300,1,0.99,0.99
cs,syl,300,2,1,1
cs,syl,25,2,0.96,0.96
cs,syl,300,2,1,1
cs,pos_syl,300,1,1,1
cs,pos_syl,25,1,0.76,0.763
cs,pos_syl,300,1,1,1
cs,token,300,1,0.9,0.895
cs,pos_syl,300,2,1,1
cs,pos_syl,300,2,1,1
cs,pos_syl,300,2,1,1
cs,pos_syl,25,2,0.965,0.965
cs,token,500,1,0.97,0.97
cs,token,300,2,0.495,0.48
cs,pos,300,1,0.795,0.792
cs,token,500,1,1,1
cs,token,500,1,0.995,0.995
cs,token,50,1,0.59,0.575
cs,pos,300,2,0.965,0.965
cs,syl,300,1,1,1
cs,token,50,2,0.305,0.272
cs,pos,50,1,0.58,0.584
cs,syl,300,2,1,1
cs,pos_syl,300,1,1,1
cs,token,500,2,0.715,0.706
cs,pos,50,2,0.615,0.609
cs,pos,500,1,0.885,0.884
cs,token,500,2,0.74,0.735
cs,syl,50,1,0.815,0.815
cs,pos,500,1,0.87,0.87
cs,token,500,2,0.77,0.767
cs,syl,50,2,0.97,0.97
cs,pos,500,1,0.85,0.849
cs,pos_syl,50,1,0.94,0.94
cs,pos_syl,300,2,1,1
cs,pos,500,2,1,1
cs,syl,500,1,1,1
cs,pos_syl,50,2,0.915,0.914
cs,pos,500,2,1,1
cs,syl,500,1,1,1
cs,pos,500,2,0.995,0.995
cs,syl,500,1,1,1
cs,token,500,1,0.995,0.995
cs,syl,500,2,1,1
cs,token,100,1,0.795,0.788
cs,pos_syl,500,1,1,1
cs,syl,500,2,1,1
cs,syl,500,2,1,1
cs,pos_syl,500,1,1,1
cs,pos_syl,500,1,1,1
cs,token,100,2,0.355,0.332
cs,pos,100,1,0.565,0.564
cs,pos_syl,500,2,1,1
cs,pos,100,2,0.735,0.73
cs,pos_syl,500,2,1,1
cs,token,500,2,0.73,0.715
cs,syl,100,1,0.9,0.897
cs,pos_syl,500,2,1,1
cs,pos,500,1,0.92,0.92
cs,syl,100,2,0.995,0.995
cs,pos_syl,100,1,0.965,0.965
cs,token,750,1,1,1
cs,token,750,1,0.985,0.985
cs,pos,500,2,1,1
cs,pos_syl,100,2,0.98,0.98
cs,token,750,1,1,1
cs,syl,500,1,1,1
cs,syl,500,2,1,1
cs,token,200,1,0.8,0.798
cs,pos_syl,500,1,1,1
cs,token,200,2,0.505,0.503
cs,pos,200,1,0.59,0.591
cs,token,750,2,0.76,0.756
cs,pos_syl,500,2,1,1
cs,pos,750,1,0.98,0.98
cs,token,750,2,0.86,0.86
cs,token,750,2,0.78,0.778
cs,pos,750,1,0.87,0.87
cs,pos,200,2,0.915,0.913
cs,pos,750,1,0.825,0.825
cs,syl,200,1,1,1
cs,syl,200,2,1,1
cs,pos_syl,200,1,0.995,0.995
cs,token,750,1,1,1
cs,pos,750,2,0.99,0.99
cs,syl,750,1,1,1
cs,pos,750,2,0.995,0.995
cs,syl,750,1,1,1
cs,pos,750,2,1,1
cs,pos_syl,200,2,1,1
cs,syl,750,1,1,1
cs,syl,750,2,1,1
cs,pos_syl,750,1,1,1
cs,token,300,1,0.87,0.868
cs,syl,750,2,1,1
cs,syl,750,2,1,1
cs,pos_syl,750,1,1,1
cs,pos_syl,750,1,1,1
cs,token,750,2,0.73,0.724
cs,pos,750,1,0.94,0.94
cs,token,300,2,0.655,0.651
cs,pos_syl,750,2,1,1
cs,pos,300,1,0.655,0.661
cs,pos_syl,750,2,1,1
cs,pos_syl,750,2,1,1
cs,pos,300,2,0.84,0.841
cs,pos,750,2,1,1
cs,syl,300,1,1,1
cs,syl,750,1,1,1
cs,token,1000,1,1,1
cs,syl,300,2,1,1
cs,token,1000,1,1,1
cs,pos_syl,300,1,0.985,0.985
cs,token,1000,1,1,1
cs,syl,750,2,1,1
cs,pos_syl,750,1,1,1
cs,pos_syl,300,2,1,1
cs,token,500,1,0.995,0.995
cs,pos_syl,750,2,1,1
cs,token,1000,2,0.81,0.805
cs,pos,1000,1,0.97,0.97
cs,token,1000,2,0.845,0.843
cs,pos,1000,1,0.935,0.935
cs,token,1000,2,0.945,0.944
cs,pos,1000,1,0.995,0.995
cs,token,1000,1,1,1
cs,token,500,2,0.67,0.659
cs,pos,500,1,0.905,0.905
cs,pos,1000,2,1,1
cs,syl,1000,1,1,1
cs,pos,1000,2,1,1
cs,syl,1000,1,1,1
cs,pos,500,2,0.99,0.99
cs,pos,1000,2,1,1
cs,syl,500,1,1,1
cs,syl,1000,1,1,1
cs,syl,500,2,1,1
cs,syl,1000,2,1,1
cs,pos_syl,500,1,1,1
cs,pos_syl,1000,1,1,1
cs,syl,1000,2,1,1
cs,pos_syl,1000,1,1,1
cs,token,1000,2,0.94,0.939
cs,syl,1000,2,1,1
cs,pos,1000,1,1,1
cs,pos_syl,1000,1,1,1
cs,pos_syl,500,2,1,1
cs,pos_syl,1000,2,1,1
cs,pos_syl,1000,2,1,1
cs,token,750,1,0.975,0.975
cs,pos,1000,2,1,1
cs,syl,1000,1,1,1
cs,pos_syl,1000,2,1,1
cs,token,25,1,0.505,0.505
cs,token,25,2,0.445,0.422
cs,pos,25,1,0.445,0.439
cs,pos,25,2,0.49,0.489
cs,syl,25,1,0.77,0.77
cs,token,25,1,0.47,0.464
cs,token,25,1,0.48,0.456
cs,syl,25,2,0.965,0.965
cs,pos_syl,25,1,0.785,0.782
cs,token,25,2,0.285,0.279
cs,syl,1000,2,1,1
cs,token,25,2,0.235,0.186
cs,pos,25,1,0.52,0.519
cs,pos_syl,1000,1,1,1
cs,pos,25,1,0.44,0.43
cs,pos,25,2,0.63,0.628
cs,syl,25,1,0.61,0.605
cs,pos,25,2,0.57,0.556
cs,token,750,2,0.84,0.838
cs,syl,25,2,0.945,0.945
cs,syl,25,1,0.82,0.816
cs,pos,750,1,0.91,0.912
cs,pos_syl,25,1,0.81,0.809
cs,syl,25,2,0.955,0.955
cs,pos_syl,25,2,0.855,0.855
cs,pos_syl,25,1,0.91,0.91
cs,token,50,1,0.62,0.607
cs,pos_syl,1000,2,1,1
cs,pos,750,2,1,1
cs,pos_syl,25,2,0.9,0.899
cs,syl,750,1,1,1
cs,pos_syl,25,2,0.915,0.915
cs,token,50,2,0.38,0.386
cs,pos,50,1,0.52,0.516
cs,token,25,1,0.49,0.493
cs,token,50,1,0.63,0.622
cs,token,50,1,0.54,0.54
cs,pos,50,2,0.55,0.553
cs,token,25,2,0.285,0.238
cs,syl,50,1,0.95,0.95
cs,pos,25,1,0.32,0.316
cs,syl,750,2,1,1
cs,syl,50,2,0.985,0.985
cs,pos_syl,750,1,1,1
cs,pos_syl,50,1,0.92,0.92
cs,token,50,2,0.34,0.337
cs,pos,25,2,0.625,0.62
cs,token,50,2,0.485,0.475
cs,syl,25,1,0.795,0.793
cs,pos,50,1,0.6,0.597
cs,pos,50,1,0.535,0.536
cs,syl,25,2,0.935,0.935
cs,pos_syl,25,1,0.825,0.824
cs,pos_syl,50,2,0.97,0.97
cs,pos,50,2,0.725,0.723
cs,pos,50,2,0.665,0.665
cs,syl,50,1,0.845,0.845
cs,syl,50,1,0.875,0.875
cs,syl,50,2,1,1
cs,syl,50,2,0.915,0.914
cs,pos_syl,50,1,0.93,0.93
cs,pos_syl,50,1,0.85,0.849
cs,token,100,1,0.825,0.821
cs,pos_syl,750,2,1,1
cs,pos_syl,50,2,0.975,0.975
cs,pos_syl,50,2,0.96,0.96
cs,pos_syl,25,2,0.87,0.869
cs,token,100,2,0.555,0.555
cs,pos,100,1,0.63,0.629
cs,token,100,1,0.705,0.7
cs,token,100,1,0.64,0.638
cs,token,1000,1,1,1
cs,token,50,1,0.565,0.548
cs,pos,100,2,0.8,0.79
cs,syl,100,1,0.97,0.97
cs,syl,100,2,0.99,0.99
cs,token,100,2,0.46,0.449
cs,token,100,2,0.315,0.313
cs,pos_syl,100,1,0.965,0.965
cs,pos,100,1,0.505,0.481
cs,token,50,2,0.36,0.353
cs,pos,100,1,0.59,0.585
cs,pos,50,1,0.395,0.401
cs,pos,100,2,0.775,0.776
cs,pos,100,2,0.775,0.774
cs,syl,100,1,0.955,0.955
cs,pos,50,2,0.45,0.445
cs,pos_syl,100,2,0.995,0.995
cs,syl,100,1,0.91,0.91
cs,syl,50,1,0.995,0.995
cs,syl,100,2,1,1
cs,syl,50,2,0.98,0.98
cs,syl,100,2,1,1
cs,pos_syl,100,1,0.965,0.965
cs,pos_syl,50,1,0.94,0.94
cs,pos_syl,100,1,0.975,0.975
cs,token,200,1,0.875,0.874
cs,pos_syl,100,2,0.995,0.995
cs,pos_syl,50,2,0.965,0.965
cs,pos_syl,100,2,1,1
cs,token,1000,2,0.96,0.96
cs,token,100,1,0.735,0.729
cs,pos,1000,1,0.965,0.965
cs,token,200,1,0.88,0.878
cs,token,200,2,0.44,0.437
cs,token,200,1,0.845,0.843
cs,pos,200,1,0.605,0.603
cs,pos,200,2,0.985,0.985
cs,token,100,2,0.425,0.436
cs,syl,200,1,1,1
cs,pos,100,1,0.655,0.656
cs,token,200,2,0.63,0.63
cs,pos,200,1,0.705,0.703
cs,token,200,2,0.46,0.446
cs,pos,200,1,0.655,0.644
cs,syl,200,2,1,1
cs,pos,100,2,0.75,0.747
cs,pos_syl,200,1,1,1
cs,syl,100,1,0.96,0.96
cs,pos,1000,2,1,1
cs,pos,200,2,0.91,0.908
cs,syl,1000,1,1,1
cs,syl,100,2,0.985,0.985
cs,syl,200,1,0.995,0.995
cs,pos,200,2,0.89,0.889
cs,syl,200,1,0.97,0.97
cs,pos_syl,100,1,0.975,0.975
cs,syl,200,2,0.995,0.995
cs,pos_syl,200,2,0.99,0.99
cs,syl,200,2,1,1
cs,pos_syl,200,1,1,1
cs,pos_syl,200,1,0.985,0.985
cs,pos_syl,100,2,0.955,0.955
cs,pos_syl,200,2,1,1
cs,token,300,1,0.905,0.904
cs,syl,1000,2,1,1
cs,pos_syl,200,2,1,1
cs,token,200,1,0.85,0.845
cs,pos_syl,1000,1,1,1
cs,token,300,1,0.96,0.96
cs,token,300,1,0.96,0.96
cs,token,200,2,0.5,0.488
cs,token,300,2,0.585,0.577
cs,pos,200,1,0.555,0.559
cs,pos,300,1,0.71,0.711
cs,pos,200,2,0.945,0.944
cs,token,300,2,0.685,0.677
cs,syl,200,1,1,1
cs,pos,300,1,0.91,0.91
cs,pos,300,2,0.955,0.955
cs,pos_syl,1000,2,1,1
cs,token,300,2,0.425,0.439
cs,syl,300,1,1,1
cs,pos,300,1,0.795,0.796
cs,syl,200,2,0.99,0.99
cs,pos_syl,200,1,1,1
cs,syl,300,2,1,1
cs,pos,300,2,0.99,0.99
cs,pos_syl,300,1,1,1
cs,syl,300,1,1,1
cs,pos,300,2,0.87,0.865
cs,syl,300,1,1,1
cs,pos_syl,200,2,0.975,0.975
cs,syl,300,2,1,1
cs,pos_syl,300,1,1,1
cs,syl,300,2,1,1
cs,pos_syl,300,2,1,1
cs,pos_syl,300,1,1,1
cs,token,25,1,0.375,0.372
cs,token,300,1,0.965,0.965
cs,pos_syl,300,2,1,1
cs,token,500,1,0.985,0.985
cs,pos_syl,300,2,1,1
cs,token,25,2,0.28,0.272
cs,pos,25,1,0.46,0.449
cs,pos,25,2,0.525,0.522
cs,syl,25,1,0.82,0.819
cs,syl,25,2,0.93,0.93
cs,token,500,1,0.99,0.99
cs,token,300,2,0.525,0.525
cs,pos_syl,25,1,0.755,0.758
cs,token,500,1,0.965,0.965
cs,pos,300,1,0.7,0.698
cs,token,500,2,0.695,0.686
cs,pos,500,1,0.86,0.862
cs,pos,300,2,0.965,0.965
cs,syl,300,1,1,1
cs,pos_syl,25,2,0.845,0.844
cs,syl,300,2,1,1
cs,pos_syl,300,1,1,1
cs,token,500,2,0.68,0.677
cs,token,500,2,0.815,0.808
cs,pos,500,2,0.995,0.995
cs,pos,500,1,0.82,0.815
cs,pos,500,1,0.905,0.906
cs,syl,500,1,1,1
cs,token,50,1,0.495,0.474
cs,pos_syl,300,2,1,1
cs,token,50,2,0.3,0.241
cs,syl,500,2,1,1
cs,pos,500,2,0.99,0.99
cs,pos,50,1,0.57,0.565
cs,pos,500,2,1,1
cs,syl,500,1,1,1
cs,pos_syl,500,1,1,1
cs,syl,500,1,1,1
cs,pos,50,2,0.74,0.737
cs,syl,50,1,0.845,0.844
cs,token,500,1,0.995,0.995
cs,syl,50,2,0.97,0.97
cs,syl,500,2,1,1
cs,pos_syl,50,1,0.96,0.96
cs,syl,500,2,1,1
cs,pos_syl,500,1,1,1
cs,pos_syl,500,1,1,1
cs,pos_syl,500,2,1,1
cs,pos_syl,50,2,0.95,0.95
cs,pos_syl,500,2,1,1
cs,pos_syl,500,2,1,1
cs,token,100,1,0.79,0.785
cs,token,500,2,0.725,0.719
cs,token,750,1,0.995,0.995
cs,pos,500,1,0.92,0.92
cs,token,100,2,0.405,0.405
cs,pos,100,1,0.725,0.722
cs,token,750,1,0.995,0.995
cs,token,750,1,1,1
cs,pos,500,2,1,1
cs,syl,500,1,1,1
cs,pos,100,2,0.86,0.861
cs,syl,100,1,1,1
cs,syl,100,2,0.95,0.95
cs,pos_syl,100,1,0.99,0.99
cs,syl,500,2,1,1
cs,pos_syl,500,1,1,1
cs,token,750,2,0.865,0.863
cs,pos_syl,100,2,1,1
cs,pos,750,1,0.97,0.97
cs,pos_syl,500,2,1,1
cs,token,750,2,0.85,0.847
cs,token,750,2,0.805,0.809
cs,token,200,1,0.9,0.9
cs,pos,750,1,0.95,0.95
cs,pos,750,1,0.88,0.88
cs,pos,750,2,1,1
cs,syl,750,1,1,1
cs,token,750,1,0.98,0.98
cs,token,200,2,0.41,0.419
cs,pos,200,1,0.725,0.721
cs,pos,750,2,0.99,0.99
cs,pos,750,2,1,1
cs,syl,750,1,1,1
cs,syl,750,1,1,1
cs,pos,200,2,0.89,0.885
cs,syl,200,1,1,1
cs,syl,750,2,1,1
cs,pos_syl,750,1,1,1
cs,syl,200,2,1,1
cs,pos_syl,200,1,1,1
cs,syl,750,2,1,1
cs,syl,750,2,1,1
cs,pos_syl,750,1,1,1
cs,pos_syl,750,1,1,1
cs,pos_syl,200,2,0.99,0.99
cs,token,750,2,0.69,0.668
cs,pos,750,1,1,1
cs,pos_syl,750,2,1,1
cs,token,300,1,0.97,0.97
cs,pos_syl,750,2,1,1
cs,pos_syl,750,2,1,1
cs,token,1000,1,1,1
cs,pos,750,2,1,1
cs,syl,750,1,1,1
cs,token,300,2,0.59,0.587
cs,token,1000,1,1,1
cs,pos,300,1,0.595,0.596
cs,token,1000,1,1,1
cs,syl,750,2,1,1
cs,pos,300,2,0.93,0.929
cs,pos_syl,750,1,1,1
cs,syl,300,1,1,1
cs,syl,300,2,1,1
cs,pos_syl,300,1,1,1
cs,pos_syl,750,2,1,1
cs,token,1000,2,0.93,0.929
cs,pos_syl,300,2,1,1
cs,pos,1000,1,1,1
cs,token,1000,2,0.925,0.923
cs,token,1000,2,0.815,0.813
cs,pos,1000,1,0.975,0.975
cs,pos,1000,1,0.995,0.995
cs,token,1000,1,1,1
cs,token,500,1,0.95,0.95
cs,pos,1000,2,1,1
cs,syl,1000,1,1,1
cs,pos,1000,2,1,1
cs,pos,1000,2,1,1
cs,syl,1000,1,1,1
cs,syl,1000,1,1,1
cs,token,500,2,0.705,0.688
cs,pos,500,1,0.98,0.98
cs,syl,1000,2,1,1
cs,pos_syl,1000,1,1,1
cs,token,1000,2,0.855,0.856
cs,pos,1000,1,0.98,0.98
cs,syl,1000,2,1,1
cs,pos,500,2,0.99,0.99
cs,syl,1000,2,1,1
cs,syl,500,1,1,1
cs,pos_syl,1000,1,1,1
cs,pos_syl,1000,1,1,1
cs,syl,500,2,1,1
cs,pos_syl,500,1,1,1
cs,pos_syl,1000,2,1,1
cs,pos,1000,2,1,1
cs,syl,1000,1,1,1
cs,pos_syl,1000,2,1,1
cs,pos_syl,1000,2,1,1
cs,token,25,1,0.54,0.537
cs,pos_syl,500,2,1,1
cs,token,25,2,0.225,0.229
cs,pos,25,1,0.355,0.35
cs,token,25,1,0.63,0.627
cs,token,25,1,0.645,0.648
cs,syl,1000,2,1,1
cs,pos,25,2,0.54,0.531
cs,token,25,2,0.32,0.304
cs,syl,25,1,0.795,0.795
cs,token,750,1,0.97,0.97
cs,pos,25,1,0.37,0.37
cs,pos_syl,1000,1,1,1
cs,token,25,2,0.295,NaN
cs,syl,25,2,0.81,0.81
cs,pos,25,1,0.575,0.57
cs,pos_syl,25,1,0.835,0.835
cs,pos,25,2,0.65,0.641
cs,syl,25,1,0.79,0.788
cs,pos,25,2,0.595,0.59
cs,syl,25,1,0.85,0.848
cs,syl,25,2,0.94,0.94
cs,syl,25,2,0.935,0.935
cs,pos_syl,25,1,0.81,0.812
cs,pos_syl,25,1,0.795,0.791
cs,pos_syl,25,2,0.935,0.935
cs,pos_syl,1000,2,1,1
cs,pos_syl,25,2,0.88,0.879
cs,token,50,1,0.65,0.651
cs,token,750,2,0.835,0.832
cs,pos_syl,25,2,0.96,0.96
cs,pos,750,1,0.905,0.907
cs,token,25,1,0.44,0.431
cs,token,50,2,0.345,0.345
cs,token,50,1,0.4,0.396
cs,pos,50,1,0.55,0.552
cs,token,50,1,0.54,0.529
cs,token,25,2,0.23,0.234
cs,pos,50,2,0.565,0.568
cs,pos,25,1,0.47,0.47
cs,syl,50,1,0.965,0.965
cs,syl,50,2,1,1
cs,token,50,2,0.36,0.353
cs,pos,750,2,1,1
cs,pos,25,2,0.505,0.496
cs,pos,50,1,0.52,0.515
cs,syl,750,1,1,1
cs,pos_syl,50,1,0.955,0.955
cs,syl,25,1,0.865,0.865
cs,token,50,2,0.47,0.454
cs,syl,25,2,0.94,0.94
cs,pos,50,1,0.51,0.51
cs,pos,50,2,0.68,0.68
cs,pos_syl,25,1,0.675,0.678
cs,syl,50,1,0.835,0.834
cs,pos_syl,50,2,0.975,0.975
cs,syl,50,2,0.955,0.955
cs,pos,50,2,0.64,0.643
cs,syl,50,1,0.965,0.965
cs,pos_syl,50,1,0.895,0.894
cs,syl,50,2,0.99,0.99
cs,syl,750,2,1,1
cs,pos_syl,50,1,0.925,0.925
cs,pos_syl,750,1,1,1
cs,token,100,1,0.66,0.658
cs,pos_syl,50,2,0.99,0.99
cs,pos_syl,25,2,0.92,0.92
cs,pos_syl,50,2,0.925,0.925
cs,token,100,2,0.425,0.421
cs,pos,100,1,0.65,0.653
cs,token,100,1,0.79,0.784
cs,token,50,1,0.555,0.548
cs,token,100,1,0.82,0.821
cs,pos,100,2,0.765,0.762
cs,pos_syl,750,2,1,1
cs,syl,100,1,0.98,0.98
cs,token,100,2,0.41,0.42
cs,syl,100,2,1,1
cs,pos,100,1,0.565,0.568
cs,pos_syl,100,1,0.985,0.985
cs,token,50,2,0.35,0.333
cs,pos,50,1,0.375,0.37
cs,token,100,2,0.385,0.389
cs,pos,100,1,0.62,0.616
cs,pos,100,2,0.74,0.738
cs,syl,100,1,1,1
cs,pos,50,2,0.44,0.439
cs,pos_syl,100,2,0.995,0.995
cs,syl,50,1,0.945,0.945
cs,token,1000,1,1,1
cs,syl,100,2,1,1
cs,pos,100,2,0.78,0.778
cs,syl,50,2,0.935,0.935
cs,syl,100,1,1,1
cs,pos_syl,100,1,0.935,0.935
cs,pos_syl,50,1,0.95,0.95
cs,syl,100,2,1,1
cs,pos_syl,100,1,0.985,0.985
cs,token,200,1,0.86,0.857
cs,pos_syl,100,2,0.95,0.95
cs,pos_syl,50,2,0.95,0.95
cs,pos_syl,100,2,1,1
cs,token,100,1,0.725,0.722
cs,token,200,1,0.93,0.93
cs,token,200,2,0.43,0.435
cs,pos,200,1,0.645,0.645
cs,token,200,1,0.91,0.908
cs,token,100,2,0.415,0.414
cs,pos,200,2,0.89,0.889
cs,pos,100,1,0.53,0.529
cs,syl,200,1,1,1
cs,token,200,2,0.5,0.5
cs,pos,200,1,0.735,0.736
cs,syl,200,2,1,1
cs,pos,100,2,0.735,0.729
cs,token,200,2,0.38,0.37
cs,token,1000,2,0.86,0.856
cs,syl,100,1,0.99,0.99
cs,pos_syl,200,1,1,1
cs,pos,200,1,0.725,0.719
cs,pos,1000,1,1,1
cs,syl,100,2,1,1
cs,pos,200,2,0.765,0.764
cs,syl,200,1,1,1
cs,pos_syl,100,1,0.92,0.92
cs,pos,200,2,0.9,0.9
cs,pos_syl,200,2,1,1
cs,syl,200,1,1,1
cs,syl,200,2,1,1
cs,pos_syl,200,1,1,1
cs,pos_syl,100,2,0.99,0.99
cs,syl,200,2,1,1
cs,pos_syl,200,1,0.98,0.98
cs,token,300,1,0.96,0.96
cs,pos_syl,200,2,1,1
cs,pos,1000,2,1,1
cs,token,200,1,0.865,0.864
cs,syl,1000,1,1,1
cs,pos_syl,200,2,1,1
cs,token,300,1,0.86,0.858
cs,token,200,2,0.515,0.509
cs,token,300,2,0.62,0.602
cs,token,300,1,0.98,0.98
cs,pos,200,1,0.755,0.756
cs,pos,300,1,0.87,0.87
cs,syl,1000,2,1,1
cs,pos,200,2,0.915,0.913
cs,pos_syl,1000,1,1,1
cs,syl,200,1,0.99,0.99
cs,pos,300,2,0.95,0.949
cs,token,300,2,0.645,0.631
cs,syl,300,1,1,1
cs,pos,300,1,0.815,0.809
cs,syl,200,2,1,1
cs,token,300,2,0.69,0.688
cs,pos_syl,200,1,0.985,0.985
cs,pos,300,1,0.825,0.824
cs,syl,300,2,1,1
cs,pos_syl,300,1,1,1
cs,pos,300,2,0.915,0.915
cs,syl,300,1,0.975,0.975
cs,pos_syl,200,2,1,1
cs,pos,300,2,0.975,0.975
cs,syl,300,1,1,1
cs,syl,300,2,1,1
cs,pos_syl,300,2,1,1
cs,pos_syl,1000,2,1,1
cs,pos_syl,300,1,1,1
cs,syl,300,2,1,1
cs,token,300,1,0.93,0.93
cs,pos_syl,300,1,1,1
cs,pos_syl,300,2,1,1
cs,token,500,1,0.955,0.955
cs,pos_syl,300,2,1,1
cs,token,25,1,0.715,0.721
cs,token,300,2,0.57,0.565
cs,pos,300,1,0.66,0.659
cs,token,25,2,0.39,0.363
cs,token,500,1,0.98,0.98
cs,pos,25,1,0.37,0.366
cs,token,500,1,1,1
cs,pos,25,2,0.64,0.643
cs,syl,25,1,0.735,0.734
cs,pos,300,2,0.965,0.965
cs,syl,25,2,0.835,0.835
cs,syl,300,1,1,1
cs,pos_syl,25,1,0.72,0.72
cs,token,500,2,0.585,0.576
cs,pos,500,1,0.905,0.906
cs,syl,300,2,1,1
cs,pos_syl,300,1,1,1
cs,token,500,2,0.715,0.714
cs,pos,500,1,0.92,0.92
cs,pos,500,2,1,1
cs,token,500,2,0.715,0.705
cs,syl,500,1,1,1
cs,pos,500,1,0.955,0.955
cs,pos_syl,25,2,0.895,0.895
cs,pos_syl,300,2,1,1
cs,pos,500,2,0.97,0.97
cs,syl,500,2,1,1
cs,token,50,1,0.75,0.746
cs,syl,500,1,1,1
cs,pos_syl,500,1,1,1
cs,pos,500,2,0.985,0.985
cs,syl,500,1,1,1
cs,token,500,1,0.96,0.96
cs,token,50,2,0.275,0.275
cs,syl,500,2,1,1
cs,pos,50,1,0.415,0.401
cs,pos_syl,500,1,1,1
cs,syl,500,2,1,1
cs,pos,50,2,0.725,0.722
cs,pos_syl,500,2,1,1
cs,pos_syl,500,1,1,1
cs,syl,50,1,0.9,0.899
cs,syl,50,2,0.965,0.965
cs,pos_syl,50,1,0.88,0.881
cs,token,500,2,0.625,0.622
cs,pos_syl,500,2,1,1
cs,pos,500,1,0.84,0.839
cs,pos_syl,50,2,0.985,0.985
cs,token,750,1,0.95,0.95
cs,pos_syl,500,2,1,1
cs,token,100,1,0.68,0.684
cs,pos,500,2,1,1
cs,token,750,1,1,1
cs,syl,500,1,1,1
cs,token,750,1,0.99,0.99
cs,token,100,2,0.385,0.383
cs,pos,100,1,0.585,0.579
cs,syl,500,2,1,1
cs,pos_syl,500,1,1,1
cs,pos,100,2,0.755,0.752
cs,syl,100,1,0.985,0.985
cs,token,750,2,0.81,0.803
cs,pos,750,1,0.96,0.96
cs,syl,100,2,1,1
cs,pos_syl,100,1,1,1
cs,pos_syl,500,2,1,1
cs,pos_syl,100,2,0.985,0.985
cs,token,750,2,0.685,0.68
cs,token,750,2,0.845,0.839
cs,pos,750,1,0.95,0.95
cs,pos,750,1,0.97,0.97
cs,pos,750,2,1,1
cs,syl,750,1,1,1
cs,token,750,1,0.985,0.985
cs,token,200,1,0.945,0.945
cs,syl,750,2,1,1
cs,pos,750,2,1,1
cs,pos,750,2,0.99,0.99
cs,syl,750,1,1,1
cs,syl,750,1,1,1
cs,pos_syl,750,1,1,1
cs,token,200,2,0.56,0.56
cs,pos,200,1,0.665,0.654
cs,pos,200,2,0.905,0.904
cs,syl,200,1,1,1
cs,syl,750,2,1,1
cs,syl,750,2,1,1
cs,pos_syl,750,1,1,1
cs,pos_syl,750,1,1,1
cs,syl,200,2,1,1
cs,token,750,2,0.79,0.786
cs,pos_syl,750,2,1,1
cs,pos,750,1,0.9,0.899
cs,pos_syl,200,1,0.99,0.99
cs,pos_syl,200,2,1,1
cs,pos_syl,750,2,1,1
cs,token,1000,1,1,1
cs,pos_syl,750,2,1,1
cs,pos,750,2,1,1
cs,syl,750,1,1,1
cs,token,300,1,0.955,0.955
cs,token,1000,1,1,1
cs,token,1000,1,0.995,0.995
cs,syl,750,2,1,1
cs,pos_syl,750,1,1,1
cs,token,300,2,0.51,0.514
cs,pos,300,1,0.705,0.706
cs,pos,300,2,0.925,0.924
cs,syl,300,1,1,1
cs,pos_syl,750,2,1,1
cs,token,1000,2,0.91,0.909
cs,pos,1000,1,0.98,0.98
cs,syl,300,2,1,1
cs,pos_syl,300,1,1,1
cs,token,1000,1,1,1
cs,token,1000,2,0.75,0.746
cs,token,1000,2,0.835,0.829
cs,pos_syl,300,2,1,1
cs,pos,1000,1,0.94,0.939
cs,pos,1000,1,0.98,0.98
cs,pos,1000,2,1,1
cs,syl,1000,1,1,1
cs,token,500,1,0.95,0.95
cs,pos,1000,2,1,1
cs,pos,1000,2,1,1
cs,syl,1000,1,1,1
cs,syl,1000,1,1,1
cs,syl,1000,2,1,1
cs,pos_syl,1000,1,1,1
cs,token,500,2,0.805,0.802
cs,token,1000,2,0.98,0.98
cs,pos,500,1,0.875,0.876
cs,pos,1000,1,0.99,0.99
cs,syl,1000,2,1,1
cs,syl,1000,2,1,1
cs,pos_syl,1000,1,1,1
cs,pos_syl,1000,1,1,1
cs,pos,500,2,1,1
cs,pos_syl,1000,2,1,1
cs,syl,500,1,1,1
cs,pos,1000,2,1,1
cs,syl,1000,1,1,1
cs,syl,500,2,1,1
cs,pos_syl,500,1,1,1
cs,token,25,1,0.485,0.487
cs,pos_syl,1000,2,1,1
cs,pos_syl,1000,2,1,1
cs,token,25,2,0.21,0.172
cs,pos,25,1,0.37,0.366
cs,pos,25,2,0.44,0.437
cs,syl,25,1,0.73,0.726
cs,syl,1000,2,1,1
cs,token,25,1,0.455,0.447
cs,pos_syl,500,2,1,1
cs,syl,25,2,0.89,0.89
cs,pos_syl,1000,1,1,1
cs,token,25,1,0.5,0.495
cs,pos_syl,25,1,0.715,0.716
cs,token,25,2,0.1,0.091
cs,pos,25,1,0.36,0.365
cs,token,25,2,0.145,NaN
cs,pos,25,1,0.46,0.457
cs,pos,25,2,0.43,0.42
cs,syl,25,1,0.83,0.831
cs,syl,25,2,0.905,0.904
cs,pos,25,2,0.545,0.547
cs,token,750,1,0.995,0.995
cs,syl,25,1,0.775,0.773
cs,pos_syl,25,1,0.82,0.815
cs,syl,25,2,0.925,0.925
cs,pos_syl,25,2,0.84,0.837
cs,pos_syl,25,1,0.88,0.878
cs,pos_syl,1000,2,1,1
cs,token,50,1,0.545,0.536
cs,pos_syl,25,2,0.94,0.94
cs,pos_syl,25,2,0.915,0.914
cs,token,50,2,0.445,0.452
cs,token,25,1,0.47,0.458
cs,pos,50,1,0.5,0.491
cs,token,50,1,0.47,0.472
cs,token,25,2,0.34,0.309
cs,pos,50,2,0.645,0.644
cs,pos,25,1,0.445,0.431
cs,token,750,2,0.75,0.738
cs,token,50,1,0.49,0.475
cs,syl,50,1,0.87,0.869
cs,pos,750,1,0.99,0.99
cs,syl,50,2,0.98,0.98
cs,token,50,2,0.36,0.348
cs,pos,25,2,0.505,0.486
cs,pos_syl,50,1,0.865,0.864
cs,pos,50,1,0.445,0.43
cs,syl,25,1,0.71,0.703
cs,syl,25,2,0.92,0.92
cs,token,50,2,0.53,0.533
cs,pos_syl,25,1,0.68,0.674
cs,pos,50,1,0.56,0.542
cs,pos,50,2,0.795,0.795
cs,syl,50,1,0.81,0.801
cs,pos_syl,50,2,0.96,0.96
cs,syl,50,2,0.905,0.904
cs,pos,50,2,0.585,0.588
cs,syl,50,1,0.845,0.844
cs,pos_syl,50,1,0.85,0.849
cs,pos,750,2,1,1
cs,syl,50,2,0.995,0.995
cs,syl,750,1,1,1
cs,pos_syl,50,1,0.885,0.884
cs,token,100,1,0.815,0.814
cs,pos_syl,50,2,0.92,0.92
cs,pos_syl,25,2,0.905,0.904
cs,pos_syl,50,2,0.95,0.95
cs,token,100,2,0.615,0.613
cs,token,100,1,0.64,0.625
cs,pos,100,1,0.49,0.483
cs,syl,750,2,1,1
cs,token,50,1,0.445,0.428
cs,pos_syl,750,1,1,1
cs,token,100,1,0.655,0.654
cs,pos,100,2,0.71,0.689
cs,syl,100,1,0.98,0.98
cs,token,100,2,0.525,0.523
cs,syl,100,2,1,1
cs,pos,100,1,0.51,0.51
cs,token,50,2,0.22,0.218
cs,pos_syl,100,1,0.99,0.99
cs,pos,50,1,0.385,0.375
cs,token,100,2,0.45,0.45
cs,pos,100,1,0.605,0.591
cs,pos,100,2,0.795,0.797
cs,pos,50,2,0.52,0.514
cs,syl,100,1,0.955,0.955
cs,syl,50,1,0.88,0.881
cs,pos_syl,100,2,1,1
cs,pos,100,2,0.73,0.727
cs,syl,100,2,0.985,0.985
cs,syl,50,2,1,1
cs,pos_syl,750,2,1,1
cs,syl,100,1,0.96,0.96
cs,pos_syl,100,1,0.94,0.94
cs,pos_syl,50,1,0.965,0.965
cs,syl,100,2,1,1
cs,pos_syl,100,1,0.955,0.955
cs,token,200,1,0.875,0.871
cs,pos_syl,50,2,0.95,0.95
cs,pos_syl,100,2,0.98,0.98
cs,pos_syl,100,2,0.99,0.99
cs,token,1000,1,0.99,0.99
cs,token,200,1,0.77,0.77
cs,token,100,1,0.775,0.768
cs,token,200,2,0.66,0.659
cs,pos,200,1,0.655,0.65
cs,token,200,1,0.95,0.95
cs,token,100,2,0.385,0.382
cs,pos,200,2,0.81,0.806
cs,pos,100,1,0.69,0.683
cs,syl,200,1,1,1
cs,token,200,2,0.585,0.572
cs,pos,200,1,0.52,0.514
cs,pos,100,2,0.785,0.785
cs,token,200,2,0.485,0.49
cs,syl,200,2,1,1
cs,syl,100,1,0.97,0.97
cs,pos,200,1,0.74,0.737
cs,pos_syl,200,1,1,1
cs,pos,200,2,0.87,0.868
cs,syl,100,2,0.98,0.98
cs,syl,200,1,1,1
cs,pos_syl,100,1,0.99,0.99
cs,pos,200,2,0.945,0.944
cs,syl,200,2,1,1
cs,syl,200,1,1,1
cs,pos_syl,200,2,1,1
cs,pos_syl,200,1,1,1
cs,pos_syl,100,2,0.97,0.97
cs,syl,200,2,1,1
cs,token,1000,2,0.875,0.874
cs,pos_syl,200,1,1,1
cs,pos,1000,1,0.895,0.895
cs,pos_syl,200,2,1,1
cs,token,300,1,0.96,0.96
cs,token,200,1,0.855,0.85
cs,pos_syl,200,2,1,1
cs,token,300,1,0.89,0.888
cs,token,300,2,0.57,0.567
cs,token,200,2,0.555,0.545
cs,token,300,1,0.905,0.904
cs,pos,1000,2,1,1
cs,pos,300,1,0.91,0.909
cs,pos,200,1,0.645,0.643
cs,syl,1000,1,1,1
cs,pos,200,2,0.86,0.86
cs,pos,300,2,0.94,0.94
cs,token,300,2,0.495,0.484
cs,syl,200,1,1,1
cs,syl,300,1,1,1
cs,pos,300,1,0.895,0.893
cs,syl,200,2,1,1
cs,token,300,2,0.54,0.534
cs,pos,300,1,0.76,0.755
cs,pos_syl,200,1,1,1
cs,syl,300,2,1,1
cs,pos_syl,300,1,1,1
cs,syl,1000,2,1,1
cs,pos,300,2,0.98,0.98
cs,syl,300,1,1,1
cs,pos_syl,1000,1,1,1
cs,pos,300,2,0.975,0.975
cs,pos_syl,200,2,1,1
cs,syl,300,1,1,1
cs,syl,300,2,1,1
cs,pos_syl,300,1,1,1
cs,pos_syl,300,2,1,1
cs,syl,300,2,1,1
cs,pos_syl,300,1,1,1
cs,token,300,1,0.945,0.945
cs,pos_syl,300,2,1,1
cs,token,500,1,0.975,0.975
cs,pos_syl,1000,2,1,1
cs,pos_syl,300,2,1,1
cs,token,300,2,0.725,0.725
cs,token,500,1,0.975,0.975
cs,pos,300,1,0.88,0.883
cs,token,25,1,0.575,0.564
cs,token,500,1,0.985,0.985
cs,token,25,2,0.32,0.23
cs,pos,25,1,0.345,0.351
cs,pos,300,2,0.95,0.95
cs,token,500,2,0.755,0.753
cs,syl,300,1,0.995,0.995
cs,pos,500,1,0.915,0.914
cs,pos,25,2,0.48,0.484
cs,syl,25,1,0.885,0.884
cs,syl,25,2,0.905,0.905
cs,syl,300,2,1,1
cs,pos_syl,300,1,0.965,0.965
cs,pos_syl,25,1,0.85,0.849
cs,token,500,2,0.575,0.559
cs,pos,500,1,0.875,0.874
cs,pos,500,2,0.975,0.975
cs,syl,500,1,1,1
cs,token,500,2,0.725,0.724
cs,pos,500,1,0.83,0.826
cs,pos_syl,300,2,1,1
cs,syl,500,2,1,1
cs,pos_syl,25,2,0.855,0.854
cs,pos,500,2,1,1
cs,syl,500,1,1,1
cs,pos_syl,500,1,1,1
cs,pos,500,2,0.995,0.995
cs,token,500,1,1,1
cs,syl,500,1,1,1
cs,token,50,1,0.545,0.531
cs,syl,500,2,1,1
cs,pos_syl,500,1,1,1
cs,pos_syl,500,2,1,1
cs,syl,500,2,1,1
cs,pos_syl,500,1,1,1
cs,token,50,2,0.36,0.359
cs,pos,50,1,0.325,0.317
cs,pos,50,2,0.665,0.662
cs,pos_syl,500,2,1,1
cs,syl,50,1,0.81,0.809
cs,token,500,2,0.695,0.692
cs,token,750,1,1,1
cs,pos,500,1,0.95,0.95
cs,syl,50,2,0.94,0.94
cs,pos_syl,500,2,1,1
cs,pos_syl,50,1,0.905,0.905
cs,pos_syl,50,2,0.97,0.97
cs,token,750,1,1,1
cs,pos,500,2,1,1
cs,syl,500,1,1,1
cs,token,750,1,0.96,0.96
cs,token,100,1,0.69,0.685
cs,syl,500,2,1,1
cs,pos_syl,500,1,1,1
cs,token,750,2,0.825,0.817
cs,token,100,2,0.315,0.293
cs,pos,750,1,0.97,0.97
cs,pos,100,1,0.485,0.462
cs,pos,100,2,0.735,0.734
cs,pos_syl,500,2,1,1
cs,syl,100,1,0.955,0.955
cs,token,750,2,0.91,0.91
cs,pos,750,1,0.98,0.98
cs,syl,100,2,1,1
cs,pos_syl,100,1,0.985,0.985
cs,token,750,2,0.785,0.776
cs,pos,750,1,0.965,0.965
cs,pos,750,2,1,1
cs,syl,750,1,1,1
cs,token,750,1,1,1
cs,pos_syl,100,2,0.98,0.98
cs,pos,750,2,1,1
cs,syl,750,1,1,1
cs,pos,750,2,1,1
cs,token,200,1,0.845,0.837
cs,syl,750,1,1,1
cs,syl,750,2,1,1
cs,pos_syl,750,1,1,1
cs,syl,750,2,1,1
cs,pos_syl,750,1,1,1
cs,token,200,2,0.555,0.544
cs,pos,200,1,0.765,0.762
cs,syl,750,2,1,1
cs,pos_syl,750,1,1,1
cs,token,750,2,0.865,0.862
cs,pos,750,1,0.89,0.889
cs,pos_syl,750,2,1,1
cs,pos,200,2,0.925,0.924
cs,syl,200,1,0.985,0.985
cs,syl,200,2,1,1
cs,pos_syl,200,1,1,1
cs,pos_syl,750,2,1,1
cs,pos,750,2,0.99,0.99
cs,token,1000,1,1,1
cs,pos_syl,750,2,1,1
cs,syl,750,1,1,1
cs,pos_syl,200,2,0.995,0.995
cs,token,1000,1,1,1
cs,syl,750,2,1,1
cs,token,1000,1,1,1
cs,pos_syl,750,1,1,1
cs,token,300,1,0.925,0.924
cs,token,300,2,0.515,0.525
cs,pos,300,1,0.825,0.823
cs,pos_syl,750,2,1,1
cs,token,1000,2,0.895,0.894
cs,pos,1000,1,0.955,0.955
cs,pos,300,2,0.895,0.894
cs,syl,300,1,1,1
cs,token,1000,1,0.995,0.995
cs,syl,300,2,1,1
cs,pos_syl,300,1,1,1
cs,token,1000,2,0.845,0.845
cs,token,1000,2,0.865,0.859
cs,pos,1000,1,0.995,0.995
cs,pos,1000,1,0.985,0.985
cs,pos,1000,2,1,1
cs,syl,1000,1,1,1
cs,pos_syl,300,2,1,1
cs,pos,1000,2,1,1
cs,token,500,1,0.98,0.98
cs,syl,1000,1,1,1
cs,pos,1000,2,1,1
cs,syl,1000,1,1,1
cs,syl,1000,2,1,1
cs,pos_syl,1000,1,1,1
cs,token,1000,2,0.855,0.844
cs,pos,1000,1,0.97,0.97
cs,syl,1000,2,1,1
cs,syl,1000,2,1,1
cs,pos_syl,1000,1,1,1
cs,token,500,2,0.765,0.755
cs,pos,500,1,0.905,0.904
cs,pos_syl,1000,1,1,1
cs,pos_syl,1000,2,1,1
cs,pos,500,2,1,1
cs,pos,1000,2,1,1
cs,syl,500,1,1,1
cs,syl,1000,1,1,1
cs,token,25,1,0.445,0.42
cs,pos_syl,1000,2,1,1
cs,pos_syl,1000,2,1,1
cs,syl,500,2,1,1
cs,token,25,2,0.305,0.291
cs,pos,25,1,0.525,0.519
cs,pos_syl,500,1,1,1
cs,pos,25,2,0.62,0.619
cs,syl,1000,2,1,1
cs,syl,25,1,0.79,0.789
cs,pos_syl,1000,1,1,1
cs,syl,25,2,0.88,0.88
cs,pos_syl,25,1,0.705,0.705
cs,token,25,1,0.405,0.39
cs,token,25,1,0.395,0.39
cs,pos_syl,500,2,1,1
cs,token,25,2,0.31,0.307
cs,token,25,2,0.235,NaN
cs,pos,25,1,0.33,0.324
cs,pos,25,1,0.49,0.486
cs,pos,25,2,0.56,0.562
cs,pos,25,2,0.64,0.634
cs,syl,25,1,0.78,0.775
cs,syl,25,1,0.615,0.613
cs,syl,25,2,0.92,0.919
cs,pos_syl,25,2,0.82,0.816
cs,syl,25,2,0.915,0.915
cs,pos_syl,1000,2,1,1
cs,token,750,1,0.965,0.964
cs,pos_syl,25,1,0.735,0.735
cs,pos_syl,25,1,0.705,0.703
cs,token,50,1,0.505,0.483
cs,pos_syl,25,2,0.89,0.89
cs,token,25,1,0.43,0.441
cs,token,50,2,0.31,0.319
cs,pos_syl,25,2,0.89,0.889
cs,pos,50,1,0.435,0.427
cs,token,25,2,0.265,0.248
cs,pos,25,1,0.32,0.319
cs,pos,50,2,0.68,0.677
cs,syl,50,1,0.91,0.91
cs,token,50,1,0.655,0.648
cs,syl,50,2,0.9,0.9
cs,token,50,1,0.675,0.664
cs,pos,25,2,0.435,0.442
cs,syl,25,1,0.75,0.748
cs,pos_syl,50,1,0.92,0.919
cs,token,750,2,0.91,0.91
cs,syl,25,2,0.92,0.92
cs,pos,750,1,0.95,0.95
cs,pos_syl,25,1,0.84,0.839
cs,token,50,2,0.41,0.371
cs,token,50,2,0.38,0.379
cs,pos_syl,50,2,0.95,0.95
cs,pos,50,1,0.505,0.509
cs,pos,50,1,0.435,0.412
cs,pos,50,2,0.72,0.718
cs,pos,50,2,0.49,0.467
cs,syl,50,1,0.89,0.89
cs,syl,50,1,0.865,0.858
cs,syl,50,2,0.995,0.995
cs,token,100,1,0.845,0.842
cs,syl,50,2,0.99,0.99
cs,pos_syl,25,2,0.905,0.902
cs,pos,750,2,0.995,0.995
cs,pos_syl,50,1,0.85,0.85
cs,pos_syl,50,1,0.92,0.919
cs,syl,750,1,1,1
cs,pos_syl,50,2,0.955,0.955
cs,token,100,2,0.575,0.559
cs,pos_syl,50,2,0.955,0.955
cs,token,50,1,0.645,0.632
cs,pos,100,1,0.455,0.457
cs,syl,750,2,1,1
cs,pos,100,2,0.63,0.617
cs,syl,100,1,0.95,0.95
cs,token,50,2,0.26,0.261
cs,pos_syl,750,1,1,1
cs,token,100,1,0.77,0.767
cs,token,100,1,0.885,0.883
cs,pos,50,1,0.48,0.476
cs,syl,100,2,1,1
cs,pos_syl,100,1,0.98,0.98
cs,pos,50,2,0.665,0.661
cs,syl,50,1,0.87,0.87
cs,syl,50,2,0.965,0.965
cs,token,100,2,0.28,0.284
cs,token,100,2,0.29,0.295
cs,pos_syl,100,2,0.965,0.965
cs,pos_syl,50,1,0.86,0.86
cs,pos,100,1,0.55,0.537
cs,pos,100,1,0.55,0.538
cs,pos_syl,750,2,1,1
cs,pos,100,2,0.495,0.464
cs,pos,100,2,0.78,0.78
cs,pos_syl,50,2,0.965,0.965
cs,syl,100,1,0.98,0.98
cs,syl,100,1,0.965,0.965
cs,token,200,1,0.965,0.965
cs,syl,100,2,1,1
cs,syl,100,2,0.995,0.995
cs,pos_syl,100,1,0.98,0.98
cs,pos_syl,100,1,0.96,0.96
cs,token,100,1,0.715,0.711
cs,pos_syl,100,2,0.97,0.97
cs,token,1000,1,1,1
cs,pos_syl,100,2,1,1
cs,token,200,2,0.415,0.406
cs,pos,200,1,0.68,0.677
cs,token,100,2,0.37,0.367
cs,pos,100,1,0.68,0.678
cs,token,200,1,0.885,0.884
cs,pos,200,2,0.9,0.9
cs,token,200,1,0.855,0.855
cs,syl,200,1,1,1
cs,pos,100,2,0.775,0.769
cs,syl,100,1,0.99,0.99
cs,syl,200,2,0.99,0.99
cs,pos_syl,200,1,0.99,0.99
cs,syl,100,2,1,1
cs,pos_syl,100,1,0.965,0.965
cs,token,200,2,0.5,0.503
cs,token,200,2,0.465,0.472
cs,pos,200,1,0.61,0.614
cs,pos,200,1,0.58,0.565
cs,pos_syl,200,2,0.99,0.99
cs,pos_syl,100,2,0.995,0.995
cs,pos,200,2,0.955,0.955
cs,pos,200,2,0.84,0.84
cs,syl,200,1,1,1
cs,syl,200,1,0.985,0.985
cs,token,1000,2,0.825,0.821
cs,syl,200,2,1,1
cs,pos,1000,1,0.915,0.915
cs,syl,200,2,1,1
cs,pos_syl,200,1,1,1
cs,token,300,1,0.935,0.935
cs,token,200,1,0.85,0.85
cs,pos_syl,200,1,1,1
cs,pos_syl,200,2,1,1
cs,pos_syl,200,2,1,1
cs,token,200,2,0.525,0.519
cs,pos,200,1,0.795,0.797
cs,token,300,2,0.655,0.647
cs,pos,300,1,0.9,0.901
cs,pos,1000,2,0.995,0.995
cs,syl,1000,1,1,1
cs,token,300,1,0.925,0.925
cs,pos,200,2,0.9,0.9
cs,syl,200,1,1,1
cs,token,300,1,0.89,0.889
cs,pos,300,2,0.955,0.954
cs,syl,300,1,1,1
cs,syl,200,2,1,1
cs,pos_syl,200,1,1,1
cs,syl,300,2,1,1
cs,pos_syl,300,1,1,1
cs,token,300,2,0.58,0.578
cs,syl,1000,2,1,1
cs,token,300,2,0.565,0.533
cs,pos,300,1,0.7,0.693
cs,pos_syl,200,2,1,1
cs,pos,300,1,0.66,0.66
cs,pos_syl,1000,1,1,1
cs,pos_syl,300,2,1,1
cs,pos,300,2,0.96,0.96
cs,pos,300,2,0.99,0.99
cs,syl,300,1,1,1
cs,syl,300,1,1,1
cs,token,300,1,0.95,0.95
cs,syl,300,2,1,1
cs,syl,300,2,1,1
cs,pos_syl,300,1,1,1
cs,pos_syl,300,1,0.995,0.995
cs,token,500,1,0.985,0.985
cs,pos_syl,1000,2,1,1
cs,token,300,2,0.515,0.515
cs,pos,300,1,0.83,0.826
cs,pos_syl,300,2,1,1
cs,pos_syl,300,2,1,1
cs,token,25,1,0.54,0.52
cs,pos,300,2,0.97,0.97
cs,syl,300,1,1,1
cs,token,25,2,0.28,0.196
cs,pos,25,1,0.36,0.356
cs,token,500,1,0.975,0.975
cs,token,500,2,0.61,0.609
cs,token,500,1,0.955,0.955
cs,syl,300,2,1,1
cs,pos,500,1,0.92,0.919
cs,pos,25,2,0.52,0.519
cs,pos_syl,300,1,1,1
cs,syl,25,1,0.82,0.822
cs,syl,25,2,0.905,0.905
cs,pos_syl,25,1,0.855,0.854
cs,pos_syl,300,2,1,1
cs,pos,500,2,0.99,0.99
cs,syl,500,1,1,1
cs,token,500,2,0.825,0.822
cs,pos,500,1,0.995,0.995
cs,token,500,2,0.745,0.738
cs,pos_syl,25,2,0.865,0.863
cs,pos,500,1,0.94,0.941
cs,syl,500,2,1,1
cs,token,500,1,0.93,0.93
cs,pos_syl,500,1,1,1
cs,token,50,1,0.475,0.464
cs,pos,500,2,0.98,0.98
cs,syl,500,1,1,1
cs,pos,500,2,0.985,0.985
cs,syl,500,1,1,1
cs,pos_syl,500,2,1,1
cs,token,50,2,0.29,0.263
cs,syl,500,2,1,1
cs,pos,50,1,0.365,0.365
cs,syl,500,2,1,1
cs,pos_syl,500,1,1,1
cs,token,500,2,0.795,0.793
cs,pos,500,1,0.805,0.799
cs,pos_syl,500,1,1,1
cs,pos,50,2,0.63,0.621
cs,syl,50,1,0.925,0.925
cs,syl,50,2,0.89,0.889
cs,token,750,1,1,1
cs,pos_syl,50,1,0.93,0.93
cs,pos,500,2,1,1
cs,pos_syl,500,2,1,1
cs,syl,500,1,1,1
cs,pos_syl,500,2,1,1
cs,pos_syl,50,2,0.905,0.905
cs,syl,500,2,1,1
cs,token,100,1,0.71,0.694
cs,pos_syl,500,1,1,1
cs,token,750,1,0.995,0.995
cs,token,750,1,0.99,0.99
cs,token,750,2,0.89,0.888
cs,token,100,2,0.35,0.343
cs,pos,750,1,0.91,0.91
cs,pos,100,1,0.57,0.561
cs,pos_syl,500,2,1,1
cs,pos,100,2,0.795,0.791
cs,syl,100,1,0.96,0.96
cs,syl,100,2,0.995,0.995
cs,pos_syl,100,1,0.985,0.985
cs,pos,750,2,1,1
cs,syl,750,1,1,1
cs,token,750,1,0.995,0.995
cs,token,750,2,0.89,0.889
cs,pos_syl,100,2,1,1
cs,token,750,2,0.91,0.909
cs,pos,750,1,0.99,0.99
cs,pos,750,1,0.95,0.95
cs,syl,750,2,1,1
cs,token,200,1,0.935,0.935
cs,pos_syl,750,1,1,1
cs,pos,750,2,1,1
cs,pos,750,2,1,1
cs,syl,750,1,1,1
cs,syl,750,1,1,1
cs,token,200,2,0.655,0.651
cs,pos,200,1,0.745,0.743
cs,token,750,2,0.83,0.827
cs,pos,750,1,1,1
cs,pos_syl,750,2,1,1
cs,syl,750,2,1,1
cs,pos,200,2,0.905,0.902
cs,syl,750,2,1,1
cs,syl,200,1,0.99,0.99
cs,pos_syl,750,1,1,1
cs,pos_syl,750,1,1,1
cs,syl,200,2,1,1
cs,pos_syl,200,1,1,1
cs,pos,750,2,1,1
cs,token,1000,1,1,1
cs,syl,750,1,1,1
cs,pos_syl,200,2,1,1
cs,pos_syl,750,2,1,1
cs,pos_syl,750,2,1,1
cs,syl,750,2,1,1
cs,token,300,1,0.94,0.94
cs,pos_syl,750,1,1,1
cs,token,1000,1,1,1
cs,token,1000,1,0.995,0.995
cs,token,300,2,0.55,0.536
cs,pos,300,1,0.855,0.855
cs,pos_syl,750,2,1,1
cs,token,1000,2,0.83,0.817
cs,pos,1000,1,0.96,0.96
cs,pos,300,2,0.93,0.93
cs,syl,300,1,1,1
cs,token,1000,1,1,1
cs,syl,300,2,1,1
cs,pos_syl,300,1,1,1
cs,token,1000,2,0.895,0.894
cs,pos,1000,1,1,1
cs,token,1000,2,0.87,0.869
cs,pos,1000,2,0.995,0.995
cs,pos,1000,1,0.945,0.945
cs,syl,1000,1,1,1
cs,pos_syl,300,2,1,1
cs,token,500,1,0.985,0.985
cs,pos,1000,2,1,1
cs,syl,1000,1,1,1
cs,syl,1000,2,1,1
cs,pos,1000,2,1,1
cs,syl,1000,1,1,1
cs,pos_syl,1000,1,1,1
cs,token,1000,2,0.915,0.915
cs,pos,1000,1,0.98,0.98
cs,syl,1000,2,1,1
cs,token,500,2,0.75,0.749
cs,pos,500,1,0.88,0.879
cs,pos_syl,1000,1,1,1
cs,syl,1000,2,1,1
cs,pos_syl,1000,2,1,1
cs,pos_syl,1000,1,1,1
cs,pos,1000,2,1,1
cs,syl,1000,1,1,1
cs,pos,500,2,0.96,0.96
cs,syl,500,1,1,1
cs,token,25,1,0.505,0.511
cs,token,25,2,0.37,0.371
cs,pos,25,1,0.5,0.493
cs,syl,500,2,1,1
cs,pos_syl,1000,2,1,1
cs,pos,25,2,0.61,0.592
cs,pos_syl,500,1,1,1
cs,syl,25,1,0.725,0.723
cs,pos_syl,1000,2,1,1
cs,syl,25,2,0.88,0.88
cs,syl,1000,2,1,1
cs,pos_syl,25,1,0.825,0.825
cs,pos_syl,1000,1,1,1
cs,token,25,1,0.395,0.382
cs,pos_syl,500,2,1,1
cs,token,25,2,0.425,0.394
cs,pos,25,1,0.28,0.282
cs,pos_syl,25,2,0.985,0.985
cs,token,25,1,0.41,0.398
cs,pos,25,2,0.49,0.493
cs,syl,25,1,0.675,0.674
cs,syl,25,2,0.86,0.86
cs,token,25,2,0.25,0.177
cs,pos_syl,1000,2,1,1
cs,pos_syl,25,1,0.73,0.729
cs,pos,25,1,0.205,0.201
cs,token,750,1,0.98,0.98
cs,token,50,1,0.58,0.564
cs,pos,25,2,0.445,0.438
cs,syl,25,1,0.825,0.828
cs,syl,25,2,0.9,0.9
cs,token,50,2,0.25,0.248
cs,pos_syl,25,1,0.72,0.723
cs,pos,50,1,0.4,0.382
cs,pos_syl,25,2,0.96,0.96
cs,pos,50,2,0.51,0.502
cs,syl,50,1,0.97,0.97
cs,syl,50,2,0.96,0.96
cs,pos_syl,50,1,0.955,0.955
cs,token,50,1,0.55,0.556
cs,pos_syl,25,2,0.875,0.873
cs,token,25,1,0.55,0.544
cs,pos_syl,50,2,0.915,0.915
cs,token,750,2,0.89,0.888
cs,token,50,2,0.255,0.223
cs,token,25,2,0.285,NaN
cs,pos,50,1,0.42,0.416
cs,pos,750,1,0.98,0.98
cs,pos,25,1,0.435,0.425
cs,token,50,1,0.625,0.614
cs,pos,50,2,0.625,0.626
cs,pos,25,2,0.555,0.548
cs,syl,50,1,0.915,0.915
cs,token,100,1,0.76,0.756
cs,syl,25,1,0.85,0.853
cs,syl,25,2,0.93,0.93
cs,syl,50,2,1,1
cs,token,50,2,0.47,0.465
cs,pos_syl,25,1,0.76,0.759
cs,pos_syl,50,1,0.89,0.891
cs,pos,50,1,0.575,0.562
cs,token,100,2,0.6,0.584
cs,pos,750,2,1,1
cs,pos,50,2,0.685,0.685
cs,pos,100,1,0.635,0.627
cs,syl,750,1,1,1
cs,pos_syl,50,2,0.97,0.97
cs,syl,50,1,0.945,0.945
cs,syl,50,2,0.97,0.97
cs,pos_syl,50,1,0.94,0.94
cs,pos,100,2,0.79,0.788
cs,syl,100,1,0.98,0.98
cs,pos_syl,25,2,0.905,0.905
cs,token,100,1,0.74,0.733
cs,syl,100,2,0.995,0.995
cs,pos_syl,50,2,0.895,0.895
cs,pos_syl,100,1,0.98,0.98
cs,syl,750,2,1,1
cs,pos_syl,750,1,1,1
cs,token,50,1,0.57,0.561
cs,token,100,2,0.465,0.454
cs,pos_syl,100,2,1,1
cs,pos,100,1,0.53,0.53
cs,token,100,1,0.73,0.723
cs,token,50,2,0.365,0.373
cs,pos,100,2,0.71,0.709
cs,pos,50,1,0.33,0.321
cs,syl,100,1,0.895,0.894
cs,token,200,1,0.97,0.97
cs,syl,100,2,1,1
cs,token,100,2,0.28,0.274
cs,pos,50,2,0.75,0.748
cs,pos,100,1,0.715,0.707
cs,syl,50,1,0.905,0.905
cs,pos_syl,750,2,1,1
cs,pos_syl,100,1,0.94,0.94
cs,syl,50,2,0.98,0.98
cs,pos_syl,50,1,0.855,0.854
cs,pos,100,2,0.87,0.867
cs,syl,100,1,0.975,0.975
cs,pos_syl,100,2,0.995,0.995
cs,syl,100,2,0.985,0.985
cs,token,200,2,0.68,0.673
cs,pos,200,1,0.75,0.746
cs,pos_syl,50,2,0.925,0.925
cs,pos_syl,100,1,0.99,0.99
cs,token,1000,1,1,1
cs,token,200,1,0.92,0.92
cs,pos,200,2,0.95,0.951
cs,pos_syl,100,2,0.995,0.995
cs,syl,200,1,1,1
cs,token,100,1,0.84,0.836
cs,syl,200,2,1,1
cs,pos_syl,200,1,0.995,0.995
cs,token,200,1,0.92,0.919
cs,token,200,2,0.525,0.526
cs,token,100,2,0.435,0.441
cs,pos,200,1,0.8,0.8
cs,pos,100,1,0.525,0.522
cs,pos_syl,200,2,1,1
cs,pos,100,2,0.795,0.79
cs,syl,100,1,0.955,0.955
cs,pos,200,2,0.915,0.915
cs,syl,200,1,1,1
cs,token,200,2,0.48,0.475
cs,syl,100,2,1,1
cs,pos,200,1,0.77,0.764
cs,pos_syl,100,1,0.96,0.96
cs,syl,200,2,0.995,0.995
cs,token,300,1,0.98,0.98
cs,pos_syl,200,1,1,1
cs,token,1000,2,0.9,0.898
cs,pos,200,2,0.86,0.86
cs,pos,1000,1,0.975,0.975
cs,pos_syl,100,2,1,1
cs,syl,200,1,0.98,0.98
cs,pos_syl,200,2,1,1
cs,syl,200,2,1,1
cs,pos_syl,200,1,1,1
cs,token,200,1,0.92,0.92
cs,token,300,2,0.72,0.715
cs,pos,300,1,0.93,0.93
cs,token,300,1,0.92,0.92
cs,pos_syl,200,2,1,1
cs,pos,1000,2,1,1
cs,pos,300,2,0.975,0.975
cs,syl,1000,1,1,1
cs,syl,300,1,1,1
cs,token,200,2,0.555,0.554
cs,pos,200,1,0.67,0.655
cs,token,300,1,0.91,0.91
cs,syl,300,2,1,1
cs,token,300,2,0.49,0.499
cs,pos_syl,300,1,1,1
cs,pos,200,2,0.87,0.869
cs,pos,300,1,0.78,0.779
cs,syl,200,1,1,1
cs,syl,200,2,1,1
cs,pos_syl,200,1,1,1
cs,syl,1000,2,1,1
cs,pos,300,2,0.985,0.985
cs,syl,300,1,1,1
cs,pos_syl,300,2,1,1
cs,token,300,2,0.625,0.609
cs,pos_syl,1000,1,1,1
cs,pos,300,1,0.85,0.845
cs,syl,300,2,1,1
cs,pos_syl,200,2,1,1
cs,pos_syl,300,1,1,1
cs,pos,300,2,0.995,0.995
cs,token,500,1,0.96,0.959
cs,syl,300,1,1,1
cs,token,300,1,0.88,0.876
cs,syl,300,2,1,1
cs,pos_syl,300,2,0.99,0.99
cs,pos_syl,300,1,1,1
cs,pos_syl,1000,2,1,1
cs,pos_syl,300,2,1,1
cs,token,500,1,0.975,0.975
cs,token,300,2,0.55,0.555
cs,token,25,1,0.38,0.383
cs,pos,300,1,0.75,0.747
cs,token,500,2,0.79,0.787
cs,pos,500,1,0.865,0.866
cs,token,25,2,0.33,0.288
cs,pos,25,1,0.535,0.525
cs,pos,300,2,0.99,0.99
cs,token,500,1,0.95,0.949
cs,syl,300,1,1,1
cs,pos,25,2,0.47,0.465
cs,syl,25,1,0.775,0.777
cs,pos,500,2,1,1
cs,syl,500,1,1,1
cs,syl,25,2,0.97,0.97
cs,syl,300,2,1,1
cs,pos_syl,25,1,0.76,0.762
cs,pos_syl,300,1,1,1
cs,token,500,2,0.73,0.706
cs,pos,500,1,0.84,0.84
cs,syl,500,2,1,1
cs,pos_syl,500,1,1,1
cs,pos_syl,300,2,1,1
cs,token,500,2,0.74,0.741
cs,pos,500,1,0.875,0.871
cs,pos_syl,25,2,0.93,0.929
cs,pos,500,2,1,1
cs,syl,500,1,1,1
cs,pos_syl,500,2,1,1
cs,token,500,1,0.97,0.97
cs,token,50,1,0.565,0.557
cs,pos,500,2,0.97,0.97
cs,syl,500,2,1,1
cs,syl,500,1,1,1
cs,pos_syl,500,1,1,1
cs,token,50,2,0.395,0.392
cs,token,750,1,0.995,0.995
cs,pos,50,1,0.475,0.465
cs,syl,500,2,1,1
cs,pos_syl,500,1,1,1
cs,pos,50,2,0.735,0.737
cs,pos_syl,500,2,1,1
cs,syl,50,1,0.89,0.89
cs,syl,50,2,0.905,0.905
cs,token,500,2,0.795,0.791
cs,pos_syl,50,1,0.91,0.91
cs,pos,500,1,0.92,0.92
cs,pos_syl,500,2,1,1
cs,pos_syl,50,2,0.925,0.925
cs,token,750,1,0.985,0.985
cs,pos,500,2,1,1
cs,syl,500,1,1,1
cs,token,100,1,0.785,0.777
cs,token,750,2,0.865,0.857
cs,token,750,1,1,1
cs,pos,750,1,0.93,0.929
cs,syl,500,2,1,1
cs,pos_syl,500,1,1,1
cs,token,100,2,0.36,0.366
cs,pos,100,1,0.65,0.654
cs,pos,100,2,0.87,0.867
cs,syl,100,1,0.935,0.935
cs,pos,750,2,1,1
cs,token,750,2,0.845,0.843
cs,syl,750,1,1,1
cs,pos,750,1,0.86,0.86
cs,syl,100,2,0.98,0.98
cs,pos_syl,500,2,1,1
cs,pos_syl,100,1,0.975,0.975
cs,token,750,2,0.9,0.898
cs,pos_syl,100,2,0.995,0.995
cs,pos,750,1,0.925,0.925
cs,syl,750,2,1,1
cs,token,750,1,0.995,0.995
cs,pos_syl,750,1,1,1
cs,pos,750,2,0.98,0.98
cs,syl,750,1,1,1
cs,token,200,1,0.805,0.803
cs,pos,750,2,1,1
cs,syl,750,1,1,1
cs,syl,750,2,1,1
cs,pos_syl,750,2,1,1
cs,pos_syl,750,1,1,1
cs,token,200,2,0.585,0.586
cs,pos,200,1,0.72,0.717
cs,syl,750,2,1,1
cs,pos,200,2,0.89,0.891
cs,token,750,2,0.805,0.802
cs,pos_syl,750,1,1,1
cs,syl,200,1,1,1
cs,pos,750,1,0.985,0.985
cs,token,1000,1,0.985,0.985
cs,syl,200,2,1,1
cs,pos_syl,200,1,1,1
cs,pos_syl,750,2,1,1
cs,pos_syl,200,2,1,1
cs,pos,750,2,1,1
cs,pos_syl,750,2,1,1
cs,syl,750,1,1,1
cs,token,1000,1,1,1
cs,token,300,1,0.91,0.909
cs,syl,750,2,1,1
cs,token,1000,1,0.995,0.995
cs,pos_syl,750,1,1,1
cs,token,1000,2,0.955,0.955
cs,pos,1000,1,0.955,0.955
cs,token,300,2,0.53,0.524
cs,pos,300,1,0.875,0.876
cs,pos,300,2,0.98,0.98
cs,syl,300,1,1,1
cs,pos_syl,750,2,1,1
cs,syl,300,2,1,1
cs,pos,1000,2,0.99,0.99
cs,token,1000,2,0.845,0.842
cs,pos_syl,300,1,1,1
cs,syl,1000,1,1,1
cs,pos,1000,1,0.975,0.975
cs,token,1000,1,0.995,0.995
cs,token,1000,2,0.87,0.868
cs,pos,1000,1,0.98,0.98
cs,pos_syl,300,2,1,1
cs,syl,1000,2,1,1
cs,pos_syl,1000,1,1,1
cs,pos,1000,2,1,1
cs,syl,1000,1,1,1
cs,token,500,1,0.995,0.995
cs,pos,1000,2,1,1
cs,syl,1000,1,1,1
cs,syl,1000,2,1,1
cs,pos_syl,1000,1,1,1
cs,pos_syl,1000,2,1,1
cs,token,1000,2,0.885,0.881
cs,token,500,2,0.74,0.736
cs,pos,1000,1,0.855,0.854
cs,pos,500,1,0.96,0.96
cs,syl,1000,2,1,1
cs,token,25,1,0.495,0.487
cs,pos_syl,1000,1,1,1
cs,token,25,2,0.32,0.317
cs,pos,25,1,0.54,0.531
cs,pos,500,2,1,1
cs,syl,500,1,1,1
cs,pos_syl,1000,2,1,1
cs,pos,25,2,0.545,0.547
cs,syl,25,1,0.73,0.722
cs,syl,25,2,0.92,0.92
cs,pos,1000,2,1,1
cs,syl,1000,1,1,1
cs,pos_syl,25,1,0.79,0.787
cs,syl,500,2,1,1
cs,pos_syl,500,1,1,1
cs,pos_syl,1000,2,1,1
cs,token,25,1,0.49,0.487
cs,token,25,2,0.29,0.222
cs,pos,25,1,0.31,0.301
cs,syl,1000,2,1,1
cs,pos_syl,500,2,1,1
cs,pos,25,2,0.6,0.597
cs,pos_syl,25,2,0.815,0.814
cs,syl,25,1,0.875,0.876
cs,token,25,1,0.39,0.392
cs,pos_syl,1000,1,1,1
cs,syl,25,2,0.91,0.91
cs,pos_syl,25,1,0.73,0.73
cs,token,25,2,0.375,0.357
cs,pos,25,1,0.265,0.265
cs,token,50,1,0.59,0.581
cs,token,750,1,1,1
cs,pos,25,2,0.375,0.361
cs,syl,25,1,0.75,0.75
cs,syl,25,2,0.895,0.894
cs,pos_syl,25,1,0.765,0.764
cs,token,50,2,0.42,0.395
cs,pos,50,1,0.495,0.49
cs,pos_syl,25,2,0.89,0.89
cs,pos_syl,1000,2,1,1
cs,pos,50,2,0.7,0.696
cs,syl,50,1,0.91,0.91
cs,syl,50,2,0.99,0.99
cs,token,50,1,0.59,0.572
cs,pos_syl,50,1,0.94,0.94
cs,token,25,1,0.445,0.44
cs,pos_syl,25,2,0.905,0.904
cs,token,50,2,0.255,0.228
cs,token,25,2,0.325,0.257
cs,pos_syl,50,2,0.95,0.95
cs,pos,50,1,0.475,0.467
cs,pos,25,1,0.29,0.291
cs,token,750,2,0.915,0.915
cs,pos,750,1,0.96,0.96
cs,token,50,1,0.495,0.49
cs,pos,50,2,0.68,0.676
cs,pos,25,2,0.435,0.432
cs,syl,50,1,0.835,0.837
cs,syl,25,1,0.735,0.733
cs,syl,50,2,0.98,0.98
cs,syl,25,2,0.83,0.83
cs,token,100,1,0.835,0.832
cs,pos_syl,50,1,0.9,0.9
cs,pos_syl,25,1,0.845,0.843
cs,token,50,2,0.6,0.599
cs,pos,50,1,0.615,0.612
cs,pos_syl,50,2,0.99,0.99
cs,token,100,2,0.42,0.419
cs,pos,750,2,1,1
cs,pos,50,2,0.5,0.492
cs,syl,750,1,1,1
cs,pos,100,1,0.645,0.641
cs,syl,50,1,0.925,0.925
cs,syl,50,2,0.955,0.955
cs,pos_syl,50,1,0.975,0.975
cs,pos,100,2,0.845,0.839
cs,token,100,1,0.76,0.76
cs,syl,100,1,0.955,0.955
cs,pos_syl,25,2,0.87,0.869
cs,syl,100,2,1,1
cs,pos_syl,50,2,0.965,0.965
cs,pos_syl,100,1,0.955,0.955
cs,syl,750,2,1,1
cs,pos_syl,750,1,1,1
cs,token,100,2,0.385,0.384
cs,pos,100,1,0.515,0.502
cs,token,50,1,0.66,0.653
cs,pos_syl,100,2,0.995,0.995
cs,token,100,1,0.835,0.825
cs,pos,100,2,0.825,0.821
cs,syl,100,1,0.97,0.97
cs,syl,100,2,0.965,0.965
cs,token,50,2,0.39,0.381
cs,pos,50,1,0.33,0.317
cs,pos_syl,100,1,0.955,0.955
cs,token,200,1,0.94,0.939
cs,token,100,2,0.355,0.361
cs,pos_syl,750,2,1,1
cs,pos,50,2,0.65,0.647
cs,pos,100,1,0.56,0.549
cs,syl,50,1,0.88,0.879
cs,pos_syl,100,2,0.995,0.995
cs,syl,50,2,0.99,0.99
cs,pos,100,2,0.77,0.769
cs,pos_syl,50,1,0.885,0.885
cs,syl,100,1,0.965,0.965
cs,token,200,2,0.56,0.562
cs,syl,100,2,0.98,0.98
cs,pos,200,1,0.59,0.593
cs,pos_syl,100,1,0.985,0.985
cs,token,200,1,0.92,0.919
cs,pos_syl,50,2,0.92,0.92
cs,token,1000,1,0.99,0.99
cs,pos,200,2,0.92,0.919
cs,syl,200,1,1,1
cs,pos_syl,100,2,0.995,0.995
cs,syl,200,2,1,1
cs,token,100,1,0.71,0.705
cs,pos_syl,200,1,1,1
cs,token,200,2,0.525,0.516
cs,pos,200,1,0.7,0.69
cs,token,200,1,0.93,0.929
cs,token,100,2,0.42,0.426
cs,pos_syl,200,2,1,1
cs,pos,200,2,0.93,0.929
cs,pos,100,1,0.58,0.576
cs,syl,200,1,1,1
cs,syl,200,2,1,1
cs,pos,100,2,0.745,0.746
cs,token,200,2,0.53,0.523
cs,syl,100,1,0.95,0.95
cs,pos_syl,200,1,1,1
cs,pos,200,1,0.69,0.686
cs,token,300,1,0.94,0.938
cs,syl,100,2,0.995,0.995
cs,pos_syl,100,1,0.935,0.934
cs,pos,200,2,0.96,0.96
cs,syl,200,1,1,1
cs,token,1000,2,0.935,0.935
cs,pos_syl,200,2,0.995,0.995
cs,pos,1000,1,1,1
cs,pos_syl,100,2,0.995,0.995
cs,syl,200,2,1,1
cs,pos_syl,200,1,1,1
cs,token,300,2,0.595,0.589
cs,pos,300,1,0.81,0.808
cs,token,300,1,0.95,0.95
cs,token,200,1,0.95,0.95
cs,pos_syl,200,2,1,1
cs,pos,300,2,0.96,0.96
cs,syl,300,1,1,1
cs,pos,1000,2,1,1
cs,syl,1000,1,1,1
cs,token,200,2,0.69,0.665
cs,syl,300,2,1,1
cs,token,300,1,0.925,0.925
cs,pos,200,1,0.675,0.671
cs,token,300,2,0.535,0.516
cs,pos_syl,300,1,1,1
cs,pos,300,1,0.76,0.756
cs,pos,200,2,0.88,0.879
cs,syl,200,1,1,1
cs,pos,300,2,0.975,0.975
cs,syl,300,1,1,1
cs,pos_syl,300,2,1,1
cs,syl,200,2,1,1
cs,syl,1000,2,1,1
cs,token,300,2,0.515,0.507
cs,pos_syl,200,1,1,1
cs,pos,300,1,0.66,0.658
cs,pos_syl,1000,1,1,1
cs,syl,300,2,1,1
cs,pos_syl,300,1,1,1
cs,pos_syl,200,2,1,1
cs,pos,300,2,0.91,0.909
cs,token,500,1,0.96,0.96
cs,syl,300,1,1,1
cs,pos_syl,300,2,1,1
cs,syl,300,2,1,1
cs,pos_syl,300,1,1,1
cs,token,300,1,0.975,0.975
cs,pos_syl,1000,2,1,1
cs,token,500,1,1,1
cs,pos_syl,300,2,1,1
cs,token,500,2,0.63,0.618
cs,pos,500,1,0.94,0.94
cs,token,25,1,0.44,0.419
cs,token,300,2,0.58,0.585
cs,pos,300,1,0.83,0.832
cs,token,25,2,0.31,0.295
cs,pos,25,1,0.505,0.504
cs,token,500,1,0.995,0.995
cs,pos,25,2,0.64,0.635
cs,pos,500,2,0.985,0.985
cs,syl,25,1,0.845,0.845
cs,pos,300,2,0.96,0.96
cs,syl,500,1,1,1
cs,syl,300,1,1,1
cs,syl,25,2,0.9,0.9
cs,token,500,2,0.635,0.634
cs,pos,500,1,0.945,0.945
cs,pos_syl,25,1,0.875,0.874
cs,syl,300,2,1,1
cs,syl,500,2,1,1
cs,pos_syl,300,1,1,1
cs,pos_syl,500,1,1,1
cs,pos,500,2,1,1
cs,syl,500,1,1,1
cs,token,500,2,0.7,0.687
cs,pos_syl,25,2,0.88,0.879
cs,pos,500,1,0.985,0.985
cs,pos_syl,300,2,1,1
cs,syl,500,2,1,1
cs,pos_syl,500,2,1,1
cs,token,50,1,0.505,0.508
cs,pos_syl,500,1,1,1
cs,pos,500,2,1,1
cs,syl,500,1,1,1
cs,token,500,1,0.945,0.945
cs,token,50,2,0.335,0.331
cs,pos,50,1,0.555,0.542
cs,token,750,1,1,1
cs,pos_syl,500,2,1,1
cs,syl,500,2,1,1
cs,pos,50,2,0.56,0.553
cs,pos_syl,500,1,1,1
cs,syl,50,1,0.93,0.93
cs,syl,50,2,1,1
cs,pos_syl,50,1,0.92,0.92
cs,token,500,2,0.69,0.683
cs,token,750,1,0.995,0.995
cs,pos,500,1,0.93,0.929
cs,pos_syl,50,2,0.965,0.965
cs,pos_syl,500,2,1,1
cs,pos,500,2,1,1
cs,token,100,1,0.72,0.71
cs,syl,500,1,1,1
cs,token,750,2,0.84,0.838
cs,pos,750,1,0.96,0.96
cs,token,750,1,0.99,0.99
cs,syl,500,2,1,1
cs,token,100,2,0.45,0.447
cs,pos,100,1,0.605,0.605
cs,pos_syl,500,1,1,1
cs,token,750,2,0.785,0.783
cs,pos,100,2,0.795,0.795
cs,pos,750,1,0.905,0.904
cs,syl,100,1,0.97,0.97
cs,pos,750,2,1,1
cs,syl,750,1,1,1
cs,syl,100,2,1,1
cs,pos_syl,100,1,0.97,0.97
cs,pos_syl,500,2,1,1
cs,pos_syl,100,2,0.96,0.96
cs,token,750,2,0.79,0.788
cs,pos,750,2,1,1
cs,syl,750,2,1,1
cs,pos,750,1,0.98,0.98
cs,syl,750,1,1,1
cs,pos_syl,750,1,1,1
cs,token,750,1,0.99,0.99
cs,token,200,1,0.89,0.888
cs,syl,750,2,1,1
cs,pos_syl,750,1,1,1
cs,pos,750,2,1,1
cs,syl,750,1,1,1
cs,pos_syl,750,2,1,1
cs,token,200,2,0.63,0.618
cs,pos,200,1,0.74,0.739
cs,pos,200,2,0.915,0.915
cs,syl,750,2,1,1
cs,syl,200,1,1,1
cs,token,750,2,0.735,0.726
cs,pos_syl,750,2,1,1
cs,pos_syl,750,1,1,1
cs,token,1000,1,1,1
cs,pos,750,1,0.925,0.925
cs,syl,200,2,1,1
cs,pos_syl,200,1,0.985,0.985
cs,token,1000,1,1,1
cs,pos_syl,200,2,0.995,0.995
cs,pos,750,2,0.995,0.995
cs,pos_syl,750,2,1,1
cs,syl,750,1,1,1
cs,token,300,1,0.955,0.955
cs,syl,750,2,1,1
cs,token,1000,1,1,1
cs,pos_syl,750,1,1,1
cs,token,1000,2,0.91,0.907
cs,pos,1000,1,0.975,0.975
cs,token,300,2,0.6,0.601
cs,pos,300,1,0.805,0.805
cs,pos_syl,750,2,1,1
cs,token,1000,2,0.825,0.821
cs,pos,1000,1,1,1
cs,pos,300,2,0.985,0.985
cs,syl,300,1,1,1
cs,pos,1000,2,1,1
cs,syl,300,2,1,1
cs,syl,1000,1,1,1
cs,pos_syl,300,1,1,1
cs,token,1000,1,1,1
cs,token,1000,2,0.855,0.853
cs,pos,1000,1,0.95,0.949
cs,pos,1000,2,1,1
cs,syl,1000,1,1,1
cs,pos_syl,300,2,1,1
cs,syl,1000,2,1,1
cs,pos_syl,1000,1,1,1
cs,token,500,1,0.985,0.985
cs,pos,1000,2,1,1
cs,syl,1000,2,1,1
cs,syl,1000,1,1,1
cs,pos_syl,1000,1,1,1
cs,token,1000,2,0.955,0.955
cs,pos,1000,1,0.965,0.965
cs,pos_syl,1000,2,1,1
cs,syl,1000,2,1,1
cs,token,500,2,0.74,0.736
cs,pos_syl,1000,1,1,1
cs,pos,500,1,0.905,0.906
cs,token,25,1,0.455,0.442
cs,pos_syl,1000,2,1,1
cs,token,25,2,0.315,0.264
cs,pos,25,1,0.355,0.354
cs,pos,500,2,0.98,0.98
cs,pos,1000,2,1,1
cs,syl,500,1,1,1
cs,syl,1000,1,1,1
cs,token,25,1,0.235,0.225
cs,pos,25,2,0.465,0.473
cs,syl,25,1,0.8,0.8
cs,syl,25,2,0.82,0.82
cs,token,25,2,0.33,0.253
cs,pos_syl,25,1,0.78,0.777
cs,pos,25,1,0.245,0.239
cs,syl,500,2,1,1
cs,pos_syl,1000,2,1,1
cs,pos_syl,500,1,1,1
cs,pos,25,2,0.48,0.477
cs,syl,25,1,0.72,0.72
cs,syl,25,2,0.905,0.903
cs,syl,1000,2,1,1
cs,pos_syl,25,1,0.715,0.713
cs,pos_syl,1000,1,1,1
cs,pos_syl,25,2,0.87,0.868
cs,pos_syl,500,2,1,1
cs,token,50,1,0.68,0.672
cs,pos_syl,25,2,0.86,0.86
cs,token,25,1,0.37,0.362
cs,token,750,1,0.98,0.98
cs,token,25,2,0.36,0.354
cs,pos_syl,1000,2,1,1
cs,token,50,2,0.32,0.319
cs,pos,25,1,0.385,0.387
cs,pos,50,1,0.545,0.534
cs,token,50,1,0.655,0.656
cs,pos,25,2,0.475,0.481
cs,syl,25,1,0.72,0.718
cs,pos,50,2,0.665,0.66
cs,syl,50,1,0.975,0.975
cs,syl,25,2,0.8,0.8
cs,syl,50,2,1,1
cs,pos_syl,25,1,0.75,0.748
cs,pos_syl,50,1,0.94,0.939
cs,token,50,2,0.225,0.22
cs,pos,50,1,0.495,0.49
cs,pos_syl,50,2,0.975,0.975
cs,pos,50,2,0.605,0.601
cs,syl,50,1,0.9,0.9
cs,syl,50,2,0.985,0.985
cs,pos_syl,25,2,0.975,0.975
cs,token,750,2,0.77,0.767
cs,token,25,1,0.49,0.464
cs,pos_syl,50,1,0.92,0.92
cs,pos,750,1,0.93,0.93
cs,token,100,1,0.69,0.68
cs,token,25,2,0.18,0.184
cs,pos,25,1,0.315,0.309
cs,pos_syl,50,2,0.995,0.995
cs,token,50,1,0.605,0.595
cs,pos,25,2,0.44,0.438
cs,token,100,2,0.385,0.378
cs,pos,100,1,0.515,0.511
cs,syl,25,1,0.89,0.888
cs,syl,25,2,0.945,0.945
cs,token,50,2,0.295,0.29
cs,pos,750,2,1,1
cs,pos_syl,25,1,0.915,0.915
cs,pos,50,1,0.47,0.47
cs,pos,100,2,0.755,0.753
cs,token,100,1,0.745,0.726
cs,syl,750,1,1,1
cs,syl,100,1,0.985,0.985
cs,pos,50,2,0.505,0.499
cs,syl,100,2,1,1
cs,syl,50,1,0.905,0.905
cs,pos_syl,100,1,0.95,0.95
cs,syl,50,2,0.975,0.975
cs,token,100,2,0.45,0.436
cs,pos_syl,50,1,0.88,0.88
cs,pos,100,1,0.76,0.753
cs,pos_syl,25,2,0.96,0.96
cs,syl,750,2,1,1
cs,pos_syl,100,2,0.995,0.995
cs,pos,100,2,0.895,0.894
cs,pos_syl,750,1,1,1
cs,pos_syl,50,2,0.965,0.965
cs,syl,100,1,0.955,0.955
cs,syl,100,2,0.985,0.985
cs,token,50,1,0.695,0.687
cs,pos_syl,100,1,0.995,0.995
cs,token,200,1,0.95,0.949
cs,token,100,1,0.68,0.665
cs,pos_syl,100,2,0.99,0.99
cs,token,50,2,0.3,0.293
cs,pos,50,1,0.435,0.431
cs,pos_syl,750,2,1,1
cs,token,100,2,0.37,0.357
cs,token,200,2,0.535,0.508
cs,pos,50,2,0.575,0.568
cs,pos,100,1,0.55,0.55
cs,syl,50,1,0.845,0.844
cs,pos,200,1,0.84,0.84
cs,token,200,1,0.845,0.845
cs,syl,50,2,0.94,0.94
cs,pos_syl,50,1,0.935,0.935
cs,pos,100,2,0.765,0.763
cs,syl,100,1,0.94,0.94
cs,pos,200,2,0.935,0.934
cs,syl,200,1,1,1
cs,syl,100,2,1,1
cs,pos_syl,100,1,0.965,0.965
cs,pos_syl,50,2,0.955,0.955
cs,token,1000,1,1,1
cs,syl,200,2,1,1
cs,token,200,2,0.475,0.473
cs,pos_syl,200,1,1,1
cs,pos,200,1,0.84,0.84
cs,pos_syl,100,2,0.985,0.985
cs,token,100,1,0.775,0.764
cs,pos,200,2,0.83,0.829
cs,pos_syl,200,2,1,1
cs,syl,200,1,1,1
cs,token,200,1,0.905,0.905
cs,syl,200,2,1,1
cs,token,100,2,0.4,0.402
cs,pos_syl,200,1,1,1
cs,pos,100,1,0.535,0.523
cs,token,300,1,0.875,0.875
cs,pos,100,2,0.835,0.833
cs,syl,100,1,0.98,0.98
cs,pos_syl,200,2,1,1
cs,token,200,2,0.545,0.541
cs,syl,100,2,1,1
cs,pos,200,1,0.775,0.78
cs,pos_syl,100,1,0.965,0.965
cs,pos,200,2,0.965,0.965
cs,token,300,2,0.575,0.577
cs,syl,200,1,1,1
cs,token,1000,2,0.79,0.781
cs,pos_syl,100,2,0.99,0.99
cs,token,300,1,0.93,0.93
cs,pos,300,1,0.855,0.856
cs,pos,1000,1,0.96,0.96
cs,syl,200,2,0.99,0.99
cs,pos_syl,200,1,0.995,0.995
cs,pos,300,2,0.935,0.935
cs,token,200,1,0.88,0.88
cs,syl,300,1,1,1
cs,pos_syl,200,2,0.99,0.99
cs,token,300,2,0.485,0.488
cs,syl,300,2,1,1
cs,pos,300,1,0.905,0.905
cs,pos_syl,300,1,1,1
cs,pos,1000,2,1,1
cs,token,200,2,0.435,0.427
cs,syl,1000,1,1,1
cs,pos,200,1,0.705,0.695
cs,pos,300,2,0.915,0.916
cs,token,300,1,0.955,0.955
cs,syl,300,1,1,1
cs,pos_syl,300,2,1,1
cs,pos,200,2,0.725,0.724
cs,syl,200,1,1,1
cs,syl,300,2,1,1
cs,pos_syl,300,1,1,1
cs,syl,200,2,1,1
cs,pos_syl,200,1,1,1
cs,syl,1000,2,1,1
cs,token,500,1,0.95,0.95
cs,token,300,2,0.735,0.733
cs,pos_syl,1000,1,1,1
cs,pos,300,1,0.72,0.714
cs,pos_syl,300,2,1,1
cs,pos_syl,200,2,1,1
cs,pos,300,2,0.945,0.945
cs,syl,300,1,0.98,0.98
cs,syl,300,2,1,1
cs,token,300,1,0.905,0.905
cs,token,500,1,0.975,0.975
cs,pos_syl,300,1,1,1
cs,token,500,2,0.67,0.652
cs,pos,500,1,0.935,0.935
cs,pos_syl,1000,2,1,1
cs,pos_syl,300,2,1,1
cs,token,300,2,0.57,0.558
cs,pos,500,2,1,1
cs,pos,300,1,0.81,0.808
cs,token,25,1,0.36,0.344
cs,syl,500,1,1,1
cs,token,500,2,0.655,0.655
cs,pos,500,1,0.885,0.886
cs,token,25,2,0.305,0.227
cs,token,500,1,1,1
cs,pos,25,1,0.385,0.374
cs,pos,300,2,0.93,0.93
cs,syl,300,1,1,1
cs,syl,500,2,1,1
cs,pos,25,2,0.59,0.586
cs,pos_syl,500,1,1,1
cs,syl,25,1,0.725,0.722
cs,syl,25,2,0.94,0.94
cs,syl,300,2,1,1
cs,pos,500,2,0.985,0.985
cs,pos_syl,300,1,1,1
cs,pos_syl,25,1,0.8,0.801
cs,syl,500,1,1,1
cs,pos_syl,500,2,1,1
cs,token,500,2,0.805,0.801
cs,syl,500,2,1,1
cs,pos_syl,300,2,1,1
cs,pos,500,1,0.87,0.867
cs,pos_syl,500,1,1,1
cs,pos_syl,25,2,0.95,0.95
cs,token,750,1,1,1
cs,pos,500,2,0.96,0.96
cs,token,500,1,0.975,0.975
cs,syl,500,1,1,1
cs,pos_syl,500,2,1,1
cs,token,50,1,0.585,0.57
cs,syl,500,2,1,1
cs,pos_syl,500,1,1,1
cs,token,50,2,0.315,0.313
cs,pos,50,1,0.635,0.631
cs,token,750,1,1,1
cs,pos,50,2,0.675,0.674
cs,token,500,2,0.715,0.708
cs,syl,50,1,0.955,0.955
cs,pos,500,1,0.91,0.909
cs,syl,50,2,1,1
cs,pos_syl,500,2,1,1
cs,token,750,2,0.875,0.874
cs,pos_syl,50,1,0.905,0.903
cs,pos,750,1,0.91,0.909
cs,pos_syl,50,2,0.96,0.96
cs,pos,500,2,1,1
cs,syl,500,1,1,1
cs,token,750,1,1,1
cs,pos,750,2,1,1
cs,token,750,2,0.74,0.735
cs,syl,750,1,1,1
cs,token,100,1,0.825,0.817
cs,pos,750,1,0.925,0.925
cs,syl,500,2,1,1
cs,pos_syl,500,1,1,1
cs,token,100,2,0.435,0.449
cs,pos,100,1,0.69,0.689
cs,syl,750,2,1,1
cs,pos_syl,750,1,1,1
cs,pos,750,2,1,1
cs,pos,100,2,0.78,0.778
cs,syl,750,1,1,1
cs,pos_syl,500,2,1,1
cs,syl,100,1,0.96,0.96
cs,syl,100,2,1,1
cs,token,750,2,0.67,0.659
cs,pos_syl,100,1,0.96,0.96
cs,pos,750,1,0.915,0.914
cs,token,750,1,1,1
cs,syl,750,2,1,1
cs,pos_syl,100,2,1,1
cs,pos_syl,750,1,1,1
cs,pos_syl,750,2,1,1
cs,pos,750,2,1,1
cs,token,200,1,0.925,0.925
cs,syl,750,1,1,1
cs,token,1000,1,1,1
cs,pos_syl,750,2,1,1
cs,token,200,2,0.555,0.552
cs,pos,200,1,0.63,0.63
cs,syl,750,2,1,1
cs,token,750,2,0.885,0.884
cs,pos_syl,750,1,1,1
cs,pos,750,1,0.97,0.97
cs,pos,200,2,0.9,0.899
cs,syl,200,1,1,1
cs,token,1000,1,1,1
cs,syl,200,2,1,1
cs,pos_syl,200,1,1,1
cs,pos,750,2,1,1
cs,pos_syl,750,2,1,1
cs,syl,750,1,1,1
cs,pos_syl,200,2,0.995,0.995
cs,token,1000,2,0.885,0.881
cs,pos,1000,1,0.975,0.975
cs,token,300,1,0.83,0.829
cs,syl,750,2,1,1
cs,token,1000,1,1,1
cs,pos_syl,750,1,1,1
cs,token,1000,2,0.815,0.811
cs,pos,1000,1,0.995,0.995
cs,pos,1000,2,1,1
cs,token,300,2,0.595,0.589
cs,syl,1000,1,1,1
cs,pos,300,1,0.865,0.865
cs,pos_syl,750,2,1,1
cs,pos,300,2,0.93,0.929
cs,syl,300,1,1,1
cs,pos,1000,2,1,1
cs,syl,1000,1,1,1
cs,syl,1000,2,1,1
cs,syl,300,2,1,1
cs,pos_syl,1000,1,1,1
cs,token,1000,1,1,1
cs,pos_syl,300,1,1,1
cs,token,1000,2,0.87,0.87
cs,pos,1000,1,0.995,0.995
cs,syl,1000,2,1,1
cs,pos_syl,300,2,1,1
cs,pos_syl,1000,1,1,1
cs,pos_syl,1000,2,1,1
cs,pos,1000,2,1,1
cs,token,500,1,0.97,0.97
cs,syl,1000,1,1,1
cs,token,25,1,0.36,0.36
cs,token,25,2,0.125,0.12
cs,pos_syl,1000,2,1,1
cs,pos,25,1,0.425,0.424
cs,token,1000,2,0.93,0.929
cs,pos,1000,1,0.94,0.939
cs,syl,1000,2,1,1
cs,pos,25,2,0.435,0.437
cs,syl,25,1,0.895,0.895
cs,pos_syl,1000,1,1,1
cs,syl,25,2,0.88,0.879
cs,token,500,2,0.63,0.615
cs,pos_syl,25,1,0.85,0.849
cs,pos,500,1,0.905,0.903
cs,token,25,1,0.53,0.53
cs,token,25,2,0.265,0.259
cs,pos,25,1,0.5,0.501
cs,pos,1000,2,0.995,0.995
cs,syl,1000,1,1,1
cs,pos,500,2,0.975,0.975
cs,pos,25,2,0.49,0.486
cs,syl,500,1,1,1
cs,syl,25,1,0.89,0.887
cs,pos_syl,25,2,0.875,0.874
cs,syl,25,2,0.945,0.945
cs,pos_syl,1000,2,1,1
cs,pos_syl,25,1,0.8,0.797
cs,syl,500,2,1,1
cs,token,50,1,0.705,0.705
cs,pos_syl,500,1,1,1
cs,syl,1000,2,1,1
cs,pos_syl,1000,1,1,1
cs,token,50,2,0.385,0.382
cs,pos_syl,25,2,0.945,0.945
cs,pos,50,1,0.475,0.47
cs,token,25,1,0.445,0.433
cs,pos_syl,500,2,1,1
cs,pos,50,2,0.625,0.622
cs,syl,50,1,0.9,0.9
cs,token,25,2,0.155,0.147
cs,token,50,1,0.525,0.511
cs,syl,50,2,0.97,0.97
cs,pos,25,1,0.35,0.333
cs,pos_syl,50,1,0.885,0.884
cs,pos,25,2,0.47,0.448
cs,syl,25,1,0.82,0.822
cs,syl,25,2,0.88,0.879
cs,token,50,2,0.3,0.317
cs,pos_syl,1000,2,1,1
cs,token,750,1,0.995,0.995
cs,pos,50,1,0.69,0.688
cs,pos_syl,50,2,0.955,0.955
cs,pos_syl,25,1,0.83,0.83
cs,pos,50,2,0.765,0.766
cs,syl,50,1,0.955,0.955
cs,syl,50,2,0.94,0.94
cs,token,100,1,0.67,0.664
cs,pos_syl,50,1,0.945,0.945
cs,pos_syl,25,2,0.905,0.904
cs,pos_syl,50,2,0.96,0.96
cs,token,100,2,0.395,0.384
cs,pos,100,1,0.55,0.531
cs,token,50,1,0.49,0.467
cs,pos,100,2,0.7,0.696
cs,token,25,1,0.495,0.488
cs,syl,100,1,0.88,0.879
cs,token,100,1,0.775,0.774
cs,token,750,2,0.845,0.841
cs,pos,750,1,0.97,0.97
cs,syl,100,2,1,1
cs,token,25,2,0.255,0.241
cs,pos_syl,100,1,0.99,0.99
cs,pos,25,1,0.35,0.338
cs,token,50,2,0.365,0.352
cs,pos,50,1,0.495,0.49
cs,token,100,2,0.445,0.445
cs,pos,25,2,0.575,0.575
cs,pos,100,1,0.67,0.664
cs,syl,25,1,0.855,0.855
cs,pos,50,2,0.59,0.573
cs,pos_syl,100,2,0.995,0.995
cs,syl,25,2,0.92,0.919
cs,syl,50,1,0.855,0.855
cs,pos_syl,25,1,0.81,0.81
cs,pos,100,2,0.855,0.854
cs,syl,50,2,0.98,0.98
cs,syl,100,1,1,1
cs,pos,750,2,1,1
cs,pos_syl,50,1,0.925,0.925
cs,syl,750,1,1,1
cs,syl,100,2,0.995,0.995
cs,pos_syl,100,1,0.975,0.975
cs,token,200,1,0.9,0.899
cs,pos_syl,50,2,0.985,0.985
cs,pos_syl,25,2,0.94,0.94
cs,pos_syl,100,2,1,1
cs,syl,750,2,1,1
cs,token,200,2,0.53,0.529
cs,pos_syl,750,1,1,1
cs,token,100,1,0.685,0.677
cs,pos,200,1,0.71,0.71
cs,token,50,1,0.405,0.384
cs,token,200,1,0.885,0.886
cs,pos,200,2,0.88,0.879
cs,syl,200,1,0.995,0.995
cs,token,100,2,0.41,0.414
cs,pos,100,1,0.52,0.514
cs,token,50,2,0.36,0.346
cs,pos,50,1,0.48,0.463
cs,syl,200,2,0.995,0.995
cs,pos,100,2,0.73,0.726
cs,pos_syl,200,1,0.99,0.99
cs,pos_syl,750,2,1,1
cs,token,200,2,0.49,0.476
cs,syl,100,1,0.97,0.97
cs,pos,50,2,0.605,0.597
cs,pos,200,1,0.76,0.759
cs,syl,50,1,0.935,0.935
cs,syl,100,2,0.995,0.995
cs,syl,50,2,1,1
cs,pos_syl,100,1,0.94,0.94
cs,pos_syl,50,1,0.895,0.892
cs,pos_syl,200,2,1,1
cs,pos,200,2,0.87,0.867
cs,syl,200,1,1,1
cs,pos_syl,100,2,0.985,0.985
cs,pos_syl,50,2,0.98,0.98
cs,token,1000,1,1,1
cs,syl,200,2,1,1
cs,pos_syl,200,1,1,1
cs,token,300,1,0.935,0.935
cs,token,200,1,0.885,0.882
cs,token,100,1,0.6,0.598
cs,pos_syl,200,2,1,1
cs,token,300,2,0.665,0.665
cs,token,100,2,0.29,0.291
cs,token,200,2,0.56,0.562
cs,pos,300,1,0.745,0.747
cs,pos,100,1,0.65,0.648
cs,pos,200,1,0.825,0.825
cs,token,300,1,0.915,0.911
cs,pos,100,2,0.865,0.865
cs,syl,100,1,1,1
cs,pos,200,2,0.91,0.91
cs,pos,300,2,0.93,0.929
cs,syl,200,1,1,1
cs,syl,300,1,1,1
cs,syl,100,2,0.965,0.965
cs,pos_syl,100,1,1,1
cs,syl,200,2,1,1
cs,token,1000,2,0.855,0.846
cs,syl,300,2,1,1
cs,pos_syl,200,1,1,1
cs,pos,1000,1,0.995,0.995
cs,token,300,2,0.665,0.664
cs,pos_syl,300,1,1,1
cs,pos,300,1,0.895,0.895
cs,pos_syl,100,2,0.985,0.985
cs,pos_syl,200,2,1,1
cs,pos,300,2,0.955,0.955
cs,syl,300,1,1,1
cs,pos_syl,300,2,1,1
cs,token,200,1,0.86,0.858
cs,syl,300,2,1,1
cs,token,300,1,0.925,0.924
cs,pos_syl,300,1,1,1
cs,pos,1000,2,1,1
cs,syl,1000,1,1,1
cs,token,500,1,0.975,0.975
cs,token,200,2,0.625,0.632
cs,pos,200,1,0.76,0.754
cs,pos_syl,300,2,1,1
cs,token,300,2,0.63,0.621
cs,pos,200,2,0.84,0.839
cs,pos,300,1,0.82,0.81
cs,syl,200,1,1,1
cs,syl,1000,2,1,1
cs,syl,200,2,1,1
cs,token,500,1,0.98,0.98
cs,pos_syl,1000,1,1,1
cs,pos_syl,200,1,1,1
cs,pos,300,2,0.93,0.929
cs,syl,300,1,1,1
cs,token,500,2,0.745,0.731
cs,pos,500,1,0.955,0.955
cs,syl,300,2,1,1
cs,pos_syl,200,2,1,1
cs,pos_syl,300,1,1,1
cs,pos,500,2,0.995,0.995
cs,syl,500,1,1,1
cs,token,300,1,0.945,0.944
cs,token,500,2,0.73,0.72
cs,pos_syl,300,2,1,1
cs,pos,500,1,0.955,0.955
cs,pos_syl,1000,2,1,1
cs,syl,500,2,1,1
cs,pos_syl,500,1,1,1
cs,token,25,1,0.495,0.489
cs,pos,500,2,1,1
cs,token,500,1,0.965,0.965
cs,syl,500,1,1,1
cs,token,300,2,0.62,0.62
cs,pos,300,1,0.785,0.777
cs,token,25,2,0.305,0.275
cs,pos,25,1,0.535,0.536
cs,syl,500,2,1,1
cs,pos_syl,500,2,1,1
cs,pos,25,2,0.56,0.559
cs,pos,300,2,0.975,0.975
cs,pos_syl,500,1,1,1
cs,syl,25,1,0.91,0.91
cs,syl,300,1,1,1
cs,syl,25,2,0.815,0.815
cs,pos_syl,25,1,0.835,0.833
cs,syl,300,2,1,1
cs,token,500,2,0.665,0.646
cs,pos_syl,300,1,1,1
cs,pos,500,1,0.975,0.975
cs,token,750,1,0.99,0.99
cs,pos_syl,500,2,1,1
cs,pos_syl,300,2,1,1
cs,pos_syl,25,2,0.92,0.92
cs,pos,500,2,0.985,0.985
cs,syl,500,1,1,1
cs,token,750,1,0.98,0.98
cs,token,50,1,0.56,0.556
cs,token,500,1,0.975,0.975
cs,syl,500,2,1,1
cs,pos_syl,500,1,1,1
cs,token,50,2,0.31,0.321
cs,token,750,2,0.81,0.803
cs,pos,50,1,0.46,0.463
cs,pos,750,1,0.935,0.935
cs,pos,50,2,0.72,0.715
cs,syl,50,1,0.835,0.834
cs,pos_syl,500,2,1,1
cs,syl,50,2,0.985,0.985
cs,pos_syl,50,1,0.925,0.924
cs,token,500,2,0.805,0.803
cs,pos,500,1,0.85,0.848
cs,token,750,2,0.815,0.81
cs,pos,750,2,1,1
cs,pos,750,1,0.945,0.944
cs,syl,750,1,1,1
cs,pos_syl,50,2,0.99,0.99
cs,token,750,1,1,1
cs,pos,500,2,1,1
cs,syl,500,1,1,1
cs,token,100,1,0.83,0.829
cs,syl,750,2,1,1
cs,pos_syl,750,1,1,1
cs,pos,750,2,1,1
cs,syl,750,1,1,1
cs,syl,500,2,1,1
cs,pos_syl,500,1,1,1
cs,token,100,2,0.385,0.383
cs,pos,100,1,0.63,0.627
cs,pos,100,2,0.805,0.802
cs,syl,750,2,1,1
cs,syl,100,1,0.93,0.93
cs,pos_syl,750,1,1,1
cs,pos_syl,750,2,1,1
cs,token,750,2,0.825,0.82
cs,syl,100,2,0.99,0.99
cs,pos,750,1,0.985,0.985
cs,pos_syl,500,2,1,1
cs,pos_syl,100,1,0.94,0.94
cs,pos_syl,100,2,0.98,0.98
cs,token,750,1,1,1
cs,token,1000,1,1,1
cs,pos,750,2,1,1
cs,pos_syl,750,2,1,1
cs,syl,750,1,1,1
cs,token,200,1,0.9,0.899
cs,syl,750,2,1,1
cs,token,1000,1,0.995,0.995
cs,token,200,2,0.515,0.503
cs,pos_syl,750,1,1,1
cs,pos,200,1,0.715,0.713
cs,token,750,2,0.86,0.857
cs,pos,200,2,0.955,0.954
cs,pos,750,1,0.945,0.945
cs,syl,200,1,1,1
cs,syl,200,2,1,1
cs,pos_syl,200,1,1,1
cs,token,1000,2,0.87,0.87
cs,pos_syl,750,2,1,1
cs,pos,1000,1,0.965,0.965
cs,pos,750,2,1,1
cs,syl,750,1,1,1
cs,pos_syl,200,2,1,1
cs,token,1000,1,1,1
cs,token,300,1,0.9,0.9
cs,token,1000,2,0.87,0.869
cs,pos,1000,1,0.99,0.99
cs,pos,1000,2,1,1
cs,syl,750,2,1,1
cs,syl,1000,1,1,1
cs,pos_syl,750,1,1,1
cs,token,300,2,0.43,0.431
cs,pos,300,1,0.795,0.79
cs,syl,1000,2,1,1
cs,pos_syl,1000,1,1,1
cs,pos,1000,2,1,1
cs,pos_syl,750,2,1,1
cs,syl,1000,1,1,1
cs,pos,300,2,0.88,0.879
cs,syl,300,1,1,1
cs,syl,300,2,1,1
cs,token,1000,2,0.875,0.876
cs,pos_syl,300,1,1,1
cs,pos,1000,1,1,1
cs,token,1000,1,1,1
cs,syl,1000,2,1,1
cs,pos_syl,1000,2,1,1
cs,pos_syl,1000,1,1,1
cs,pos_syl,300,2,1,1
cs,token,25,1,0.38,0.374
cs,token,25,2,0.355,0.334
cs,pos,1000,2,1,1
cs,token,500,1,0.975,0.975
cs,pos,25,1,0.38,0.367
cs,syl,1000,1,1,1
cs,pos,25,2,0.375,0.372
cs,syl,25,1,0.815,0.814
cs,syl,25,2,0.87,0.869
cs,pos_syl,1000,2,1,1
cs,pos_syl,25,1,0.8,0.796
cs,token,1000,2,0.9,0.9
cs,pos,1000,1,0.99,0.99
cs,syl,1000,2,1,1
cs,token,25,1,0.56,0.56
cs,token,500,2,0.755,0.754
cs,pos_syl,1000,1,1,1
cs,pos,500,1,0.96,0.96
cs,pos_syl,25,2,0.93,0.93
cs,token,25,2,0.265,0.251
cs,pos,25,1,0.365,0.367
cs,pos,25,2,0.425,0.422
cs,token,50,1,0.605,0.6
cs,syl,25,1,0.725,0.721
cs,pos,500,2,1,1
cs,syl,25,2,0.89,0.89
cs,syl,500,1,1,1
cs,pos,1000,2,1,1
cs,pos_syl,25,1,0.81,0.808
cs,syl,1000,1,1,1
cs,token,50,2,0.305,0.309
cs,pos,50,1,0.54,0.54
cs,pos_syl,1000,2,1,1
cs,syl,500,2,1,1
cs,pos,50,2,0.665,0.664
cs,syl,50,1,0.905,0.904
cs,pos_syl,500,1,1,1
cs,syl,50,2,1,1
cs,pos_syl,50,1,0.87,0.868
cs,token,25,1,0.275,0.27
cs,pos_syl,25,2,0.915,0.913
cs,syl,1000,2,1,1
cs,pos_syl,1000,1,1,1
cs,token,25,2,0.45,0.424
cs,pos_syl,50,2,0.96,0.96
cs,pos,25,1,0.32,0.317
cs,pos_syl,500,2,1,1
cs,token,50,1,0.71,0.705
cs,pos,25,2,0.365,0.36
cs,syl,25,1,0.775,0.775
cs,syl,25,2,0.825,0.824
cs,token,100,1,0.78,0.773
cs,pos_syl,25,1,0.79,0.788
cs,token,50,2,0.36,0.322
cs,pos,50,1,0.53,0.512
cs,token,750,1,0.985,0.985
cs,pos_syl,1000,2,1,1
cs,token,100,2,0.5,0.499
cs,pos,50,2,0.765,0.767
cs,pos,100,1,0.465,0.463
cs,syl,50,1,0.94,0.94
cs,syl,50,2,0.875,0.875
cs,pos_syl,25,2,0.82,0.82
cs,pos_syl,50,1,0.865,0.865
cs,pos,100,2,0.765,0.764
cs,syl,100,1,0.925,0.925
cs,token,25,1,0.4,0.396
cs,syl,100,2,0.97,0.97
cs,token,25,2,0.265,0.235
cs,token,50,1,0.605,0.596
cs,pos_syl,100,1,0.97,0.97
cs,pos_syl,50,2,0.92,0.919
cs,pos,25,1,0.44,0.444
cs,pos,25,2,0.33,0.329
cs,syl,25,1,0.89,0.89
cs,pos_syl,100,2,0.995,0.995
cs,token,50,2,0.33,0.33
cs,syl,25,2,0.86,0.86
cs,pos,50,1,0.51,0.491
cs,pos_syl,25,1,0.85,0.85
cs,token,100,1,0.75,0.741
cs,token,750,2,0.84,0.837
cs,pos,750,1,0.88,0.88
cs,pos,50,2,0.59,0.585
cs,syl,50,1,0.885,0.883
cs,syl,50,2,0.98,0.98
cs,token,200,1,0.93,0.93
cs,pos_syl,50,1,0.82,0.819
cs,token,100,2,0.29,0.284
cs,pos,100,1,0.47,0.461
cs,pos_syl,25,2,0.815,0.815
cs,pos_syl,50,2,0.965,0.965
cs,pos,100,2,0.8,0.796
cs,pos,750,2,1,1
cs,syl,100,1,0.96,0.96
cs,syl,750,1,1,1
cs,token,200,2,0.595,0.595
cs,pos,200,1,0.785,0.782
cs,syl,100,2,1,1
cs,token,50,1,0.555,0.539
cs,pos_syl,100,1,0.995,0.995
cs,token,100,1,0.57,0.56
cs,pos,200,2,0.91,0.909
cs,syl,200,1,1,1
cs,pos_syl,100,2,0.99,0.99
cs,token,50,2,0.445,0.439
cs,syl,750,2,1,1
cs,pos,50,1,0.56,0.55
cs,pos_syl,750,1,1,1
cs,syl,200,2,1,1
cs,token,100,2,0.29,0.295
cs,pos,100,1,0.655,0.648
cs,pos_syl,200,1,0.995,0.995
cs,pos,50,2,0.7,0.694
cs,syl,50,1,0.9,0.899
cs,token,200,1,0.775,0.775
cs,syl,50,2,0.95,0.95
cs,pos,100,2,0.765,0.762
cs,syl,100,1,0.905,0.905
cs,pos_syl,50,1,0.955,0.955
cs,pos_syl,200,2,1,1
cs,syl,100,2,1,1
cs,pos_syl,100,1,0.94,0.94
cs,pos_syl,50,2,0.97,0.97
cs,pos_syl,750,2,1,1
cs,token,200,2,0.62,0.606
cs,pos,200,1,0.685,0.685
cs,pos_syl,100,2,0.985,0.985
cs,token,300,1,0.935,0.935
cs,token,100,1,0.705,0.698
cs,pos,200,2,0.98,0.98
cs,syl,200,1,1,1
cs,token,1000,1,1,1
cs,token,200,1,0.865,0.863
cs,syl,200,2,1,1
cs,pos_syl,200,1,0.985,0.985
cs,token,100,2,0.345,0.352
cs,pos,100,1,0.66,0.653
cs,token,300,2,0.6,0.605
cs,pos,300,1,0.875,0.873
cs,pos,100,2,0.78,0.776
cs,token,200,2,0.54,0.529
cs,syl,100,1,1,1
cs,pos_syl,200,2,1,1
cs,pos,200,1,0.575,0.565
cs,syl,100,2,0.995,0.995
cs,pos,300,2,0.98,0.98
cs,pos_syl,100,1,1,1
cs,syl,300,1,1,1
cs,pos,200,2,0.905,0.906
cs,syl,200,1,0.995,0.995
cs,token,300,1,0.915,0.914
cs,syl,300,2,1,1
cs,pos_syl,100,2,0.995,0.995
cs,pos_syl,300,1,1,1
cs,syl,200,2,1,1
cs,pos_syl,200,1,1,1
cs,token,200,1,0.89,0.888
cs,pos_syl,300,2,1,1
cs,token,1000,2,0.895,0.893
cs,pos_syl,200,2,1,1
cs,token,300,2,0.7,0.698
cs,pos,1000,1,0.995,0.995
cs,pos,300,1,0.81,0.809
cs,token,500,1,0.975,0.975
cs,token,200,2,0.39,0.392
cs,token,300,1,0.99,0.99
cs,pos,300,2,0.935,0.933
cs,pos,200,1,0.67,0.666
cs,syl,300,1,1,1
cs,syl,300,2,1,1
cs,pos,200,2,0.9,0.898
cs,syl,200,1,0.965,0.965
cs,pos_syl,300,1,1,1
cs,pos,1000,2,1,1
cs,syl,1000,1,1,1
cs,syl,200,2,1,1
cs,token,300,2,0.615,0.604
cs,pos,300,1,0.855,0.854
cs,pos_syl,200,1,1,1
cs,token,500,2,0.695,0.695
cs,pos_syl,300,2,1,1
cs,pos,500,1,0.865,0.859
cs,pos,300,2,0.985,0.985
cs,syl,300,1,1,1
cs,pos_syl,200,2,1,1
cs,syl,1000,2,1,1
cs,syl,300,2,1,1
cs,pos_syl,1000,1,1,1
cs,pos,500,2,0.985,0.985
cs,token,500,1,0.95,0.95
cs,syl,500,1,1,1
cs,pos_syl,300,1,1,1
cs,token,300,1,0.93,0.93
cs,syl,500,2,1,1
cs,pos_syl,500,1,1,1
cs,pos_syl,300,2,1,1
cs,token,500,2,0.73,0.724
cs,token,300,2,0.66,0.649
cs,pos,500,1,0.92,0.92
cs,pos_syl,1000,2,1,1
cs,pos,300,1,0.77,0.768
cs,token,500,1,0.96,0.96
cs,pos_syl,500,2,1,1
cs,pos,300,2,0.895,0.895
cs,syl,300,1,0.935,0.934
cs,pos,500,2,0.995,0.995
cs,syl,500,1,1,1
cs,token,25,1,0.61,0.6
cs,syl,300,2,1,1
cs,token,750,1,0.985,0.985
cs,pos_syl,300,1,0.985,0.985
cs,token,25,2,0.37,0.334
cs,pos,25,1,0.4,0.391
cs,syl,500,2,1,1
cs,token,500,2,0.725,0.724
cs,pos,25,2,0.57,0.551
cs,pos,500,1,0.915,0.915
cs,pos_syl,500,1,1,1
cs,syl,25,1,0.845,0.845
cs,syl,25,2,0.97,0.97
cs,pos_syl,300,2,1,1
cs,pos_syl,25,1,0.765,0.758
cs,pos,500,2,0.995,0.995
cs,syl,500,1,1,1
cs,pos_syl,500,2,1,1
cs,token,500,1,0.99,0.99
cs,pos_syl,25,2,0.955,0.955
cs,token,750,2,0.78,0.766
cs,syl,500,2,1,1
cs,pos,750,1,1,1
cs,pos_syl,500,1,1,1
cs,token,750,1,0.995,0.995
cs,token,50,1,0.55,0.543
cs,token,500,2,0.77,0.767
cs,pos,500,1,0.88,0.879
cs,token,50,2,0.36,0.344
cs,pos_syl,500,2,1,1
cs,pos,750,2,1,1
cs,pos,50,1,0.505,0.499
cs,syl,750,1,1,1
cs,pos,50,2,0.61,0.603
cs,syl,50,1,0.93,0.926
cs,syl,50,2,0.995,0.995
cs,pos,500,2,1,1
cs,pos_syl,50,1,0.95,0.95
cs,syl,500,1,1,1
cs,token,750,1,1,1
cs,syl,750,2,1,1
cs,token,750,2,0.75,0.738
cs,pos,750,1,0.845,0.844
cs,pos_syl,750,1,1,1
cs,pos_syl,50,2,0.965,0.965
cs,syl,500,2,1,1
cs,pos_syl,500,1,1,1
cs,token,100,1,0.76,0.752
cs,pos,750,2,1,1
cs,syl,750,1,1,1
cs,pos_syl,750,2,1,1
cs,pos_syl,500,2,1,1
cs,token,100,2,0.365,0.367
cs,pos,100,1,0.655,0.649
cs,token,750,2,0.89,0.884
cs,pos,750,1,0.925,0.925
cs,pos,100,2,0.68,0.682
cs,syl,750,2,1,1
cs,syl,100,1,0.95,0.95
cs,pos_syl,750,1,1,1
cs,syl,100,2,1,1
cs,token,1000,1,1,1
cs,token,750,1,0.99,0.99
cs,pos_syl,100,1,1,1
cs,pos,750,2,0.995,0.995
cs,pos_syl,100,2,0.97,0.97
cs,syl,750,1,1,1
cs,pos_syl,750,2,1,1
cs,token,200,1,0.945,0.945
cs,syl,750,2,1,1
cs,pos_syl,750,1,1,1
cs,token,1000,1,1,1
cs,token,750,2,0.91,0.907
cs,token,200,2,0.56,0.55
cs,pos,750,1,0.865,0.864
cs,pos,200,1,0.675,0.656
cs,token,1000,2,0.845,0.838
cs,pos,1000,1,0.93,0.93
cs,pos,200,2,0.94,0.94
cs,syl,200,1,0.995,0.995
cs,pos_syl,750,2,1,1
cs,syl,200,2,1,1
cs,pos_syl,200,1,0.99,0.99
cs,pos,750,2,0.995,0.995
cs,syl,750,1,1,1
cs,pos,1000,2,1,1
cs,pos_syl,200,2,1,1
cs,token,1000,1,1,1
cs,syl,1000,1,1,1
cs,syl,750,2,1,1
cs,pos_syl,750,1,1,1
cs,token,1000,2,0.94,0.939
cs,token,300,1,0.925,0.923
cs,pos,1000,1,0.99,0.99
cs,syl,1000,2,1,1
cs,pos_syl,1000,1,1,1
cs,token,300,2,0.535,0.538
cs,pos,300,1,0.74,0.734
cs,pos_syl,750,2,1,1
cs,pos,1000,2,1,1
cs,syl,1000,1,1,1
cs,pos,300,2,0.94,0.94
cs,syl,300,1,1,1
cs,token,1000,2,0.865,0.862
cs,pos,1000,1,0.98,0.98
cs,token,1000,1,1,1
cs,syl,300,2,1,1
cs,pos_syl,1000,2,1,1
cs,pos_syl,300,1,1,1
cs,syl,1000,2,1,1
cs,pos_syl,1000,1,1,1
cs,token,25,1,0.61,0.604
cs,pos_syl,300,2,1,1
cs,token,25,2,0.3,NaN
cs,pos,1000,2,1,1
cs,pos,25,1,0.245,0.252
cs,syl,1000,1,1,1
cs,pos,25,2,0.52,0.516
cs,syl,25,1,0.86,0.858
cs,syl,25,2,0.865,0.864
cs,pos_syl,25,1,0.82,0.815
cs,token,500,1,0.97,0.97
cs,pos_syl,1000,2,1,1
cs,syl,1000,2,1,1
cs,token,1000,2,0.91,0.908
cs,pos_syl,1000,1,1,1
cs,pos,1000,1,0.95,0.95
cs,token,25,1,0.455,0.461
cs,pos_syl,25,2,0.89,0.89
cs,token,25,2,0.15,0.12
cs,pos,25,1,0.545,0.539
cs,token,500,2,0.645,0.648
cs,pos,500,1,0.905,0.905
cs,pos,25,2,0.5,0.49
cs,syl,25,1,0.775,0.773
cs,token,50,1,0.6,0.598
cs,syl,25,2,0.905,0.905
cs,pos_syl,25,1,0.805,0.804
cs,pos,1000,2,1,1
cs,pos_syl,1000,2,1,1
cs,syl,1000,1,1,1
cs,pos,500,2,0.995,0.995
cs,token,50,2,0.35,0.342
cs,syl,500,1,1,1
cs,pos,50,1,0.495,0.489
cs,pos,50,2,0.665,0.664
cs,syl,50,1,0.905,0.905
cs,token,25,1,0.41,0.395
cs,pos_syl,25,2,0.98,0.98
cs,syl,50,2,1,1
cs,syl,500,2,1,1
cs,pos_syl,50,1,0.89,0.89
cs,pos_syl,500,1,1,1
cs,token,25,2,0.345,0.294
cs,pos,25,1,0.4,0.397
cs,syl,1000,2,1,1
cs,token,50,1,0.705,0.699
cs,pos_syl,50,2,0.875,0.874
cs,pos_syl,1000,1,1,1
cs,pos,25,2,0.535,0.54
cs,syl,25,1,0.68,0.674
cs,syl,25,2,0.92,0.92
cs,pos_syl,25,1,0.78,0.779
cs,pos_syl,500,2,1,1
cs,token,50,2,0.49,0.485
cs,pos,50,1,0.475,0.488
cs,token,100,1,0.695,0.686
cs,pos,50,2,0.725,0.721
cs,syl,50,1,0.96,0.96
cs,syl,50,2,0.975,0.975
cs,token,100,2,0.39,0.398
cs,pos_syl,50,1,0.94,0.94
cs,pos,100,1,0.515,0.507
cs,token,750,1,1,1
cs,pos_syl,25,2,0.91,0.91
cs,pos_syl,1000,2,1,1
cs,pos,100,2,0.84,0.839
cs,syl,100,1,0.995,0.995
cs,pos_syl,50,2,0.99,0.99
cs,syl,100,2,1,1
cs,pos_syl,100,1,0.995,0.995
cs,token,50,1,0.485,0.484
cs,token,25,1,0.49,0.475
cs,token,100,1,0.825,0.824
cs,pos_syl,100,2,1,1
cs,token,25,2,0.24,0.237
cs,token,50,2,0.33,0.324
cs,pos,25,1,0.265,0.248
cs,pos,50,1,0.5,0.495
cs,token,100,2,0.41,0.41
cs,pos,25,2,0.41,0.408
cs,pos,100,1,0.545,0.543
cs,pos,50,2,0.475,0.463
cs,syl,25,1,0.8,0.8
cs,syl,50,1,0.95,0.95
cs,token,750,2,0.82,0.819
cs,token,200,1,0.885,0.883
cs,syl,25,2,0.97,0.97
cs,pos,750,1,0.95,0.95
cs,syl,50,2,0.98,0.98
cs,pos_syl,25,1,0.775,0.775
cs,pos,100,2,0.755,0.753
cs,syl,100,1,0.925,0.925
cs,pos_syl,50,1,0.975,0.975
cs,syl,100,2,0.995,0.995
cs,pos_syl,100,1,0.985,0.985
cs,token,200,2,0.38,0.383
cs,pos_syl,50,2,0.99,0.99
cs,pos,200,1,0.63,0.627
cs,pos_syl,25,2,0.87,0.87
cs,pos,750,2,1,1
cs,pos_syl,100,2,0.97,0.97
cs,syl,750,1,1,1
cs,pos,200,2,0.945,0.946
cs,syl,200,1,1,1
cs,token,100,1,0.72,0.711
cs,token,50,1,0.495,0.485
cs,syl,200,2,1,1
cs,token,200,1,0.75,0.749
cs,pos_syl,200,1,1,1
cs,token,100,2,0.465,0.463
cs,syl,750,2,1,1
cs,pos,100,1,0.55,0.542
cs,token,50,2,0.31,0.292
cs,pos_syl,750,1,1,1
cs,pos,50,1,0.555,0.557
cs,pos_syl,200,2,1,1
cs,pos,100,2,0.755,0.752
cs,pos,50,2,0.565,0.567
cs,token,200,2,0.515,0.497
cs,syl,100,1,0.94,0.94
cs,syl,50,1,0.82,0.82
cs,pos,200,1,0.68,0.679
cs,syl,100,2,0.95,0.949
cs,syl,50,2,0.915,0.915
cs,pos_syl,100,1,0.935,0.935
cs,pos_syl,50,1,0.84,0.84
cs,token,300,1,0.94,0.94
cs,pos,200,2,0.875,0.875
cs,syl,200,1,1,1
cs,pos_syl,50,2,0.955,0.955
cs,pos_syl,750,2,1,1
cs,pos_syl,100,2,0.99,0.99
cs,syl,200,2,1,1
cs,pos_syl,200,1,0.995,0.995
cs,token,100,1,0.755,0.745
cs,token,300,2,0.62,0.607
cs,token,200,1,0.905,0.905
cs,pos,300,1,0.815,0.816
cs,pos_syl,200,2,1,1
cs,token,1000,1,1,1
cs,token,100,2,0.545,0.552
cs,pos,100,1,0.755,0.755
cs,pos,300,2,0.95,0.949
cs,syl,300,1,1,1
cs,token,200,2,0.645,0.642
cs,token,300,1,0.86,0.857
cs,pos,200,1,0.75,0.749
cs,pos,100,2,0.74,0.742
cs,syl,100,1,1,1
cs,syl,300,2,1,1
cs,syl,100,2,1,1
cs,pos_syl,300,1,1,1
cs,pos,200,2,0.91,0.909
cs,pos_syl,100,1,1,1
cs,syl,200,1,1,1
cs,syl,200,2,1,1
cs,pos_syl,100,2,0.99,0.99
cs,pos_syl,200,1,1,1
cs,token,300,2,0.59,0.577
cs,pos_syl,300,2,1,1
cs,pos,300,1,0.595,0.591
cs,pos_syl,200,2,1,1
cs,token,200,1,0.83,0.83
cs,pos,300,2,0.975,0.975
cs,syl,300,1,1,1
cs,token,1000,2,0.865,0.863
cs,token,500,1,0.985,0.985
cs,pos,1000,1,0.995,0.995
cs,syl,300,2,1,1
cs,pos_syl,300,1,1,1
cs,token,300,1,0.955,0.955
cs,token,200,2,0.58,0.576
cs,pos,200,1,0.71,0.709
cs,pos,200,2,0.905,0.905
cs,pos_syl,300,2,1,1
cs,syl,200,1,1,1
cs,pos,1000,2,1,1
cs,syl,1000,1,1,1
cs,token,500,2,0.62,0.613
cs,pos,500,1,0.755,0.752
cs,syl,200,2,0.995,0.995
cs,token,300,2,0.51,0.494
cs,pos,300,1,0.895,0.895
cs,pos_syl,200,1,1,1
cs,token,500,1,0.99,0.99
cs,pos,300,2,0.99,0.99
cs,pos_syl,200,2,0.995,0.995
cs,syl,300,1,1,1
cs,pos,500,2,0.995,0.995
cs,syl,500,1,1,1
cs,syl,1000,2,1,1
cs,syl,300,2,1,1
cs,pos_syl,1000,1,1,1
cs,pos_syl,300,1,1,1
cs,token,300,1,0.945,0.945
cs,syl,500,2,1,1
cs,pos_syl,500,1,1,1
cs,token,500,2,0.82,0.82
cs,pos,500,1,0.895,0.895
cs,pos_syl,300,2,1,1
cs,token,300,2,0.46,0.437
cs,pos,300,1,0.815,0.82
cs,pos_syl,500,2,1,1
cs,pos_syl,1000,2,1,1
cs,pos,500,2,1,1
cs,syl,500,1,1,1
cs,token,500,1,0.965,0.965
cs,pos,300,2,0.97,0.97
cs,syl,300,1,1,1
cs,syl,500,2,1,1
cs,token,750,1,0.965,0.965
cs,pos_syl,500,1,1,1
cs,syl,300,2,1,1
cs,token,25,1,0.54,0.535
cs,pos_syl,300,1,0.995,0.995
cs,token,25,2,0.34,0.331
cs,pos,25,1,0.4,0.39
cs,token,500,2,0.645,0.634
cs,pos,500,1,0.87,0.869
cs,pos,25,2,0.56,0.554
cs,pos_syl,500,2,1,1
cs,pos_syl,300,2,1,1
cs,syl,25,1,0.815,0.812
cs,syl,25,2,0.895,0.895
cs,pos_syl,25,1,0.845,0.844
cs,pos,500,2,1,1
cs,syl,500,1,1,1
cs,token,500,1,0.96,0.96
cs,token,750,1,1,1
cs,token,750,2,0.72,0.713
cs,pos,750,1,0.965,0.965
cs,syl,500,2,1,1
cs,pos_syl,25,2,0.95,0.95
cs,pos_syl,500,1,1,1
cs,token,50,1,0.685,0.684
cs,pos,750,2,1,1
cs,syl,750,1,1,1
cs,token,500,2,0.745,0.741
cs,pos,500,1,1,1
cs,pos_syl,500,2,1,1
cs,token,50,2,0.395,0.401
cs,pos,50,1,0.405,0.386
cs,token,750,2,0.85,0.843
cs,pos,750,1,0.935,0.934
cs,syl,750,2,1,1
cs,pos,50,2,0.48,0.464
cs,pos,500,2,1,1
cs,pos_syl,750,1,1,1
cs,syl,50,1,0.9,0.9
cs,syl,500,1,1,1
cs,syl,50,2,0.99,0.99
cs,token,750,1,0.98,0.98
cs,pos_syl,50,1,0.89,0.89
cs,syl,500,2,1,1
cs,pos,750,2,0.995,0.995
cs,pos_syl,50,2,0.94,0.94
cs,pos_syl,500,1,1,1
cs,syl,750,1,1,1
cs,pos_syl,750,2,1,1
cs,token,100,1,0.66,0.656
cs,pos_syl,500,2,1,1
cs,syl,750,2,1,1
cs,pos_syl,750,1,1,1
cs,token,750,2,0.9,0.9
cs,token,1000,1,1,1
cs,token,100,2,0.505,0.507
cs,pos,750,1,0.91,0.91
cs,pos,100,1,0.67,0.669
cs,token,750,1,0.97,0.97
cs,pos,100,2,0.805,0.799
cs,syl,100,1,1,1
cs,syl,100,2,0.995,0.995
cs,pos_syl,100,1,1,1
cs,pos_syl,750,2,1,1
cs,pos,750,2,0.995,0.995
cs,syl,750,1,1,1
cs,pos_syl,100,2,0.975,0.975
cs,token,1000,1,1,1
cs,token,200,1,0.93,0.929
cs,syl,750,2,1,1
cs,token,750,2,0.765,0.76
cs,pos_syl,750,1,1,1
cs,pos,750,1,0.93,0.931
cs,token,1000,2,0.885,0.882
cs,pos,1000,1,0.955,0.955
cs,token,200,2,0.515,0.501
cs,pos,200,1,0.685,0.685
cs,pos,200,2,0.91,0.91
cs,pos_syl,750,2,1,1
cs,pos,750,2,1,1
cs,syl,200,1,1,1
cs,syl,750,1,1,1
cs,pos,1000,2,1,1
cs,syl,200,2,1,1
cs,syl,1000,1,1,1
cs,pos_syl,200,1,0.995,0.995
cs,token,1000,1,1,1
cs,syl,750,2,1,1
cs,token,1000,2,0.82,0.813
cs,pos,1000,1,1,1
cs,pos_syl,750,1,1,1
cs,pos_syl,200,2,1,1
cs,syl,1000,2,1,1
cs,pos_syl,1000,1,1,1
cs,token,300,1,0.995,0.995
cs,pos,1000,2,1,1
cs,pos_syl,750,2,1,1
cs,syl,1000,1,1,1
cs,token,300,2,0.66,0.649
cs,pos,300,1,0.83,0.829
cs,pos_syl,1000,2,1,1
cs,token,1000,2,0.91,0.911
cs,pos,1000,1,0.985,0.985
cs,token,1000,1,1,1
cs,pos,300,2,0.96,0.96
cs,syl,1000,2,1,1
cs,syl,300,1,0.99,0.99
cs,pos_syl,1000,1,1,1
cs,syl,300,2,1,1
cs,pos_syl,300,1,1,1
cs,pos,1000,2,1,1
cs,syl,1000,1,1,1
cs,pos_syl,300,2,1,1
cs,pos_syl,1000,2,1,1
cs,token,500,1,0.965,0.965
cs,syl,1000,2,1,1
cs,token,1000,2,0.865,0.862
cs,pos,1000,1,0.94,0.94
cs,pos_syl,1000,1,1,1
cs,token,500,2,0.72,0.712
cs,pos,500,1,0.925,0.925
cs,pos,1000,2,1,1
cs,syl,1000,1,1,1
cs,pos_syl,1000,2,1,1
cs,pos,500,2,1,1
cs,syl,500,1,1,1
cs,syl,1000,2,1,1
cs,pos_syl,1000,1,1,1
cs,syl,500,2,1,1
cs,pos_syl,500,1,1,1
cs,pos_syl,500,2,1,1
cs,pos_syl,1000,2,1,1
cs,token,750,1,0.995,0.995
cs,token,750,2,0.81,0.796
cs,pos,750,1,0.955,0.955
cs,pos,750,2,1,1
cs,syl,750,1,1,1
cs,syl,750,2,1,1
cs,pos_syl,750,1,1,1
cs,pos_syl,750,2,1,1
cs,token,1000,1,1,1
cs,token,1000,2,0.89,0.889
cs,pos,1000,1,0.995,0.995
cs,pos,1000,2,1,1
cs,syl,1000,1,1,1
cs,syl,1000,2,1,1
cs,pos_syl,1000,1,1,1
cs,pos_syl,1000,2,1,1
de,token,25,1,0.55,0.609
de,token,25,1,0.79,0.824
de,token,25,1,0.93,0.933
de,token,25,1,0.64,0.679
de,token,25,1,0.7,0.722
de,token,25,2,0.52,0.579
de,token,25,2,0.43,0.457
de,token,25,2,0.49,0.414
de,token,25,2,0.79,0.796
de,token,25,2,0.65,0.715
de,pos,25,1,0.78,0.796
de,pos,25,1,0.5,0.468
de,pos,25,1,0.58,0.604
de,pos,25,1,0.3,0.3
de,pos,25,1,0.64,0.6
de,pos,25,2,0.73,0.716
de,pos,25,2,0.76,0.769
de,pos,25,2,0.78,0.792
de,pos,25,2,0.61,0.649
de,syl,25,1,0.71,0.729
de,pos,25,2,0.85,0.842
de,syl,25,1,0.86,0.868
de,syl,25,1,0.86,0.86
de,syl,25,1,0.8,0.811
de,syl,25,1,0.86,0.854
de,syl,25,2,0.6,0.524
de,syl,25,2,0.85,0.862
de,syl,25,2,0.89,0.901
de,syl,25,2,0.73,0.722
de,syl,25,2,0.53,0.46
de,pos_syl,25,1,0.7,0.741
de,pos_syl,25,1,0.87,0.879
de,pos_syl,25,1,0.76,0.786
de,pos_syl,25,1,0.76,0.714
de,pos_syl,25,1,0.61,0.636
de,pos_syl,25,2,0.85,0.845
de,pos_syl,25,2,0.98,0.98
de,pos_syl,25,2,0.97,0.97
de,pos_syl,25,2,0.77,0.781
de,pos_syl,25,2,0.98,0.98
de,token,50,1,0.75,0.779
de,token,50,1,0.74,0.783
de,token,50,1,0.69,0.739
de,token,50,1,0.9,0.906
de,token,50,1,0.86,0.877
de,token,50,2,0.43,0.467
de,token,50,2,0.46,0.491
de,pos,50,1,0.81,0.822
de,token,50,2,0.77,0.781
de,pos,50,1,0.7,0.741
de,token,50,2,0.72,0.714
de,token,50,2,0.5,0.49
de,pos,50,1,0.59,0.549
de,pos,50,1,0.65,0.66
de,pos,50,1,0.71,0.752
de,pos,50,2,0.81,0.812
de,pos,50,2,0.94,0.94
de,syl,50,1,0.91,0.909
de,syl,50,1,0.87,0.874
de,pos,50,2,0.92,0.926
de,pos,50,2,0.97,0.971
de,pos,50,2,0.83,0.844
de,syl,50,1,0.76,0.733
de,syl,50,1,0.6,0.623
de,syl,50,2,0.88,0.885
de,syl,50,1,0.86,0.868
de,syl,50,2,0.9,0.898
de,syl,50,2,0.88,0.875
de,pos_syl,50,1,0.9,0.9
de,syl,50,2,0.77,0.785
de,pos_syl,50,1,0.88,0.875
de,syl,50,2,0.91,0.901
de,pos_syl,50,1,0.82,0.83
de,pos_syl,50,1,0.88,0.887
de,pos_syl,50,1,0.76,0.774
de,pos_syl,50,2,0.92,0.926
de,pos_syl,50,2,0.89,0.901
de,pos_syl,50,2,0.91,0.917
de,pos_syl,50,2,0.95,0.952
de,pos_syl,50,2,1,1
de,token,100,1,0.89,0.889
de,token,100,1,0.87,0.871
de,token,100,1,0.88,0.887
de,token,100,1,0.84,0.849
de,token,100,1,0.97,0.971
de,token,100,2,0.69,0.68
de,token,100,2,0.77,0.747
de,pos,100,1,0.58,0.611
de,pos,100,1,0.76,0.755
de,token,100,2,0.88,0.887
de,token,100,2,0.57,0.547
de,token,100,2,0.72,0.714
de,pos,100,1,0.76,0.769
de,pos,100,1,0.82,0.809
de,pos,100,1,0.87,0.879
de,pos,100,2,0.96,0.961
de,pos,100,2,0.98,0.98
de,syl,100,1,0.93,0.928
de,syl,100,1,1,1
de,pos,100,2,0.9,0.906
de,pos,100,2,0.89,0.891
de,syl,100,1,0.9,0.894
de,pos,100,2,0.99,0.99
de,syl,100,1,0.85,0.865
de,syl,100,2,1,1
de,syl,100,2,0.94,0.942
de,syl,100,1,0.84,0.84
de,pos_syl,100,1,0.83,0.847
de,syl,100,2,0.83,0.828
de,pos_syl,100,1,0.95,0.95
de,syl,100,2,0.91,0.913
de,syl,100,2,0.66,0.667
de,pos_syl,100,1,0.94,0.939
de,pos_syl,100,1,0.91,0.913
de,pos_syl,100,1,0.89,0.887
de,pos_syl,100,2,0.97,0.971
de,pos_syl,100,2,0.96,0.961
de,pos_syl,100,2,0.96,0.961
de,pos_syl,100,2,0.98,0.98
de,pos_syl,100,2,0.99,0.99
de,token,200,1,0.83,0.825
de,token,200,1,0.88,0.882
de,token,200,1,0.82,0.809
de,token,200,1,0.86,0.863
de,token,200,1,0.92,0.925
de,token,200,2,0.68,0.628
de,token,200,2,0.85,0.835
de,pos,200,1,0.95,0.952
de,pos,200,1,0.97,0.969
de,token,200,2,0.69,0.652
de,token,200,2,0.83,0.825
de,pos,200,1,0.85,0.848
de,token,200,2,0.95,0.948
de,pos,200,1,0.95,0.948
de,pos,200,1,0.94,0.94
de,pos,200,2,0.96,0.962
de,syl,200,1,1,1
de,pos,200,2,1,1
de,syl,200,1,0.98,0.98
de,pos,200,2,0.98,0.98
de,pos,200,2,1,1
de,syl,200,1,1,1
de,syl,200,1,1,1
de,pos,200,2,0.93,0.928
de,syl,200,2,1,1
de,syl,200,1,0.93,0.929
de,syl,200,2,0.9,0.909
de,pos_syl,200,1,1,1
de,pos_syl,200,1,1,1
de,syl,200,2,1,1
de,syl,200,2,0.97,0.971
de,syl,200,2,0.91,0.909
de,pos_syl,200,1,1,1
de,pos_syl,200,1,0.96,0.961
de,pos_syl,200,1,0.93,0.926
de,pos_syl,200,2,1,1
de,pos_syl,200,2,0.99,0.99
de,pos_syl,200,2,1,1
de,pos_syl,200,2,1,1
de,pos_syl,200,2,1,1
de,token,300,1,0.92,0.925
de,token,300,1,0.93,0.928
de,token,300,1,0.88,0.882
de,token,300,1,0.92,0.922
de,token,300,1,0.86,0.848
de,token,300,2,0.93,0.931
de,pos,300,1,0.91,0.916
de,token,300,2,0.86,0.851
de,pos,300,1,0.99,0.99
de,token,300,2,0.85,0.835
de,token,300,2,0.93,0.933
de,token,300,2,0.91,0.907
de,pos,300,1,0.99,0.99
de,pos,300,1,0.89,0.889
de,pos,300,1,0.85,0.854
de,pos,300,2,1,1
de,syl,300,1,0.87,0.863
de,pos,300,2,1,1
de,syl,300,1,1,1
de,pos,300,2,1,1
de,pos,300,2,1,1
de,syl,300,1,1,1
de,pos,300,2,1,1
de,syl,300,1,1,1
de,syl,300,1,0.97,0.971
de,syl,300,2,0.92,0.926
de,pos_syl,300,1,1,1
de,syl,300,2,0.98,0.98
de,syl,300,2,1,1
de,pos_syl,300,1,0.97,0.971
de,syl,300,2,0.95,0.952
de,syl,300,2,0.97,0.971
de,pos_syl,300,1,0.99,0.99
de,pos_syl,300,1,0.98,0.98
de,pos_syl,300,1,0.96,0.959
de,pos_syl,300,2,1,1
de,pos_syl,300,2,1,1
de,pos_syl,300,2,1,1
de,pos_syl,300,2,1,1
de,pos_syl,300,2,1,1
de,token,500,1,0.91,0.916
de,token,500,1,0.97,0.97
de,token,500,1,0.99,0.99
de,token,500,1,0.94,0.943
de,token,500,1,0.99,0.99
de,token,500,2,0.97,0.969
de,pos,500,1,0.92,0.918
de,token,500,2,0.93,0.929
de,pos,500,1,1,1
de,token,500,2,0.98,0.98
de,token,500,2,0.98,0.98
de,pos,500,1,0.95,0.947
de,pos,500,1,0.97,0.971
de,token,500,2,0.91,0.913
de,pos,500,1,0.96,0.962
de,pos,500,2,1,1
de,syl,500,1,1,1
de,pos,500,2,1,1
de,syl,500,1,1,1
de,pos,500,2,1,1
de,pos,500,2,1,1
de,syl,500,1,1,1
de,syl,500,1,1,1
de,pos,500,2,1,1
de,syl,500,1,1,1
de,syl,500,2,1,1
de,syl,500,2,0.99,0.99
de,pos_syl,500,1,1,1
de,pos_syl,500,1,1,1
de,syl,500,2,1,1
de,syl,500,2,1,1
de,pos_syl,500,1,1,1
de,syl,500,2,1,1
de,pos_syl,500,1,1,1
de,pos_syl,500,1,1,1
de,pos_syl,500,2,1,1
de,pos_syl,500,2,1,1
de,pos_syl,500,2,1,1
de,pos_syl,500,2,1,1
de,pos_syl,500,2,1,1
de,token,750,1,0.99,0.99
de,token,750,1,1,1
de,token,750,1,0.99,0.99
de,token,750,1,0.93,0.935
de,token,750,1,1,1
de,token,750,2,1,1
de,pos,750,1,0.94,0.943
de,token,750,2,1,1
de,pos,750,1,0.96,0.962
de,token,750,2,1,1
de,token,750,2,0.99,0.99
de,pos,750,1,1,1
de,pos,750,1,1,1
de,token,750,2,0.99,0.99
de,pos,750,1,1,1
de,pos,750,2,1,1
de,syl,750,1,1,1
de,pos,750,2,1,1
de,syl,750,1,1,1
de,pos,750,2,1,1
de,pos,750,2,1,1
de,syl,750,1,1,1
de,syl,750,1,1,1
de,pos,750,2,1,1
de,syl,750,1,1,1
de,syl,750,2,1,1
de,syl,750,2,1,1
de,pos_syl,750,1,1,1
de,pos_syl,750,1,1,1
de,syl,750,2,1,1
de,syl,750,2,1,1
de,pos_syl,750,1,1,1
de,pos_syl,750,1,1,1
de,syl,750,2,1,1
de,pos_syl,750,1,1,1
de,pos_syl,750,2,1,1
de,pos_syl,750,2,1,1
de,pos_syl,750,2,1,1
de,pos_syl,750,2,1,1
de,token,1000,1,1,1
de,pos_syl,750,2,1,1
de,token,1000,1,0.98,0.98
de,token,1000,1,1,1
de,token,1000,1,1,1
de,token,1000,1,1,1
de,token,1000,2,1,1
de,pos,1000,1,1,1
de,token,1000,2,1,1
de,pos,1000,1,1,1
de,token,1000,2,1,1
de,pos,1000,1,1,1
de,token,1000,2,1,1
de,token,1000,2,1,1
de,pos,1000,1,0.99,0.99
de,pos,1000,1,1,1
de,pos,1000,2,1,1
de,syl,1000,1,1,1
de,pos,1000,2,1,1
de,syl,1000,1,1,1
de,pos,1000,2,1,1
de,syl,1000,1,1,1
de,pos,1000,2,1,1
de,syl,1000,1,1,1
de,pos,1000,2,1,1
de,syl,1000,1,1,1
de,syl,1000,2,1,1
de,pos_syl,1000,1,1,1
de,syl,1000,2,1,1
de,syl,1000,2,1,1
de,pos_syl,1000,1,1,1
de,pos_syl,1000,1,1,1
de,syl,1000,2,1,1
de,syl,1000,2,1,1
de,pos_syl,1000,1,1,1
de,pos_syl,1000,1,1,1
de,pos_syl,1000,2,1,1
de,pos_syl,1000,2,1,1
de,pos_syl,1000,2,1,1
de,pos_syl,1000,2,1,1
de,pos_syl,1000,2,1,1
de,token,25,1,0.54,0.641
de,token,25,1,0.53,0.612
de,token,25,1,0.68,0.698
de,token,25,1,0.73,0.743
de,token,25,1,0.78,0.796
de,token,25,2,0.51,0.533
de,token,25,2,0.57,0.538
de,token,25,2,0.46,0.481
de,token,25,2,0.78,0.814
de,pos,25,1,0.53,0.561
de,pos,25,1,0.55,0.579
de,token,25,2,0.49,0.4
de,pos,25,1,0.54,0.54
de,pos,25,1,0.61,0.581
de,pos,25,1,0.68,0.68
de,pos,25,2,0.92,0.925
de,pos,25,2,0.72,0.708
de,pos,25,2,0.84,0.852
de,syl,25,1,0.77,0.768
de,pos,25,2,0.7,0.694
de,syl,25,1,0.59,0.586
de,pos,25,2,0.91,0.913
de,syl,25,1,0.67,0.667
de,syl,25,1,0.74,0.745
de,syl,25,2,0.87,0.874
de,syl,25,1,0.66,0.605
de,syl,25,2,0.51,0.559
de,syl,25,2,0.66,0.653
de,syl,25,2,0.75,0.742
de,syl,25,2,0.61,0.621
de,pos_syl,25,1,0.68,0.704
de,pos_syl,25,1,0.61,0.642
de,pos_syl,25,1,0.6,0.63
de,pos_syl,25,1,0.68,0.673
de,pos_syl,25,1,0.84,0.849
de,pos_syl,25,2,0.91,0.916
de,pos_syl,25,2,0.88,0.882
de,pos_syl,25,2,0.91,0.917
de,pos_syl,25,2,0.89,0.899
de,pos_syl,25,2,0.82,0.836
de,token,50,1,0.73,0.769
de,token,50,1,0.8,0.815
de,token,50,1,0.81,0.822
de,token,50,1,0.85,0.862
de,token,50,1,0.74,0.78
de,token,50,2,0.57,0.547
de,token,50,2,0.46,0.471
de,token,50,2,0.39,0.299
de,pos,50,1,0.63,0.648
de,pos,50,1,0.64,0.625
de,pos,50,1,0.66,0.622
de,token,50,2,0.55,0.536
de,token,50,2,0.51,0.473
de,pos,50,1,0.94,0.938
de,pos,50,1,0.69,0.716
de,pos,50,2,0.9,0.891
de,pos,50,2,0.54,0.558
de,syl,50,1,0.85,0.854
de,pos,50,2,0.91,0.911
de,syl,50,1,0.84,0.849
de,pos,50,2,0.8,0.8
de,syl,50,1,0.58,0.588
de,pos,50,2,0.91,0.917
de,syl,50,2,0.78,0.766
de,syl,50,1,0.79,0.784
de,syl,50,1,0.74,0.764
de,syl,50,2,0.87,0.869
de,syl,50,2,0.84,0.837
de,pos_syl,50,1,0.68,0.709
de,syl,50,2,0.63,0.648
de,syl,50,2,0.82,0.824
de,pos_syl,50,1,0.91,0.913
de,pos_syl,50,1,0.81,0.8
de,pos_syl,50,1,0.88,0.889
de,pos_syl,50,1,0.74,0.768
de,pos_syl,50,2,0.98,0.98
de,pos_syl,50,2,0.9,0.9
de,pos_syl,50,2,0.97,0.971
de,pos_syl,50,2,0.81,0.822
de,pos_syl,50,2,0.91,0.917
de,token,100,1,0.89,0.895
de,token,100,1,0.93,0.929
de,token,100,1,0.89,0.884
de,token,100,1,0.94,0.941
de,token,100,1,0.69,0.726
de,token,100,2,0.7,0.694
de,token,100,2,0.72,0.736
de,pos,100,1,0.71,0.734
de,token,100,2,0.64,0.609
de,pos,100,1,0.96,0.962
de,token,100,2,0.71,0.659
de,pos,100,1,0.88,0.887
de,token,100,2,0.7,0.7
de,pos,100,1,0.82,0.83
de,pos,100,1,0.7,0.717
de,pos,100,2,0.86,0.86
de,pos,100,2,0.97,0.97
de,syl,100,1,0.92,0.922
de,syl,100,1,0.89,0.891
de,pos,100,2,0.95,0.951
de,pos,100,2,0.98,0.98
de,syl,100,1,0.89,0.897
de,syl,100,1,0.88,0.878
de,pos,100,2,0.91,0.914
de,syl,100,2,0.86,0.844
de,syl,100,2,0.93,0.935
de,syl,100,1,0.91,0.905
de,syl,100,2,0.95,0.951
de,pos_syl,100,1,0.94,0.938
de,syl,100,2,0.81,0.826
de,pos_syl,100,1,1,1
de,pos_syl,100,1,0.89,0.895
de,syl,100,2,0.97,0.971
de,pos_syl,100,1,0.97,0.971
de,pos_syl,100,1,0.86,0.87
de,pos_syl,100,2,0.91,0.914
de,pos_syl,100,2,1,1
de,pos_syl,100,2,1,1
de,pos_syl,100,2,0.98,0.98
de,pos_syl,100,2,1,1
de,token,200,1,0.98,0.98
de,token,200,1,0.85,0.839
de,token,200,1,0.91,0.911
de,token,200,1,0.91,0.914
de,token,200,1,0.92,0.925
de,token,200,2,0.92,0.915
de,token,200,2,0.74,0.698
de,pos,200,1,0.88,0.875
de,pos,200,1,0.73,0.765
de,token,200,2,0.81,0.765
de,token,200,2,0.92,0.915
de,pos,200,1,0.91,0.913
de,pos,200,1,0.82,0.827
de,token,200,2,0.88,0.867
de,pos,200,1,0.78,0.756
de,pos,200,2,0.99,0.99
de,pos,200,2,1,1
de,syl,200,1,1,1
de,syl,200,1,1,1
de,pos,200,2,0.97,0.971
de,pos,200,2,1,1
de,syl,200,1,0.99,0.99
de,syl,200,1,1,1
de,pos,200,2,0.98,0.98
de,syl,200,2,0.96,0.962
de,syl,200,2,0.97,0.969
de,syl,200,1,0.99,0.99
de,syl,200,2,0.92,0.925
de,pos_syl,200,1,1,1
de,pos_syl,200,1,0.94,0.943
de,syl,200,2,0.93,0.925
de,pos_syl,200,1,1,1
de,pos_syl,200,1,0.96,0.962
de,syl,200,2,0.99,0.99
de,pos_syl,200,1,0.98,0.98
de,pos_syl,200,2,1,1
de,pos_syl,200,2,0.95,0.947
de,pos_syl,200,2,1,1
de,pos_syl,200,2,1,1
de,pos_syl,200,2,1,1
de,token,300,1,0.91,0.916
de,token,300,1,0.93,0.931
de,token,300,1,0.97,0.971
de,token,300,1,0.94,0.941
de,token,300,1,0.86,0.865
de,token,300,2,0.87,0.866
de,token,300,2,0.77,0.736
de,pos,300,1,0.97,0.97
de,pos,300,1,0.92,0.925
de,token,300,2,0.91,0.901
de,token,300,2,0.65,0.639
de,pos,300,1,0.94,0.939
de,pos,300,1,0.92,0.92
de,token,300,2,0.82,0.78
de,pos,300,1,0.92,0.926
de,pos,300,2,0.98,0.98
de,pos,300,2,1,1
de,syl,300,1,1,1
de,syl,300,1,1,1
de,pos,300,2,0.99,0.99
de,syl,300,1,1,1
de,pos,300,2,1,1
de,syl,300,1,1,1
de,syl,300,2,0.99,0.99
de,syl,300,2,1,1
de,pos,300,2,1,1
de,syl,300,1,0.96,0.958
de,syl,300,2,0.99,0.99
de,pos_syl,300,1,1,1
de,pos_syl,300,1,1,1
de,syl,300,2,1,1
de,pos_syl,300,1,1,1
de,pos_syl,300,1,0.96,0.962
de,syl,300,2,1,1
de,pos_syl,300,1,0.99,0.99
de,pos_syl,300,2,1,1
de,pos_syl,300,2,1,1
de,pos_syl,300,2,1,1
de,pos_syl,300,2,0.99,0.99
de,token,500,1,0.99,0.99
de,pos_syl,300,2,1,1
de,token,500,1,0.94,0.942
de,token,500,1,0.95,0.952
de,token,500,1,0.96,0.962
de,token,500,1,0.95,0.952
de,token,500,2,0.93,0.925
de,token,500,2,0.94,0.939
de,pos,500,1,0.94,0.936
de,token,500,2,0.96,0.959
de,pos,500,1,0.99,0.99
de,token,500,2,0.92,0.913
de,pos,500,1,0.95,0.948
de,pos,500,1,1,1
de,token,500,2,0.95,0.947
de,pos,500,1,0.99,0.99
de,pos,500,2,1,1
de,pos,500,2,1,1
de,syl,500,1,1,1
de,syl,500,1,1,1
de,pos,500,2,1,1
de,pos,500,2,1,1
de,syl,500,1,1,1
de,syl,500,1,1,1
de,pos,500,2,1,1
de,syl,500,1,1,1
de,syl,500,2,1,1
de,syl,500,2,1,1
de,pos_syl,500,1,1,1
de,syl,500,2,1,1
de,syl,500,2,1,1
de,pos_syl,500,1,1,1
de,pos_syl,500,1,1,1
de,pos_syl,500,1,1,1
de,syl,500,2,1,1
de,pos_syl,500,1,1,1
de,pos_syl,500,2,1,1
de,pos_syl,500,2,1,1
de,pos_syl,500,2,1,1
de,pos_syl,500,2,1,1
de,token,750,1,0.98,0.98
de,token,750,1,1,1
de,pos_syl,500,2,1,1
de,token,750,1,0.99,0.99
de,token,750,1,0.96,0.962
de,token,750,1,0.97,0.971
de,token,750,2,0.97,0.969
de,pos,750,1,0.97,0.97
de,token,750,2,1,1
de,pos,750,1,1,1
de,token,750,2,0.99,0.99
de,token,750,2,1,1
de,pos,750,1,0.97,0.971
de,pos,750,1,1,1
de,token,750,2,0.88,0.88
de,pos,750,1,1,1
de,pos,750,2,1,1
de,syl,750,1,1,1
de,pos,750,2,1,1
de,syl,750,1,0.93,0.935
de,pos,750,2,1,1
de,pos,750,2,1,1
de,syl,750,1,1,1
de,syl,750,1,1,1
de,pos,750,2,1,1
de,syl,750,1,1,1
de,syl,750,2,1,1
de,syl,750,2,1,1
de,pos_syl,750,1,1,1
de,pos_syl,750,1,1,1
de,syl,750,2,0.94,0.943
de,syl,750,2,1,1
de,pos_syl,750,1,1,1
de,pos_syl,750,1,1,1
de,syl,750,2,1,1
de,pos_syl,750,1,1,1
de,pos_syl,750,2,1,1
de,pos_syl,750,2,1,1
de,pos_syl,750,2,1,1
de,pos_syl,750,2,1,1
de,token,1000,1,1,1
de,token,1000,1,0.99,0.99
de,token,1000,1,1,1
de,pos_syl,750,2,1,1
de,token,1000,1,1,1
de,token,1000,1,1,1
de,token,1000,2,0.99,0.99
de,pos,1000,1,1,1
de,token,1000,2,1,1
de,pos,1000,1,1,1
de,token,1000,2,1,1
de,pos,1000,1,1,1
de,token,1000,2,1,1
de,pos,1000,1,1,1
de,token,1000,2,1,1
de,pos,1000,1,1,1
de,pos,1000,2,1,1
de,syl,1000,1,1,1
de,pos,1000,2,1,1
de,syl,1000,1,1,1
de,pos,1000,2,1,1
de,syl,1000,1,1,1
de,pos,1000,2,1,1
de,syl,1000,1,1,1
de,pos,1000,2,1,1
de,syl,1000,1,1,1
de,syl,1000,2,1,1
de,pos_syl,1000,1,1,1
de,syl,1000,2,1,1
de,syl,1000,2,1,1
de,syl,1000,2,1,1
de,pos_syl,1000,1,1,1
de,pos_syl,1000,1,1,1
de,pos_syl,1000,1,1,1
de,syl,1000,2,1,1
de,pos_syl,1000,1,1,1
de,pos_syl,1000,2,1,1
de,pos_syl,1000,2,1,1
de,pos_syl,1000,2,1,1
de,pos_syl,1000,2,1,1
de,pos_syl,1000,2,1,1
de,token,25,1,0.51,0.574
de,token,25,1,0.9,0.898
de,token,25,1,0.56,0.627
de,token,25,1,0.63,0.648
de,token,25,1,0.65,0.711
de,token,25,2,0.7,0.595
de,token,25,2,0.75,0.737
de,token,25,2,0.58,0.543
de,token,25,2,0.66,0.575
de,token,25,2,0.49,0.541
de,pos,25,1,0.69,0.667
de,pos,25,1,0.77,0.768
de,pos,25,1,0.48,0.5
de,pos,25,1,0.63,0.667
de,pos,25,1,0.75,0.742
de,pos,25,2,0.8,0.821
de,pos,25,2,0.72,0.702
de,pos,25,2,0.88,0.885
de,pos,25,2,0.78,0.792
de,pos,25,2,0.75,0.762
de,syl,25,1,0.74,0.74
de,syl,25,1,0.71,0.713
de,syl,25,1,0.89,0.889
de,syl,25,1,0.69,0.68
de,syl,25,1,0.75,0.752
de,syl,25,2,0.75,0.737
de,syl,25,2,0.82,0.824
de,syl,25,2,0.69,0.71
de,syl,25,2,0.69,0.716
de,syl,25,2,0.76,0.745
de,pos_syl,25,1,0.65,0.624
de,pos_syl,25,1,0.75,0.747
de,pos_syl,25,1,0.59,0.637
de,pos_syl,25,1,0.73,0.733
de,pos_syl,25,1,0.57,0.613
de,pos_syl,25,2,0.91,0.914
de,pos_syl,25,2,0.9,0.894
de,pos_syl,25,2,0.83,0.835
de,pos_syl,25,2,0.91,0.911
de,pos_syl,25,2,0.9,0.898
de,token,50,1,0.74,0.75
de,token,50,1,0.75,0.771
de,token,50,1,0.7,0.758
de,token,50,1,0.92,0.926
de,token,50,1,0.81,0.838
de,token,50,2,0.6,0.583
de,token,50,2,0.61,0.629
de,token,50,2,0.47,0.485
de,pos,50,1,0.64,0.647
de,token,50,2,0.72,0.696
de,token,50,2,0.77,0.768
de,pos,50,1,0.76,0.786
de,pos,50,1,0.65,0.696
de,pos,50,1,0.75,0.737
de,pos,50,1,0.72,0.736
de,pos,50,2,0.9,0.902
de,syl,50,1,0.61,0.598
de,pos,50,2,0.9,0.906
de,pos,50,2,0.75,0.747
de,syl,50,1,0.92,0.922
de,pos,50,2,0.9,0.896
de,pos,50,2,0.77,0.758
de,syl,50,1,0.86,0.863
de,syl,50,1,1,1
de,syl,50,2,0.82,0.804
de,syl,50,1,0.75,0.752
de,syl,50,2,0.79,0.792
de,syl,50,2,0.71,0.718
de,pos_syl,50,1,0.74,0.759
de,syl,50,2,0.76,0.769
de,syl,50,2,0.81,0.832
de,pos_syl,50,1,0.9,0.904
de,pos_syl,50,1,0.8,0.787
de,pos_syl,50,1,0.75,0.775
de,pos_syl,50,1,0.88,0.878
de,pos_syl,50,2,0.98,0.98
de,pos_syl,50,2,0.99,0.99
de,pos_syl,50,2,0.98,0.98
de,pos_syl,50,2,0.83,0.852
de,pos_syl,50,2,0.94,0.941
de,token,100,1,0.84,0.852
de,token,100,1,0.95,0.95
de,token,100,1,0.94,0.94
de,token,100,1,0.78,0.792
de,token,100,1,0.94,0.94
de,token,100,2,0.72,0.682
de,token,100,2,0.59,0.586
de,pos,100,1,0.77,0.753
de,token,100,2,0.7,0.674
de,pos,100,1,0.83,0.821
de,token,100,2,0.6,0.524
de,pos,100,1,0.74,0.735
de,pos,100,1,0.89,0.897
de,token,100,2,0.75,0.747
de,pos,100,1,0.94,0.936
de,pos,100,2,0.93,0.935
de,syl,100,1,1,1
de,pos,100,2,0.94,0.938
de,pos,100,2,0.95,0.949
de,syl,100,1,0.93,0.925
de,syl,100,1,0.95,0.948
de,pos,100,2,0.99,0.99
de,syl,100,1,0.84,0.852
de,syl,100,2,0.91,0.916
de,pos,100,2,0.95,0.947
de,syl,100,2,0.94,0.936
de,syl,100,2,0.95,0.947
de,syl,100,1,0.93,0.935
de,pos_syl,100,1,0.94,0.941
de,syl,100,2,0.98,0.98
de,pos_syl,100,1,0.96,0.958
de,pos_syl,100,1,0.92,0.923
de,syl,100,2,0.81,0.819
de,pos_syl,100,1,0.83,0.841
de,pos_syl,100,1,0.98,0.98
de,pos_syl,100,2,1,1
de,pos_syl,100,2,1,1
de,pos_syl,100,2,1,1
de,pos_syl,100,2,1,1
de,token,200,1,0.9,0.898
de,pos_syl,100,2,1,1
de,token,200,1,0.84,0.84
de,token,200,1,1,1
de,token,200,1,0.85,0.848
de,token,200,1,0.69,0.659
de,token,200,2,0.83,0.805
de,pos,200,1,0.98,0.98
de,token,200,2,0.61,0.552
de,token,200,2,0.84,0.833
de,pos,200,1,0.83,0.817
de,token,200,2,0.84,0.833
de,pos,200,1,0.98,0.98
de,pos,200,1,0.87,0.876
de,token,200,2,0.8,0.773
de,pos,200,1,0.8,0.804
de,pos,200,2,0.96,0.961
de,syl,200,1,0.95,0.952
de,pos,200,2,1,1
de,pos,200,2,1,1
de,syl,200,1,1,1
de,pos,200,2,1,1
de,syl,200,1,1,1
de,syl,200,1,1,1
de,syl,200,2,0.87,0.874
de,pos,200,2,0.99,0.99
de,pos_syl,200,1,1,1
de,syl,200,2,1,1
de,syl,200,2,0.99,0.99
de,syl,200,1,0.95,0.951
de,syl,200,2,0.97,0.97
de,pos_syl,200,1,0.96,0.961
de,pos_syl,200,1,0.99,0.99
de,pos_syl,200,1,1,1
de,syl,200,2,0.97,0.971
de,pos_syl,200,1,0.93,0.925
de,pos_syl,200,2,1,1
de,pos_syl,200,2,1,1
de,pos_syl,200,2,1,1
de,pos_syl,200,2,1,1
de,token,300,1,0.92,0.926
de,pos_syl,200,2,1,1
de,token,300,1,0.89,0.879
de,token,300,1,0.84,0.849
de,token,300,1,0.92,0.918
de,token,300,1,0.88,0.887
de,token,300,2,0.94,0.939
de,pos,300,1,0.83,0.838
de,token,300,2,0.9,0.894
de,token,300,2,0.88,0.872
de,pos,300,1,0.89,0.893
de,pos,300,1,0.99,0.99
de,token,300,2,0.76,0.739
de,pos,300,1,0.98,0.98
de,token,300,2,0.92,0.923
de,pos,300,1,0.96,0.958
de,pos,300,2,0.99,0.99
de,syl,300,1,0.95,0.952
de,pos,300,2,1,1
de,pos,300,2,1,1
de,syl,300,1,1,1
de,syl,300,1,1,1
de,pos,300,2,1,1
de,syl,300,1,1,1
de,syl,300,2,0.95,0.952
de,pos,300,2,1,1
de,syl,300,1,1,1
de,pos_syl,300,1,1,1
de,syl,300,2,1,1
de,syl,300,2,1,1
de,syl,300,2,1,1
de,pos_syl,300,1,1,1
de,pos_syl,300,1,0.95,0.952
de,pos_syl,300,1,1,1
de,syl,300,2,0.97,0.971
de,pos_syl,300,1,1,1
de,pos_syl,300,2,1,1
de,pos_syl,300,2,1,1
de,pos_syl,300,2,1,1
de,pos_syl,300,2,1,1
de,pos_syl,300,2,1,1
de,token,500,1,0.89,0.899
de,token,500,1,0.89,0.887
de,token,500,1,0.92,0.926
de,token,500,1,0.89,0.893
de,token,500,1,1,1
de,token,500,2,0.98,0.98
de,pos,500,1,0.9,0.9
de,token,500,2,0.85,0.831
de,token,500,2,0.96,0.958
de,pos,500,1,0.99,0.99
de,pos,500,1,1,1
de,token,500,2,0.92,0.913
de,pos,500,1,0.98,0.98
de,token,500,2,0.9,0.896
de,pos,500,1,0.93,0.931
de,pos,500,2,1,1
de,syl,500,1,1,1
de,pos,500,2,1,1
de,pos,500,2,1,1
de,syl,500,1,1,1
de,syl,500,1,1,1
de,pos,500,2,1,1
de,syl,500,1,1,1
de,pos,500,2,1,1
de,syl,500,1,1,1
de,syl,500,2,1,1
de,syl,500,2,1,1
de,syl,500,2,0.97,0.971
de,pos_syl,500,1,1,1
de,pos_syl,500,1,1,1
de,syl,500,2,1,1
de,pos_syl,500,1,1,1
de,pos_syl,500,1,1,1
de,syl,500,2,1,1
de,pos_syl,500,1,1,1
de,pos_syl,500,2,1,1
de,pos_syl,500,2,1,1
de,pos_syl,500,2,1,1
de,pos_syl,500,2,1,1
de,token,750,1,1,1
de,pos_syl,500,2,1,1
de,token,750,1,1,1
de,token,750,1,1,1
de,token,750,1,0.95,0.952
de,token,750,1,0.99,0.99
de,token,750,2,1,1
de,pos,750,1,1,1
de,token,750,2,0.93,0.926
de,pos,750,1,0.99,0.99
de,token,750,2,0.99,0.99
de,token,750,2,0.93,0.926
de,pos,750,1,1,1
de,pos,750,1,1,1
de,token,750,2,0.99,0.99
de,pos,750,1,1,1
de,pos,750,2,1,1
de,syl,750,1,1,1
de,pos,750,2,1,1
de,syl,750,1,1,1
de,pos,750,2,1,1
de,pos,750,2,1,1
de,syl,750,1,1,1
de,syl,750,1,0.96,0.962
de,pos,750,2,1,1
de,syl,750,1,1,1
de,syl,750,2,1,1
de,syl,750,2,1,1
de,pos_syl,750,1,1,1
de,pos_syl,750,1,1,1
de,syl,750,2,1,1
de,syl,750,2,1,1
de,pos_syl,750,1,1,1
de,pos_syl,750,1,1,1
de,syl,750,2,1,1
de,pos_syl,750,1,1,1
de,pos_syl,750,2,1,1
de,pos_syl,750,2,1,1
de,pos_syl,750,2,1,1
de,pos_syl,750,2,1,1
de,token,1000,1,1,1
de,pos_syl,750,2,1,1
de,token,1000,1,1,1
de,token,1000,1,1,1
de,token,1000,1,1,1
de,token,1000,1,1,1
de,token,1000,2,1,1
de,token,1000,2,1,1
de,pos,1000,1,0.99,0.99
de,pos,1000,1,1,1
de,token,1000,2,1,1
de,token,1000,2,1,1
de,pos,1000,1,1,1
de,pos,1000,1,1,1
de,token,1000,2,0.98,0.98
de,pos,1000,1,1,1
de,pos,1000,2,1,1
de,pos,1000,2,1,1
de,syl,1000,1,1,1
de,syl,1000,1,1,1
de,pos,1000,2,1,1
de,pos,1000,2,1,1
de,syl,1000,1,1,1
de,syl,1000,1,1,1
de,pos,1000,2,1,1
de,syl,1000,1,1,1
de,syl,1000,2,1,1
de,syl,1000,2,1,1
de,pos_syl,1000,1,1,1
de,syl,1000,2,1,1
de,pos_syl,1000,1,1,1
de,syl,1000,2,1,1
de,pos_syl,1000,1,1,1
de,pos_syl,1000,1,1,1
de,syl,1000,2,1,1
de,pos_syl,1000,1,1,1
de,pos_syl,1000,2,1,1
de,pos_syl,1000,2,1,1
de,pos_syl,1000,2,1,1
de,pos_syl,1000,2,1,1
de,pos_syl,1000,2,1,1
de,token,25,1,0.76,0.789
de,token,25,1,0.74,0.783
de,token,25,1,0.66,0.707
de,token,25,1,0.71,0.729
de,token,25,1,0.84,0.852
de,token,25,2,0.49,0.523
de,pos,25,1,0.84,0.849
de,token,25,2,0.53,0.175
de,token,25,2,0.65,0.706
de,token,25,2,0.48,0.257
de,pos,25,1,0.4,0.375
de,pos,25,1,0.63,0.673
de,token,25,2,0.42,0.525
de,pos,25,1,0.61,0.655
de,pos,25,2,0.73,0.757
de,pos,25,1,0.73,0.752
de,syl,25,1,0.74,0.729
de,pos,25,2,0.89,0.884
de,pos,25,2,0.7,0.706
de,pos,25,2,0.79,0.796
de,syl,25,2,0.56,0.56
de,syl,25,1,0.84,0.855
de,syl,25,1,0.87,0.871
de,pos,25,2,0.82,0.827
de,syl,25,1,0.53,0.535
de,pos_syl,25,1,0.83,0.832
de,syl,25,2,0.68,0.714
de,syl,25,2,0.69,0.699
de,syl,25,1,0.84,0.843
de,syl,25,2,0.63,0.619
de,pos_syl,25,1,0.89,0.891
de,pos_syl,25,1,0.75,0.762
de,syl,25,2,0.67,0.66
de,pos_syl,25,1,0.58,0.632
de,pos_syl,25,1,0.81,0.819
de,pos_syl,25,2,0.88,0.88
de,pos_syl,25,2,0.96,0.962
de,pos_syl,25,2,0.93,0.933
de,pos_syl,25,2,0.83,0.847
de,pos_syl,25,2,0.78,0.776
de,token,50,1,0.87,0.876
de,token,50,1,0.84,0.84
de,token,50,1,0.9,0.902
de,token,50,1,0.84,0.86
de,token,50,1,0.75,0.779
de,token,50,2,0.63,0.619
de,pos,50,1,0.56,0.6
de,token,50,2,0.4,0.375
de,pos,50,1,0.69,0.71
de,token,50,2,0.74,0.729
de,token,50,2,0.31,0.225
de,token,50,2,0.54,0.558
de,pos,50,1,0.77,0.777
de,pos,50,1,0.69,0.687
de,pos,50,2,0.84,0.837
de,pos,50,1,0.61,0.672
de,syl,50,1,0.79,0.784
de,pos,50,2,0.88,0.891
de,syl,50,2,0.79,0.804
de,syl,50,1,0.66,0.646
de,pos,50,2,0.86,0.863
de,pos,50,2,0.81,0.787
de,pos,50,2,0.83,0.832
de,syl,50,1,0.87,0.851
de,syl,50,1,0.89,0.891
de,pos_syl,50,1,0.74,0.759
de,syl,50,2,0.8,0.818
de,syl,50,1,0.72,0.708
de,syl,50,2,0.9,0.894
de,syl,50,2,0.81,0.808
de,pos_syl,50,1,0.74,0.717
de,syl,50,2,0.72,0.741
de,pos_syl,50,1,0.8,0.773
de,pos_syl,50,1,0.73,0.716
de,pos_syl,50,1,0.72,0.736
de,pos_syl,50,2,0.93,0.933
de,pos_syl,50,2,0.91,0.916
de,pos_syl,50,2,0.98,0.98
de,pos_syl,50,2,0.97,0.971
de,token,100,1,0.89,0.887
de,pos_syl,50,2,0.91,0.914
de,token,100,1,0.81,0.838
de,token,100,1,0.82,0.836
de,token,100,1,0.82,0.83
de,token,100,1,0.84,0.843
de,token,100,2,0.86,0.868
de,pos,100,1,0.86,0.857
de,token,100,2,0.64,0.633
de,token,100,2,0.6,0.615
de,token,100,2,0.86,0.848
de,pos,100,1,0.82,0.816
de,pos,100,1,0.57,0.626
de,pos,100,1,0.84,0.846
de,token,100,2,0.85,0.854
de,pos,100,2,0.94,0.938
de,syl,100,1,0.84,0.83
de,pos,100,1,0.72,0.736
de,pos,100,2,0.96,0.962
de,pos,100,2,0.86,0.868
de,syl,100,2,0.88,0.889
de,syl,100,1,0.74,0.768
de,syl,100,1,0.88,0.872
de,pos,100,2,0.93,0.929
de,syl,100,1,0.91,0.905
de,pos_syl,100,1,0.9,0.904
de,pos,100,2,0.89,0.901
de,syl,100,2,0.82,0.839
de,syl,100,2,0.92,0.926
de,syl,100,1,0.89,0.887
de,syl,100,2,0.91,0.907
de,pos_syl,100,1,0.86,0.868
de,pos_syl,100,1,0.99,0.99
de,syl,100,2,0.77,0.753
de,pos_syl,100,1,1,1
de,pos_syl,100,1,0.74,0.745
de,pos_syl,100,2,0.98,0.98
de,pos_syl,100,2,0.98,0.98
de,pos_syl,100,2,0.99,0.99
de,pos_syl,100,2,0.99,0.99
de,token,200,1,0.86,0.857
de,pos_syl,100,2,1,1
de,token,200,1,0.94,0.938
de,token,200,1,0.92,0.92
de,token,200,1,0.93,0.931
de,token,200,1,0.92,0.923
de,token,200,2,0.73,0.703
de,pos,200,1,0.95,0.952
de,token,200,2,0.63,0.602
de,token,200,2,0.8,0.8
de,pos,200,1,0.77,0.758
de,pos,200,1,0.77,0.785
de,token,200,2,0.77,0.723
de,pos,200,1,0.81,0.822
de,token,200,2,0.78,0.761
de,pos,200,2,1,1
de,pos,200,1,0.9,0.896
de,syl,200,1,1,1
de,pos,200,2,1,1
de,pos,200,2,0.96,0.961
de,syl,200,1,0.9,0.891
de,syl,200,1,1,1
de,pos,200,2,0.99,0.99
de,syl,200,2,0.99,0.99
de,syl,200,1,0.89,0.897
de,pos,200,2,1,1
de,pos_syl,200,1,1,1
de,syl,200,1,1,1
de,syl,200,2,0.83,0.832
de,syl,200,2,1,1
de,pos_syl,200,1,0.97,0.97
de,syl,200,2,0.93,0.929
de,pos_syl,200,1,0.98,0.98
de,syl,200,2,1,1
de,pos_syl,200,1,0.99,0.99
de,pos_syl,200,1,0.93,0.929
de,pos_syl,200,2,1,1
de,pos_syl,200,2,1,1
de,pos_syl,200,2,1,1
de,pos_syl,200,2,0.99,0.99
de,pos_syl,200,2,1,1
de,token,300,1,0.74,0.711
de,token,300,1,0.94,0.941
de,token,300,1,0.88,0.875
de,token,300,1,0.9,0.909
de,token,300,1,0.99,0.99
de,token,300,2,0.64,0.591
de,pos,300,1,0.96,0.962
de,token,300,2,0.9,0.896
de,token,300,2,0.86,0.844
de,pos,300,1,0.93,0.926
de,pos,300,1,0.97,0.969
de,token,300,2,0.85,0.845
de,pos,300,1,1,1
de,token,300,2,0.9,0.894
de,pos,300,1,0.93,0.935
de,pos,300,2,1,1
de,syl,300,1,0.99,0.99
de,pos,300,2,1,1
de,pos,300,2,1,1
de,syl,300,1,0.9,0.896
de,pos,300,2,1,1
de,syl,300,1,1,1
de,syl,300,1,1,1
de,pos,300,2,1,1
de,syl,300,2,0.96,0.96
de,syl,300,1,1,1
de,pos_syl,300,1,1,1
de,syl,300,2,0.94,0.943
de,syl,300,2,0.99,0.99
de,syl,300,2,1,1
de,pos_syl,300,1,0.94,0.942
de,pos_syl,300,1,1,1
de,syl,300,2,1,1
de,pos_syl,300,1,1,1
de,pos_syl,300,1,0.96,0.962
de,pos_syl,300,2,1,1
de,pos_syl,300,2,1,1
de,pos_syl,300,2,1,1
de,pos_syl,300,2,1,1
de,pos_syl,300,2,1,1
de,token,500,1,0.99,0.99
de,token,500,1,0.97,0.971
de,token,500,1,0.9,0.9
de,token,500,1,0.94,0.94
de,token,500,1,1,1
de,token,500,2,0.88,0.88
de,pos,500,1,0.85,0.851
de,token,500,2,0.97,0.97
de,token,500,2,0.9,0.898
de,pos,500,1,0.92,0.922
de,token,500,2,1,1
de,pos,500,1,0.93,0.929
de,pos,500,1,1,1
de,token,500,2,0.91,0.914
de,pos,500,1,0.98,0.98
de,pos,500,2,1,1
de,syl,500,1,1,1
de,pos,500,2,1,1
de,syl,500,1,1,1
de,pos,500,2,1,1
de,pos,500,2,1,1
de,syl,500,1,1,1
de,syl,500,1,1,1
de,pos,500,2,1,1
de,syl,500,1,1,1
de,syl,500,2,1,1
de,syl,500,2,1,1
de,pos_syl,500,1,1,1
de,syl,500,2,0.99,0.99
de,syl,500,2,1,1
de,pos_syl,500,1,1,1
de,pos_syl,500,1,1,1
de,pos_syl,500,1,1,1
de,syl,500,2,1,1
de,pos_syl,500,1,1,1
de,pos_syl,500,2,1,1
de,pos_syl,500,2,1,1
de,pos_syl,500,2,1,1
de,pos_syl,500,2,1,1
de,pos_syl,500,2,1,1
de,token,750,1,0.99,0.99
de,token,750,1,1,1
de,token,750,1,0.99,0.99
de,token,750,1,1,1
de,token,750,1,1,1
de,token,750,2,0.94,0.936
de,pos,750,1,1,1
de,token,750,2,0.99,0.99
de,token,750,2,1,1
de,token,750,2,0.99,0.99
de,pos,750,1,1,1
de,pos,750,1,1,1
de,pos,750,1,1,1
de,token,750,2,0.94,0.938
de,pos,750,1,0.96,0.962
de,pos,750,2,1,1
de,syl,750,1,1,1
de,pos,750,2,1,1
de,pos,750,2,1,1
de,pos,750,2,1,1
de,syl,750,1,1,1
de,syl,750,1,1,1
de,syl,750,1,1,1
de,pos,750,2,1,1
de,syl,750,1,1,1
de,syl,750,2,1,1
de,syl,750,2,1,1
de,pos_syl,750,1,1,1
de,syl,750,2,1,1
de,syl,750,2,1,1
de,pos_syl,750,1,1,1
de,pos_syl,750,1,1,1
de,pos_syl,750,1,1,1
de,syl,750,2,1,1
de,pos_syl,750,1,1,1
de,pos_syl,750,2,1,1
de,pos_syl,750,2,1,1
de,pos_syl,750,2,1,1
de,pos_syl,750,2,1,1
de,pos_syl,750,2,1,1
de,token,1000,1,1,1
de,token,1000,1,0.99,0.99
de,token,1000,1,0.99,0.99
de,token,1000,1,1,1
de,token,1000,1,1,1
de,token,1000,2,1,1
de,token,1000,2,1,1
de,token,1000,2,1,1
de,token,1000,2,0.97,0.969
de,pos,1000,1,1,1
de,pos,1000,1,1,1
de,pos,1000,1,1,1
de,pos,1000,1,1,1
de,token,1000,2,0.97,0.97
de,pos,1000,1,1,1
de,pos,1000,2,1,1
de,pos,1000,2,1,1
de,syl,1000,1,1,1
de,pos,1000,2,1,1
de,pos,1000,2,1,1
de,syl,1000,1,1,1
de,syl,1000,1,1,1
de,syl,1000,1,1,1
de,pos,1000,2,1,1
de,syl,1000,1,1,1
de,syl,1000,2,1,1
de,syl,1000,2,1,1
de,syl,1000,2,1,1
de,syl,1000,2,1,1
de,pos_syl,1000,1,1,1
de,pos_syl,1000,1,1,1
de,pos_syl,1000,1,1,1
de,pos_syl,1000,1,1,1
de,syl,1000,2,1,1
de,pos_syl,1000,1,1,1
de,pos_syl,1000,2,1,1
de,pos_syl,1000,2,1,1
de,pos_syl,1000,2,1,1
de,pos_syl,1000,2,1,1
de,pos_syl,1000,2,1,1
de,token,25,1,0.74,0.768
de,token,25,1,0.63,0.648
de,token,25,1,0.78,0.814
de,token,25,1,0.58,0.638
de,token,25,1,0.77,0.81
de,token,25,2,0.43,0.467
de,token,25,2,0.47,0.539
de,token,25,2,0.64,0.64
de,token,25,2,0.46,0.308
de,token,25,2,0.65,0.679
de,pos,25,1,0.77,0.753
de,pos,25,1,0.49,0.549
de,pos,25,1,0.7,0.7
de,pos,25,1,0.86,0.865
de,pos,25,1,0.44,0.5
de,pos,25,2,0.75,0.762
de,pos,25,2,0.74,0.772
de,pos,25,2,0.88,0.878
de,pos,25,2,0.93,0.932
de,pos,25,2,0.79,0.796
de,syl,25,1,0.6,0.655
de,syl,25,1,0.73,0.722
de,syl,25,1,0.58,0.65
de,syl,25,1,0.74,0.735
de,syl,25,1,0.64,0.66
de,syl,25,2,0.73,0.722
de,syl,25,2,0.95,0.948
de,syl,25,2,0.86,0.868
de,syl,25,2,0.61,0.636
de,syl,25,2,0.62,0.612
de,pos_syl,25,1,0.83,0.821
de,pos_syl,25,1,0.87,0.874
de,pos_syl,25,1,0.65,0.69
de,pos_syl,25,1,0.57,0.598
de,pos_syl,25,1,0.67,0.673
de,pos_syl,25,2,0.87,0.866
de,pos_syl,25,2,1,1
de,pos_syl,25,2,0.84,0.843
de,pos_syl,25,2,0.9,0.9
de,pos_syl,25,2,0.92,0.92
de,token,50,1,0.83,0.852
de,token,50,1,0.78,0.81
de,token,50,1,0.66,0.707
de,token,50,1,0.97,0.971
de,token,50,1,0.84,0.86
de,token,50,2,0.49,0.452
de,token,50,2,0.45,0.444
de,pos,50,1,0.73,0.722
de,token,50,2,0.71,0.734
de,token,50,2,0.6,0.583
de,token,50,2,0.6,0.565
de,pos,50,1,0.4,0.4
de,pos,50,1,0.84,0.855
de,pos,50,1,0.6,0.583
de,pos,50,1,0.83,0.838
de,pos,50,2,0.68,0.652
de,pos,50,2,0.79,0.774
de,syl,50,1,0.75,0.762
de,pos,50,2,1,1
de,pos,50,2,0.75,0.752
de,syl,50,1,0.93,0.926
de,pos,50,2,0.82,0.833
de,syl,50,1,0.56,0.542
de,syl,50,1,0.81,0.829
de,syl,50,1,0.76,0.75
de,syl,50,2,0.85,0.867
de,syl,50,2,0.82,0.83
de,syl,50,2,0.82,0.809
de,syl,50,2,0.81,0.812
de,syl,50,2,0.74,0.74
de,pos_syl,50,1,0.86,0.865
de,pos_syl,50,1,0.79,0.807
de,pos_syl,50,1,0.7,0.717
de,pos_syl,50,1,0.88,0.88
de,pos_syl,50,1,0.9,0.907
de,pos_syl,50,2,0.9,0.904
de,pos_syl,50,2,0.93,0.931
de,pos_syl,50,2,1,1
de,pos_syl,50,2,0.9,0.906
de,pos_syl,50,2,0.75,0.762
de,token,100,1,0.95,0.948
de,token,100,1,0.86,0.86
de,token,100,1,0.88,0.875
de,token,100,1,0.94,0.941
de,token,100,1,0.92,0.925
de,token,100,2,0.71,0.707
de,token,100,2,0.63,0.648
de,pos,100,1,0.72,0.745
de,pos,100,1,0.72,0.745
de,token,100,2,0.8,0.778
de,token,100,2,0.61,0.552
de,token,100,2,0.73,0.727
de,pos,100,1,0.86,0.868
de,pos,100,1,0.78,0.776
de,pos,100,1,0.91,0.909
de,pos,100,2,0.94,0.943
de,pos,100,2,0.99,0.99
de,syl,100,1,0.91,0.907
de,syl,100,1,0.89,0.882
de,pos,100,2,0.9,0.898
de,pos,100,2,0.92,0.922
de,syl,100,1,0.91,0.917
de,pos,100,2,0.99,0.99
de,syl,100,2,0.94,0.94
de,syl,100,1,1,1
de,syl,100,2,0.99,0.99
de,syl,100,1,0.89,0.893
de,pos_syl,100,1,0.9,0.898
de,syl,100,2,0.8,0.815
de,pos_syl,100,1,0.82,0.809
de,syl,100,2,0.97,0.971
de,syl,100,2,0.84,0.837
de,pos_syl,100,1,0.89,0.897
de,pos_syl,100,1,0.94,0.943
de,pos_syl,100,1,0.93,0.933
de,pos_syl,100,2,0.98,0.98
de,pos_syl,100,2,1,1
de,pos_syl,100,2,0.99,0.99
de,pos_syl,100,2,1,1
de,pos_syl,100,2,1,1
de,token,200,1,0.96,0.96
de,token,200,1,0.96,0.958
de,token,200,1,0.86,0.86
de,token,200,1,0.94,0.938
de,token,200,1,0.91,0.911
de,token,200,2,0.63,0.626
de,token,200,2,0.76,0.733
de,pos,200,1,0.87,0.869
de,pos,200,1,0.94,0.936
de,token,200,2,0.7,0.659
de,token,200,2,0.64,0.64
de,token,200,2,0.82,0.804
de,pos,200,1,0.84,0.833
de,pos,200,1,0.96,0.958
de,pos,200,1,0.78,0.796
de,pos,200,2,0.95,0.949
de,pos,200,2,1,1
de,syl,200,1,1,1
de,syl,200,1,0.9,0.898
de,pos,200,2,1,1
de,pos,200,2,0.97,0.97
de,syl,200,1,1,1
de,syl,200,1,0.85,0.839
de,pos,200,2,0.96,0.962
de,syl,200,1,1,1
de,syl,200,2,0.99,0.99
de,syl,200,2,0.98,0.98
de,pos_syl,200,1,0.95,0.947
de,syl,200,2,0.93,0.935
de,syl,200,2,0.94,0.941
de,pos_syl,200,1,0.96,0.962
de,syl,200,2,0.96,0.962
de,pos_syl,200,1,0.97,0.97
de,pos_syl,200,1,1,1
de,pos_syl,200,1,0.86,0.857
de,pos_syl,200,2,1,1
de,pos_syl,200,2,0.97,0.969
de,pos_syl,200,2,1,1
de,pos_syl,200,2,0.99,0.99
de,pos_syl,200,2,1,1
de,token,300,1,0.84,0.83
de,token,300,1,0.89,0.891
de,token,300,1,0.95,0.948
de,token,300,1,0.75,0.786
de,token,300,1,0.93,0.933
de,token,300,2,0.79,0.753
de,token,300,2,0.83,0.821
de,pos,300,1,0.93,0.935
de,pos,300,1,0.86,0.863
de,token,300,2,0.79,0.769
de,token,300,2,0.91,0.905
de,pos,300,1,1,1
de,pos,300,1,0.97,0.97
de,token,300,2,0.95,0.948
de,pos,300,1,0.74,0.74
de,pos,300,2,0.98,0.98
de,pos,300,2,1,1
de,syl,300,1,1,1
de,syl,300,1,1,1
de,pos,300,2,1,1
de,pos,300,2,1,1
de,syl,300,1,0.97,0.971
de,syl,300,1,1,1
de,pos,300,2,0.95,0.949
de,syl,300,1,0.98,0.98
de,syl,300,2,1,1
de,syl,300,2,1,1
de,syl,300,2,0.97,0.971
de,syl,300,2,1,1
de,pos_syl,300,1,1,1
de,pos_syl,300,1,1,1
de,pos_syl,300,1,1,1
de,pos_syl,300,1,1,1
de,syl,300,2,0.98,0.98
de,pos_syl,300,1,0.96,0.962
de,pos_syl,300,2,1,1
de,pos_syl,300,2,1,1
de,pos_syl,300,2,1,1
de,pos_syl,300,2,1,1
de,pos_syl,300,2,1,1
de,token,500,1,0.93,0.932
de,token,500,1,0.97,0.971
de,token,500,1,0.94,0.939
de,token,500,1,0.91,0.914
de,token,500,1,0.92,0.926
de,token,500,2,0.91,0.905
de,token,500,2,0.95,0.948
de,pos,500,1,0.94,0.941
de,pos,500,1,1,1
de,token,500,2,0.9,0.894
de,token,500,2,0.95,0.952
de,pos,500,1,0.92,0.923
de,pos,500,1,0.88,0.882
de,token,500,2,0.9,0.889
de,pos,500,1,0.99,0.99
de,pos,500,2,1,1
de,pos,500,2,1,1
de,syl,500,1,1,1
de,syl,500,1,1,1
de,pos,500,2,1,1
de,pos,500,2,1,1
de,syl,500,1,1,1
de,syl,500,1,1,1
de,pos,500,2,1,1
de,syl,500,1,1,1
de,syl,500,2,1,1
de,syl,500,2,0.99,0.99
de,pos_syl,500,1,1,1
de,syl,500,2,1,1
de,pos_syl,500,1,1,1
de,syl,500,2,1,1
de,pos_syl,500,1,1,1
de,pos_syl,500,1,0.99,0.99
de,syl,500,2,1,1
de,pos_syl,500,1,1,1
de,pos_syl,500,2,1,1
de,pos_syl,500,2,1,1
de,pos_syl,500,2,1,1
de,pos_syl,500,2,1,1
de,pos_syl,500,2,1,1
de,token,750,1,1,1
de,token,750,1,0.92,0.92
de,token,750,1,1,1
de,token,750,1,0.99,0.99
de,token,750,1,0.99,0.99
de,token,750,2,0.99,0.99
de,token,750,2,0.95,0.948
de,pos,750,1,0.97,0.97
de,pos,750,1,1,1
de,token,750,2,0.96,0.958
de,token,750,2,0.99,0.99
de,pos,750,1,1,1
de,pos,750,1,0.94,0.942
de,token,750,2,1,1
de,pos,750,1,0.95,0.948
de,pos,750,2,1,1
de,pos,750,2,1,1
de,pos,750,2,1,1
de,syl,750,1,1,1
de,syl,750,1,1,1
de,syl,750,1,1,1
de,pos,750,2,1,1
de,syl,750,1,1,1
de,pos,750,2,1,1
de,syl,750,1,1,1
de,syl,750,2,1,1
de,syl,750,2,1,1
de,syl,750,2,1,1
de,pos_syl,750,1,1,1
de,syl,750,2,1,1
de,pos_syl,750,1,1,1
de,pos_syl,750,1,1,1
de,pos_syl,750,1,1,1
de,syl,750,2,1,1
de,pos_syl,750,1,1,1
de,pos_syl,750,2,1,1
de,pos_syl,750,2,1,1
de,pos_syl,750,2,1,1
de,pos_syl,750,2,1,1
de,pos_syl,750,2,1,1
de,token,1000,1,1,1
de,token,1000,1,1,1
de,token,1000,1,0.99,0.99
de,token,1000,1,1,1
de,token,1000,1,1,1
de,token,1000,2,1,1
de,token,1000,2,0.98,0.98
de,token,1000,2,1,1
de,pos,1000,1,1,1
de,pos,1000,1,1,1
de,pos,1000,1,1,1
de,token,1000,2,1,1
de,pos,1000,1,0.99,0.99
de,token,1000,2,0.94,0.943
de,pos,1000,1,0.92,0.92
de,pos,1000,2,1,1
de,pos,1000,2,1,1
de,pos,1000,2,1,1
de,syl,1000,1,1,1
de,syl,1000,1,1,1
de,syl,1000,1,1,1
de,pos,1000,2,1,1
de,syl,1000,1,1,1
de,pos,1000,2,1,1
de,syl,1000,1,1,1
de,syl,1000,2,1,1
de,syl,1000,2,1,1
de,syl,1000,2,1,1
de,pos_syl,1000,1,1,1
de,pos_syl,1000,1,1,1
de,pos_syl,1000,1,1,1
de,syl,1000,2,1,1
de,pos_syl,1000,1,1,1
de,syl,1000,2,1,1
de,pos_syl,1000,1,1,1
de,pos_syl,1000,2,1,1
de,pos_syl,1000,2,1,1
de,pos_syl,1000,2,1,1
de,pos_syl,1000,2,1,1
de,pos_syl,1000,2,1,1
de,token,25,1,0.64,0.695
de,token,25,1,0.65,0.685
de,token,25,1,0.76,0.774
de,token,25,1,0.69,0.71
de,token,25,1,0.79,0.8
de,token,25,2,0.63,0.593
de,token,25,2,0.58,0.638
de,token,25,2,0.42,0.473
de,token,25,2,0.46,0.372
de,token,25,2,0.64,0.654
de,pos,25,1,0.73,0.748
de,pos,25,1,0.53,0.598
de,pos,25,1,0.52,0.564
de,pos,25,1,0.62,0.604
de,pos,25,1,0.72,0.754
de,pos,25,2,0.81,0.829
de,pos,25,2,0.88,0.891
de,pos,25,2,0.67,0.708
de,pos,25,2,0.7,0.706
de,pos,25,2,0.84,0.855
de,syl,25,1,0.72,0.731
de,syl,25,1,0.64,0.673
de,syl,25,1,0.75,0.762
de,syl,25,1,0.82,0.83
de,syl,25,1,0.64,0.647
de,syl,25,2,0.66,0.673
de,syl,25,2,0.9,0.896
de,syl,25,2,0.78,0.784
de,syl,25,2,0.75,0.742
de,syl,25,2,0.97,0.971
de,pos_syl,25,1,0.74,0.729
de,pos_syl,25,1,0.67,0.68
de,pos_syl,25,1,0.69,0.699
de,pos_syl,25,1,0.65,0.673
de,pos_syl,25,1,0.71,0.718
de,pos_syl,25,2,0.79,0.779
de,pos_syl,25,2,0.94,0.943
de,pos_syl,25,2,0.87,0.881
de,pos_syl,25,2,0.86,0.877
de,pos_syl,25,2,0.93,0.935
de,token,50,1,0.87,0.883
de,token,50,1,0.72,0.759
de,token,50,1,0.91,0.914
de,token,50,1,0.82,0.83
de,token,50,1,0.87,0.879
de,token,50,2,0.78,0.784
de,token,50,2,0.73,0.733
de,pos,50,1,0.6,0.608
de,token,50,2,0.53,0.46
de,token,50,2,0.74,0.75
de,pos,50,1,0.58,0.58
de,token,50,2,0.54,0.558
de,pos,50,1,0.56,0.621
de,pos,50,1,0.77,0.789
de,pos,50,1,0.54,0.558
de,pos,50,2,0.84,0.837
de,syl,50,1,0.7,0.706
de,pos,50,2,0.91,0.916
de,pos,50,2,0.88,0.885
de,pos,50,2,0.93,0.933
de,pos,50,2,0.84,0.862
de,syl,50,1,0.6,0.623
de,syl,50,1,0.85,0.857
de,syl,50,1,0.8,0.825
de,syl,50,2,0.65,0.653
de,syl,50,1,0.78,0.796
de,syl,50,2,0.68,0.673
de,syl,50,2,0.86,0.86
de,pos_syl,50,1,0.77,0.772
de,syl,50,2,0.77,0.777
de,syl,50,2,0.72,0.696
de,pos_syl,50,1,0.84,0.855
de,pos_syl,50,1,0.8,0.815
de,pos_syl,50,1,0.77,0.789
de,pos_syl,50,1,0.84,0.852
de,pos_syl,50,2,0.95,0.95
de,pos_syl,50,2,0.99,0.99
de,pos_syl,50,2,0.99,0.99
de,pos_syl,50,2,0.92,0.923
de,pos_syl,50,2,0.97,0.97
de,token,100,1,0.91,0.913
de,token,100,1,0.9,0.906
de,token,100,1,0.85,0.862
de,token,100,1,0.92,0.922
de,token,100,1,0.9,0.902
de,token,100,2,0.68,0.644
de,token,100,2,0.59,0.559
de,pos,100,1,0.79,0.796
de,token,100,2,0.65,0.578
de,pos,100,1,0.87,0.876
de,token,100,2,0.69,0.699
de,pos,100,1,0.82,0.824
de,token,100,2,0.51,0.41
de,pos,100,1,0.76,0.75
de,pos,100,1,0.77,0.781
de,pos,100,2,0.99,0.99
de,syl,100,1,0.98,0.98
de,pos,100,2,0.95,0.952
de,syl,100,1,0.95,0.947
de,pos,100,2,0.95,0.952
de,syl,100,1,0.8,0.796
de,syl,100,2,1,1
de,pos,100,2,0.99,0.99
de,pos,100,2,0.95,0.95
de,syl,100,1,0.89,0.897
de,syl,100,1,0.9,0.906
de,syl,100,2,0.88,0.887
de,pos_syl,100,1,0.98,0.98
de,syl,100,2,0.93,0.933
de,pos_syl,100,1,0.93,0.932
de,syl,100,2,0.76,0.782
de,syl,100,2,0.82,0.816
de,pos_syl,100,1,0.92,0.925
de,pos_syl,100,1,0.82,0.824
de,pos_syl,100,1,0.94,0.943
de,pos_syl,100,2,1,1
de,pos_syl,100,2,0.99,0.99
de,pos_syl,100,2,0.99,0.99
de,pos_syl,100,2,1,1
de,pos_syl,100,2,1,1
de,token,200,1,0.96,0.961
de,token,200,1,0.89,0.893
de,token,200,1,0.88,0.891
de,token,200,1,0.91,0.909
de,token,200,1,0.93,0.928
de,token,200,2,0.84,0.843
de,pos,200,1,0.81,0.829
de,token,200,2,0.73,0.703
de,pos,200,1,0.96,0.961
de,token,200,2,0.7,0.643
de,token,200,2,0.74,0.683
de,pos,200,1,0.72,0.725
de,pos,200,1,0.9,0.898
de,token,200,2,0.78,0.766
de,pos,200,1,0.93,0.928
de,pos,200,2,1,1
de,syl,200,1,1,1
de,pos,200,2,0.99,0.99
de,syl,200,1,0.95,0.948
de,pos,200,2,1,1
de,pos,200,2,1,1
de,syl,200,1,1,1
de,syl,200,2,0.92,0.923
de,syl,200,1,0.94,0.943
de,pos,200,2,1,1
de,pos_syl,200,1,1,1
de,syl,200,2,0.98,0.98
de,syl,200,1,1,1
de,pos_syl,200,1,0.98,0.98
de,syl,200,2,0.96,0.962
de,syl,200,2,0.95,0.951
de,pos_syl,200,1,0.92,0.918
de,pos_syl,200,1,0.98,0.98
de,syl,200,2,0.98,0.98
de,pos_syl,200,1,1,1
de,pos_syl,200,2,1,1
de,pos_syl,200,2,1,1
de,pos_syl,200,2,1,1
de,pos_syl,200,2,1,1
de,token,300,1,0.84,0.852
de,pos_syl,200,2,1,1
de,token,300,1,0.91,0.913
de,token,300,1,0.89,0.887
de,token,300,1,0.96,0.961
de,token,300,1,0.92,0.922
de,token,300,2,0.85,0.845
de,pos,300,1,0.93,0.929
de,token,300,2,0.9,0.889
de,pos,300,1,0.99,0.99
de,token,300,2,0.92,0.925
de,token,300,2,0.97,0.97
de,pos,300,1,0.95,0.951
de,pos,300,1,0.88,0.875
de,token,300,2,0.72,0.75
de,pos,300,1,0.9,0.906
de,pos,300,2,1,1
de,syl,300,1,1,1
de,pos,300,2,1,1
de,syl,300,1,1,1
de,pos,300,2,0.97,0.97
de,pos,300,2,0.99,0.99
de,syl,300,1,0.98,0.98
de,syl,300,1,1,1
de,syl,300,2,0.99,0.99
de,pos_syl,300,1,1,1
de,pos,300,2,1,1
de,syl,300,2,1,1
de,syl,300,2,0.99,0.99
de,syl,300,1,0.96,0.961
de,pos_syl,300,1,0.96,0.962
de,syl,300,2,0.96,0.958
de,pos_syl,300,1,1,1
de,pos_syl,300,1,1,1
de,syl,300,2,0.97,0.971
de,pos_syl,300,1,0.94,0.943
de,pos_syl,300,2,1,1
de,pos_syl,300,2,1,1
de,pos_syl,300,2,1,1
de,pos_syl,300,2,1,1
de,token,500,1,0.96,0.961
de,token,500,1,0.95,0.951
de,pos_syl,300,2,1,1
de,token,500,1,0.92,0.917
de,token,500,1,0.97,0.97
de,token,500,1,0.92,0.926
de,token,500,2,0.95,0.949
de,pos,500,1,0.85,0.842
de,token,500,2,0.99,0.99
de,token,500,2,0.95,0.952
de,pos,500,1,1,1
de,token,500,2,0.99,0.99
de,pos,500,1,0.89,0.887
de,pos,500,1,0.94,0.94
de,token,500,2,0.99,0.99
de,pos,500,1,1,1
de,pos,500,2,1,1
de,syl,500,1,1,1
de,pos,500,2,1,1
de,syl,500,1,1,1
de,pos,500,2,1,1
de,pos,500,2,1,1
de,syl,500,1,1,1
de,syl,500,1,1,1
de,syl,500,2,1,1
de,pos,500,2,1,1
de,syl,500,1,1,1
de,pos_syl,500,1,1,1
de,syl,500,2,1,1
de,syl,500,2,1,1
de,syl,500,2,0.98,0.98
de,pos_syl,500,1,1,1
de,pos_syl,500,1,0.98,0.98
de,pos_syl,500,1,1,1
de,syl,500,2,1,1
de,pos_syl,500,1,1,1
de,pos_syl,500,2,1,1
de,pos_syl,500,2,1,1
de,pos_syl,500,2,1,1
de,pos_syl,500,2,1,1
de,token,750,1,0.95,0.951
de,pos_syl,500,2,1,1
de,token,750,1,0.98,0.98
de,token,750,1,0.99,0.99
de,token,750,1,0.99,0.99
de,token,750,1,0.97,0.97
de,token,750,2,0.98,0.98
de,pos,750,1,0.98,0.98
de,token,750,2,0.97,0.969
de,token,750,2,0.95,0.947
de,pos,750,1,1,1
de,pos,750,1,1,1
de,token,750,2,0.97,0.969
de,pos,750,1,1,1
de,token,750,2,1,1
de,pos,750,1,0.99,0.99
de,pos,750,2,1,1
de,syl,750,1,1,1
de,pos,750,2,1,1
de,pos,750,2,1,1
de,syl,750,1,1,1
de,syl,750,1,1,1
de,pos,750,2,1,1
de,syl,750,1,1,1
de,pos,750,2,1,1
de,syl,750,1,1,1
de,syl,750,2,1,1
de,pos_syl,750,1,1,1
de,syl,750,2,1,1
de,syl,750,2,1,1
de,syl,750,2,1,1
de,pos_syl,750,1,1,1
de,pos_syl,750,1,1,1
de,pos_syl,750,1,1,1
de,syl,750,2,1,1
de,pos_syl,750,1,1,1
de,pos_syl,750,2,1,1
de,pos_syl,750,2,1,1
de,pos_syl,750,2,1,1
de,pos_syl,750,2,1,1
de,token,1000,1,1,1
de,pos_syl,750,2,1,1
de,token,1000,1,0.98,0.98
de,token,1000,1,1,1
de,token,1000,1,1,1
de,token,1000,1,1,1
de,token,1000,2,1,1
de,pos,1000,1,1,1
de,token,1000,2,1,1
de,token,1000,2,1,1
de,token,1000,2,1,1
de,pos,1000,1,0.97,0.971
de,pos,1000,1,1,1
de,pos,1000,1,1,1
de,token,1000,2,1,1
de,pos,1000,1,1,1
de,pos,1000,2,1,1
de,syl,1000,1,1,1
de,pos,1000,2,1,1
de,pos,1000,2,1,1
de,pos,1000,2,1,1
de,syl,1000,1,1,1
de,syl,1000,1,1,1
de,syl,1000,1,1,1
de,pos,1000,2,1,1
de,syl,1000,1,1,1
de,syl,1000,2,1,1
de,pos_syl,1000,1,1,1
de,syl,1000,2,1,1
de,syl,1000,2,1,1
de,syl,1000,2,1,1
de,pos_syl,1000,1,1,1
de,pos_syl,1000,1,1,1
de,pos_syl,1000,1,1,1
de,syl,1000,2,1,1
de,pos_syl,1000,1,1,1
de,pos_syl,1000,2,1,1
de,pos_syl,1000,2,1,1
de,pos_syl,1000,2,1,1
de,pos_syl,1000,2,1,1
de,pos_syl,1000,2,1,1
de,token,25,1,0.81,0.826
de,token,25,1,0.77,0.796
de,token,25,1,0.61,0.614
de,token,25,1,0.79,0.807
de,token,25,1,0.66,0.717
de,token,25,2,0.54,0.425
de,token,25,2,0.64,0.684
de,token,25,2,0.63,0.593
de,token,25,2,0.54,0.589
de,token,25,2,0.55,0.609
de,pos,25,1,0.77,0.753
de,pos,25,1,0.55,0.554
de,pos,25,1,0.47,0.454
de,pos,25,1,0.58,0.5
de,pos,25,1,0.55,0.545
de,pos,25,2,0.83,0.844
de,pos,25,2,0.74,0.755
de,pos,25,2,0.77,0.763
de,pos,25,2,0.76,0.782
de,syl,25,1,0.9,0.904
de,pos,25,2,0.75,0.752
de,syl,25,1,0.56,0.593
de,syl,25,1,0.69,0.68
de,syl,25,1,0.77,0.747
de,syl,25,1,0.73,0.722
de,syl,25,2,0.73,0.743
de,syl,25,2,0.75,0.737
de,syl,25,2,0.58,0.58
de,syl,25,2,0.86,0.863
de,syl,25,2,0.66,0.673
de,pos_syl,25,1,0.79,0.759
de,pos_syl,25,1,0.69,0.705
de,pos_syl,25,1,0.79,0.796
de,pos_syl,25,1,0.64,0.673
de,pos_syl,25,1,0.67,0.692
de,pos_syl,25,2,1,1
de,pos_syl,25,2,0.78,0.792
de,pos_syl,25,2,0.99,0.99
de,pos_syl,25,2,0.92,0.925
de,pos_syl,25,2,0.69,0.739
de,token,50,1,0.87,0.876
de,token,50,1,0.49,0.564
de,token,50,1,0.8,0.825
de,token,50,1,0.62,0.661
de,token,50,1,0.85,0.87
de,token,50,2,0.54,0.511
de,token,50,2,0.52,0.489
de,pos,50,1,0.67,0.697
de,token,50,2,0.67,0.686
de,token,50,2,0.55,0.526
de,token,50,2,0.63,0.593
de,pos,50,1,0.67,0.673
de,pos,50,1,0.48,0.536
de,pos,50,1,0.57,0.606
de,pos,50,1,0.58,0.596
de,pos,50,2,0.85,0.851
de,pos,50,2,0.97,0.969
de,syl,50,1,0.84,0.833
de,pos,50,2,0.89,0.889
de,pos,50,2,0.69,0.716
de,pos,50,2,0.8,0.796
de,syl,50,1,0.92,0.915
de,syl,50,1,0.99,0.99
de,syl,50,1,0.75,0.771
de,syl,50,2,0.77,0.763
de,syl,50,1,0.72,0.714
de,syl,50,2,0.96,0.962
de,pos_syl,50,1,0.69,0.716
de,syl,50,2,0.87,0.871
de,syl,50,2,0.84,0.837
de,syl,50,2,0.75,0.766
de,pos_syl,50,1,0.82,0.824
de,pos_syl,50,1,0.85,0.848
de,pos_syl,50,1,0.87,0.876
de,pos_syl,50,1,0.61,0.642
de,pos_syl,50,2,0.9,0.907
de,pos_syl,50,2,0.99,0.99
de,pos_syl,50,2,0.98,0.98
de,pos_syl,50,2,0.94,0.943
de,pos_syl,50,2,0.93,0.933
de,token,100,1,0.9,0.907
de,token,100,1,0.92,0.923
de,token,100,1,0.87,0.869
de,token,100,1,0.83,0.85
de,token,100,1,0.85,0.857
de,token,100,2,0.86,0.848
de,pos,100,1,0.95,0.951
de,token,100,2,0.73,0.738
de,token,100,2,0.69,0.659
de,token,100,2,0.62,0.612
de,pos,100,1,0.97,0.971
de,token,100,2,0.68,0.68
de,pos,100,1,0.93,0.929
de,pos,100,1,0.9,0.9
de,pos,100,1,0.57,0.626
de,pos,100,2,0.95,0.951
de,syl,100,1,0.92,0.918
de,pos,100,2,0.99,0.99
de,pos,100,2,0.8,0.804
de,syl,100,1,0.88,0.885
de,pos,100,2,0.93,0.929
de,pos,100,2,0.98,0.98
de,syl,100,1,0.73,0.765
de,syl,100,1,0.86,0.865
de,syl,100,1,0.74,0.764
de,syl,100,2,0.96,0.96
de,syl,100,2,0.79,0.811
de,syl,100,2,0.85,0.854
de,syl,100,2,0.88,0.891
de,syl,100,2,0.91,0.911
de,pos_syl,100,1,0.97,0.97
de,pos_syl,100,1,0.88,0.872
de,pos_syl,100,1,1,1
de,pos_syl,100,1,0.93,0.926
de,pos_syl,100,1,0.82,0.83
de,pos_syl,100,2,1,1
de,pos_syl,100,2,1,1
de,pos_syl,100,2,0.98,0.98
de,pos_syl,100,2,1,1
de,pos_syl,100,2,0.98,0.98
de,token,200,1,0.92,0.92
de,token,200,1,0.95,0.949
de,token,200,1,0.89,0.893
de,token,200,1,0.89,0.889
de,token,200,1,0.93,0.932
de,token,200,2,0.82,0.83
de,pos,200,1,0.93,0.931
de,token,200,2,0.8,0.792
de,token,200,2,0.68,0.61
de,token,200,2,0.94,0.942
de,token,200,2,0.68,0.61
de,pos,200,1,0.93,0.931
de,pos,200,1,0.87,0.866
de,pos,200,1,0.74,0.717
de,pos,200,1,0.84,0.862
de,pos,200,2,0.92,0.915
de,syl,200,1,0.99,0.99
de,pos,200,2,1,1
de,pos,200,2,1,1
de,pos,200,2,1,1
de,pos,200,2,0.99,0.99
de,syl,200,1,0.97,0.97
de,syl,200,1,0.98,0.98
de,syl,200,1,1,1
de,syl,200,1,1,1
de,syl,200,2,0.91,0.909
de,syl,200,2,0.95,0.949
de,syl,200,2,0.99,0.99
de,syl,200,2,0.96,0.959
de,pos_syl,200,1,1,1
de,syl,200,2,0.92,0.926
de,pos_syl,200,1,0.9,0.904
de,pos_syl,200,1,0.99,0.99
de,pos_syl,200,1,0.92,0.923
de,pos_syl,200,1,0.95,0.952
de,pos_syl,200,2,1,1
de,pos_syl,200,2,1,1
de,pos_syl,200,2,1,1
de,pos_syl,200,2,1,1
de,pos_syl,200,2,1,1
de,token,300,1,0.81,0.796
de,token,300,1,0.95,0.951
de,token,300,1,0.76,0.755
de,token,300,1,0.97,0.971
de,token,300,1,0.86,0.865
de,token,300,2,0.83,0.813
de,pos,300,1,0.88,0.88
de,token,300,2,0.78,0.784
de,token,300,2,0.88,0.885
de,token,300,2,0.92,0.92
de,pos,300,1,0.87,0.879
de,token,300,2,0.94,0.94
de,pos,300,1,0.82,0.812
de,pos,300,1,0.98,0.98
de,pos,300,1,0.94,0.939
de,pos,300,2,1,1
de,syl,300,1,0.92,0.926
de,pos,300,2,1,1
de,pos,300,2,0.96,0.958
de,syl,300,1,1,1
de,pos,300,2,1,1
de,pos,300,2,1,1
de,syl,300,1,1,1
de,syl,300,1,1,1
de,syl,300,1,1,1
de,syl,300,2,0.95,0.952
de,pos_syl,300,1,0.96,0.962
de,syl,300,2,1,1
de,syl,300,2,1,1
de,syl,300,2,1,1
de,syl,300,2,1,1
de,pos_syl,300,1,1,1
de,pos_syl,300,1,1,1
de,pos_syl,300,1,1,1
de,pos_syl,300,1,0.99,0.99
de,pos_syl,300,2,1,1
de,pos_syl,300,2,1,1
de,pos_syl,300,2,1,1
de,pos_syl,300,2,1,1
de,pos_syl,300,2,1,1
de,token,500,1,0.98,0.98
de,token,500,1,0.98,0.98
de,token,500,1,0.94,0.938
de,token,500,1,1,1
de,token,500,1,0.96,0.962
de,token,500,2,0.94,0.938
de,pos,500,1,0.98,0.98
de,token,500,2,0.89,0.884
de,token,500,2,0.98,0.98
de,pos,500,1,1,1
de,token,500,2,0.96,0.958
de,pos,500,1,0.95,0.952
de,pos,500,1,0.98,0.98
de,token,500,2,0.95,0.947
de,pos,500,1,1,1
de,pos,500,2,1,1
de,syl,500,1,1,1
de,pos,500,2,1,1
de,pos,500,2,1,1
de,syl,500,1,0.97,0.969
de,pos,500,2,1,1
de,syl,500,1,1,1
de,syl,500,1,1,1
de,pos,500,2,1,1
de,syl,500,1,1,1
de,syl,500,2,1,1
de,pos_syl,500,1,1,1
de,syl,500,2,0.99,0.99
de,syl,500,2,1,1
de,syl,500,2,1,1
de,pos_syl,500,1,0.9,0.909
de,syl,500,2,1,1
de,pos_syl,500,1,1,1
de,pos_syl,500,1,1,1
de,pos_syl,500,1,1,1
de,pos_syl,500,2,1,1
de,pos_syl,500,2,1,1
de,pos_syl,500,2,1,1
de,pos_syl,500,2,1,1
de,pos_syl,500,2,1,1
de,token,750,1,1,1
de,token,750,1,0.95,0.951
de,token,750,1,1,1
de,token,750,1,1,1
de,token,750,1,1,1
de,token,750,2,1,1
de,pos,750,1,1,1
de,token,750,2,0.97,0.969
de,token,750,2,0.99,0.99
de,pos,750,1,0.96,0.958
de,token,750,2,0.99,0.99
de,pos,750,1,0.96,0.958
de,pos,750,1,0.98,0.98
de,token,750,2,0.97,0.969
de,pos,750,1,1,1
de,pos,750,2,1,1
de,syl,750,1,1,1
de,pos,750,2,1,1
de,syl,750,1,1,1
de,pos,750,2,1,1
de,pos,750,2,1,1
de,syl,750,1,1,1
de,syl,750,1,1,1
de,pos,750,2,1,1
de,syl,750,1,1,1
de,syl,750,2,1,1
de,pos_syl,750,1,1,1
de,syl,750,2,1,1
de,syl,750,2,1,1
de,syl,750,2,1,1
de,pos_syl,750,1,0.99,0.99
de,syl,750,2,1,1
de,pos_syl,750,1,1,1
de,pos_syl,750,1,1,1
de,pos_syl,750,1,1,1
de,pos_syl,750,2,1,1
de,pos_syl,750,2,1,1
de,pos_syl,750,2,1,1
de,pos_syl,750,2,1,1
de,pos_syl,750,2,1,1
de,token,1000,1,1,1
de,token,1000,1,1,1
de,token,1000,1,1,1
de,token,1000,1,1,1
de,token,1000,1,1,1
de,token,1000,2,1,1
de,pos,1000,1,1,1
de,token,1000,2,0.99,0.99
de,token,1000,2,1,1
de,pos,1000,1,0.99,0.99
de,token,1000,2,1,1
de,pos,1000,1,1,1
de,pos,1000,1,1,1
de,token,1000,2,0.99,0.99
de,pos,1000,1,1,1
de,pos,1000,2,1,1
de,syl,1000,1,1,1
de,pos,1000,2,1,1
de,pos,1000,2,1,1
de,syl,1000,1,1,1
de,syl,1000,1,1,1
de,pos,1000,2,1,1
de,syl,1000,1,1,1
de,pos,1000,2,1,1
de,syl,1000,1,1,1
de,syl,1000,2,1,1
de,pos_syl,1000,1,1,1
de,syl,1000,2,1,1
de,syl,1000,2,0.98,0.98
de,syl,1000,2,1,1
de,pos_syl,1000,1,1,1
de,pos_syl,1000,1,1,1
de,pos_syl,1000,1,1,1
de,syl,1000,2,1,1
de,pos_syl,1000,1,1,1
de,pos_syl,1000,2,1,1
de,pos_syl,1000,2,1,1
de,pos_syl,1000,2,1,1
de,pos_syl,1000,2,1,1
de,pos_syl,1000,2,1,1
de,token,25,1,0.75,0.779
de,token,25,1,0.74,0.745
de,token,25,1,0.58,0.661
de,token,25,1,0.57,0.626
de,token,25,1,0.8,0.825
de,token,25,2,0.64,0.673
de,token,25,2,0.56,0.633
de,token,25,2,0.48,0.509
de,token,25,2,0.55,0.471
de,token,25,2,0.66,0.585
de,pos,25,1,0.45,0.466
de,pos,25,1,0.64,0.64
de,pos,25,1,0.44,0.472
de,pos,25,1,0.48,0.5
de,pos,25,1,0.56,0.6
de,pos,25,2,0.87,0.876
de,pos,25,2,0.91,0.911
de,pos,25,2,0.7,0.727
de,pos,25,2,0.75,0.752
de,syl,25,1,0.77,0.768
de,pos,25,2,0.8,0.796
de,syl,25,1,0.71,0.756
de,syl,25,1,0.67,0.697
de,syl,25,1,0.65,0.598
de,syl,25,1,0.82,0.82
de,syl,25,2,0.66,0.679
de,syl,25,2,0.85,0.865
de,syl,25,2,0.9,0.902
de,syl,25,2,0.65,0.653
de,syl,25,2,0.71,0.718
de,pos_syl,25,1,0.47,0.523
de,pos_syl,25,1,0.72,0.714
de,pos_syl,25,1,0.56,0.569
de,pos_syl,25,1,0.77,0.758
de,pos_syl,25,1,0.6,0.655
de,pos_syl,25,2,0.89,0.891
de,pos_syl,25,2,0.81,0.819
de,pos_syl,25,2,0.92,0.923
de,pos_syl,25,2,0.94,0.943
de,pos_syl,25,2,0.96,0.962
de,token,50,1,0.79,0.811
de,token,50,1,0.84,0.857
de,token,50,1,0.8,0.815
de,token,50,1,0.78,0.796
de,token,50,1,0.76,0.778
de,token,50,2,0.73,0.743
de,token,50,2,0.57,0.494
de,pos,50,1,0.52,0.478
de,pos,50,1,0.84,0.843
de,token,50,2,0.61,0.614
de,token,50,2,0.49,0.452
de,pos,50,1,0.6,0.592
de,token,50,2,0.76,0.739
de,pos,50,1,0.84,0.843
de,pos,50,1,0.66,0.653
de,pos,50,2,0.84,0.84
de,pos,50,2,0.95,0.951
de,syl,50,1,0.87,0.869
de,syl,50,1,0.78,0.766
de,pos,50,2,0.9,0.898
de,pos,50,2,0.72,0.741
de,syl,50,1,0.71,0.718
de,pos,50,2,0.89,0.889
de,syl,50,1,0.58,0.58
de,syl,50,2,0.87,0.871
de,syl,50,2,0.86,0.863
de,syl,50,1,0.78,0.771
de,syl,50,2,0.84,0.84
de,pos_syl,50,1,1,1
de,pos_syl,50,1,0.87,0.874
de,syl,50,2,0.66,0.66
de,syl,50,2,0.88,0.878
de,pos_syl,50,1,0.98,0.98
de,pos_syl,50,1,0.86,0.863
de,pos_syl,50,1,0.86,0.865
de,pos_syl,50,2,0.99,0.99
de,pos_syl,50,2,0.98,0.98
de,pos_syl,50,2,0.95,0.95
de,pos_syl,50,2,0.87,0.871
de,pos_syl,50,2,0.93,0.933
de,token,100,1,0.96,0.961
de,token,100,1,0.9,0.904
de,token,100,1,0.97,0.97
de,token,100,1,0.91,0.914
de,token,100,1,0.83,0.841
de,token,100,2,0.67,0.686
de,token,100,2,0.51,0.505
de,pos,100,1,0.77,0.758
de,token,100,2,0.73,0.733
de,pos,100,1,0.75,0.775
de,token,100,2,0.67,0.692
de,pos,100,1,0.84,0.843
de,pos,100,1,0.56,0.569
de,token,100,2,0.64,0.667
de,pos,100,1,0.84,0.846
de,pos,100,2,0.94,0.943
de,pos,100,2,0.94,0.94
de,syl,100,1,0.79,0.792
de,pos,100,2,0.89,0.901
de,syl,100,1,0.89,0.884
de,pos,100,2,0.92,0.923
de,syl,100,1,0.91,0.901
de,syl,100,1,0.78,0.756
de,syl,100,2,0.87,0.883
de,pos,100,2,0.98,0.98
de,syl,100,2,0.78,0.784
de,syl,100,1,0.78,0.78
de,syl,100,2,0.95,0.952
de,pos_syl,100,1,0.97,0.97
de,syl,100,2,0.75,0.719
de,pos_syl,100,1,0.89,0.884
de,pos_syl,100,1,0.78,0.78
de,syl,100,2,0.93,0.928
de,pos_syl,100,1,0.84,0.855
de,pos_syl,100,1,1,1
de,pos_syl,100,2,0.97,0.971
de,pos_syl,100,2,0.95,0.949
de,pos_syl,100,2,0.99,0.99
de,pos_syl,100,2,0.98,0.98
de,pos_syl,100,2,1,1
de,token,200,1,0.88,0.887
de,token,200,1,0.88,0.891
de,token,200,1,0.94,0.939
de,token,200,1,0.95,0.948
de,token,200,1,0.8,0.818
de,token,200,2,0.83,0.821
de,token,200,2,0.86,0.844
de,token,200,2,0.83,0.805
de,pos,200,1,0.94,0.943
de,pos,200,1,0.75,0.731
de,token,200,2,0.71,0.688
de,pos,200,1,0.9,0.906
de,pos,200,1,0.95,0.952
de,token,200,2,0.83,0.825
de,pos,200,1,0.86,0.848
de,pos,200,2,0.99,0.99
de,pos,200,2,0.97,0.971
de,syl,200,1,0.95,0.95
de,pos,200,2,0.97,0.971
de,syl,200,1,0.96,0.958
de,pos,200,2,0.99,0.99
de,syl,200,1,1,1
de,syl,200,1,1,1
de,pos,200,2,1,1
de,syl,200,1,0.87,0.869
de,syl,200,2,0.97,0.969
de,syl,200,2,0.98,0.98
de,syl,200,2,1,1
de,syl,200,2,1,1
de,pos_syl,200,1,0.96,0.962
de,pos_syl,200,1,0.93,0.932
de,pos_syl,200,1,0.89,0.901
de,pos_syl,200,1,1,1
de,syl,200,2,0.92,0.926
de,pos_syl,200,1,0.99,0.99
de,pos_syl,200,2,1,1
de,pos_syl,200,2,1,1
de,pos_syl,200,2,1,1
de,pos_syl,200,2,1,1
de,pos_syl,200,2,1,1
de,token,300,1,0.97,0.97
de,token,300,1,0.92,0.925
de,token,300,1,0.97,0.971
de,token,300,1,0.92,0.92
de,token,300,1,0.91,0.909
de,token,300,2,0.95,0.949
de,pos,300,1,0.9,0.898
de,token,300,2,0.91,0.903
de,token,300,2,0.79,0.753
de,token,300,2,0.76,0.707
de,pos,300,1,0.98,0.98
de,pos,300,1,0.92,0.926
de,pos,300,1,0.98,0.98
de,token,300,2,0.89,0.884
de,pos,300,1,0.94,0.938
de,pos,300,2,1,1
de,syl,300,1,0.99,0.99
de,pos,300,2,1,1
de,pos,300,2,1,1
de,syl,300,1,1,1
de,syl,300,1,1,1
de,pos,300,2,1,1
de,syl,300,1,1,1
de,pos,300,2,1,1
de,syl,300,2,0.94,0.936
de,syl,300,1,1,1
de,syl,300,2,0.87,0.869
de,pos_syl,300,1,1,1
de,syl,300,2,1,1
de,syl,300,2,0.96,0.962
de,pos_syl,300,1,1,1
de,pos_syl,300,1,1,1
de,pos_syl,300,1,1,1
de,syl,300,2,0.97,0.969
de,pos_syl,300,1,1,1
de,pos_syl,300,2,1,1
de,pos_syl,300,2,1,1
de,pos_syl,300,2,1,1
de,pos_syl,300,2,1,1
de,token,500,1,0.91,0.911
de,pos_syl,300,2,1,1
de,token,500,1,0.97,0.97
de,token,500,1,0.94,0.938
de,token,500,1,0.95,0.952
de,token,500,1,0.98,0.98
de,token,500,2,0.98,0.98
de,pos,500,1,0.9,0.9
de,token,500,2,0.9,0.889
de,token,500,2,0.79,0.804
de,pos,500,1,0.88,0.887
de,pos,500,1,0.89,0.893
de,token,500,2,0.86,0.86
de,pos,500,1,0.96,0.962
de,token,500,2,0.83,0.805
de,pos,500,1,0.85,0.86
de,pos,500,2,1,1
de,syl,500,1,1,1
de,pos,500,2,1,1
de,pos,500,2,1,1
de,syl,500,1,1,1
de,syl,500,1,1,1
de,pos,500,2,1,1
de,syl,500,1,1,1
de,pos,500,2,1,1
de,syl,500,1,1,1
de,syl,500,2,1,1
de,syl,500,2,0.93,0.935
de,syl,500,2,1,1
de,pos_syl,500,1,1,1
de,pos_syl,500,1,1,1
de,pos_syl,500,1,1,1
de,syl,500,2,1,1
de,pos_syl,500,1,1,1
de,syl,500,2,1,1
de,pos_syl,500,1,1,1
de,pos_syl,500,2,1,1
de,pos_syl,500,2,1,1
de,pos_syl,500,2,1,1
de,pos_syl,500,2,1,1
de,token,750,1,0.93,0.928
de,pos_syl,500,2,1,1
de,token,750,1,0.99,0.99
de,token,750,1,1,1
de,token,750,1,0.97,0.971
de,token,750,1,0.98,0.98
de,token,750,2,1,1
de,pos,750,1,0.98,0.98
de,token,750,2,1,1
de,token,750,2,0.93,0.935
de,pos,750,1,0.99,0.99
de,pos,750,1,1,1
de,token,750,2,1,1
de,pos,750,1,1,1
de,token,750,2,1,1
de,pos,750,1,1,1
de,pos,750,2,1,1
de,syl,750,1,1,1
de,pos,750,2,1,1
de,pos,750,2,1,1
de,syl,750,1,1,1
de,syl,750,1,1,1
de,pos,750,2,1,1
de,syl,750,1,1,1
de,pos,750,2,1,1
de,syl,750,1,1,1
de,syl,750,2,1,1
de,syl,750,2,1,1
de,pos_syl,750,1,1,1
de,syl,750,2,1,1
de,pos_syl,750,1,0.99,0.99
de,syl,750,2,1,1
de,pos_syl,750,1,1,1
de,pos_syl,750,1,1,1
de,syl,750,2,1,1
de,pos_syl,750,1,1,1
de,pos_syl,750,2,1,1
de,pos_syl,750,2,1,1
de,pos_syl,750,2,1,1
de,pos_syl,750,2,1,1
de,token,1000,1,0.99,0.99
de,token,1000,1,1,1
de,pos_syl,750,2,1,1
de,token,1000,1,1,1
de,token,1000,1,1,1
de,token,1000,1,0.99,0.99
de,token,1000,2,1,1
de,pos,1000,1,1,1
de,token,1000,2,1,1
de,pos,1000,1,0.93,0.935
de,token,1000,2,1,1
de,token,1000,2,1,1
de,pos,1000,1,1,1
de,pos,1000,1,0.95,0.947
de,token,1000,2,1,1
de,pos,1000,1,1,1
de,pos,1000,2,1,1
de,syl,1000,1,1,1
de,pos,1000,2,1,1
de,syl,1000,1,1,1
de,pos,1000,2,1,1
de,pos,1000,2,1,1
de,syl,1000,1,1,1
de,syl,1000,1,1,1
de,pos,1000,2,1,1
de,syl,1000,1,1,1
de,syl,1000,2,1,1
de,syl,1000,2,1,1
de,pos_syl,1000,1,1,1
de,syl,1000,2,1,1
de,pos_syl,1000,1,1,1
de,syl,1000,2,1,1
de,pos_syl,1000,1,1,1
de,pos_syl,1000,1,1,1
de,syl,1000,2,1,1
de,pos_syl,1000,1,1,1
de,pos_syl,1000,2,1,1
de,pos_syl,1000,2,1,1
de,pos_syl,1000,2,1,1
de,pos_syl,1000,2,1,1
de,pos_syl,1000,2,1,1
de,token,25,1,0.69,0.73
de,token,25,1,0.82,0.827
de,token,25,1,0.72,0.763
de,token,25,1,0.66,0.721
de,token,25,1,0.9,0.906
de,token,25,2,0.58,0.588
de,token,25,2,0.54,0.641
de,token,25,2,0.68,0.68
de,token,25,2,0.5,0.597
de,token,25,2,0.56,0.476
de,pos,25,1,0.7,0.688
de,pos,25,1,0.35,0.369
de,pos,25,1,0.7,0.717
de,pos,25,1,0.58,0.611
de,pos,25,1,0.58,0.58
de,pos,25,2,0.94,0.936
de,pos,25,2,0.95,0.952
de,pos,25,2,0.58,0.588
de,syl,25,1,0.82,0.8
de,pos,25,2,0.81,0.819
de,pos,25,2,0.9,0.902
de,syl,25,1,0.88,0.885
de,syl,25,1,0.88,0.889
de,syl,25,1,0.61,0.598
de,syl,25,1,0.72,0.714
de,syl,25,2,0.9,0.904
de,syl,25,2,0.89,0.891
de,syl,25,2,0.85,0.86
de,syl,25,2,0.63,0.626
de,syl,25,2,0.81,0.796
de,pos_syl,25,1,0.69,0.693
de,pos_syl,25,1,0.69,0.71
de,pos_syl,25,1,0.75,0.766
de,pos_syl,25,1,0.61,0.636
de,pos_syl,25,1,0.66,0.653
de,pos_syl,25,2,0.97,0.971
de,pos_syl,25,2,0.86,0.87
de,pos_syl,25,2,0.9,0.906
de,pos_syl,25,2,0.86,0.857
de,pos_syl,25,2,0.94,0.942
de,token,50,1,0.82,0.833
de,token,50,1,0.81,0.84
de,token,50,1,0.8,0.787
de,token,50,1,0.83,0.85
de,token,50,1,0.78,0.82
de,token,50,2,0.79,0.792
de,token,50,2,0.51,0.484
de,pos,50,1,0.89,0.897
de,token,50,2,0.8,0.815
de,pos,50,1,0.71,0.707
de,token,50,2,0.58,0.611
de,pos,50,1,0.62,0.604
de,token,50,2,0.7,0.717
de,pos,50,1,0.94,0.942
de,pos,50,1,0.72,0.725
de,pos,50,2,0.84,0.849
de,syl,50,1,0.91,0.913
de,pos,50,2,0.72,0.725
de,pos,50,2,0.91,0.913
de,syl,50,1,0.73,0.722
de,syl,50,1,0.6,0.643
de,syl,50,2,0.81,0.804
de,pos,50,2,0.85,0.851
de,pos,50,2,0.83,0.841
de,syl,50,2,0.71,0.681
de,syl,50,2,0.82,0.812
de,syl,50,1,0.81,0.816
de,syl,50,1,0.77,0.768
de,pos_syl,50,1,0.86,0.873
de,pos_syl,50,1,0.77,0.772
de,pos_syl,50,1,0.81,0.829
de,syl,50,2,1,1
de,syl,50,2,0.78,0.788
de,pos_syl,50,1,0.85,0.857
de,pos_syl,50,1,0.6,0.636
de,pos_syl,50,2,0.87,0.881
de,pos_syl,50,2,0.81,0.829
de,pos_syl,50,2,1,1
de,pos_syl,50,2,0.92,0.922
de,pos_syl,50,2,0.9,0.907
de,token,100,1,0.84,0.862
de,token,100,1,0.9,0.898
de,token,100,1,0.93,0.931
de,token,100,1,0.73,0.748
de,token,100,1,0.89,0.889
de,token,100,2,0.65,0.545
de,token,100,2,0.83,0.835
de,pos,100,1,0.56,0.585
de,token,100,2,0.53,0.569
de,pos,100,1,0.82,0.816
de,pos,100,1,0.94,0.941
de,token,100,2,0.86,0.854
de,pos,100,1,0.63,0.661
de,token,100,2,0.84,0.837
de,pos,100,1,0.69,0.699
de,pos,100,2,0.98,0.98
de,pos,100,2,0.95,0.951
de,syl,100,1,0.77,0.785
de,pos,100,2,0.96,0.96
de,syl,100,1,0.8,0.811
de,syl,100,1,0.97,0.969
de,pos,100,2,0.93,0.929
de,syl,100,2,0.76,0.76
de,syl,100,2,0.95,0.949
de,syl,100,1,0.94,0.939
de,pos,100,2,0.98,0.98
de,syl,100,2,0.9,0.902
de,pos_syl,100,1,0.78,0.796
de,syl,100,1,0.88,0.891
de,pos_syl,100,1,0.95,0.947
de,pos_syl,100,1,0.98,0.98
de,syl,100,2,0.99,0.99
de,syl,100,2,0.76,0.782
de,pos_syl,100,1,1,1
de,pos_syl,100,1,0.84,0.84
de,pos_syl,100,2,0.98,0.98
de,pos_syl,100,2,1,1
de,pos_syl,100,2,1,1
de,pos_syl,100,2,0.99,0.99
de,pos_syl,100,2,0.99,0.99
de,token,200,1,0.93,0.931
de,token,200,1,0.81,0.804
de,token,200,1,0.91,0.907
de,token,200,1,0.88,0.882
de,token,200,1,0.98,0.98
de,token,200,2,0.75,0.731
de,token,200,2,0.83,0.821
de,token,200,2,0.87,0.86
de,pos,200,1,0.81,0.826
de,pos,200,1,0.82,0.827
de,pos,200,1,0.99,0.99
de,token,200,2,0.88,0.882
de,pos,200,1,0.87,0.879
de,token,200,2,0.74,0.698
de,pos,200,1,0.86,0.851
de,pos,200,2,0.98,0.98
de,pos,200,2,0.94,0.943
de,pos,200,2,1,1
de,syl,200,1,0.93,0.925
de,syl,200,1,1,1
de,syl,200,1,0.96,0.962
de,pos,200,2,0.94,0.94
de,syl,200,1,0.89,0.895
de,pos,200,2,0.99,0.99
de,syl,200,2,1,1
de,syl,200,2,0.9,0.902
de,syl,200,2,0.98,0.98
de,syl,200,1,1,1
de,pos_syl,200,1,1,1
de,pos_syl,200,1,0.97,0.969
de,pos_syl,200,1,1,1
de,syl,200,2,0.93,0.928
de,syl,200,2,0.98,0.98
de,pos_syl,200,1,0.91,0.914
de,pos_syl,200,1,1,1
de,pos_syl,200,2,1,1
de,pos_syl,200,2,1,1
de,pos_syl,200,2,1,1
de,pos_syl,200,2,1,1
de,pos_syl,200,2,1,1
de,token,300,1,0.89,0.891
de,token,300,1,0.94,0.942
de,token,300,1,0.83,0.817
de,token,300,1,0.85,0.857
de,token,300,1,0.86,0.875
de,token,300,2,0.76,0.778
de,token,300,2,0.88,0.872
de,pos,300,1,1,1
de,token,300,2,0.74,0.711
de,pos,300,1,0.98,0.98
de,pos,300,1,0.95,0.947
de,token,300,2,0.96,0.958
de,pos,300,1,0.93,0.925
de,token,300,2,0.96,0.959
de,pos,300,1,0.98,0.98
de,pos,300,2,1,1
de,pos,300,2,1,1
de,syl,300,1,1,1
de,syl,300,1,1,1
de,pos,300,2,1,1
de,syl,300,1,1,1
de,pos,300,2,1,1
de,syl,300,1,0.99,0.99
de,syl,300,2,0.99,0.99
de,pos,300,2,1,1
de,syl,300,2,1,1
de,syl,300,1,0.94,0.936
de,syl,300,2,1,1
de,pos_syl,300,1,1,1
de,pos_syl,300,1,1,1
de,pos_syl,300,1,1,1
de,syl,300,2,0.97,0.971
de,pos_syl,300,1,1,1
de,syl,300,2,0.94,0.936
de,pos_syl,300,1,0.97,0.971
de,pos_syl,300,2,1,1
de,pos_syl,300,2,1,1
de,pos_syl,300,2,1,1
de,pos_syl,300,2,1,1
de,token,500,1,1,1
de,token,500,1,0.99,0.99
de,pos_syl,300,2,1,1
de,token,500,1,0.91,0.909
de,token,500,1,0.96,0.962
de,token,500,1,0.96,0.961
de,token,500,2,0.98,0.98
de,token,500,2,0.97,0.969
de,pos,500,1,1,1
de,token,500,2,0.98,0.98
de,pos,500,1,1,1
de,pos,500,1,0.93,0.925
de,token,500,2,0.78,0.761
de,pos,500,1,0.94,0.936
de,token,500,2,0.98,0.98
de,pos,500,1,0.95,0.95
de,pos,500,2,1,1
de,syl,500,1,1,1
de,pos,500,2,1,1
de,pos,500,2,1,1
de,syl,500,1,1,1
de,syl,500,1,1,1
de,pos,500,2,1,1
de,syl,500,1,1,1
de,pos,500,2,1,1
de,syl,500,2,1,1
de,syl,500,1,0.97,0.969
de,syl,500,2,1,1
de,syl,500,2,1,1
de,pos_syl,500,1,1,1
de,pos_syl,500,1,1,1
de,pos_syl,500,1,1,1
de,syl,500,2,1,1
de,pos_syl,500,1,1,1
de,syl,500,2,0.99,0.99
de,pos_syl,500,1,0.99,0.99
de,pos_syl,500,2,1,1
de,pos_syl,500,2,1,1
de,pos_syl,500,2,1,1
de,pos_syl,500,2,1,1
de,token,750,1,0.99,0.99
de,token,750,1,1,1
de,token,750,1,0.96,0.962
de,pos_syl,500,2,1,1
de,token,750,1,0.98,0.98
de,token,750,1,0.94,0.942
de,token,750,2,1,1
de,pos,750,1,1,1
de,token,750,2,0.98,0.98
de,token,750,2,0.99,0.99
de,pos,750,1,0.96,0.962
de,pos,750,1,1,1
de,token,750,2,0.95,0.951
de,pos,750,1,1,1
de,token,750,2,0.98,0.98
de,pos,750,1,0.99,0.99
de,pos,750,2,1,1
de,syl,750,1,1,1
de,pos,750,2,1,1
de,pos,750,2,1,1
de,syl,750,1,1,1
de,syl,750,1,1,1
de,pos,750,2,1,1
de,syl,750,1,1,1
de,pos,750,2,1,1
de,syl,750,1,1,1
de,syl,750,2,1,1
de,syl,750,2,1,1
de,syl,750,2,1,1
de,pos_syl,750,1,1,1
de,pos_syl,750,1,1,1
de,pos_syl,750,1,1,1
de,syl,750,2,1,1
de,pos_syl,750,1,1,1
de,syl,750,2,1,1
de,pos_syl,750,1,1,1
de,pos_syl,750,2,1,1
de,pos_syl,750,2,1,1
de,pos_syl,750,2,1,1
de,pos_syl,750,2,1,1
de,token,1000,1,1,1
de,token,1000,1,1,1
de,pos_syl,750,2,1,1
de,token,1000,1,0.98,0.98
de,token,1000,1,1,1
de,token,1000,1,0.99,0.99
de,token,1000,2,0.98,0.98
de,token,1000,2,0.99,0.99
de,pos,1000,1,1,1
de,token,1000,2,1,1
de,pos,1000,1,1,1
de,pos,1000,1,0.99,0.99
de,token,1000,2,0.99,0.99
de,pos,1000,1,0.99,0.99
de,token,1000,2,1,1
de,pos,1000,1,0.95,0.952
de,pos,1000,2,1,1
de,pos,1000,2,1,1
de,syl,1000,1,1,1
de,syl,1000,1,1,1
de,pos,1000,2,1,1
de,syl,1000,1,1,1
de,pos,1000,2,1,1
de,syl,1000,1,1,1
de,pos,1000,2,1,1
de,syl,1000,1,1,1
de,syl,1000,2,1,1
de,syl,1000,2,0.99,0.99
de,syl,1000,2,1,1
de,pos_syl,1000,1,1,1
de,pos_syl,1000,1,1,1
de,pos_syl,1000,1,1,1
de,syl,1000,2,1,1
de,pos_syl,1000,1,1,1
de,syl,1000,2,1,1
de,pos_syl,1000,1,1,1
de,pos_syl,1000,2,1,1
de,pos_syl,1000,2,1,1
de,pos_syl,1000,2,1,1
de,pos_syl,1000,2,1,1
de,pos_syl,1000,2,1,1
de,token,25,1,0.51,0.559
de,token,25,1,0.48,0.5
de,token,25,1,0.64,0.684
de,token,25,1,0.78,0.796
de,token,25,1,0.76,0.8
de,token,25,2,0.58,0.553
de,token,25,2,0.44,0.282
de,token,25,2,0.34,0.298
de,token,25,2,0.57,0.527
de,token,25,2,0.49,0.338
de,pos,25,1,0.45,0.433
de,pos,25,1,0.71,0.743
de,pos,25,1,0.5,0.5
de,pos,25,1,0.59,0.617
de,pos,25,1,0.71,0.724
de,pos,25,2,0.72,0.72
de,pos,25,2,0.84,0.852
de,pos,25,2,0.68,0.68
de,pos,25,2,0.75,0.766
de,pos,25,2,0.74,0.74
de,syl,25,1,0.76,0.769
de,syl,25,1,0.67,0.697
de,syl,25,1,0.8,0.804
de,syl,25,1,0.79,0.784
de,syl,25,1,0.64,0.66
de,syl,25,2,0.68,0.692
de,syl,25,2,0.63,0.641
de,syl,25,2,0.48,0.48
de,syl,25,2,0.76,0.778
de,syl,25,2,0.67,0.653
de,pos_syl,25,1,0.68,0.692
de,pos_syl,25,1,0.74,0.75
de,pos_syl,25,1,0.55,0.516
de,pos_syl,25,1,0.8,0.796
de,pos_syl,25,1,0.93,0.931
de,pos_syl,25,2,1,1
de,pos_syl,25,2,0.86,0.87
de,pos_syl,25,2,0.81,0.819
de,pos_syl,25,2,0.81,0.804
de,pos_syl,25,2,0.76,0.76
de,token,50,1,0.63,0.678
de,token,50,1,0.89,0.891
de,token,50,1,0.8,0.833
de,token,50,1,0.7,0.722
de,token,50,1,0.68,0.709
de,token,50,2,0.66,0.691
de,pos,50,1,0.46,0.471
de,token,50,2,0.79,0.8
de,token,50,2,0.8,0.792
de,token,50,2,0.61,0.606
de,pos,50,1,0.68,0.667
de,token,50,2,0.76,0.786
de,pos,50,1,0.67,0.673
de,pos,50,1,0.84,0.843
de,pos,50,1,0.73,0.743
de,pos,50,2,0.74,0.768
de,syl,50,1,0.82,0.816
de,pos,50,2,0.86,0.863
de,syl,50,1,0.86,0.844
de,pos,50,2,0.77,0.781
de,pos,50,2,0.9,0.904
de,syl,50,2,0.87,0.883
de,syl,50,1,0.59,0.586
de,pos,50,2,0.79,0.792
de,syl,50,1,0.84,0.84
de,syl,50,2,0.74,0.772
de,syl,50,1,0.78,0.792
de,pos_syl,50,1,0.62,0.612
de,syl,50,2,0.88,0.885
de,syl,50,2,0.81,0.804
de,pos_syl,50,1,0.8,0.815
de,syl,50,2,0.77,0.777
de,pos_syl,50,1,0.67,0.653
de,pos_syl,50,1,0.94,0.942
de,pos_syl,50,1,0.75,0.719
de,pos_syl,50,2,0.95,0.952
de,pos_syl,50,2,1,1
de,pos_syl,50,2,0.93,0.929
de,pos_syl,50,2,0.98,0.98
de,pos_syl,50,2,0.98,0.98
de,token,100,1,0.91,0.905
de,token,100,1,0.86,0.875
de,token,100,1,0.85,0.86
de,token,100,1,0.89,0.887
de,token,100,1,0.6,0.556
de,token,100,2,0.85,0.854
de,pos,100,1,0.89,0.895
de,token,100,2,0.66,0.66
de,pos,100,1,0.85,0.854
de,token,100,2,0.82,0.816
de,token,100,2,0.76,0.739
de,pos,100,1,0.82,0.827
de,token,100,2,0.48,0.509
de,pos,100,1,0.81,0.808
de,pos,100,1,0.73,0.722
de,pos,100,2,0.89,0.884
de,syl,100,1,0.84,0.837
de,pos,100,2,0.92,0.918
de,pos,100,2,0.89,0.901
de,syl,100,1,0.96,0.958
de,syl,100,1,0.78,0.78
de,syl,100,2,0.82,0.833
de,pos,100,2,0.9,0.898
de,pos,100,2,0.83,0.838
de,syl,100,1,0.81,0.816
de,syl,100,2,0.87,0.876
de,syl,100,1,0.87,0.874
de,pos_syl,100,1,0.98,0.98
de,syl,100,2,0.77,0.736
de,syl,100,2,0.93,0.933
de,pos_syl,100,1,0.93,0.933
de,pos_syl,100,1,0.78,0.784
de,syl,100,2,0.9,0.894
de,pos_syl,100,1,0.76,0.739
de,pos_syl,100,1,0.93,0.929
de,pos_syl,100,2,1,1
de,pos_syl,100,2,1,1
de,pos_syl,100,2,0.99,0.99
de,pos_syl,100,2,0.95,0.95
de,pos_syl,100,2,0.99,0.99
de,token,200,1,0.9,0.902
de,token,200,1,0.96,0.958
de,token,200,1,0.87,0.857
de,token,200,1,0.91,0.914
de,token,200,1,0.92,0.92
de,token,200,2,0.76,0.714
de,pos,200,1,0.99,0.99
de,token,200,2,0.61,0.48
de,pos,200,1,0.97,0.969
de,token,200,2,0.7,0.651
de,token,200,2,0.78,0.771
de,pos,200,1,0.85,0.854
de,pos,200,1,0.87,0.874
de,token,200,2,0.79,0.774
de,pos,200,1,0.91,0.909
de,pos,200,2,0.96,0.959
de,syl,200,1,0.97,0.971
de,pos,200,2,1,1
de,pos,200,2,0.97,0.971
de,syl,200,1,0.96,0.962
de,pos,200,2,1,1
de,syl,200,1,1,1
de,syl,200,1,1,1
de,syl,200,2,0.98,0.98
de,pos,200,2,0.97,0.97
de,syl,200,2,0.82,0.839
de,syl,200,1,0.93,0.929
de,pos_syl,200,1,0.99,0.99
de,syl,200,2,1,1
de,pos_syl,200,1,0.99,0.99
de,syl,200,2,1,1
de,pos_syl,200,1,0.83,0.841
de,syl,200,2,0.93,0.928
de,pos_syl,200,1,1,1
de,pos_syl,200,1,0.99,0.99
de,pos_syl,200,2,1,1
de,pos_syl,200,2,1,1
de,pos_syl,200,2,1,1
de,pos_syl,200,2,1,1
de,pos_syl,200,2,1,1
de,token,300,1,0.82,0.816
de,token,300,1,0.82,0.824
de,token,300,1,0.99,0.99
de,token,300,1,0.95,0.95
de,token,300,1,0.99,0.99
de,token,300,2,0.92,0.915
de,pos,300,1,0.97,0.971
de,token,300,2,0.89,0.884
de,token,300,2,0.88,0.867
de,pos,300,1,0.99,0.99
de,token,300,2,0.84,0.83
de,pos,300,1,0.96,0.959
de,pos,300,1,0.96,0.962
de,token,300,2,0.65,0.521
de,pos,300,1,0.97,0.971
de,pos,300,2,1,1
de,syl,300,1,1,1
de,pos,300,2,1,1
de,pos,300,2,1,1
de,syl,300,1,1,1
de,pos,300,2,1,1
de,syl,300,1,0.99,0.99
de,pos,300,2,1,1
de,syl,300,1,0.94,0.936
de,syl,300,1,1,1
de,syl,300,2,1,1
de,syl,300,2,1,1
de,pos_syl,300,1,1,1
de,syl,300,2,0.95,0.947
de,syl,300,2,1,1
de,pos_syl,300,1,1,1
de,syl,300,2,1,1
de,pos_syl,300,1,1,1
de,pos_syl,300,1,0.94,0.936
de,pos_syl,300,1,1,1
de,pos_syl,300,2,1,1
de,pos_syl,300,2,1,1
de,pos_syl,300,2,1,1
de,pos_syl,300,2,1,1
de,pos_syl,300,2,1,1
de,token,500,1,1,1
de,token,500,1,0.97,0.971
de,token,500,1,0.99,0.99
de,token,500,1,0.95,0.951
de,token,500,1,0.96,0.96
de,token,500,2,0.95,0.948
de,pos,500,1,1,1
de,token,500,2,0.88,0.87
de,pos,500,1,0.94,0.943
de,token,500,2,0.94,0.938
de,token,500,2,0.89,0.891
de,token,500,2,0.94,0.941
de,pos,500,1,0.99,0.99
de,pos,500,1,0.92,0.917
de,pos,500,1,0.97,0.969
de,pos,500,2,1,1
de,syl,500,1,1,1
de,pos,500,2,1,1
de,syl,500,1,1,1
de,pos,500,2,1,1
de,pos,500,2,1,1
de,pos,500,2,1,1
de,syl,500,1,1,1
de,syl,500,1,1,1
de,syl,500,1,1,1
de,syl,500,2,1,1
de,pos_syl,500,1,1,1
de,syl,500,2,1,1
de,syl,500,2,1,1
de,syl,500,2,1,1
de,syl,500,2,1,1
de,pos_syl,500,1,1,1
de,pos_syl,500,1,1,1
de,pos_syl,500,1,1,1
de,pos_syl,500,1,1,1
de,pos_syl,500,2,1,1
de,pos_syl,500,2,1,1
de,pos_syl,500,2,1,1
de,pos_syl,500,2,1,1
de,pos_syl,500,2,1,1
de,token,750,1,0.99,0.99
de,token,750,1,0.99,0.99
de,token,750,1,0.94,0.943
de,token,750,1,1,1
de,token,750,1,0.9,0.906
de,token,750,2,1,1
de,pos,750,1,1,1
de,token,750,2,1,1
de,token,750,2,0.98,0.98
de,token,750,2,1,1
de,pos,750,1,0.91,0.917
de,token,750,2,1,1
de,pos,750,1,1,1
de,pos,750,1,0.94,0.936
de,pos,750,1,0.89,0.899
de,pos,750,2,1,1
de,syl,750,1,1,1
de,pos,750,2,1,1
de,pos,750,2,1,1
de,pos,750,2,1,1
de,syl,750,1,1,1
de,pos,750,2,1,1
de,syl,750,1,1,1
de,syl,750,1,1,1
de,syl,750,1,1,1
de,syl,750,2,1,1
de,pos_syl,750,1,1,1
de,syl,750,2,0.99,0.99
de,syl,750,2,1,1
de,syl,750,2,1,1
de,syl,750,2,1,1
de,pos_syl,750,1,1,1
de,pos_syl,750,1,1,1
de,pos_syl,750,1,1,1
de,pos_syl,750,1,1,1
de,pos_syl,750,2,1,1
de,pos_syl,750,2,1,1
de,pos_syl,750,2,1,1
de,pos_syl,750,2,1,1
de,pos_syl,750,2,1,1
de,token,1000,1,0.94,0.943
de,token,1000,1,0.99,0.99
de,token,1000,1,0.96,0.961
de,token,1000,1,1,1
de,token,1000,1,1,1
de,token,1000,2,1,1
de,pos,1000,1,0.95,0.947
de,token,1000,2,1,1
de,token,1000,2,1,1
de,token,1000,2,1,1
de,pos,1000,1,1,1
de,pos,1000,1,1,1
de,pos,1000,1,1,1
de,token,1000,2,0.98,0.98
de,pos,1000,1,1,1
de,pos,1000,2,1,1
de,syl,1000,1,1,1
de,pos,1000,2,1,1
de,pos,1000,2,1,1
de,pos,1000,2,1,1
de,syl,1000,1,1,1
de,syl,1000,1,1,1
de,syl,1000,1,1,1
de,pos,1000,2,1,1
de,syl,1000,1,1,1
de,syl,1000,2,1,1
de,pos_syl,1000,1,1,1
de,syl,1000,2,1,1
de,syl,1000,2,1,1
de,syl,1000,2,1,1
de,syl,1000,2,1,1
de,pos_syl,1000,1,1,1
de,pos_syl,1000,1,1,1
de,pos_syl,1000,1,1,1
de,pos_syl,1000,1,1,1
de,pos_syl,1000,2,1,1
de,pos_syl,1000,2,1,1
de,pos_syl,1000,2,1,1
de,pos_syl,1000,2,1,1
de,pos_syl,1000,2,1,1
de,token,25,1,0.79,0.796
de,token,25,1,0.67,0.692
de,token,25,1,0.8,0.815
de,token,25,1,0.7,0.727
de,token,25,1,0.66,0.679
de,token,25,2,0.49,0.541
de,token,25,2,0.51,0.524
de,token,25,2,0.67,0.667
de,pos,25,1,0.72,0.736
de,token,25,2,0.6,0.655
de,token,25,2,0.45,0.466
de,pos,25,1,0.63,0.575
de,pos,25,1,0.73,0.748
de,pos,25,1,0.46,0.437
de,pos,25,1,0.97,0.97
de,pos,25,2,0.88,0.882
de,syl,25,1,0.86,0.86
de,pos,25,2,0.89,0.897
de,pos,25,2,0.91,0.909
de,pos,25,2,0.78,0.81
de,syl,25,1,0.79,0.788
de,syl,25,1,0.61,0.636
de,syl,25,1,0.7,0.727
de,syl,25,2,0.91,0.917
de,pos,25,2,0.75,0.771
de,syl,25,1,0.44,0.481
de,syl,25,2,0.59,0.586
de,syl,25,2,0.55,0.579
de,syl,25,2,0.65,0.639
de,pos_syl,25,1,0.81,0.804
de,syl,25,2,0.61,0.606
de,pos_syl,25,1,0.7,0.694
de,pos_syl,25,1,0.73,0.765
de,pos_syl,25,1,0.59,0.549
de,pos_syl,25,1,0.67,0.697
de,pos_syl,25,2,0.95,0.952
de,pos_syl,25,2,0.99,0.99
de,pos_syl,25,2,0.94,0.943
de,pos_syl,25,2,0.96,0.961
de,pos_syl,25,2,0.81,0.829
de,token,50,1,0.89,0.899
de,token,50,1,0.68,0.719
de,token,50,1,0.51,0.542
de,token,50,1,0.92,0.922
de,token,50,1,0.7,0.746
de,token,50,2,0.57,0.557
de,token,50,2,0.5,0.457
de,token,50,2,0.56,0.569
de,pos,50,1,0.79,0.8
de,token,50,2,0.61,0.606
de,pos,50,1,0.79,0.796
de,pos,50,1,0.59,0.594
de,pos,50,1,0.74,0.74
de,token,50,2,0.72,0.725
de,pos,50,1,0.5,0.457
de,pos,50,2,0.94,0.942
de,pos,50,2,0.92,0.923
de,pos,50,2,0.66,0.696
de,syl,50,1,0.68,0.652
de,pos,50,2,0.93,0.931
de,syl,50,1,0.69,0.674
de,syl,50,1,0.63,0.626
de,syl,50,1,0.86,0.844
de,syl,50,2,0.87,0.874
de,pos,50,2,0.73,0.738
de,syl,50,2,0.77,0.777
de,syl,50,2,0.78,0.776
de,syl,50,1,0.72,0.708
de,syl,50,2,0.98,0.98
de,pos_syl,50,1,0.91,0.911
de,pos_syl,50,1,0.78,0.766
de,pos_syl,50,1,0.75,0.779
de,syl,50,2,0.77,0.763
de,pos_syl,50,1,0.74,0.735
de,pos_syl,50,1,0.69,0.716
de,pos_syl,50,2,1,1
de,pos_syl,50,2,0.98,0.98
de,pos_syl,50,2,0.85,0.848
de,pos_syl,50,2,1,1
de,pos_syl,50,2,0.89,0.897
de,token,100,1,0.8,0.818
de,token,100,1,0.85,0.862
de,token,100,1,0.92,0.926
de,token,100,1,0.93,0.933
de,token,100,1,0.87,0.874
de,token,100,2,0.6,0.524
de,token,100,2,0.66,0.673
de,token,100,2,0.69,0.693
de,pos,100,1,0.82,0.833
de,token,100,2,0.79,0.774
de,pos,100,1,0.68,0.667
de,pos,100,1,0.83,0.844
de,pos,100,1,0.78,0.804
de,token,100,2,0.73,0.722
de,pos,100,1,0.83,0.841
de,pos,100,2,0.82,0.83
de,pos,100,2,0.89,0.899
de,pos,100,2,0.99,0.99
de,pos,100,2,0.91,0.907
de,syl,100,1,0.82,0.82
de,syl,100,1,0.69,0.699
de,syl,100,1,0.89,0.887
de,syl,100,1,0.83,0.835
de,pos,100,2,0.9,0.9
de,syl,100,2,0.84,0.84
de,syl,100,1,0.96,0.962
de,syl,100,2,0.87,0.874
de,syl,100,2,0.9,0.904
de,syl,100,2,0.97,0.97
de,pos_syl,100,1,0.94,0.94
de,pos_syl,100,1,0.75,0.737
de,pos_syl,100,1,0.93,0.933
de,syl,100,2,0.96,0.962
de,pos_syl,100,1,0.92,0.925
de,pos_syl,100,1,0.94,0.941
de,pos_syl,100,2,1,1
de,pos_syl,100,2,0.99,0.99
de,pos_syl,100,2,0.99,0.99
de,pos_syl,100,2,0.98,0.98
de,pos_syl,100,2,0.98,0.98
de,token,200,1,0.93,0.932
de,token,200,1,0.95,0.952
de,token,200,1,0.93,0.933
de,token,200,1,0.88,0.889
de,token,200,1,0.98,0.98
de,token,200,2,0.9,0.898
de,token,200,2,0.78,0.771
de,token,200,2,0.7,0.688
de,pos,200,1,0.97,0.971
de,token,200,2,0.75,0.684
de,pos,200,1,0.84,0.84
de,pos,200,1,0.87,0.874
de,pos,200,1,0.68,0.686
de,token,200,2,0.67,0.612
de,pos,200,1,1,1
de,pos,200,2,0.97,0.97
de,pos,200,2,1,1
de,syl,200,1,1,1
de,pos,200,2,0.99,0.99
de,pos,200,2,0.97,0.971
de,syl,200,1,1,1
de,syl,200,1,1,1
de,syl,200,1,1,1
de,pos,200,2,0.99,0.99
de,syl,200,1,0.96,0.962
de,syl,200,2,0.97,0.97
de,syl,200,2,0.95,0.947
de,syl,200,2,1,1
de,syl,200,2,0.99,0.99
de,pos_syl,200,1,1,1
de,pos_syl,200,1,1,1
de,syl,200,2,1,1
de,pos_syl,200,1,0.98,0.98
de,pos_syl,200,1,0.95,0.951
de,pos_syl,200,1,1,1
de,pos_syl,200,2,1,1
de,pos_syl,200,2,1,1
de,pos_syl,200,2,1,1
de,pos_syl,200,2,1,1
de,pos_syl,200,2,1,1
de,token,300,1,0.99,0.99
de,token,300,1,0.99,0.99
de,token,300,1,0.76,0.782
de,token,300,1,0.96,0.96
de,token,300,1,0.95,0.952
de,token,300,2,0.79,0.784
de,token,300,2,0.95,0.947
de,token,300,2,0.88,0.882
de,pos,300,1,0.96,0.96
de,pos,300,1,0.93,0.929
de,pos,300,1,0.88,0.882
de,token,300,2,0.95,0.948
de,token,300,2,0.8,0.778
de,pos,300,1,0.99,0.99
de,pos,300,1,0.97,0.97
de,pos,300,2,1,1
de,pos,300,2,1,1
de,pos,300,2,0.98,0.98
de,syl,300,1,1,1
de,syl,300,1,0.99,0.99
de,syl,300,1,1,1
de,pos,300,2,0.98,0.98
de,pos,300,2,0.97,0.969
de,syl,300,1,1,1
de,syl,300,1,1,1
de,syl,300,2,1,1
de,syl,300,2,0.93,0.935
de,syl,300,2,0.97,0.969
de,pos_syl,300,1,1,1
de,pos_syl,300,1,0.99,0.99
de,pos_syl,300,1,1,1
de,syl,300,2,1,1
de,syl,300,2,1,1
de,pos_syl,300,1,1,1
de,pos_syl,300,1,1,1
de,pos_syl,300,2,1,1
de,pos_syl,300,2,1,1
de,pos_syl,300,2,1,1
de,pos_syl,300,2,1,1
de,pos_syl,300,2,1,1
de,token,500,1,0.93,0.935
de,token,500,1,1,1
de,token,500,1,0.97,0.971
de,token,500,1,0.98,0.98
de,token,500,1,0.96,0.962
de,token,500,2,0.93,0.928
de,token,500,2,0.94,0.936
de,token,500,2,0.93,0.926
de,pos,500,1,0.87,0.866
de,pos,500,1,1,1
de,pos,500,1,1,1
de,token,500,2,0.92,0.918
de,pos,500,1,0.93,0.928
de,token,500,2,0.86,0.844
de,pos,500,1,0.9,0.898
de,pos,500,2,1,1
de,pos,500,2,1,1
de,pos,500,2,1,1
de,syl,500,1,1,1
de,syl,500,1,1,1
de,syl,500,1,1,1
de,pos,500,2,1,1
de,syl,500,1,1,1
de,pos,500,2,1,1
de,syl,500,1,1,1
de,syl,500,2,1,1
de,syl,500,2,1,1
de,syl,500,2,1,1
de,pos_syl,500,1,1,1
de,pos_syl,500,1,1,1
de,pos_syl,500,1,1,1
de,syl,500,2,1,1
de,syl,500,2,1,1
de,pos_syl,500,1,1,1
de,pos_syl,500,1,1,1
de,pos_syl,500,2,1,1
de,pos_syl,500,2,1,1
de,pos_syl,500,2,1,1
de,pos_syl,500,2,1,1
de,pos_syl,500,2,1,1
de,token,750,1,1,1
de,token,750,1,1,1
de,token,750,1,1,1
de,token,750,1,0.98,0.98
de,token,750,1,1,1
de,token,750,2,0.99,0.99
de,token,750,2,1,1
de,token,750,2,1,1
de,pos,750,1,1,1
de,pos,750,1,1,1
de,pos,750,1,1,1
de,token,750,2,0.76,0.745
de,pos,750,1,1,1
de,token,750,2,0.98,0.98
de,pos,750,1,1,1
de,pos,750,2,1,1
de,pos,750,2,1,1
de,pos,750,2,1,1
de,syl,750,1,1,1
de,syl,750,1,1,1
de,syl,750,1,1,1
de,pos,750,2,1,1
de,syl,750,1,1,1
de,pos,750,2,1,1
de,syl,750,1,1,1
de,syl,750,2,1,1
de,syl,750,2,1,1
de,syl,750,2,1,1
de,pos_syl,750,1,1,1
de,syl,750,2,1,1
de,pos_syl,750,1,1,1
de,pos_syl,750,1,1,1
de,syl,750,2,1,1
de,pos_syl,750,1,1,1
de,pos_syl,750,1,1,1
de,pos_syl,750,2,1,1
de,pos_syl,750,2,1,1
de,pos_syl,750,2,1,1
de,pos_syl,750,2,1,1
de,pos_syl,750,2,1,1
de,token,1000,1,1,1
de,token,1000,1,0.94,0.943
de,token,1000,1,1,1
de,token,1000,1,0.99,0.99
de,token,1000,1,0.99,0.99
de,token,1000,2,0.98,0.98
de,pos,1000,1,1,1
de,token,1000,2,1,1
de,token,1000,2,1,1
de,pos,1000,1,1,1
de,pos,1000,1,1,1
de,token,1000,2,0.99,0.99
de,pos,1000,1,0.99,0.99
de,token,1000,2,0.98,0.98
de,pos,1000,1,1,1
de,pos,1000,2,1,1
de,syl,1000,1,1,1
de,pos,1000,2,1,1
de,pos,1000,2,1,1
de,syl,1000,1,1,1
de,syl,1000,1,1,1
de,pos,1000,2,1,1
de,syl,1000,1,1,1
de,pos,1000,2,1,1
de,syl,1000,1,1,1
de,syl,1000,2,1,1
de,syl,1000,2,1,1
de,syl,1000,2,1,1
de,pos_syl,1000,1,1,1
de,pos_syl,1000,1,1,1
de,pos_syl,1000,1,1,1
de,syl,1000,2,1,1
de,pos_syl,1000,1,1,1
de,syl,1000,2,1,1
de,pos_syl,1000,1,1,1
de,pos_syl,1000,2,1,1
de,pos_syl,1000,2,1,1
de,pos_syl,1000,2,1,1
de,pos_syl,1000,2,1,1
de,pos_syl,1000,2,1,1
de,token,25,1,0.53,0.544
de,token,25,1,0.88,0.875
de,token,25,1,0.8,0.821
de,token,25,1,0.63,0.648
de,token,25,1,0.72,0.714
de,token,25,2,0.42,0.442
de,token,25,2,0.3,0.103
de,token,25,2,0.55,0.602
de,token,25,2,0.57,0.506
de,token,25,2,0.57,0.598
de,pos,25,1,0.4,0.444
de,pos,25,1,0.49,0.505
de,pos,25,1,0.71,0.743
de,pos,25,1,0.64,0.609
de,pos,25,1,0.64,0.667
de,pos,25,2,0.91,0.916
de,pos,25,2,0.66,0.66
de,pos,25,2,0.77,0.781
de,pos,25,2,0.94,0.94
de,pos,25,2,0.81,0.819
de,syl,25,1,0.67,0.697
de,syl,25,1,0.67,0.686
de,syl,25,1,0.42,0.42
de,syl,25,1,0.77,0.785
de,syl,25,1,0.9,0.907
de,syl,25,2,0.73,0.697
de,syl,25,2,0.83,0.828
de,syl,25,2,0.78,0.8
de,syl,25,2,0.77,0.785
de,syl,25,2,0.7,0.674
de,pos_syl,25,1,0.75,0.757
de,pos_syl,25,1,0.83,0.835
de,pos_syl,25,1,0.62,0.635
de,pos_syl,25,1,0.8,0.815
de,pos_syl,25,1,0.72,0.741
de,pos_syl,25,2,0.93,0.932
de,pos_syl,25,2,0.86,0.868
de,pos_syl,25,2,0.94,0.943
de,pos_syl,25,2,0.95,0.951
de,pos_syl,25,2,0.99,0.99
de,token,50,1,0.68,0.692
de,token,50,1,0.87,0.879
de,token,50,1,0.87,0.883
de,token,50,1,0.79,0.784
de,token,50,1,0.84,0.852
de,token,50,2,0.62,0.558
de,token,50,2,0.56,0.621
de,token,50,2,0.57,0.574
de,pos,50,1,0.69,0.687
de,pos,50,1,0.54,0.54
de,pos,50,1,0.51,0.462
de,token,50,2,0.5,0.51
de,token,50,2,0.56,0.511
de,pos,50,1,0.55,0.554
de,pos,50,1,0.94,0.939
de,pos,50,2,0.83,0.85
de,pos,50,2,0.81,0.812
de,pos,50,2,0.84,0.843
de,syl,50,1,0.79,0.804
de,syl,50,1,0.83,0.844
de,syl,50,1,0.77,0.781
de,pos,50,2,0.96,0.959
de,pos,50,2,0.85,0.86
de,syl,50,2,0.76,0.739
de,syl,50,1,0.84,0.83
de,syl,50,1,0.89,0.893
de,syl,50,2,0.76,0.76
de,syl,50,2,0.95,0.949
de,pos_syl,50,1,0.82,0.824
de,syl,50,2,0.83,0.838
de,syl,50,2,0.83,0.835
de,pos_syl,50,1,0.72,0.75
de,pos_syl,50,1,0.78,0.771
de,pos_syl,50,1,0.78,0.796
de,pos_syl,50,1,0.78,0.792
de,pos_syl,50,2,0.97,0.971
de,pos_syl,50,2,0.85,0.86
de,pos_syl,50,2,0.98,0.98
de,pos_syl,50,2,0.98,0.98
de,pos_syl,50,2,0.96,0.962
de,token,100,1,0.94,0.943
de,token,100,1,0.91,0.911
de,token,100,1,0.88,0.887
de,token,100,1,0.96,0.962
de,token,100,1,0.87,0.871
de,token,100,2,0.89,0.893
de,token,100,2,0.7,0.7
de,token,100,2,0.82,0.816
de,pos,100,1,0.69,0.693
de,pos,100,1,0.86,0.868
de,pos,100,1,0.64,0.66
de,token,100,2,0.51,0.38
de,token,100,2,0.73,0.727
de,pos,100,1,0.88,0.88
de,pos,100,1,0.75,0.752
de,pos,100,2,0.98,0.98
de,pos,100,2,0.97,0.97
de,syl,100,1,1,1
de,pos,100,2,0.97,0.97
de,syl,100,1,0.91,0.917
de,syl,100,1,0.92,0.918
de,pos,100,2,0.89,0.895
de,pos,100,2,0.87,0.876
de,syl,100,1,0.82,0.827
de,syl,100,1,0.91,0.917
de,syl,100,2,0.84,0.849
de,syl,100,2,0.83,0.828
de,syl,100,2,0.99,0.99
de,pos_syl,100,1,0.89,0.899
de,syl,100,2,0.76,0.739
de,syl,100,2,0.94,0.94
de,pos_syl,100,1,0.88,0.891
de,pos_syl,100,1,0.96,0.961
de,pos_syl,100,1,0.8,0.808
de,pos_syl,100,1,0.84,0.84
de,pos_syl,100,2,1,1
de,pos_syl,100,2,0.99,0.99
de,pos_syl,100,2,0.98,0.98
de,pos_syl,100,2,0.99,0.99
de,pos_syl,100,2,1,1
de,token,200,1,0.99,0.99
de,token,200,1,0.89,0.897
de,token,200,1,0.97,0.97
de,token,200,1,0.87,0.863
de,token,200,1,0.93,0.935
de,token,200,2,0.81,0.782
de,token,200,2,0.92,0.92
de,token,200,2,0.79,0.753
de,token,200,2,0.8,0.778
de,pos,200,1,0.85,0.842
de,pos,200,1,0.7,0.712
de,pos,200,1,0.98,0.98
de,pos,200,1,0.94,0.942
de,token,200,2,0.72,0.725
de,pos,200,1,0.92,0.92
de,pos,200,2,0.97,0.97
de,pos,200,2,0.95,0.952
de,pos,200,2,0.96,0.961
de,syl,200,1,0.99,0.99
de,pos,200,2,0.97,0.97
de,syl,200,1,0.96,0.958
de,syl,200,1,1,1
de,syl,200,1,0.99,0.99
de,pos,200,2,0.94,0.941
de,syl,200,1,1,1
de,syl,200,2,1,1
de,syl,200,2,0.99,0.99
de,syl,200,2,1,1
de,syl,200,2,1,1
de,pos_syl,200,1,0.95,0.947
de,pos_syl,200,1,0.92,0.918
de,pos_syl,200,1,1,1
de,pos_syl,200,1,0.95,0.952
de,syl,200,2,0.98,0.98
de,pos_syl,200,1,0.98,0.98
de,pos_syl,200,2,1,1
de,pos_syl,200,2,1,1
de,pos_syl,200,2,1,1
de,pos_syl,200,2,0.98,0.98
de,pos_syl,200,2,1,1
de,token,300,1,0.84,0.846
de,token,300,1,0.95,0.951
de,token,300,1,0.71,0.718
de,token,300,1,0.85,0.857
de,token,300,1,0.94,0.943
de,token,300,2,0.75,0.719
de,token,300,2,0.9,0.894
de,pos,300,1,0.91,0.909
de,token,300,2,0.82,0.809
de,token,300,2,0.92,0.918
de,pos,300,1,0.96,0.958
de,pos,300,1,0.81,0.812
de,pos,300,1,0.91,0.914
de,token,300,2,0.83,0.835
de,pos,300,1,1,1
de,pos,300,2,1,1
de,syl,300,1,1,1
de,pos,300,2,0.99,0.99
de,pos,300,2,0.99,0.99
de,syl,300,1,1,1
de,pos,300,2,0.97,0.971
de,syl,300,1,1,1
de,syl,300,1,1,1
de,pos,300,2,0.97,0.969
de,syl,300,1,1,1
de,syl,300,2,0.98,0.98
de,syl,300,2,0.98,0.98
de,syl,300,2,0.99,0.99
de,syl,300,2,0.98,0.98
de,pos_syl,300,1,0.99,0.99
de,pos_syl,300,1,1,1
de,pos_syl,300,1,1,1
de,syl,300,2,1,1
de,pos_syl,300,1,1,1
de,pos_syl,300,1,0.98,0.98
de,pos_syl,300,2,1,1
de,pos_syl,300,2,1,1
de,pos_syl,300,2,1,1
de,pos_syl,300,2,1,1
de,pos_syl,300,2,1,1
de,token,500,1,0.95,0.95
de,token,500,1,1,1
de,token,500,1,0.87,0.879
de,token,500,1,0.97,0.97
de,token,500,1,0.92,0.913
de,token,500,2,0.96,0.96
de,token,500,2,0.95,0.947
de,pos,500,1,0.86,0.854
de,token,500,2,0.83,0.828
de,token,500,2,0.93,0.929
de,pos,500,1,1,1
de,pos,500,1,0.91,0.911
de,pos,500,1,0.86,0.854
de,token,500,2,0.93,0.925
de,pos,500,1,0.98,0.98
de,pos,500,2,1,1
de,pos,500,2,1,1
de,syl,500,1,1,1
de,syl,500,1,1,1
de,pos,500,2,1,1
de,pos,500,2,1,1
de,syl,500,1,1,1
de,syl,500,1,1,1
de,pos,500,2,1,1
de,syl,500,1,1,1
de,syl,500,2,1,1
de,syl,500,2,1,1
de,pos_syl,500,1,0.96,0.961
de,syl,500,2,1,1
de,pos_syl,500,1,1,1
de,syl,500,2,1,1
de,pos_syl,500,1,1,1
de,syl,500,2,0.99,0.99
de,pos_syl,500,1,1,1
de,pos_syl,500,1,0.99,0.99
de,pos_syl,500,2,1,1
de,pos_syl,500,2,1,1
de,pos_syl,500,2,1,1
de,pos_syl,500,2,1,1
de,pos_syl,500,2,1,1
de,token,750,1,0.92,0.922
de,token,750,1,1,1
de,token,750,1,1,1
de,token,750,1,1,1
de,token,750,1,1,1
de,token,750,2,0.83,0.795
de,pos,750,1,1,1
de,token,750,2,0.98,0.98
de,token,750,2,1,1
de,pos,750,1,0.98,0.98
de,pos,750,1,0.97,0.97
de,token,750,2,0.92,0.922
de,token,750,2,0.97,0.971
de,pos,750,1,0.97,0.971
de,pos,750,1,1,1
de,pos,750,2,1,1
de,syl,750,1,1,1
de,pos,750,2,1,1
de,pos,750,2,1,1
de,syl,750,1,1,1
de,syl,750,1,1,1
de,pos,750,2,1,1
de,pos,750,2,1,1
de,syl,750,1,1,1
de,syl,750,1,1,1
de,syl,750,2,1,1
de,pos_syl,750,1,1,1
de,syl,750,2,1,1
de,syl,750,2,0.99,0.99
de,pos_syl,750,1,1,1
de,syl,750,2,1,1
de,pos_syl,750,1,1,1
de,syl,750,2,1,1
de,pos_syl,750,1,1,1
de,pos_syl,750,1,1,1
de,pos_syl,750,2,1,1
de,pos_syl,750,2,1,1
de,pos_syl,750,2,1,1
de,pos_syl,750,2,1,1
de,pos_syl,750,2,1,1
de,token,1000,1,1,1
de,token,1000,1,0.99,0.99
de,token,1000,1,1,1
de,token,1000,1,1,1
de,token,1000,1,1,1
de,token,1000,2,1,1
de,pos,1000,1,1,1
de,token,1000,2,0.98,0.98
de,pos,1000,1,1,1
de,token,1000,2,1,1
de,token,1000,2,0.96,0.962
de,pos,1000,1,1,1
de,pos,1000,1,1,1
de,token,1000,2,1,1
de,pos,1000,1,1,1
de,pos,1000,2,1,1
de,syl,1000,1,1,1
de,pos,1000,2,1,1
de,syl,1000,1,1,1
de,pos,1000,2,1,1
de,syl,1000,1,1,1
de,pos,1000,2,1,1
de,syl,1000,1,1,1
de,pos,1000,2,1,1
de,syl,1000,1,1,1
de,syl,1000,2,0.94,0.936
de,pos_syl,1000,1,1,1
de,syl,1000,2,1,1
de,syl,1000,2,1,1
de,pos_syl,1000,1,1,1
de,syl,1000,2,1,1
de,pos_syl,1000,1,1,1
de,pos_syl,1000,1,1,1
de,syl,1000,2,1,1
de,pos_syl,1000,1,1,1
de,pos_syl,1000,2,1,1
de,pos_syl,1000,2,1,1
de,pos_syl,1000,2,1,1
de,pos_syl,1000,2,1,1
de,pos_syl,1000,2,1,1
de,token,25,1,0.69,0.693
de,token,25,1,0.71,0.743
de,token,25,1,0.6,0.667
de,token,25,1,0.72,0.731
de,token,25,1,0.8,0.833
de,token,25,2,0.56,0.633
de,token,25,2,0.56,0.577
de,token,25,2,0.41,0.392
de,token,25,2,0.64,0.667
de,token,25,2,0.53,0.515
de,pos,25,1,0.55,0.571
de,pos,25,1,0.48,0.544
de,pos,25,1,0.6,0.574
de,pos,25,1,0.81,0.804
de,pos,25,1,0.73,0.71
de,pos,25,2,0.88,0.882
de,pos,25,2,0.86,0.865
de,pos,25,2,0.69,0.716
de,pos,25,2,0.71,0.729
de,pos,25,2,0.8,0.811
de,syl,25,1,0.58,0.618
de,syl,25,1,0.78,0.792
de,syl,25,1,0.85,0.857
de,syl,25,1,0.54,0.558
de,syl,25,1,0.79,0.804
de,syl,25,2,0.87,0.881
de,syl,25,2,0.92,0.925
de,syl,25,2,0.73,0.748
de,syl,25,2,0.73,0.716
de,syl,25,2,0.95,0.951
de,pos_syl,25,1,0.64,0.673
de,pos_syl,25,1,0.92,0.918
de,pos_syl,25,1,0.8,0.804
de,pos_syl,25,1,0.49,0.564
de,pos_syl,25,1,0.88,0.878
de,pos_syl,25,2,0.92,0.923
de,pos_syl,25,2,0.89,0.897
de,pos_syl,25,2,0.99,0.99
de,pos_syl,25,2,0.89,0.901
de,pos_syl,25,2,0.86,0.873
de,token,50,1,0.6,0.661
de,token,50,1,0.75,0.786
de,token,50,1,0.76,0.774
de,token,50,1,0.79,0.804
de,token,50,1,0.88,0.885
de,token,50,2,0.6,0.623
de,token,50,2,0.6,0.615
de,token,50,2,0.46,0.5
de,pos,50,1,0.8,0.818
de,token,50,2,0.7,0.727
de,token,50,2,0.76,0.733
de,pos,50,1,0.77,0.753
de,pos,50,1,0.49,0.452
de,pos,50,1,0.78,0.788
de,pos,50,1,0.44,0.472
de,pos,50,2,0.93,0.935
de,pos,50,2,0.8,0.8
de,pos,50,2,0.73,0.752
de,syl,50,1,0.77,0.768
de,syl,50,1,0.93,0.931
de,pos,50,2,0.88,0.87
de,pos,50,2,0.83,0.825
de,syl,50,1,0.87,0.871
de,syl,50,1,0.85,0.86
de,syl,50,1,0.87,0.874
de,syl,50,2,0.97,0.97
de,syl,50,2,0.78,0.804
de,syl,50,2,0.86,0.868
de,syl,50,2,0.8,0.811
de,syl,50,2,0.78,0.792
de,pos_syl,50,1,0.84,0.826
de,pos_syl,50,1,0.89,0.889
de,pos_syl,50,1,0.81,0.808
de,pos_syl,50,1,0.84,0.846
de,pos_syl,50,1,0.8,0.811
de,pos_syl,50,2,0.95,0.952
de,pos_syl,50,2,0.97,0.97
de,pos_syl,50,2,0.82,0.836
de,pos_syl,50,2,0.96,0.959
de,pos_syl,50,2,0.99,0.99
de,token,100,1,0.77,0.793
de,token,100,1,0.92,0.925
de,token,100,1,0.97,0.971
de,token,100,1,0.87,0.876
de,token,100,1,0.85,0.86
de,token,100,2,0.77,0.768
de,token,100,2,0.79,0.769
de,token,100,2,0.73,0.703
de,token,100,2,0.67,0.673
de,pos,100,1,0.67,0.673
de,token,100,2,0.51,0.505
de,pos,100,1,0.96,0.96
de,pos,100,1,0.72,0.75
de,pos,100,1,0.72,0.741
de,pos,100,1,0.99,0.99
de,pos,100,2,0.91,0.909
de,pos,100,2,0.81,0.822
de,syl,100,1,0.87,0.879
de,pos,100,2,0.98,0.98
de,pos,100,2,0.98,0.98
de,pos,100,2,0.91,0.914
de,syl,100,1,0.83,0.825
de,syl,100,1,0.91,0.913
de,syl,100,1,0.97,0.971
de,syl,100,1,0.87,0.863
de,syl,100,2,0.88,0.882
de,syl,100,2,0.96,0.962
de,syl,100,2,0.97,0.971
de,pos_syl,100,1,0.93,0.935
de,syl,100,2,0.88,0.878
de,syl,100,2,0.9,0.902
de,pos_syl,100,1,0.93,0.931
de,pos_syl,100,1,0.92,0.915
de,pos_syl,100,1,0.85,0.86
de,pos_syl,100,1,0.9,0.904
de,pos_syl,100,2,0.99,0.99
de,pos_syl,100,2,1,1
de,pos_syl,100,2,0.96,0.962
de,pos_syl,100,2,0.97,0.97
de,pos_syl,100,2,1,1
de,token,200,1,0.83,0.85
de,token,200,1,0.94,0.939
de,token,200,1,0.96,0.962
de,token,200,1,0.89,0.889
de,token,200,1,0.78,0.776
de,token,200,2,0.78,0.761
de,pos,200,1,0.92,0.915
de,token,200,2,0.65,0.598
de,token,200,2,0.84,0.814
de,token,200,2,0.84,0.826
de,token,200,2,0.86,0.851
de,pos,200,1,0.82,0.824
de,pos,200,1,0.85,0.857
de,pos,200,1,0.92,0.917
de,pos,200,1,0.69,0.693
de,pos,200,2,1,1
de,syl,200,1,0.96,0.959
de,pos,200,2,1,1
de,pos,200,2,1,1
de,pos,200,2,0.95,0.948
de,pos,200,2,0.92,0.918
de,syl,200,1,1,1
de,syl,200,1,0.97,0.971
de,syl,200,1,0.9,0.907
de,syl,200,1,0.82,0.824
de,syl,200,2,0.89,0.895
de,pos_syl,200,1,1,1
de,syl,200,2,0.84,0.849
de,syl,200,2,0.83,0.835
de,syl,200,2,0.93,0.935
de,syl,200,2,0.87,0.879
de,pos_syl,200,1,1,1
de,pos_syl,200,1,0.95,0.952
de,pos_syl,200,1,0.98,0.98
de,pos_syl,200,1,0.89,0.891
de,pos_syl,200,2,1,1
de,pos_syl,200,2,1,1
de,pos_syl,200,2,1,1
de,pos_syl,200,2,0.99,0.99
de,pos_syl,200,2,1,1
de,token,300,1,0.8,0.783
de,token,300,1,0.85,0.845
de,token,300,1,0.86,0.848
de,token,300,1,0.99,0.99
de,token,300,1,0.89,0.895
de,token,300,2,0.85,0.854
de,pos,300,1,0.91,0.916
de,token,300,2,0.75,0.706
de,token,300,2,0.95,0.947
de,pos,300,1,0.97,0.97
de,token,300,2,0.82,0.809
de,pos,300,1,0.93,0.931
de,token,300,2,0.82,0.8
de,pos,300,1,0.91,0.907
de,pos,300,1,0.93,0.932
de,pos,300,2,1,1
de,syl,300,1,0.96,0.962
de,pos,300,2,1,1
de,pos,300,2,1,1
de,syl,300,1,0.98,0.98
de,pos,300,2,1,1
de,pos,300,2,0.99,0.99
de,syl,300,1,1,1
de,syl,300,1,1,1
de,syl,300,1,0.99,0.99
de,syl,300,2,0.99,0.99
de,syl,300,2,0.98,0.98
de,pos_syl,300,1,0.98,0.98
de,syl,300,2,0.98,0.98
de,syl,300,2,0.94,0.941
de,pos_syl,300,1,0.99,0.99
de,syl,300,2,0.94,0.941
de,pos_syl,300,1,0.94,0.94
de,pos_syl,300,1,1,1
de,pos_syl,300,1,0.88,0.88
de,pos_syl,300,2,1,1
de,pos_syl,300,2,1,1
de,pos_syl,300,2,1,1
de,pos_syl,300,2,1,1
de,pos_syl,300,2,1,1
de,token,500,1,0.99,0.99
de,token,500,1,0.9,0.909
de,token,500,1,0.92,0.92
de,token,500,1,0.96,0.962
de,token,500,1,0.99,0.99
de,token,500,2,0.94,0.94
de,pos,500,1,1,1
de,token,500,2,0.86,0.848
de,token,500,2,0.94,0.942
de,token,500,2,0.94,0.94
de,pos,500,1,1,1
de,pos,500,1,1,1
de,pos,500,1,1,1
de,token,500,2,0.87,0.869
de,pos,500,1,1,1
de,pos,500,2,1,1
de,syl,500,1,1,1
de,pos,500,2,1,1
de,pos,500,2,1,1
de,syl,500,1,1,1
de,pos,500,2,1,1
de,syl,500,1,1,1
de,syl,500,1,1,1
de,pos,500,2,1,1
de,syl,500,1,1,1
de,syl,500,2,1,1
de,syl,500,2,1,1
de,syl,500,2,1,1
de,pos_syl,500,1,1,1
de,syl,500,2,0.99,0.99
de,pos_syl,500,1,1,1
de,syl,500,2,1,1
de,pos_syl,500,1,0.99,0.99
de,pos_syl,500,1,1,1
de,pos_syl,500,1,1,1
de,pos_syl,500,2,1,1
de,pos_syl,500,2,1,1
de,pos_syl,500,2,1,1
de,pos_syl,500,2,1,1
de,pos_syl,500,2,1,1
de,token,750,1,0.99,0.99
de,token,750,1,0.99,0.99
de,token,750,1,1,1
de,token,750,1,0.99,0.99
de,token,750,1,0.96,0.96
de,token,750,2,0.94,0.938
de,pos,750,1,1,1
de,token,750,2,0.99,0.99
de,token,750,2,0.97,0.97
de,token,750,2,0.94,0.938
de,pos,750,1,0.98,0.98
de,pos,750,1,1,1
de,pos,750,1,1,1
de,token,750,2,1,1
de,pos,750,1,1,1
de,pos,750,2,1,1
de,syl,750,1,1,1
de,pos,750,2,1,1
de,pos,750,2,1,1
de,pos,750,2,1,1
de,syl,750,1,1,1
de,syl,750,1,1,1
de,syl,750,1,1,1
de,pos,750,2,1,1
de,syl,750,1,1,1
de,syl,750,2,1,1
de,pos_syl,750,1,1,1
de,syl,750,2,1,1
de,syl,750,2,1,1
de,syl,750,2,1,1
de,pos_syl,750,1,1,1
de,pos_syl,750,1,1,1
de,syl,750,2,1,1
de,pos_syl,750,1,1,1
de,pos_syl,750,1,1,1
de,pos_syl,750,2,1,1
de,pos_syl,750,2,1,1
de,pos_syl,750,2,1,1
de,pos_syl,750,2,1,1
de,pos_syl,750,2,1,1
de,token,1000,1,1,1
de,token,1000,1,0.99,0.99
de,token,1000,1,1,1
de,token,1000,1,0.97,0.971
de,token,1000,1,1,1
de,token,1000,2,1,1
de,pos,1000,1,1,1
de,token,1000,2,1,1
de,token,1000,2,1,1
de,token,1000,2,0.99,0.99
de,pos,1000,1,1,1
de,pos,1000,1,1,1
de,pos,1000,1,0.97,0.969
de,token,1000,2,0.94,0.942
de,pos,1000,1,1,1
de,pos,1000,2,1,1
de,syl,1000,1,1,1
de,pos,1000,2,1,1
de,pos,1000,2,1,1
de,pos,1000,2,1,1
de,syl,1000,1,1,1
de,syl,1000,1,1,1
de,syl,1000,1,1,1
de,pos,1000,2,1,1
de,syl,1000,1,1,1
de,syl,1000,2,1,1
de,syl,1000,2,1,1
de,pos_syl,1000,1,1,1
de,syl,1000,2,1,1
de,syl,1000,2,1,1
de,pos_syl,1000,1,1,1
de,pos_syl,1000,1,1,1
de,pos_syl,1000,1,1,1
de,syl,1000,2,1,1
de,pos_syl,1000,1,1,1
de,pos_syl,1000,2,1,1
de,pos_syl,1000,2,1,1
de,pos_syl,1000,2,1,1
de,pos_syl,1000,2,1,1
de,pos_syl,1000,2,1,1
de,token,25,1,0.77,0.8
de,token,25,1,0.75,0.797
de,token,25,1,0.65,0.69
de,token,25,2,0.59,0.453
de,token,25,2,0.73,0.761
de,token,25,2,0.59,0.631
de,pos,25,1,0.72,0.754
de,pos,25,1,0.36,0.347
de,pos,25,1,0.76,0.782
de,pos,25,2,0.72,0.745
de,pos,25,2,0.84,0.837
de,syl,25,1,0.45,0.455
de,pos,25,2,0.9,0.909
de,syl,25,1,0.67,0.673
de,syl,25,1,0.82,0.82
de,syl,25,2,0.78,0.78
de,syl,25,2,0.63,0.641
de,syl,25,2,0.91,0.914
de,pos_syl,25,1,0.68,0.686
de,pos_syl,25,1,0.56,0.593
de,pos_syl,25,1,0.81,0.832
de,pos_syl,25,2,0.87,0.874
de,pos_syl,25,2,0.93,0.935
de,pos_syl,25,2,0.73,0.752
de,token,50,1,0.75,0.775
de,token,50,1,0.86,0.875
de,token,50,1,0.86,0.87
de,token,50,2,0.6,0.623
de,token,50,2,0.51,0.505
de,pos,50,1,0.72,0.754
de,pos,50,1,0.57,0.59
de,token,50,2,0.6,0.556
de,pos,50,1,0.85,0.86
de,pos,50,2,0.81,0.832
de,syl,50,1,0.67,0.645
de,pos,50,2,0.86,0.873
de,pos,50,2,0.97,0.97
de,syl,50,1,0.78,0.784
de,syl,50,1,0.88,0.875
de,syl,50,2,0.86,0.857
de,syl,50,2,0.84,0.833
de,pos_syl,50,1,0.78,0.796
de,syl,50,2,0.76,0.765
de,pos_syl,50,1,0.76,0.8
de,pos_syl,50,1,0.82,0.842
de,pos_syl,50,2,0.91,0.913
de,pos_syl,50,2,0.97,0.971
de,pos_syl,50,2,0.94,0.943
de,token,100,1,0.91,0.907
de,token,100,1,0.81,0.832
de,token,100,1,0.76,0.765
de,token,100,2,0.81,0.808
de,pos,100,1,0.89,0.901
de,token,100,2,0.81,0.808
de,token,100,2,0.82,0.809
de,pos,100,1,0.66,0.667
de,pos,100,1,0.78,0.784
de,pos,100,2,0.94,0.942
de,syl,100,1,0.92,0.923
de,pos,100,2,0.88,0.885
de,syl,100,1,0.88,0.887
de,pos,100,2,0.95,0.952
de,syl,100,2,0.95,0.952
de,syl,100,1,0.98,0.98
de,pos_syl,100,1,0.99,0.99
de,syl,100,2,0.89,0.891
de,syl,100,2,0.85,0.835
de,pos_syl,100,1,0.94,0.943
de,pos_syl,100,1,0.93,0.926
de,pos_syl,100,2,0.93,0.933
de,pos_syl,100,2,0.97,0.971
de,pos_syl,100,2,1,1
de,token,200,1,0.93,0.935
de,token,200,1,0.83,0.838
de,token,200,1,0.84,0.852
de,token,200,2,0.9,0.898
de,pos,200,1,0.94,0.94
de,token,200,2,0.8,0.778
de,token,200,2,0.68,0.644
de,pos,200,1,1,1
de,pos,200,1,0.76,0.745
de,pos,200,2,0.98,0.98
de,syl,200,1,1,1
de,pos,200,2,0.98,0.98
de,pos,200,2,0.99,0.99
de,syl,200,1,1,1
de,syl,200,1,1,1
de,syl,200,2,0.95,0.951
de,pos_syl,200,1,0.99,0.99
de,syl,200,2,0.92,0.918
de,syl,200,2,0.99,0.99
de,pos_syl,200,1,0.97,0.97
de,pos_syl,200,1,1,1
de,pos_syl,200,2,1,1
de,pos_syl,200,2,1,1
de,pos_syl,200,2,1,1
de,token,300,1,0.89,0.889
de,token,300,1,0.88,0.885
de,token,300,1,0.93,0.931
de,token,300,2,0.86,0.841
de,pos,300,1,0.96,0.962
de,token,300,2,0.71,0.674
de,token,300,2,0.96,0.958
de,pos,300,1,0.86,0.873
de,pos,300,1,0.99,0.99
de,pos,300,2,1,1
de,syl,300,1,1,1
de,pos,300,2,1,1
de,pos,300,2,1,1
de,syl,300,1,1,1
de,syl,300,1,0.93,0.933
de,syl,300,2,1,1
de,pos_syl,300,1,0.95,0.952
de,syl,300,2,0.99,0.99
de,syl,300,2,0.96,0.962
de,pos_syl,300,1,1,1
de,pos_syl,300,1,1,1
de,pos_syl,300,2,1,1
de,pos_syl,300,2,1,1
de,pos_syl,300,2,1,1
de,token,500,1,0.96,0.962
de,token,500,1,0.98,0.98
de,token,500,1,1,1
de,token,500,2,0.93,0.929
de,pos,500,1,0.92,0.922
de,token,500,2,0.97,0.969
de,token,500,2,0.91,0.903
de,pos,500,1,1,1
de,pos,500,1,0.91,0.901
de,pos,500,2,1,1
de,syl,500,1,1,1
de,pos,500,2,1,1
de,pos,500,2,1,1
de,syl,500,1,1,1
de,syl,500,1,1,1
de,syl,500,2,1,1
de,syl,500,2,1,1
de,syl,500,2,0.99,0.99
de,pos_syl,500,1,1,1
de,pos_syl,500,1,1,1
de,pos_syl,500,1,1,1
de,pos_syl,500,2,1,1
de,pos_syl,500,2,1,1
de,pos_syl,500,2,1,1
de,token,750,1,0.98,0.98
de,token,750,1,0.99,0.99
de,token,750,1,0.97,0.97
de,token,750,2,0.96,0.958
de,pos,750,1,0.99,0.99
de,token,750,2,1,1
de,pos,750,1,0.93,0.926
de,token,750,2,1,1
de,pos,750,1,1,1
de,pos,750,2,1,1
de,pos,750,2,1,1
de,syl,750,1,1,1
de,syl,750,1,1,1
de,pos,750,2,1,1
de,syl,750,1,1,1
de,syl,750,2,1,1
de,syl,750,2,1,1
de,pos_syl,750,1,1,1
de,pos_syl,750,1,1,1
de,syl,750,2,0.98,0.98
de,pos_syl,750,1,1,1
de,pos_syl,750,2,1,1
de,pos_syl,750,2,1,1
de,pos_syl,750,2,1,1
de,token,1000,1,1,1
de,token,1000,1,1,1
de,token,1000,1,0.99,0.99
de,token,1000,2,1,1
de,token,1000,2,1,1
de,pos,1000,1,1,1
de,pos,1000,1,1,1
de,token,1000,2,0.96,0.958
de,pos,1000,1,1,1
de,pos,1000,2,1,1
de,pos,1000,2,1,1
de,syl,1000,1,1,1
de,syl,1000,1,1,1
de,pos,1000,2,1,1
de,syl,1000,1,1,1
de,syl,1000,2,1,1
de,syl,1000,2,1,1
de,pos_syl,1000,1,0.98,0.98
de,pos_syl,1000,1,1,1
de,syl,1000,2,0.99,0.99
de,pos_syl,1000,1,1,1
de,pos_syl,1000,2,1,1
de,pos_syl,1000,2,1,1
de,token,25,1,0.63,0.673
de,pos_syl,1000,2,1,1
de,token,25,1,0.79,0.804
de,token,25,2,0.43,0.504
de,pos,25,1,0.57,0.613
de,token,25,2,0.67,0.692
de,pos,25,1,0.48,0.509
de,pos,25,2,0.78,0.792
de,syl,25,1,0.9,0.906
de,pos,25,2,0.8,0.804
de,syl,25,2,0.73,0.727
de,syl,25,1,0.82,0.816
de,pos_syl,25,1,0.74,0.745
de,syl,25,2,0.73,0.748
de,pos_syl,25,1,0.67,0.708
de,pos_syl,25,2,0.82,0.83
de,pos_syl,25,2,0.85,0.857
de,token,50,1,0.86,0.868
de,token,50,1,0.74,0.783
de,token,50,2,0.66,0.63
de,pos,50,1,0.73,0.703
de,token,50,2,0.48,0.509
de,pos,50,1,0.77,0.753
de,pos,50,2,0.93,0.931
de,syl,50,1,0.84,0.846
de,syl,50,2,0.82,0.827
de,pos,50,2,0.81,0.819
de,syl,50,1,0.68,0.644
de,pos_syl,50,1,0.75,0.757
de,syl,50,2,0.78,0.8
de,pos_syl,50,1,0.79,0.817
de,pos_syl,50,2,0.98,0.98
de,pos_syl,50,2,0.81,0.819
de,token,100,1,0.98,0.98
de,token,100,1,0.79,0.792
de,token,100,2,0.8,0.762
de,pos,100,1,0.79,0.764
de,token,100,2,0.64,0.673
de,pos,100,1,0.91,0.907
de,pos,100,2,0.99,0.99
de,syl,100,1,0.97,0.971
de,syl,100,2,0.76,0.75
de,pos,100,2,0.79,0.817
de,pos_syl,100,1,0.92,0.926
de,syl,100,1,0.82,0.824
de,syl,100,2,0.79,0.779
de,pos_syl,100,1,0.81,0.826
de,pos_syl,100,2,1,1
de,token,200,1,0.95,0.949
de,pos_syl,100,2,0.97,0.97
de,token,200,1,0.95,0.948
de,token,200,2,0.91,0.901
de,pos,200,1,0.88,0.878
de,token,200,2,0.9,0.894
de,pos,200,1,0.78,0.776
de,pos,200,2,0.93,0.926
de,syl,200,1,0.95,0.948
de,syl,200,2,0.84,0.81
de,pos,200,2,1,1
de,pos_syl,200,1,1,1
de,syl,200,1,0.99,0.99
de,syl,200,2,0.97,0.971
de,pos_syl,200,1,1,1
de,pos_syl,200,2,0.99,0.99
de,token,300,1,0.9,0.902
de,pos_syl,200,2,1,1
de,token,300,1,0.9,0.906
de,token,300,2,0.8,0.8
de,pos,300,1,0.96,0.958
de,token,300,2,0.71,0.681
de,pos,300,1,0.97,0.97
de,pos,300,2,0.98,0.98
de,syl,300,1,0.94,0.943
de,syl,300,2,1,1
de,pos,300,2,1,1
de,syl,300,1,0.98,0.98
de,pos_syl,300,1,0.98,0.98
de,syl,300,2,0.96,0.962
de,pos_syl,300,1,1,1
de,pos_syl,300,2,1,1
de,token,500,1,0.97,0.971
de,pos_syl,300,2,1,1
de,token,500,1,0.9,0.909
de,token,500,2,0.96,0.959
de,pos,500,1,0.94,0.942
de,token,500,2,0.97,0.97
de,pos,500,1,1,1
de,token,25,1,0.74,0.78
de,pos,500,2,1,1
de,token,25,1,0.68,0.698
de,token,25,1,0.45,0.466
de,syl,500,1,1,1
de,token,25,2,0.49,0.485
de,pos,25,1,0.66,0.653
de,token,25,2,0.43,0.36
de,token,25,2,0.62,0.513
de,pos,25,1,0.71,0.713
de,pos,25,1,0.62,0.655
de,pos,500,2,1,1
de,pos,25,2,0.83,0.841
de,syl,500,1,1,1
de,pos,25,2,0.87,0.869
de,syl,500,2,1,1
de,syl,25,1,0.76,0.769
de,pos,25,2,0.72,0.75
de,syl,25,1,0.89,0.901
de,syl,25,2,0.87,0.869
de,syl,25,1,0.68,0.652
de,pos_syl,500,1,1,1
de,syl,25,2,0.72,0.736
de,pos_syl,25,1,0.72,0.72
de,syl,25,2,0.75,0.747
de,pos_syl,25,1,0.78,0.792
de,pos_syl,25,1,0.78,0.78
de,syl,500,2,0.97,0.97
de,pos_syl,500,1,1,1
de,pos_syl,25,2,0.87,0.879
de,pos_syl,25,2,0.87,0.883
de,pos_syl,500,2,1,1
de,pos_syl,25,2,0.78,0.761
de,token,50,1,0.93,0.935
de,token,50,1,0.84,0.86
de,token,50,1,0.98,0.98
de,token,750,1,1,1
de,pos_syl,500,2,1,1
de,token,50,2,0.61,0.621
de,token,50,2,0.62,0.642
de,pos,50,1,0.78,0.761
de,pos,50,1,0.71,0.729
de,token,50,2,0.64,0.591
de,pos,50,1,0.72,0.736
de,token,750,1,0.91,0.914
de,pos,50,2,0.94,0.942
de,pos,50,2,0.83,0.844
de,syl,50,1,0.78,0.792
de,pos,50,2,0.74,0.75
de,syl,50,1,0.98,0.98
de,syl,50,1,0.9,0.896
de,syl,50,2,0.73,0.722
de,syl,50,2,0.97,0.971
de,syl,50,2,0.88,0.882
de,pos_syl,50,1,0.99,0.99
de,pos_syl,50,1,0.92,0.925
de,pos_syl,50,1,0.85,0.845
de,pos_syl,50,2,0.96,0.962
de,pos_syl,50,2,0.93,0.931
de,pos_syl,50,2,0.91,0.913
de,token,750,2,0.95,0.95
de,pos,750,1,1,1
de,token,100,1,0.98,0.98
de,token,100,1,0.98,0.98
de,token,100,1,0.83,0.85
de,token,750,2,0.97,0.969
de,pos,750,1,1,1
de,token,100,2,0.8,0.792
de,token,100,2,0.81,0.812
de,token,100,2,0.53,0.484
de,pos,100,1,0.98,0.98
de,pos,100,1,0.87,0.86
de,pos,100,1,0.83,0.825
de,pos,750,2,1,1
de,syl,750,1,1,1
de,pos,100,2,0.94,0.938
de,pos,100,2,1,1
de,pos,100,2,0.91,0.916
de,syl,100,1,0.84,0.837
de,syl,100,1,0.86,0.86
de,syl,100,1,0.82,0.824
de,syl,100,2,0.98,0.98
de,syl,100,2,0.81,0.822
de,syl,100,2,0.91,0.914
de,pos_syl,100,1,0.99,0.99
de,pos_syl,100,1,0.95,0.952
de,pos_syl,100,1,0.88,0.887
de,pos,750,2,1,1
de,syl,750,1,1,1
de,syl,750,2,1,1
de,pos_syl,750,1,1,1
de,pos_syl,100,2,1,1
de,pos_syl,100,2,1,1
de,pos_syl,100,2,1,1
de,token,200,1,0.82,0.83
de,token,200,1,0.84,0.84
de,token,200,1,0.89,0.891
de,syl,750,2,1,1
de,pos_syl,750,1,1,1
de,pos_syl,750,2,1,1
de,token,200,2,0.84,0.837
de,token,200,2,0.75,0.731
de,token,200,2,0.78,0.756
de,pos,200,1,0.9,0.896
de,pos,200,1,0.83,0.832
de,pos,200,1,0.93,0.932
de,token,1000,1,0.98,0.98
de,pos,200,2,1,1
de,pos,200,2,0.98,0.98
de,pos,200,2,1,1
de,syl,200,1,0.98,0.98
de,syl,200,1,0.94,0.943
de,syl,200,1,0.9,0.9
de,pos_syl,750,2,1,1
de,syl,200,2,0.95,0.952
de,syl,200,2,0.9,0.898
de,syl,200,2,0.87,0.883
de,pos_syl,200,1,1,1
de,pos_syl,200,1,0.84,0.84
de,pos_syl,200,1,0.98,0.98
de,token,1000,1,1,1
de,pos_syl,200,2,1,1
de,pos_syl,200,2,1,1
de,pos_syl,200,2,1,1
de,token,300,1,0.96,0.961
de,token,300,1,0.86,0.86
de,token,300,1,0.93,0.932
de,token,1000,2,1,1
de,pos,1000,1,0.99,0.99
de,token,300,2,0.84,0.822
de,token,300,2,0.91,0.903
de,token,300,2,0.88,0.872
de,pos,300,1,0.89,0.891
de,pos,300,1,0.96,0.958
de,pos,300,1,0.81,0.812
de,token,1000,2,1,1
de,pos,1000,1,1,1
de,pos,300,2,1,1
de,pos,300,2,1,1
de,syl,300,1,1,1
de,syl,300,1,1,1
de,pos,300,2,0.99,0.99
de,syl,300,1,1,1
de,pos,1000,2,1,1
de,syl,1000,1,1,1
de,syl,300,2,1,1
de,syl,300,2,1,1
de,syl,300,2,0.97,0.971
de,pos_syl,300,1,0.97,0.971
de,pos_syl,300,1,1,1
de,pos_syl,300,1,1,1
de,pos,1000,2,1,1
de,syl,1000,1,1,1
de,pos_syl,300,2,1,1
de,pos_syl,300,2,1,1
de,pos_syl,300,2,1,1
de,syl,1000,2,0.99,0.99
de,pos_syl,1000,1,1,1
de,token,500,1,0.9,0.906
de,token,500,1,0.97,0.97
de,token,500,1,0.91,0.916
de,syl,1000,2,1,1
de,pos_syl,1000,1,1,1
de,pos_syl,1000,2,1,1
de,token,500,2,0.95,0.948
de,token,500,2,0.96,0.959
de,pos,500,1,0.88,0.889
de,token,500,2,0.99,0.99
de,pos,500,1,1,1
de,pos,500,1,0.98,0.98
de,pos_syl,1000,2,1,1
de,pos,500,2,1,1
de,syl,500,1,1,1
de,pos,500,2,1,1
de,pos,500,2,1,1
de,syl,500,1,1,1
de,syl,500,1,1,1
de,syl,500,2,1,1
de,syl,500,2,1,1
de,syl,500,2,1,1
de,pos_syl,500,1,0.99,0.99
de,pos_syl,500,1,1,1
de,pos_syl,500,1,1,1
de,pos_syl,500,2,1,1
de,pos_syl,500,2,1,1
de,pos_syl,500,2,1,1
de,token,750,1,0.98,0.98
de,token,750,1,0.89,0.893
de,token,750,1,1,1
de,token,750,2,1,1
de,token,750,2,1,1
de,pos,750,1,1,1
de,token,750,2,0.98,0.98
de,pos,750,1,0.97,0.971
de,pos,750,1,1,1
de,pos,750,2,0.99,0.99
de,pos,750,2,1,1
de,pos,750,2,1,1
de,syl,750,1,1,1
de,syl,750,1,1,1
de,syl,750,1,1,1
de,syl,750,2,1,1
de,syl,750,2,1,1
de,syl,750,2,1,1
de,pos_syl,750,1,1,1
de,pos_syl,750,1,1,1
de,pos_syl,750,1,1,1
de,pos_syl,750,2,1,1
de,pos_syl,750,2,1,1
de,pos_syl,750,2,1,1
de,token,1000,1,0.98,0.98
de,token,1000,1,1,1
de,token,1000,1,1,1
de,token,1000,2,1,1
de,token,1000,2,0.99,0.99
de,token,1000,2,1,1
de,pos,1000,1,0.97,0.971
de,pos,1000,1,1,1
de,pos,1000,1,1,1
de,pos,1000,2,1,1
de,pos,1000,2,1,1
de,pos,1000,2,1,1
de,syl,1000,1,1,1
de,syl,1000,1,1,1
de,syl,1000,1,1,1
de,syl,1000,2,1,1
de,syl,1000,2,1,1
de,syl,1000,2,1,1
de,pos_syl,1000,1,1,1
de,pos_syl,1000,1,1,1
de,pos_syl,1000,1,1,1
de,pos_syl,1000,2,1,1
de,pos_syl,1000,2,1,1
de,pos_syl,1000,2,1,1
de,token,25,1,0.57,0.639
de,token,25,1,0.73,0.757
de,token,25,1,0.7,0.727
de,token,25,2,0.54,0.521
de,token,25,2,0.63,0.713
de,token,25,2,0.6,0.583
de,pos,25,1,0.66,0.646
de,pos,25,1,0.68,0.698
de,pos,25,1,0.45,0.466
de,pos,25,2,0.89,0.895
de,pos,25,2,0.73,0.722
de,syl,25,1,0.89,0.887
de,pos,25,2,0.93,0.931
de,syl,25,1,0.66,0.667
de,syl,25,1,0.72,0.741
de,syl,25,2,0.66,0.702
de,syl,25,2,0.54,0.589
de,syl,25,2,0.75,0.747
de,pos_syl,25,1,0.96,0.959
de,pos_syl,25,1,0.82,0.839
de,pos_syl,25,1,0.94,0.941
de,pos_syl,25,2,0.91,0.911
de,pos_syl,25,2,0.92,0.925
de,pos_syl,25,2,0.95,0.952
de,token,50,1,0.74,0.768
de,token,50,1,0.79,0.811
de,token,50,1,0.72,0.731
de,token,50,2,0.63,0.626
de,token,50,2,0.71,0.713
de,token,50,2,0.7,0.651
de,pos,50,1,0.9,0.902
de,pos,50,1,0.59,0.559
de,pos,50,1,0.59,0.61
de,pos,50,2,0.75,0.775
de,pos,50,2,0.83,0.844
de,pos,50,2,0.86,0.857
de,syl,50,1,0.62,0.596
de,syl,50,1,0.81,0.816
de,syl,50,1,0.75,0.762
de,syl,50,2,0.65,0.624
de,syl,50,2,0.82,0.836
de,syl,50,2,0.77,0.785
de,pos_syl,50,1,0.96,0.959
de,pos_syl,50,1,0.82,0.839
de,pos_syl,50,1,0.7,0.727
de,pos_syl,50,2,0.98,0.98
de,pos_syl,50,2,0.9,0.896
de,pos_syl,50,2,0.93,0.935
de,token,100,1,0.92,0.926
de,token,100,1,0.89,0.884
de,token,100,1,0.66,0.685
de,token,100,2,0.78,0.771
de,token,100,2,0.71,0.707
de,token,100,2,0.83,0.8
de,pos,100,1,0.72,0.714
de,pos,100,1,0.91,0.911
de,pos,100,1,0.93,0.932
de,pos,100,2,0.87,0.874
de,pos,100,2,0.97,0.97
de,syl,100,1,0.81,0.819
de,pos,100,2,0.95,0.952
de,syl,100,1,0.92,0.92
de,syl,100,1,0.73,0.682
de,syl,100,2,0.78,0.792
de,syl,100,2,0.95,0.951
de,syl,100,2,0.82,0.82
de,pos_syl,100,1,0.81,0.819
de,pos_syl,100,1,0.95,0.95
de,pos_syl,100,1,0.91,0.905
de,pos_syl,100,2,0.97,0.97
de,pos_syl,100,2,1,1
de,pos_syl,100,2,1,1
de,token,200,1,0.95,0.95
de,token,200,1,0.91,0.916
de,token,200,1,0.89,0.897
de,token,200,2,0.71,0.688
de,token,200,2,0.84,0.822
de,pos,200,1,0.96,0.962
de,pos,200,1,0.88,0.882
de,token,200,2,0.77,0.768
de,pos,200,1,0.77,0.785
de,pos,200,2,0.98,0.98
de,pos,200,2,0.98,0.98
de,syl,200,1,1,1
de,syl,200,1,0.96,0.958
de,pos,200,2,0.98,0.98
de,syl,200,1,0.96,0.962
de,syl,200,2,0.95,0.947
de,syl,200,2,0.96,0.961
de,pos_syl,200,1,1,1
de,syl,200,2,0.88,0.893
de,pos_syl,200,1,0.98,0.98
de,pos_syl,200,1,0.83,0.838
de,pos_syl,200,2,1,1
de,pos_syl,200,2,0.99,0.99
de,pos_syl,200,2,0.97,0.971
de,token,300,1,0.98,0.98
de,token,300,1,0.81,0.819
de,token,300,1,0.99,0.99
de,token,300,2,0.87,0.869
de,token,300,2,0.86,0.844
de,pos,300,1,0.97,0.969
de,pos,300,1,0.75,0.742
de,token,300,2,0.85,0.842
de,pos,300,1,0.74,0.735
de,pos,300,2,0.99,0.99
de,pos,300,2,1,1
de,syl,300,1,0.93,0.932
de,syl,300,1,1,1
de,pos,300,2,1,1
de,syl,300,1,0.92,0.922
de,syl,300,2,1,1
de,syl,300,2,0.96,0.961
de,syl,300,2,0.96,0.959
de,pos_syl,300,1,0.96,0.962
de,pos_syl,300,1,1,1
de,pos_syl,300,1,0.89,0.891
de,pos_syl,300,2,1,1
de,pos_syl,300,2,1,1
de,pos_syl,300,2,1,1
de,token,500,1,0.93,0.933
de,token,500,1,0.97,0.97
de,token,500,1,0.91,0.907
de,token,500,2,0.97,0.97
de,token,500,2,0.92,0.913
de,token,500,2,0.93,0.933
de,pos,500,1,0.94,0.943
de,pos,500,1,0.97,0.969
de,pos,500,1,0.98,0.98
de,pos,500,2,1,1
de,pos,500,2,0.98,0.98
de,syl,500,1,1,1
de,pos,500,2,1,1
de,syl,500,1,1,1
de,syl,500,1,1,1
de,syl,500,2,0.99,0.99
de,syl,500,2,1,1
de,syl,500,2,1,1
de,pos_syl,500,1,1,1
de,pos_syl,500,1,1,1
de,pos_syl,500,1,1,1
de,pos_syl,500,2,1,1
de,pos_syl,500,2,1,1
de,pos_syl,500,2,1,1
de,token,750,1,0.87,0.885
de,token,750,1,0.98,0.98
de,token,750,1,1,1
de,token,750,2,0.99,0.99
de,token,750,2,1,1
de,token,750,2,0.92,0.92
de,pos,750,1,0.98,0.98
de,pos,750,1,0.99,0.99
de,pos,750,1,1,1
de,pos,750,2,1,1
de,pos,750,2,1,1
de,syl,750,1,1,1
de,syl,750,1,1,1
de,pos,750,2,1,1
de,syl,750,1,1,1
de,syl,750,2,0.99,0.99
de,syl,750,2,1,1
de,syl,750,2,1,1
de,pos_syl,750,1,1,1
de,pos_syl,750,1,1,1
de,pos_syl,750,1,1,1
de,pos_syl,750,2,1,1
de,pos_syl,750,2,1,1
de,pos_syl,750,2,1,1
de,token,1000,1,1,1
de,token,1000,1,1,1
de,token,1000,1,1,1
de,token,25,1,0.8,0.815
de,token,25,1,0.5,0.545
de,token,25,2,0.6,0.6
de,token,25,2,0.45,0.513
de,pos,25,1,0.7,0.688
de,pos,25,1,0.72,0.72
de,token,1000,2,0.99,0.99
de,token,1000,2,1,1
de,pos,1000,1,1,1
de,pos,1000,1,1,1
de,token,1000,2,0.96,0.962
de,pos,25,2,0.73,0.733
de,pos,25,2,0.63,0.641
de,pos,1000,1,1,1
de,syl,25,1,0.6,0.565
de,syl,25,1,0.55,0.526
de,syl,25,2,0.77,0.768
de,syl,25,2,0.73,0.716
de,pos_syl,25,1,0.79,0.8
de,pos_syl,25,1,0.7,0.688
de,pos_syl,25,2,0.77,0.777
de,pos_syl,25,2,0.97,0.971
de,pos,1000,2,1,1
de,pos,1000,2,1,1
de,syl,1000,1,1,1
de,syl,1000,1,1,1
de,pos,1000,2,1,1
de,syl,1000,1,1,1
de,token,50,1,0.9,0.909
de,token,50,1,0.82,0.833
de,token,50,2,0.91,0.905
de,token,50,2,0.75,0.779
de,pos,50,1,0.8,0.808
de,pos,50,1,0.51,0.484
de,syl,1000,2,1,1
de,syl,1000,2,1,1
de,pos,50,2,0.92,0.92
de,pos,50,2,0.88,0.872
de,syl,1000,2,1,1
de,syl,50,1,0.83,0.85
de,syl,50,1,0.89,0.879
de,pos_syl,1000,1,1,1
de,pos_syl,1000,1,1,1
de,pos_syl,1000,1,1,1
de,syl,50,2,0.85,0.854
de,syl,50,2,0.7,0.694
de,pos_syl,50,1,0.89,0.897
de,pos_syl,50,1,0.75,0.762
de,pos_syl,50,2,0.99,0.99
de,pos_syl,50,2,0.96,0.961
de,token,100,1,0.91,0.911
de,token,100,1,0.76,0.789
de,pos_syl,1000,2,1,1
de,pos_syl,1000,2,1,1
de,pos_syl,1000,2,1,1
de,token,100,2,0.74,0.723
de,pos,100,1,0.85,0.839
de,token,100,2,0.53,0.525
de,pos,100,1,0.9,0.902
de,pos,100,2,0.96,0.96
de,syl,100,1,0.64,0.69
de,pos,100,2,0.87,0.871
de,syl,100,1,0.95,0.951
de,syl,100,2,0.91,0.914
de,syl,100,2,0.81,0.819
de,pos_syl,100,1,0.88,0.887
de,pos_syl,100,1,0.8,0.8
de,pos_syl,100,2,0.96,0.961
de,pos_syl,100,2,1,1
de,token,200,1,0.81,0.822
de,token,200,1,1,1
de,token,200,2,0.71,0.681
de,token,200,2,0.91,0.911
de,pos,200,1,0.9,0.898
de,pos,200,1,0.79,0.774
de,pos,200,2,0.98,0.98
de,pos,200,2,1,1
de,syl,200,1,1,1
de,syl,200,1,1,1
de,syl,200,2,1,1
de,syl,200,2,0.96,0.958
de,pos_syl,200,1,0.9,0.906
de,pos_syl,200,1,1,1
de,pos_syl,200,2,1,1
de,pos_syl,200,2,1,1
de,token,300,1,0.92,0.926
de,token,300,1,0.87,0.874
de,token,300,2,0.95,0.948
de,pos,300,1,0.97,0.971
de,token,300,2,0.98,0.98
de,pos,300,1,0.87,0.871
de,pos,300,2,0.97,0.969
de,syl,300,1,1,1
de,pos,300,2,1,1
de,syl,300,1,1,1
de,syl,300,2,0.96,0.962
de,syl,300,2,1,1
de,pos_syl,300,1,1,1
de,pos_syl,300,1,1,1
de,pos_syl,300,2,1,1
de,pos_syl,300,2,1,1
de,token,500,1,0.99,0.99
de,token,500,1,0.89,0.895
de,token,500,2,0.97,0.969
de,pos,500,1,0.91,0.907
de,token,500,2,0.76,0.721
de,pos,500,1,0.97,0.971
de,pos,500,2,1,1
de,syl,500,1,1,1
de,pos,500,2,1,1
de,syl,500,1,1,1
de,token,25,1,0.74,0.75
de,syl,500,2,1,1
de,token,25,2,0.7,0.741
de,pos,25,1,0.81,0.8
de,pos_syl,500,1,1,1
de,syl,500,2,1,1
de,pos,25,2,0.76,0.774
de,syl,25,1,0.62,0.667
de,pos_syl,500,1,1,1
de,syl,25,2,0.91,0.911
de,pos_syl,25,1,0.7,0.712
de,pos_syl,500,2,1,1
de,pos_syl,500,2,1,1
de,pos_syl,25,2,0.95,0.95
de,token,750,1,0.98,0.98
de,token,50,1,0.64,0.7
de,token,750,1,0.95,0.952
de,token,50,2,0.53,0.515
de,pos,50,1,0.54,0.477
de,pos,50,2,0.94,0.941
de,syl,50,1,0.71,0.701
de,syl,50,2,0.68,0.704
de,pos_syl,50,1,0.95,0.95
de,token,750,2,1,1
de,pos,750,1,0.91,0.907
de,pos_syl,50,2,0.96,0.961
de,token,750,2,0.98,0.98
de,pos,750,1,1,1
de,token,100,1,0.77,0.781
de,token,100,2,0.46,0.386
de,pos,750,2,1,1
de,pos,100,1,0.87,0.866
de,syl,750,1,1,1
de,pos,750,2,1,1
de,pos,100,2,0.93,0.932
de,syl,750,1,1,1
de,syl,100,1,0.81,0.812
de,syl,100,2,0.89,0.879
de,pos_syl,100,1,0.92,0.926
de,syl,750,2,1,1
de,pos_syl,750,1,1,1
de,syl,750,2,0.98,0.98
de,pos_syl,100,2,1,1
de,pos_syl,750,1,1,1
de,token,200,1,0.95,0.95
de,pos_syl,750,2,1,1
de,token,200,2,0.78,0.756
de,pos_syl,750,2,1,1
de,pos,200,1,0.85,0.845
de,token,1000,1,1,1
de,pos,200,2,0.95,0.952
de,syl,200,1,1,1
de,token,1000,1,0.98,0.98
de,syl,200,2,1,1
de,pos_syl,200,1,1,1
de,pos_syl,200,2,1,1
de,token,300,1,0.94,0.942
de,token,1000,2,1,1
de,pos,1000,1,1,1
de,token,1000,2,1,1
de,pos,1000,1,1,1
de,token,300,2,0.85,0.842
de,pos,300,1,0.91,0.917
de,pos,1000,2,1,1
de,pos,300,2,1,1
de,syl,1000,1,1,1
de,syl,300,1,1,1
de,syl,300,2,1,1
de,pos,1000,2,1,1
de,syl,1000,1,1,1
de,pos_syl,300,1,0.99,0.99
de,syl,1000,2,1,1
de,pos_syl,1000,1,1,1
de,pos_syl,300,2,1,1
de,syl,1000,2,1,1
de,token,500,1,0.98,0.98
de,pos_syl,1000,1,1,1
de,token,25,1,0.67,0.703
de,token,25,1,0.67,0.703
de,pos_syl,1000,2,1,1
de,token,25,2,0.69,0.659
de,pos,25,1,0.44,0.44
de,token,25,2,0.56,0.45
de,pos,25,1,0.68,0.673
de,token,500,2,1,1
de,pos,25,2,0.58,0.604
de,pos,500,1,1,1
de,pos,25,2,0.67,0.645
de,pos_syl,1000,2,1,1
de,syl,25,1,0.69,0.705
de,syl,25,1,0.71,0.713
de,syl,25,2,0.68,0.66
de,syl,25,2,0.93,0.935
de,pos_syl,25,1,0.49,0.463
de,pos_syl,25,1,0.63,0.661
de,pos,500,2,1,1
de,syl,500,1,1,1
de,pos_syl,25,2,0.97,0.971
de,pos_syl,25,2,0.87,0.874
de,token,50,1,0.86,0.863
de,token,50,1,0.86,0.875
de,syl,500,2,0.97,0.971
de,pos_syl,500,1,1,1
de,token,50,2,0.75,0.775
de,token,50,2,0.61,0.614
de,pos,50,1,0.68,0.719
de,pos,50,1,0.68,0.686
de,pos,50,2,0.88,0.875
de,pos,50,2,0.9,0.909
de,syl,50,1,0.86,0.854
de,syl,50,1,0.86,0.863
de,syl,50,2,0.76,0.755
de,syl,50,2,0.74,0.729
de,pos_syl,500,2,1,1
de,pos_syl,50,1,0.82,0.827
de,pos_syl,50,1,0.95,0.948
de,token,750,1,1,1
de,pos_syl,50,2,1,1
de,pos_syl,50,2,1,1
de,token,100,1,0.92,0.92
de,token,100,1,0.76,0.786
de,token,100,2,0.71,0.695
de,token,100,2,0.74,0.729
de,pos,100,1,0.75,0.757
de,pos,100,1,0.98,0.98
de,pos,100,2,0.96,0.961
de,pos,100,2,0.95,0.951
de,syl,100,1,0.88,0.88
de,syl,100,1,0.79,0.779
de,token,750,2,1,1
de,syl,100,2,0.91,0.909
de,syl,100,2,0.96,0.961
de,pos,750,1,1,1
de,pos_syl,100,1,0.81,0.822
de,pos_syl,100,1,0.87,0.883
de,pos_syl,100,2,0.99,0.99
de,pos_syl,100,2,1,1
de,token,200,1,0.84,0.855
de,pos,750,2,1,1
de,token,200,1,0.92,0.925
de,syl,750,1,1,1
de,token,200,2,0.58,0.512
de,token,200,2,0.63,0.565
de,pos,200,1,0.95,0.952
de,pos,200,1,0.86,0.863
de,syl,750,2,0.99,0.99
de,pos_syl,750,1,1,1
de,pos,200,2,0.93,0.935
de,pos,200,2,0.99,0.99
de,syl,200,1,0.9,0.907
de,syl,200,1,1,1
de,syl,200,2,0.99,0.99
de,syl,200,2,0.91,0.913
de,pos_syl,200,1,1,1
de,pos_syl,200,1,0.98,0.98
de,pos_syl,750,2,1,1
de,pos_syl,200,2,1,1
de,pos_syl,200,2,1,1
de,token,1000,1,0.98,0.98
de,token,300,1,0.92,0.923
de,token,300,1,0.69,0.716
de,token,300,2,0.84,0.81
de,token,300,2,0.69,0.652
de,pos,300,1,0.94,0.941
de,pos,300,1,0.85,0.845
de,pos,300,2,1,1
de,pos,300,2,1,1
de,syl,300,1,1,1
de,syl,300,1,1,1
de,token,1000,2,1,1
de,syl,300,2,0.97,0.971
de,syl,300,2,1,1
de,pos,1000,1,1,1
de,pos_syl,300,1,1,1
de,pos_syl,300,1,0.95,0.951
de,pos_syl,300,2,1,1
de,pos_syl,300,2,1,1
de,pos,1000,2,1,1
de,token,500,1,1,1
de,token,500,1,0.87,0.881
de,syl,1000,1,1,1
de,syl,1000,2,0.98,0.98
de,token,500,2,0.76,0.75
de,pos_syl,1000,1,1,1
de,token,500,2,0.91,0.903
de,pos,500,1,0.88,0.878
de,pos,500,1,0.99,0.99
de,pos,500,2,1,1
de,syl,500,1,1,1
de,pos,500,2,1,1
de,syl,500,1,1,1
de,pos_syl,1000,2,1,1
de,syl,500,2,1,1
de,syl,500,2,1,1
de,pos_syl,500,1,1,1
de,pos_syl,500,1,1,1
de,pos_syl,500,2,1,1
de,pos_syl,500,2,1,1
de,token,750,1,1,1
de,token,750,1,1,1
de,token,25,1,0.48,0.536
de,token,25,1,0.66,0.712
de,token,25,2,0.43,0.467
de,token,25,2,0.58,0.553
de,pos,25,1,0.53,0.525
de,pos,25,1,0.57,0.598
de,pos,25,2,0.67,0.713
de,pos,25,2,0.91,0.909
de,syl,25,1,0.59,0.602
de,syl,25,1,0.71,0.734
de,syl,25,2,0.47,0.495
de,syl,25,2,0.68,0.66
de,pos_syl,25,1,0.79,0.796
de,pos_syl,25,1,0.58,0.618
de,token,750,2,1,1
de,token,750,2,0.98,0.98
de,pos,750,1,1,1
de,pos,750,1,1,1
de,pos_syl,25,2,0.91,0.905
de,pos_syl,25,2,0.87,0.871
de,token,50,1,0.9,0.907
de,pos,750,2,1,1
de,token,50,1,0.92,0.925
de,pos,750,2,1,1
de,syl,750,1,1,1
de,syl,750,1,1,1
de,token,50,2,0.67,0.692
de,token,50,2,0.7,0.717
de,pos,50,1,0.68,0.68
de,pos,50,1,0.79,0.796
de,pos,50,2,0.91,0.914
de,syl,750,2,1,1
de,syl,50,1,0.6,0.63
de,syl,750,2,1,1
de,pos,50,2,0.9,0.906
de,syl,50,1,0.85,0.854
de,pos_syl,750,1,1,1
de,syl,50,2,0.91,0.907
de,pos_syl,750,1,1,1
de,syl,50,2,0.64,0.679
de,pos_syl,50,1,0.82,0.836
de,pos_syl,50,1,0.91,0.914
de,pos_syl,50,2,0.9,0.909
de,pos_syl,50,2,0.96,0.961
de,token,100,1,0.95,0.952
de,pos_syl,750,2,1,1
de,token,100,1,0.96,0.962
de,pos_syl,750,2,1,1
de,token,100,2,0.81,0.804
de,pos,100,1,0.84,0.852
de,token,1000,1,0.96,0.962
de,token,1000,1,0.96,0.962
de,token,100,2,0.88,0.887
de,pos,100,1,0.8,0.804
de,pos,100,2,0.87,0.876
de,syl,100,1,0.95,0.952
de,pos,100,2,0.92,0.923
de,syl,100,1,0.85,0.851
de,syl,100,2,0.93,0.935
de,syl,100,2,0.85,0.848
de,pos_syl,100,1,0.86,0.857
de,pos_syl,100,1,0.92,0.925
de,pos_syl,100,2,1,1
de,pos_syl,100,2,1,1
de,token,200,1,0.95,0.95
de,token,200,1,0.66,0.673
de,token,1000,2,1,1
de,token,1000,2,1,1
de,pos,1000,1,1,1
de,pos,1000,1,1,1
de,token,200,2,0.9,0.889
de,pos,200,1,0.95,0.947
de,token,200,2,0.81,0.787
de,pos,200,1,0.9,0.906
de,pos,200,2,1,1
de,syl,200,1,1,1
de,pos,200,2,0.96,0.958
de,syl,200,1,1,1
de,syl,200,2,1,1
de,pos,1000,2,1,1
de,pos,1000,2,1,1
de,syl,200,2,0.88,0.889
de,syl,1000,1,1,1
de,pos_syl,200,1,1,1
de,syl,1000,1,1,1
de,pos_syl,200,1,0.92,0.917
de,pos_syl,200,2,1,1
de,pos_syl,200,2,0.99,0.99
de,token,300,1,0.9,0.891
de,syl,1000,2,1,1
de,syl,1000,2,1,1
de,token,300,1,0.58,0.58
de,pos_syl,1000,1,1,1
de,pos_syl,1000,1,1,1
de,token,300,2,0.87,0.857
de,pos,300,1,0.98,0.98
de,token,300,2,0.89,0.884
de,pos,300,1,0.96,0.958
de,pos,300,2,1,1
de,pos_syl,1000,2,1,1
de,pos_syl,1000,2,1,1
de,syl,300,1,1,1
de,pos,300,2,1,1
de,syl,300,1,1,1
de,syl,300,2,1,1
de,pos_syl,300,1,0.98,0.98
de,syl,300,2,0.98,0.98
de,pos_syl,300,1,1,1
de,pos_syl,300,2,1,1
de,pos_syl,300,2,1,1
de,token,500,1,0.95,0.949
de,token,500,1,0.96,0.962
de,token,500,2,1,1
de,pos,500,1,0.89,0.889
de,token,500,2,0.89,0.887
de,pos,500,1,1,1
de,pos,500,2,1,1
de,syl,500,1,1,1
de,pos,500,2,1,1
de,syl,500,1,1,1
de,syl,500,2,1,1
de,syl,500,2,1,1
de,pos_syl,500,1,1,1
de,pos_syl,500,1,1,1
de,pos_syl,500,2,1,1
de,pos_syl,500,2,1,1
de,token,750,1,0.99,0.99
de,token,750,1,0.99,0.99
de,token,750,2,0.99,0.99
de,pos,750,1,1,1
de,token,750,2,0.97,0.969
de,pos,750,1,0.99,0.99
de,pos,750,2,1,1
de,syl,750,1,1,1
de,token,25,1,0.57,0.639
de,token,25,1,0.7,0.727
de,token,25,1,0.8,0.821
de,pos,750,2,1,1
de,syl,750,1,1,1
de,token,25,2,0.61,0.683
de,token,25,2,0.45,0.433
de,token,25,2,0.59,0.655
de,pos,25,1,0.56,0.569
de,pos,25,1,0.67,0.697
de,pos,25,1,0.44,0.525
de,pos,25,2,0.86,0.863
de,pos,25,2,0.93,0.932
de,pos,25,2,0.91,0.916
de,syl,25,1,0.85,0.851
de,syl,25,1,0.67,0.66
de,syl,25,1,0.63,0.699
de,syl,750,2,1,1
de,syl,25,2,0.71,0.707
de,syl,25,2,0.69,0.674
de,syl,25,2,0.83,0.85
de,pos_syl,750,1,1,1
de,pos_syl,25,1,0.83,0.828
de,pos_syl,25,1,0.86,0.854
de,syl,750,2,1,1
de,pos_syl,25,1,0.53,0.591
de,pos_syl,750,1,1,1
de,pos_syl,25,2,0.91,0.914
de,pos_syl,25,2,0.98,0.98
de,pos_syl,25,2,0.89,0.895
de,token,50,1,0.86,0.875
de,token,50,1,0.72,0.714
de,token,50,1,0.8,0.808
de,pos_syl,750,2,1,1
de,pos_syl,750,2,1,1
de,token,50,2,0.5,0.306
de,token,50,2,0.63,0.626
de,token,50,2,0.81,0.826
de,pos,50,1,0.61,0.636
de,pos,50,1,0.46,0.491
de,pos,50,1,0.59,0.577
de,token,1000,1,0.95,0.952
de,token,1000,1,1,1
de,pos,50,2,0.96,0.96
de,pos,50,2,0.89,0.899
de,pos,50,2,0.9,0.904
de,syl,50,1,0.56,0.607
de,syl,50,1,0.78,0.744
de,syl,50,1,0.85,0.842
de,syl,50,2,0.67,0.673
de,syl,50,2,0.79,0.8
de,syl,50,2,0.87,0.879
de,pos_syl,50,1,0.73,0.773
de,pos_syl,50,1,0.75,0.762
de,pos_syl,50,1,0.89,0.887
de,pos_syl,50,2,0.92,0.925
de,pos_syl,50,2,0.97,0.97
de,pos_syl,50,2,0.94,0.943
de,token,100,1,0.79,0.811
de,token,100,1,0.77,0.768
de,token,100,1,0.78,0.804
de,token,100,2,0.7,0.694
de,token,100,2,0.6,0.583
de,token,100,2,0.66,0.622
de,pos,100,1,0.6,0.677
de,pos,100,1,0.87,0.869
de,token,1000,2,1,1
de,pos,100,1,0.75,0.775
de,token,1000,2,1,1
de,pos,1000,1,1,1
de,pos,1000,1,1,1
de,pos,100,2,0.99,0.99
de,pos,100,2,0.94,0.939
de,pos,100,2,0.96,0.959
de,syl,100,1,0.79,0.792
de,syl,100,1,0.83,0.838
de,syl,100,1,1,1
de,syl,100,2,0.87,0.874
de,syl,100,2,0.84,0.84
de,syl,100,2,0.98,0.98
de,pos_syl,100,1,0.89,0.899
de,pos_syl,100,1,0.81,0.829
de,pos_syl,100,1,0.95,0.951
de,pos_syl,100,2,0.99,0.99
de,pos_syl,100,2,0.99,0.99
de,pos,1000,2,1,1
de,pos_syl,100,2,0.99,0.99
de,pos,1000,2,1,1
de,syl,1000,1,1,1
de,syl,1000,1,1,1
de,token,200,1,0.99,0.99
de,token,200,1,0.9,0.904
de,token,200,1,0.93,0.931
de,token,200,2,0.65,0.615
de,syl,1000,2,1,1
de,token,200,2,0.57,0.583
de,pos,200,1,1,1
de,syl,1000,2,1,1
de,pos,200,1,0.86,0.86
de,token,200,2,0.86,0.844
de,pos_syl,1000,1,1,1
de,pos,200,1,0.91,0.903
de,pos_syl,1000,1,1,1
de,pos,200,2,0.99,0.99
de,syl,200,1,1,1
de,pos,200,2,0.98,0.98
de,syl,200,1,0.88,0.88
de,pos,200,2,1,1
de,syl,200,1,1,1
de,syl,200,2,0.96,0.962
de,syl,200,2,0.91,0.913
de,pos_syl,200,1,0.99,0.99
de,syl,200,2,0.91,0.911
de,pos_syl,200,1,0.88,0.885
de,pos_syl,200,1,0.96,0.96
de,pos_syl,1000,2,1,1
de,pos_syl,1000,2,1,1
de,pos_syl,200,2,0.99,0.99
de,pos_syl,200,2,1,1
de,pos_syl,200,2,1,1
de,token,300,1,0.91,0.911
de,token,300,1,0.87,0.871
de,token,300,1,0.92,0.913
de,token,300,2,0.85,0.839
de,pos,300,1,0.91,0.914
de,token,300,2,0.8,0.787
de,pos,300,1,0.78,0.776
de,token,300,2,0.88,0.88
de,pos,300,1,0.98,0.98
de,pos,300,2,1,1
de,syl,300,1,1,1
de,pos,300,2,1,1
de,syl,300,1,1,1
de,pos,300,2,1,1
de,syl,300,1,0.98,0.98
de,syl,300,2,1,1
de,syl,300,2,0.99,0.99
de,pos_syl,300,1,1,1
de,syl,300,2,1,1
de,pos_syl,300,1,0.96,0.96
de,pos_syl,300,1,1,1
de,pos_syl,300,2,1,1
de,pos_syl,300,2,1,1
de,pos_syl,300,2,1,1
de,token,500,1,0.98,0.98
de,token,500,1,0.97,0.97
de,token,500,1,0.98,0.98
de,token,500,2,0.94,0.939
de,token,500,2,0.93,0.929
de,pos,500,1,0.96,0.962
de,pos,500,1,0.93,0.932
de,token,500,2,0.95,0.949
de,pos,500,1,0.95,0.949
de,pos,500,2,1,1
de,pos,500,2,1,1
de,syl,500,1,1,1
de,syl,500,1,0.95,0.952
de,pos,500,2,1,1
de,syl,500,1,1,1
de,syl,500,2,1,1
de,syl,500,2,1,1
de,pos_syl,500,1,1,1
de,pos_syl,500,1,0.92,0.922
de,syl,500,2,1,1
de,pos_syl,500,1,1,1
de,pos_syl,500,2,1,1
de,pos_syl,500,2,1,1
de,pos_syl,500,2,1,1
de,token,750,1,0.91,0.917
de,token,750,1,1,1
de,token,750,1,0.97,0.971
de,token,750,2,1,1
de,token,750,2,0.99,0.99
de,pos,750,1,1,1
de,pos,750,1,1,1
de,token,750,2,1,1
de,pos,750,1,0.97,0.971
de,pos,750,2,1,1
de,pos,750,2,1,1
de,syl,750,1,1,1
de,syl,750,1,1,1
de,pos,750,2,1,1
de,syl,750,1,1,1
de,syl,750,2,1,1
de,syl,750,2,1,1
de,pos_syl,750,1,1,1
de,pos_syl,750,1,1,1
de,syl,750,2,1,1
de,pos_syl,750,1,1,1
de,pos_syl,750,2,1,1
de,pos_syl,750,2,1,1
de,pos_syl,750,2,1,1
de,token,1000,1,0.99,0.99
de,token,1000,1,1,1
de,token,1000,1,0.99,0.99
de,token,1000,2,0.98,0.98
de,token,1000,2,1,1
de,pos,1000,1,0.94,0.943
de,pos,1000,1,1,1
de,token,1000,2,1,1
de,pos,1000,1,1,1
de,pos,1000,2,1,1
de,syl,1000,1,1,1
de,pos,1000,2,1,1
de,syl,1000,1,1,1
de,pos,1000,2,1,1
de,syl,1000,1,1,1
de,syl,1000,2,1,1
de,syl,1000,2,1,1
de,pos_syl,1000,1,1,1
de,pos_syl,1000,1,1,1
de,syl,1000,2,1,1
de,pos_syl,1000,1,1,1
de,pos_syl,1000,2,1,1
de,pos_syl,1000,2,1,1
de,pos_syl,1000,2,1,1
de,token,25,1,0.61,0.667
de,token,25,1,0.51,0.533
de,token,25,1,0.58,0.644
de,token,25,2,0.5,0.39
de,token,25,2,0.51,0.55
de,pos,25,1,0.49,0.452
de,token,25,2,0.63,0.722
de,pos,25,1,0.76,0.76
de,pos,25,1,0.82,0.83
de,pos,25,2,0.76,0.765
de,pos,25,2,0.72,0.702
de,pos,25,2,0.92,0.926
de,syl,25,1,0.74,0.717
de,syl,25,1,0.83,0.821
de,syl,25,1,0.72,0.725
de,syl,25,2,0.72,0.731
de,syl,25,2,0.85,0.848
de,syl,25,2,0.83,0.847
de,pos_syl,25,1,0.7,0.688
de,pos_syl,25,1,0.7,0.717
de,pos_syl,25,1,0.93,0.935
de,pos_syl,25,2,0.93,0.935
de,pos_syl,25,2,1,1
de,pos_syl,25,2,0.98,0.98
de,token,50,1,0.71,0.718
de,token,50,1,0.87,0.883
de,token,50,1,0.69,0.76
de,token,50,2,0.59,0.637
de,token,50,2,0.59,0.602
de,token,50,2,0.58,0.563
de,pos,50,1,0.64,0.654
de,pos,50,1,0.73,0.716
de,pos,50,1,0.67,0.697
de,pos,50,2,0.74,0.768
de,pos,50,2,0.79,0.807
de,pos,50,2,0.81,0.832
de,syl,50,1,0.8,0.792
de,syl,50,1,0.88,0.891
de,syl,50,1,0.9,0.898
de,syl,50,2,0.85,0.854
de,syl,50,2,0.83,0.852
de,syl,50,2,0.64,0.647
de,pos_syl,50,1,0.81,0.808
de,pos_syl,50,1,0.82,0.833
de,pos_syl,50,1,0.77,0.781
de,pos_syl,50,2,0.87,0.885
de,pos_syl,50,2,0.95,0.952
de,pos_syl,50,2,0.96,0.962
de,token,100,1,0.81,0.822
de,token,100,1,0.94,0.943
de,token,100,1,0.96,0.958
de,token,100,2,0.67,0.645
de,token,100,2,0.61,0.649
de,pos,100,1,0.84,0.818
de,token,100,2,0.59,0.549
de,pos,100,1,0.89,0.901
de,pos,100,1,0.81,0.816
de,pos,100,2,0.83,0.821
de,syl,100,1,0.79,0.792
de,pos,100,2,0.99,0.99
de,pos,100,2,0.93,0.929
de,syl,100,1,0.87,0.871
de,syl,100,1,0.82,0.824
de,syl,100,2,0.98,0.98
de,syl,100,2,0.98,0.98
de,syl,100,2,0.89,0.895
de,pos_syl,100,1,0.84,0.833
de,pos_syl,100,1,0.81,0.812
de,pos_syl,100,1,0.96,0.961
de,pos_syl,100,2,0.93,0.935
de,pos_syl,100,2,0.99,0.99
de,pos_syl,100,2,1,1
de,token,200,1,0.94,0.939
de,token,200,1,0.76,0.75
de,token,200,1,0.91,0.917
de,token,200,2,0.67,0.602
de,token,200,2,0.85,0.839
de,pos,200,1,0.89,0.884
de,token,200,2,0.79,0.774
de,pos,200,1,0.88,0.88
de,pos,200,1,1,1
de,pos,200,2,1,1
de,syl,200,1,0.97,0.971
de,pos,200,2,0.93,0.925
de,pos,200,2,1,1
de,syl,200,1,0.92,0.915
de,syl,200,1,0.99,0.99
de,syl,200,2,0.97,0.969
de,syl,200,2,1,1
de,syl,200,2,0.88,0.872
de,pos_syl,200,1,0.98,0.98
de,pos_syl,200,1,0.96,0.961
de,pos_syl,200,1,0.96,0.958
de,pos_syl,200,2,1,1
de,pos_syl,200,2,1,1
de,pos_syl,200,2,1,1
de,token,300,1,0.91,0.909
de,token,300,1,0.9,0.907
de,token,300,1,0.99,0.99
de,token,300,2,0.95,0.947
de,pos,300,1,0.89,0.895
de,token,300,2,0.88,0.875
de,token,300,2,0.93,0.929
de,pos,300,1,0.94,0.938
de,pos,300,1,1,1
de,pos,300,2,1,1
de,syl,300,1,1,1
de,pos,300,2,1,1
de,pos,300,2,1,1
de,syl,300,1,0.97,0.971
de,syl,300,1,0.96,0.962
de,syl,300,2,1,1
de,syl,300,2,1,1
de,pos_syl,300,1,0.98,0.98
de,syl,300,2,0.99,0.99
de,pos_syl,300,1,1,1
de,pos_syl,300,1,1,1
de,pos_syl,300,2,1,1
de,pos_syl,300,2,1,1
de,pos_syl,300,2,1,1
de,token,500,1,0.93,0.935
de,token,500,1,1,1
de,token,500,1,1,1
de,token,500,2,0.95,0.95
de,token,500,2,0.97,0.969
de,pos,500,1,0.99,0.99
de,pos,500,1,1,1
de,token,500,2,0.82,0.8
de,pos,500,1,1,1
de,pos,500,2,1,1
de,pos,500,2,1,1
de,syl,500,1,1,1
de,syl,500,1,1,1
de,pos,500,2,1,1
de,syl,500,1,1,1
de,syl,500,2,1,1
de,syl,500,2,1,1
de,syl,500,2,0.96,0.96
de,pos_syl,500,1,1,1
de,pos_syl,500,1,0.99,0.99
de,pos_syl,500,1,1,1
de,pos_syl,500,2,1,1
de,pos_syl,500,2,1,1
de,pos_syl,500,2,1,1
de,token,750,1,1,1
de,token,750,1,1,1
de,token,750,1,1,1
de,token,750,2,0.96,0.96
de,token,750,2,1,1
de,token,750,2,0.95,0.947
de,pos,750,1,1,1
de,pos,750,1,1,1
de,pos,750,1,1,1
de,pos,750,2,1,1
de,pos,750,2,1,1
de,pos,750,2,1,1
de,syl,750,1,1,1
de,syl,750,1,1,1
de,syl,750,1,1,1
de,syl,750,2,1,1
de,syl,750,2,1,1
de,syl,750,2,1,1
de,pos_syl,750,1,1,1
de,pos_syl,750,1,1,1
de,pos_syl,750,1,1,1
de,pos_syl,750,2,1,1
de,pos_syl,750,2,1,1
de,pos_syl,750,2,1,1
de,token,1000,1,1,1
de,token,1000,1,1,1
de,token,1000,1,1,1
de,token,25,1,0.66,0.702
de,token,25,1,0.71,0.752
de,token,25,2,0.63,0.648
de,token,25,2,0.41,0.322
de,pos,25,1,0.26,0.302
de,pos,25,1,0.76,0.789
de,pos,25,2,0.92,0.926
de,token,1000,2,0.96,0.958
de,syl,25,1,0.65,0.673
de,pos,25,2,0.8,0.796
de,token,1000,2,1,1
de,token,1000,2,1,1
de,syl,25,1,0.78,0.78
de,pos,1000,1,1,1
de,syl,25,2,0.76,0.76
de,pos,1000,1,1,1
de,pos,1000,1,1,1
de,syl,25,2,0.76,0.733
de,pos_syl,25,1,0.69,0.674
de,pos_syl,25,1,0.81,0.822
de,pos_syl,25,2,0.96,0.961
de,pos_syl,25,2,0.82,0.833
de,token,50,1,0.73,0.769
de,pos,1000,2,1,1
de,pos,1000,2,1,1
de,token,50,1,0.76,0.797
de,syl,1000,1,1,1
de,pos,1000,2,1,1
de,syl,1000,1,1,1
de,syl,1000,1,1,1
de,token,50,2,0.57,0.574
de,pos,50,1,0.53,0.569
de,token,50,2,0.82,0.82
de,pos,50,1,0.77,0.781
de,pos,50,2,0.77,0.789
de,syl,50,1,0.86,0.857
de,pos,50,2,0.96,0.959
de,syl,50,1,0.84,0.83
de,syl,50,2,0.9,0.896
de,syl,1000,2,0.99,0.99
de,syl,1000,2,1,1
de,pos_syl,50,1,0.89,0.893
de,syl,50,2,0.88,0.885
de,syl,1000,2,1,1
de,pos_syl,1000,1,1,1
de,pos_syl,1000,1,1,1
de,pos_syl,50,1,0.99,0.99
de,pos_syl,1000,1,1,1
de,pos_syl,50,2,0.86,0.865
de,pos_syl,50,2,1,1
de,token,100,1,0.86,0.875
de,token,100,1,0.87,0.871
de,token,100,2,0.57,0.517
de,pos_syl,1000,2,1,1
de,pos,100,1,0.74,0.717
de,pos_syl,1000,2,1,1
de,pos_syl,1000,2,1,1
de,token,100,2,0.81,0.791
de,pos,100,1,0.76,0.774
de,pos,100,2,0.95,0.949
de,syl,100,1,0.99,0.99
de,syl,100,2,0.91,0.909
de,pos,100,2,0.91,0.914
de,syl,100,1,0.9,0.902
de,pos_syl,100,1,0.97,0.971
de,syl,100,2,0.8,0.8
de,pos_syl,100,1,0.92,0.915
de,pos_syl,100,2,1,1
de,pos_syl,100,2,1,1
de,token,200,1,0.86,0.857
de,token,200,1,0.84,0.833
de,token,200,2,0.82,0.8
de,pos,200,1,0.9,0.902
de,token,200,2,0.7,0.674
de,pos,200,1,0.89,0.889
de,pos,200,2,0.98,0.98
de,syl,200,1,0.94,0.943
de,syl,200,2,0.98,0.98
de,pos,200,2,0.96,0.961
de,syl,200,1,1,1
de,pos_syl,200,1,0.96,0.958
de,syl,200,2,0.98,0.98
de,pos_syl,200,1,1,1
de,pos_syl,200,2,1,1
de,token,300,1,0.95,0.948
de,pos_syl,200,2,1,1
de,token,300,1,0.84,0.855
de,token,300,2,0.81,0.804
de,pos,300,1,0.97,0.971
de,token,300,2,0.87,0.86
de,pos,300,1,0.97,0.971
de,pos,300,2,0.93,0.935
de,syl,300,1,1,1
de,syl,300,2,0.91,0.913
de,pos,300,2,1,1
de,syl,300,1,1,1
de,pos_syl,300,1,1,1
de,syl,300,2,0.98,0.98
de,pos_syl,300,1,1,1
de,pos_syl,300,2,1,1
de,token,500,1,0.92,0.923
de,pos_syl,300,2,1,1
de,token,500,1,1,1
de,token,500,2,0.93,0.926
de,pos,500,1,1,1
de,token,500,2,0.9,0.889
de,pos,500,1,0.96,0.962
de,pos,500,2,1,1
de,syl,500,1,1,1
de,syl,500,2,1,1
de,pos,500,2,1,1
de,syl,500,1,1,1
de,pos_syl,500,1,1,1
de,syl,500,2,1,1
de,pos_syl,500,1,1,1
de,pos_syl,500,2,1,1
de,token,750,1,0.96,0.962
de,pos_syl,500,2,1,1
de,token,750,1,1,1
de,token,750,2,0.92,0.922
de,pos,750,1,1,1
de,token,750,2,0.97,0.971
de,pos,750,1,1,1
de,pos,750,2,1,1
de,token,25,1,0.6,0.667
de,token,25,1,0.65,0.69
de,syl,750,1,1,1
de,token,25,2,0.69,0.659
de,token,25,2,0.6,0.677
de,pos,25,1,0.7,0.706
de,pos,25,1,0.58,0.611
de,pos,25,2,0.64,0.673
de,pos,25,2,0.91,0.903
de,syl,25,1,0.8,0.778
de,syl,25,1,0.49,0.523
de,pos,750,2,1,1
de,syl,25,2,0.88,0.875
de,syl,25,2,0.84,0.837
de,syl,750,1,1,1
de,syl,750,2,1,1
de,pos_syl,25,1,0.72,0.763
de,pos_syl,25,1,0.6,0.623
de,pos_syl,750,1,1,1
de,pos_syl,25,2,0.93,0.931
de,syl,750,2,1,1
de,pos_syl,25,2,0.95,0.95
de,pos_syl,750,1,1,1
de,token,50,1,1,1
de,token,50,1,0.77,0.785
de,pos_syl,750,2,1,1
de,token,50,2,0.68,0.704
de,pos,50,1,0.59,0.602
de,token,50,2,0.58,0.596
de,pos,50,1,0.81,0.826
de,token,1000,1,1,1
de,pos,50,2,0.92,0.923
de,pos,50,2,0.75,0.725
de,syl,50,1,0.91,0.913
de,pos_syl,750,2,1,1
de,syl,50,1,0.75,0.747
de,syl,50,2,0.88,0.889
de,syl,50,2,0.79,0.804
de,pos_syl,50,1,0.87,0.879
de,pos_syl,50,1,0.86,0.854
de,token,1000,1,0.93,0.935
de,pos_syl,50,2,0.99,0.99
de,pos_syl,50,2,0.86,0.873
de,token,100,1,0.88,0.891
de,token,100,1,0.92,0.92
de,token,100,2,0.4,0.4
de,pos,100,1,0.84,0.837
de,token,100,2,0.64,0.66
de,pos,100,1,0.86,0.86
de,token,1000,2,1,1
de,pos,1000,1,1,1
de,pos,100,2,0.92,0.923
de,pos,100,2,0.78,0.792
de,syl,100,1,0.92,0.917
de,syl,100,1,0.86,0.848
de,syl,100,2,0.94,0.939
de,syl,100,2,0.79,0.814
de,pos_syl,100,1,0.95,0.95
de,pos_syl,100,1,0.9,0.904
de,token,1000,2,0.94,0.941
de,pos,1000,1,0.98,0.98
de,pos_syl,100,2,1,1
de,pos_syl,100,2,0.97,0.971
de,pos,1000,2,1,1
de,syl,1000,1,1,1
de,token,200,1,0.96,0.962
de,token,200,1,0.88,0.88
de,pos,1000,2,1,1
de,syl,1000,1,1,1
de,token,200,2,0.86,0.857
de,token,200,2,0.88,0.872
de,pos,200,1,0.91,0.901
de,syl,1000,2,1,1
de,pos,200,1,0.94,0.943
de,pos_syl,1000,1,1,1
de,pos,200,2,1,1
de,pos,200,2,0.92,0.926
de,syl,200,1,1,1
de,syl,200,1,1,1
de,syl,200,2,0.88,0.864
de,syl,200,2,0.95,0.952
de,syl,1000,2,1,1
de,pos_syl,200,1,0.89,0.891
de,pos_syl,200,1,0.92,0.926
de,pos_syl,1000,1,1,1
de,pos_syl,1000,2,1,1
de,pos_syl,200,2,1,1
de,pos_syl,200,2,1,1
de,token,300,1,0.99,0.99
de,token,300,1,0.88,0.885
de,pos_syl,1000,2,1,1
de,token,300,2,0.97,0.969
de,token,300,2,0.99,0.99
de,pos,300,1,0.97,0.971
de,pos,300,1,0.83,0.813
de,pos,300,2,1,1
de,pos,300,2,0.99,0.99
de,syl,300,1,1,1
de,syl,300,1,1,1
de,syl,300,2,1,1
de,syl,300,2,1,1
de,pos_syl,300,1,0.98,0.98
de,pos_syl,300,1,1,1
de,pos_syl,300,2,1,1
de,pos_syl,300,2,1,1
de,token,500,1,0.99,0.99
de,token,500,1,0.83,0.85
de,token,500,2,0.92,0.917
de,token,500,2,0.91,0.907
de,pos,500,1,1,1
de,pos,500,1,1,1
de,pos,500,2,1,1
de,pos,500,2,1,1
de,syl,500,1,1,1
de,syl,500,1,1,1
de,syl,500,2,0.99,0.99
de,syl,500,2,1,1
de,pos_syl,500,1,1,1
de,pos_syl,500,1,1,1
de,pos_syl,500,2,1,1
de,pos_syl,500,2,1,1
de,token,750,1,1,1
de,token,750,1,1,1
de,token,750,2,1,1
de,token,750,2,1,1
de,pos,750,1,1,1
de,pos,750,1,1,1
de,pos,750,2,1,1
de,pos,750,2,1,1
de,syl,750,1,1,1
de,syl,750,1,1,1
de,token,25,1,0.51,0.559
de,token,25,1,0.62,0.627
de,token,25,1,0.88,0.885
de,token,25,2,0.43,0.504
de,pos,25,1,0.68,0.714
de,token,25,2,0.64,0.705
de,token,25,2,0.68,0.644
de,pos,25,1,0.35,0.343
de,pos,25,1,0.76,0.75
de,pos,25,2,0.81,0.8
de,syl,25,1,0.64,0.647
de,pos,25,2,0.8,0.8
de,syl,750,2,1,1
de,pos,25,2,0.87,0.866
de,syl,25,2,0.71,0.724
de,syl,25,1,0.69,0.693
de,syl,750,2,1,1
de,syl,25,1,0.77,0.772
de,pos_syl,750,1,1,1
de,syl,25,2,0.63,0.611
de,pos_syl,25,1,0.75,0.752
de,syl,25,2,0.84,0.83
de,pos_syl,750,1,1,1
de,pos_syl,25,1,0.58,0.588
de,pos_syl,25,1,0.82,0.827
de,pos_syl,25,2,0.84,0.852
de,pos_syl,25,2,0.9,0.904
de,pos_syl,25,2,0.89,0.891
de,token,50,1,0.83,0.852
de,pos_syl,750,2,1,1
de,token,50,1,0.81,0.826
de,pos_syl,750,2,1,1
de,token,50,1,0.67,0.692
de,token,50,2,0.5,0.49
de,pos,50,1,0.62,0.612
de,token,1000,1,0.99,0.99
de,token,50,2,0.71,0.707
de,token,50,2,0.53,0.577
de,token,1000,1,0.98,0.98
de,pos,50,1,0.57,0.566
de,pos,50,1,0.6,0.623
de,pos,50,2,0.82,0.827
de,syl,50,1,0.77,0.763
de,pos,50,2,0.96,0.96
de,syl,50,1,0.75,0.737
de,pos,50,2,0.81,0.829
de,syl,50,2,0.72,0.741
de,syl,50,1,0.9,0.906
de,syl,50,2,0.78,0.771
de,pos_syl,50,1,0.75,0.725
de,syl,50,2,0.8,0.804
de,pos_syl,50,1,0.89,0.884
de,pos_syl,50,1,0.85,0.86
de,pos_syl,50,2,0.94,0.939
de,pos_syl,50,2,1,1
de,pos_syl,50,2,0.93,0.931
de,token,100,1,0.82,0.839
de,token,100,1,0.78,0.817
de,token,100,1,0.73,0.752
de,token,100,2,0.85,0.857
de,pos,100,1,0.7,0.688
de,token,1000,2,1,1
de,token,1000,2,1,1
de,token,100,2,0.65,0.639
de,pos,1000,1,1,1
de,pos,100,1,0.88,0.887
de,pos,1000,1,0.98,0.98
de,token,100,2,0.71,0.724
de,pos,100,1,0.72,0.741
de,pos,100,2,0.98,0.98
de,syl,100,1,0.93,0.925
de,pos,100,2,0.88,0.882
de,syl,100,1,0.89,0.884
de,pos,100,2,0.99,0.99
de,syl,100,2,0.84,0.84
de,syl,100,1,0.87,0.866
de,pos_syl,100,1,0.91,0.911
de,syl,100,2,0.94,0.943
de,syl,100,2,1,1
de,pos_syl,100,1,0.97,0.97
de,pos_syl,100,1,0.96,0.962
de,pos_syl,100,2,1,1
de,pos,1000,2,1,1
de,pos,1000,2,1,1
de,pos_syl,100,2,0.95,0.951
de,syl,1000,1,1,1
de,syl,1000,1,1,1
de,pos_syl,100,2,0.95,0.952
de,token,200,1,0.96,0.961
de,token,200,1,0.94,0.943
de,token,200,1,0.9,0.896
de,token,200,2,0.92,0.922
de,pos,200,1,1,1
de,syl,1000,2,1,1
de,syl,1000,2,1,1
de,token,200,2,0.75,0.747
de,pos_syl,1000,1,1,1
de,pos,200,1,0.78,0.761
de,pos_syl,1000,1,1,1
de,token,200,2,0.81,0.765
de,pos,200,1,0.85,0.845
de,pos,200,2,0.96,0.962
de,syl,200,1,1,1
de,pos,200,2,1,1
de,syl,200,1,0.92,0.922
de,pos,200,2,0.98,0.98
de,syl,200,1,0.91,0.914
de,syl,200,2,0.97,0.971
de,pos_syl,200,1,0.97,0.969
de,syl,200,2,0.95,0.948
de,syl,200,2,1,1
de,pos_syl,200,1,0.99,0.99
de,pos_syl,200,1,0.91,0.914
de,pos_syl,1000,2,1,1
de,pos_syl,200,2,1,1
de,pos_syl,1000,2,1,1
de,pos_syl,200,2,1,1
de,pos_syl,200,2,1,1
de,token,300,1,0.75,0.757
de,token,300,1,0.87,0.879
de,token,300,1,0.9,0.902
de,token,300,2,0.74,0.745
de,pos,300,1,0.95,0.947
de,token,300,2,0.91,0.905
de,pos,300,1,0.97,0.971
de,token,300,2,0.79,0.741
de,pos,300,1,0.96,0.962
de,pos,300,2,1,1
de,syl,300,1,1,1
de,pos,300,2,1,1
de,syl,300,1,0.95,0.947
de,pos,300,2,0.98,0.98
de,syl,300,1,1,1
de,syl,300,2,1,1
de,pos_syl,300,1,0.99,0.99
de,syl,300,2,1,1
de,syl,300,2,0.95,0.952
de,pos_syl,300,1,1,1
de,pos_syl,300,1,0.98,0.98
de,pos_syl,300,2,1,1
de,pos_syl,300,2,1,1
de,pos_syl,300,2,1,1
de,token,500,1,0.99,0.99
de,token,500,1,0.91,0.914
de,token,500,1,1,1
de,token,500,2,0.91,0.903
de,pos,500,1,1,1
de,token,500,2,0.98,0.98
de,pos,500,1,0.97,0.971
de,token,500,2,1,1
de,pos,500,1,0.93,0.935
de,pos,500,2,1,1
de,syl,500,1,1,1
de,pos,500,2,1,1
de,syl,500,1,1,1
de,pos,500,2,1,1
de,syl,500,1,1,1
de,syl,500,2,1,1
de,pos_syl,500,1,0.98,0.98
de,syl,500,2,1,1
de,pos_syl,500,1,0.99,0.99
de,syl,500,2,1,1
de,pos_syl,500,1,0.99,0.99
de,pos_syl,500,2,1,1
de,pos_syl,500,2,1,1
de,pos_syl,500,2,1,1
de,token,750,1,0.99,0.99
de,token,750,1,0.99,0.99
de,token,750,1,1,1
de,token,750,2,0.99,0.99
de,pos,750,1,0.97,0.969
de,token,750,2,1,1
de,pos,750,1,0.97,0.971
de,token,750,2,0.96,0.962
de,pos,750,1,0.94,0.943
de,pos,750,2,1,1
de,syl,750,1,1,1
de,pos,750,2,1,1
de,syl,750,1,1,1
de,pos,750,2,1,1
de,syl,750,1,1,1
de,syl,750,2,1,1
de,pos_syl,750,1,1,1
de,syl,750,2,1,1
de,pos_syl,750,1,1,1
de,syl,750,2,1,1
de,pos_syl,750,1,1,1
de,pos_syl,750,2,1,1
de,pos_syl,750,2,1,1
de,pos_syl,750,2,1,1
de,token,1000,1,0.97,0.969
de,token,1000,1,1,1
de,token,1000,1,1,1
de,token,1000,2,1,1
de,pos,1000,1,1,1
de,token,1000,2,0.96,0.958
de,pos,1000,1,1,1
de,token,1000,2,1,1
de,pos,1000,1,0.99,0.99
de,pos,1000,2,1,1
de,syl,1000,1,1,1
de,pos,1000,2,1,1
de,syl,1000,1,1,1
de,pos,1000,2,1,1
de,syl,1000,1,1,1
de,syl,1000,2,1,1
de,pos_syl,1000,1,1,1
de,syl,1000,2,1,1
de,pos_syl,1000,1,1,1
de,syl,1000,2,1,1
de,pos_syl,1000,1,1,1
de,pos_syl,1000,2,1,1
de,pos_syl,1000,2,1,1
de,pos_syl,1000,2,1,1
de,token,25,1,0.59,0.637
de,token,25,1,0.68,0.719
de,token,25,1,0.9,0.902
de,token,25,2,0.59,0.518
de,token,25,2,0.39,0.371
de,pos,25,1,0.44,0.451
de,token,25,2,0.59,0.617
de,pos,25,1,0.67,0.673
de,pos,25,1,0.56,0.56
de,pos,25,2,0.84,0.84
de,pos,25,2,0.83,0.832
de,pos,25,2,0.79,0.769
de,syl,25,1,0.96,0.961
de,syl,25,1,0.38,0.392
de,syl,25,1,0.89,0.889
de,syl,25,2,0.79,0.8
de,syl,25,2,0.84,0.833
de,syl,25,2,0.81,0.816
de,pos_syl,25,1,0.75,0.747
de,pos_syl,25,1,0.46,0.4
de,pos_syl,25,1,0.74,0.772
de,pos_syl,25,2,0.81,0.808
de,pos_syl,25,2,0.83,0.85
de,pos_syl,25,2,0.9,0.906
de,token,50,1,0.77,0.807
de,token,50,1,0.94,0.942
de,token,50,1,0.82,0.842
de,token,50,2,0.36,0.36
de,token,50,2,0.61,0.519
de,pos,50,1,0.57,0.583
de,pos,50,1,0.45,0.476
de,token,50,2,0.75,0.742
de,pos,50,1,0.68,0.729
de,pos,50,2,0.83,0.835
de,pos,50,2,0.77,0.785
de,syl,50,1,0.7,0.706
de,syl,50,1,0.83,0.832
de,pos,50,2,0.83,0.828
de,syl,50,1,0.83,0.825
de,syl,50,2,0.75,0.757
de,syl,50,2,0.85,0.857
de,syl,50,2,0.86,0.863
de,pos_syl,50,1,0.8,0.804
de,pos_syl,50,1,0.81,0.835
de,pos_syl,50,1,0.75,0.731
de,pos_syl,50,2,1,1
de,pos_syl,50,2,0.98,0.98
de,pos_syl,50,2,0.92,0.925
de,token,100,1,0.86,0.873
de,token,100,1,0.91,0.917
de,token,100,1,0.9,0.909
de,token,100,2,0.73,0.743
de,token,100,2,0.78,0.761
de,pos,100,1,0.8,0.796
de,token,100,2,0.69,0.68
de,pos,100,1,0.73,0.738
de,pos,100,1,0.68,0.704
de,pos,100,2,0.92,0.913
de,pos,100,2,0.99,0.99
de,syl,100,1,0.95,0.951
de,syl,100,1,1,1
de,pos,100,2,0.81,0.808
de,syl,100,1,0.69,0.721
de,syl,100,2,0.9,0.902
de,syl,100,2,0.91,0.914
de,syl,100,2,0.76,0.76
de,pos_syl,100,1,0.8,0.8
de,pos_syl,100,1,0.96,0.962
de,pos_syl,100,1,0.91,0.916
de,pos_syl,100,2,1,1
de,pos_syl,100,2,0.99,0.99
de,pos_syl,100,2,0.98,0.98
de,token,200,1,0.76,0.769
de,token,200,1,0.96,0.96
de,token,200,1,0.95,0.951
de,token,200,2,0.88,0.88
de,token,200,2,0.78,0.744
de,pos,200,1,0.77,0.768
de,pos,200,1,0.98,0.98
de,token,200,2,0.65,0.615
de,pos,200,1,0.88,0.891
de,pos,200,2,1,1
de,pos,200,2,1,1
de,syl,200,1,1,1
de,syl,200,1,0.92,0.917
de,pos,200,2,1,1
de,syl,200,1,0.96,0.959
de,syl,200,2,0.99,0.99
de,syl,200,2,1,1
de,pos_syl,200,1,0.94,0.943
de,pos_syl,200,1,0.97,0.969
de,syl,200,2,0.89,0.895
de,pos_syl,200,1,0.95,0.947
de,pos_syl,200,2,1,1
de,pos_syl,200,2,1,1
de,pos_syl,200,2,1,1
de,token,300,1,0.92,0.92
de,token,300,1,0.92,0.918
de,token,300,1,0.96,0.961
de,token,300,2,0.86,0.851
de,token,300,2,0.84,0.84
de,pos,300,1,0.95,0.951
de,token,300,2,0.74,0.735
de,pos,300,1,0.9,0.9
de,pos,300,1,0.98,0.98
de,pos,300,2,0.98,0.98
de,pos,300,2,1,1
de,syl,300,1,1,1
de,syl,300,1,1,1
de,pos,300,2,1,1
de,syl,300,1,1,1
de,syl,300,2,0.99,0.99
de,syl,300,2,1,1
de,pos_syl,300,1,1,1
de,syl,300,2,1,1
de,pos_syl,300,1,1,1
de,pos_syl,300,1,0.99,0.99
de,pos_syl,300,2,1,1
de,pos_syl,300,2,1,1
de,pos_syl,300,2,1,1
de,token,500,1,1,1
de,token,500,1,0.97,0.97
de,token,500,1,0.9,0.902
de,token,500,2,0.95,0.947
de,token,500,2,0.82,0.791
de,token,500,2,1,1
de,pos,500,1,0.92,0.918
de,pos,500,1,0.99,0.99
de,pos,500,1,0.91,0.907
de,pos,500,2,1,1
de,pos,500,2,1,1
de,pos,500,2,1,1
de,syl,500,1,0.98,0.98
de,syl,500,1,1,1
de,syl,500,1,1,1
de,syl,500,2,1,1
de,syl,500,2,0.99,0.99
de,syl,500,2,1,1
de,pos_syl,500,1,1,1
de,pos_syl,500,1,1,1
de,pos_syl,500,1,1,1
de,pos_syl,500,2,1,1
de,pos_syl,500,2,1,1
de,pos_syl,500,2,1,1
de,token,750,1,1,1
de,token,750,1,0.97,0.97
de,token,750,1,0.97,0.971
de,token,750,2,0.98,0.98
de,token,750,2,1,1
de,pos,750,1,0.98,0.98
de,pos,750,1,0.98,0.98
de,token,750,2,0.95,0.948
de,pos,750,1,1,1
de,pos,750,2,1,1
de,pos,750,2,1,1
de,syl,750,1,1,1
de,syl,750,1,1,1
de,pos,750,2,1,1
de,syl,750,1,1,1
de,syl,750,2,1,1
de,syl,750,2,1,1
de,syl,750,2,1,1
de,pos_syl,750,1,1,1
de,pos_syl,750,1,1,1
de,pos_syl,750,1,1,1
de,pos_syl,750,2,1,1
de,pos_syl,750,2,1,1
de,pos_syl,750,2,1,1
de,token,25,1,0.73,0.761
de,token,25,2,0.61,0.636
de,pos,25,1,0.65,0.653
de,token,1000,1,0.99,0.99
de,token,1000,1,0.98,0.98
de,token,1000,1,0.96,0.962
de,pos,25,2,0.85,0.842
de,syl,25,1,0.9,0.896
de,syl,25,2,0.62,0.62
de,pos_syl,25,1,0.71,0.695
de,pos_syl,25,2,0.86,0.86
de,token,50,1,0.81,0.822
de,token,1000,2,0.97,0.971
de,token,50,2,0.48,0.48
de,token,1000,2,1,1
de,pos,1000,1,0.95,0.952
de,token,1000,2,0.99,0.99
de,pos,50,1,0.7,0.681
de,pos,1000,1,1,1
de,pos,1000,1,1,1
de,pos,50,2,0.87,0.876
de,syl,50,1,0.86,0.857
de,syl,50,2,0.74,0.755
de,pos_syl,50,1,0.88,0.887
de,pos_syl,50,2,0.98,0.98
de,pos,1000,2,1,1
de,syl,1000,1,1,1
de,pos,1000,2,1,1
de,pos,1000,2,1,1
de,syl,1000,1,1,1
de,syl,1000,1,1,1
de,token,100,1,0.91,0.917
de,token,100,2,0.7,0.712
de,pos,100,1,0.72,0.731
de,syl,1000,2,1,1
de,syl,1000,2,1,1
de,syl,1000,2,1,1
de,pos_syl,1000,1,1,1
de,pos_syl,1000,1,1,1
de,pos,100,2,0.85,0.854
de,pos_syl,1000,1,1,1
de,syl,100,1,0.91,0.911
de,syl,100,2,0.8,0.796
de,pos_syl,100,1,0.93,0.931
de,pos_syl,100,2,1,1
de,pos_syl,1000,2,1,1
de,token,200,1,0.8,0.815
de,pos_syl,1000,2,1,1
de,pos_syl,1000,2,1,1
de,token,200,2,0.89,0.893
de,pos,200,1,0.8,0.808
de,pos,200,2,1,1
de,syl,200,1,1,1
de,syl,200,2,1,1
de,pos_syl,200,1,0.84,0.852
de,pos_syl,200,2,1,1
de,token,300,1,0.9,0.904
de,token,300,2,0.79,0.784
de,pos,300,1,0.98,0.98
de,pos,300,2,0.99,0.99
de,syl,300,1,1,1
de,syl,300,2,1,1
de,pos_syl,300,1,1,1
de,pos_syl,300,2,1,1
de,token,500,1,0.99,0.99
de,token,500,2,0.85,0.851
de,pos,500,1,0.97,0.971
de,pos,500,2,1,1
de,syl,500,1,1,1
de,syl,500,2,1,1
de,pos_syl,500,1,1,1
de,pos_syl,500,2,1,1
de,token,750,1,0.95,0.95
de,token,750,2,0.99,0.99
de,pos,750,1,0.97,0.971
de,pos,750,2,1,1
de,syl,750,1,1,1
de,syl,750,2,1,1
de,pos_syl,750,1,1,1
de,pos_syl,750,2,1,1
de,token,1000,1,1,1
de,token,1000,2,1,1
de,pos,1000,1,1,1
de,pos,1000,2,1,1
de,syl,1000,1,1,1
de,syl,1000,2,1,1
de,pos_syl,1000,1,1,1
de,pos_syl,1000,2,1,1
ru,token,25,1,0.192,0.196
ru,token,25,1,0.36,0.353
ru,token,25,1,0.248,0.233
ru,token,25,1,0.116,0.112
ru,token,25,1,0.252,0.263
ru,token,25,2,0.284,0.28
ru,token,25,2,0.216,0.161
ru,token,25,2,0.292,0.292
ru,token,25,2,0.3,0.286
ru,token,25,2,0.14,0.127
ru,pos,25,1,0.2,0.194
ru,pos,25,1,0.144,0.15
ru,pos,25,1,0.26,0.237
ru,pos,25,1,0.356,0.357
ru,pos,25,1,0.3,0.284
ru,pos,25,2,0.316,0.324
ru,pos,25,2,0.36,0.361
ru,pos,25,2,0.296,0.306
ru,pos,25,2,0.304,0.307
ru,syl,25,1,0.248,0.245
ru,pos,25,2,0.436,0.435
ru,syl,25,1,0.34,0.317
ru,syl,25,1,0.336,0.335
ru,syl,25,1,0.452,0.44
ru,syl,25,1,0.196,0.195
ru,syl,25,2,0.456,0.444
ru,syl,25,2,0.432,0.424
ru,syl,25,2,0.556,0.55
ru,syl,25,2,0.452,0.455
ru,syl,25,2,0.448,0.452
ru,pos_syl,25,1,0.4,0.391
ru,pos_syl,25,1,0.412,0.409
ru,pos_syl,25,1,0.42,0.419
ru,pos_syl,25,1,0.344,0.348
ru,pos_syl,25,1,0.488,0.471
ru,pos_syl,25,2,0.6,0.608
ru,pos_syl,25,2,0.564,0.572
ru,pos_syl,25,2,0.536,0.546
ru,pos_syl,25,2,0.552,0.557
ru,pos_syl,25,2,0.48,0.49
ru,token,50,1,0.4,0.39
ru,token,50,1,0.356,0.345
ru,token,50,1,0.444,0.443
ru,token,50,1,0.416,0.397
ru,token,50,1,0.484,0.492
ru,token,50,2,0.284,0.282
ru,token,50,2,0.332,0.333
ru,token,50,2,0.32,0.313
ru,pos,50,1,0.412,0.4
ru,pos,50,1,0.372,0.369
ru,pos,50,1,0.404,0.388
ru,token,50,2,0.256,0.221
ru,pos,50,1,0.396,0.4
ru,token,50,2,0.316,0.3
ru,pos,50,1,0.336,0.327
ru,pos,50,2,0.468,0.473
ru,pos,50,2,0.508,0.517
ru,pos,50,2,0.512,0.511
ru,syl,50,1,0.528,0.509
ru,syl,50,1,0.412,0.408
ru,syl,50,1,0.512,0.513
ru,pos,50,2,0.5,0.48
ru,syl,50,1,0.592,0.57
ru,pos,50,2,0.496,0.503
ru,syl,50,2,0.752,0.739
ru,syl,50,2,0.636,0.611
ru,syl,50,2,0.624,0.616
ru,syl,50,1,0.452,0.444
ru,syl,50,2,0.624,0.628
ru,pos_syl,50,1,0.608,0.597
ru,pos_syl,50,1,0.448,0.436
ru,pos_syl,50,1,0.504,0.5
ru,syl,50,2,0.684,0.669
ru,pos_syl,50,1,0.552,0.548
ru,pos_syl,50,1,0.636,0.633
ru,pos_syl,50,2,0.704,0.705
ru,pos_syl,50,2,0.604,0.592
ru,pos_syl,50,2,0.656,0.654
ru,pos_syl,50,2,0.544,0.526
ru,pos_syl,50,2,0.724,0.727
ru,token,100,1,0.452,0.456
ru,token,100,1,0.4,0.399
ru,token,100,1,0.66,0.659
ru,token,100,1,0.556,0.561
ru,token,100,1,0.476,0.48
ru,token,100,2,0.276,0.28
ru,token,100,2,0.276,0.285
ru,token,100,2,0.32,0.319
ru,pos,100,1,0.436,0.428
ru,token,100,2,0.272,0.272
ru,pos,100,1,0.444,0.432
ru,pos,100,1,0.528,0.526
ru,pos,100,1,0.372,0.371
ru,token,100,2,0.256,0.254
ru,pos,100,1,0.4,0.394
ru,pos,100,2,0.512,0.512
ru,pos,100,2,0.416,0.421
ru,syl,100,1,0.576,0.557
ru,pos,100,2,0.652,0.651
ru,pos,100,2,0.624,0.624
ru,syl,100,1,0.608,0.579
ru,syl,100,1,0.512,0.509
ru,syl,100,1,0.576,0.579
ru,pos,100,2,0.536,0.54
ru,syl,100,2,0.804,0.802
ru,syl,100,1,0.384,0.385
ru,syl,100,2,0.724,0.727
ru,syl,100,2,0.836,0.835
ru,syl,100,2,0.836,0.837
ru,pos_syl,100,1,0.604,0.589
ru,pos_syl,100,1,0.64,0.646
ru,syl,100,2,0.9,0.902
ru,pos_syl,100,1,0.616,0.61
ru,pos_syl,100,1,0.592,0.595
ru,pos_syl,100,1,0.652,0.645
ru,pos_syl,100,2,0.872,0.871
ru,pos_syl,100,2,0.788,0.786
ru,pos_syl,100,2,0.86,0.855
ru,pos_syl,100,2,0.86,0.86
ru,pos_syl,100,2,0.844,0.835
ru,token,200,1,0.732,0.731
ru,token,200,1,0.664,0.662
ru,token,200,1,0.688,0.687
ru,token,200,1,0.652,0.653
ru,token,200,1,0.624,0.617
ru,token,200,2,0.612,0.611
ru,token,200,2,0.452,0.445
ru,pos,200,1,0.668,0.663
ru,token,200,2,0.476,0.47
ru,token,200,2,0.48,0.481
ru,pos,200,1,0.58,0.578
ru,pos,200,1,0.592,0.583
ru,pos,200,1,0.536,0.524
ru,token,200,2,0.416,0.402
ru,pos,200,1,0.628,0.606
ru,pos,200,2,0.832,0.834
ru,syl,200,1,0.692,0.691
ru,pos,200,2,0.66,0.652
ru,pos,200,2,0.7,0.694
ru,pos,200,2,0.616,0.605
ru,syl,200,1,0.736,0.717
ru,syl,200,1,0.716,0.716
ru,syl,200,1,0.648,0.649
ru,pos,200,2,0.732,0.734
ru,syl,200,1,0.64,0.634
ru,syl,200,2,0.908,0.906
ru,syl,200,2,0.884,0.886
ru,syl,200,2,0.952,0.952
ru,syl,200,2,0.948,0.948
ru,pos_syl,200,1,0.908,0.907
ru,pos_syl,200,1,0.748,0.746
ru,syl,200,2,0.94,0.941
ru,pos_syl,200,1,0.86,0.857
ru,pos_syl,200,1,0.752,0.741
ru,pos_syl,200,1,0.924,0.922
ru,pos_syl,200,2,0.948,0.948
ru,pos_syl,200,2,0.968,0.968
ru,pos_syl,200,2,0.944,0.943
ru,pos_syl,200,2,0.944,0.944
ru,pos_syl,200,2,0.952,0.952
ru,token,300,1,0.84,0.837
ru,token,300,1,0.82,0.82
ru,token,300,1,0.736,0.73
ru,token,300,1,0.832,0.831
ru,token,300,1,0.776,0.773
ru,token,300,2,0.448,0.452
ru,pos,300,1,0.672,0.676
ru,token,300,2,0.564,0.567
ru,token,300,2,0.472,0.459
ru,pos,300,1,0.776,0.774
ru,token,300,2,0.6,0.607
ru,pos,300,1,0.652,0.649
ru,pos,300,1,0.62,0.62
ru,token,300,2,0.676,0.666
ru,pos,300,1,0.668,0.661
ru,pos,300,2,0.736,0.738
ru,syl,300,1,0.772,0.77
ru,pos,300,2,0.86,0.858
ru,syl,300,1,0.68,0.68
ru,pos,300,2,0.84,0.838
ru,pos,300,2,0.8,0.789
ru,pos,300,2,0.784,0.776
ru,syl,300,1,0.836,0.834
ru,syl,300,1,0.924,0.923
ru,syl,300,1,0.8,0.799
ru,syl,300,2,0.996,0.996
ru,pos_syl,300,1,0.912,0.911
ru,syl,300,2,0.964,0.965
ru,syl,300,2,0.976,0.976
ru,syl,300,2,1,1
ru,syl,300,2,0.972,0.972
ru,pos_syl,300,1,0.944,0.943
ru,pos_syl,300,1,0.876,0.868
ru,pos_syl,300,1,0.884,0.881
ru,pos_syl,300,1,0.944,0.944
ru,pos_syl,300,2,1,1
ru,pos_syl,300,2,0.968,0.968
ru,pos_syl,300,2,0.968,0.968
ru,pos_syl,300,2,0.98,0.98
ru,pos_syl,300,2,0.984,0.984
ru,token,500,1,0.904,0.904
ru,token,500,1,0.952,0.952
ru,token,500,1,0.828,0.827
ru,token,500,1,0.828,0.821
ru,token,500,1,0.868,0.866
ru,token,500,2,0.744,0.745
ru,pos,500,1,0.724,0.718
ru,token,500,2,0.756,0.755
ru,token,500,2,0.644,0.638
ru,token,500,2,0.652,0.647
ru,pos,500,1,0.804,0.798
ru,pos,500,1,0.656,0.652
ru,pos,500,1,0.824,0.826
ru,token,500,2,0.624,0.619
ru,pos,500,1,0.776,0.777
ru,pos,500,2,0.916,0.914
ru,syl,500,1,0.852,0.853
ru,pos,500,2,0.92,0.919
ru,pos,500,2,0.936,0.936
ru,syl,500,1,0.892,0.893
ru,syl,500,1,0.872,0.87
ru,pos,500,2,0.888,0.885
ru,syl,500,1,0.884,0.882
ru,pos,500,2,0.916,0.918
ru,syl,500,2,0.996,0.996
ru,syl,500,1,0.904,0.903
ru,pos_syl,500,1,0.964,0.964
ru,syl,500,2,1,1
ru,syl,500,2,1,1
ru,syl,500,2,1,1
ru,pos_syl,500,1,0.968,0.968
ru,pos_syl,500,1,0.972,0.972
ru,syl,500,2,0.996,0.996
ru,pos_syl,500,1,0.996,0.996
ru,pos_syl,500,1,0.984,0.984
ru,pos_syl,500,2,1,1
ru,pos_syl,500,2,1,1
ru,pos_syl,500,2,1,1
ru,pos_syl,500,2,1,1
ru,pos_syl,500,2,1,1
ru,token,750,1,0.92,0.919
ru,token,750,1,0.964,0.964
ru,token,750,1,0.876,0.874
ru,token,750,1,0.928,0.928
ru,token,750,1,0.936,0.935
ru,token,750,2,0.856,0.855
ru,pos,750,1,0.9,0.901
ru,token,750,2,0.852,0.85
ru,token,750,2,0.776,0.775
ru,pos,750,1,0.844,0.845
ru,pos,750,1,0.88,0.878
ru,token,750,2,0.732,0.725
ru,pos,750,1,0.904,0.905
ru,token,750,2,0.724,0.717
ru,pos,750,1,0.86,0.854
ru,pos,750,2,0.968,0.968
ru,syl,750,1,0.924,0.925
ru,pos,750,2,0.984,0.984
ru,pos,750,2,0.948,0.948
ru,syl,750,1,0.868,0.866
ru,syl,750,1,0.956,0.956
ru,pos,750,2,0.888,0.886
ru,pos,750,2,0.952,0.951
ru,syl,750,1,0.908,0.904
ru,syl,750,1,0.812,0.812
ru,syl,750,2,1,1
ru,syl,750,2,1,1
ru,pos_syl,750,1,1,1
ru,syl,750,2,1,1
ru,pos_syl,750,1,0.968,0.968
ru,syl,750,2,1,1
ru,pos_syl,750,1,1,1
ru,syl,750,2,1,1
ru,pos_syl,750,1,0.988,0.988
ru,pos_syl,750,1,0.996,0.996
ru,pos_syl,750,2,1,1
ru,pos_syl,750,2,1,1
ru,pos_syl,750,2,1,1
ru,pos_syl,750,2,1,1
ru,pos_syl,750,2,1,1
ru,token,1000,1,0.964,0.964
ru,token,1000,1,0.952,0.951
ru,token,1000,1,0.968,0.967
ru,token,1000,1,0.996,0.996
ru,token,1000,1,0.98,0.98
ru,token,1000,2,0.9,0.899
ru,pos,1000,1,0.94,0.94
ru,token,1000,2,0.876,0.875
ru,pos,1000,1,0.924,0.925
ru,token,1000,2,0.904,0.902
ru,token,1000,2,0.876,0.877
ru,token,1000,2,0.888,0.886
ru,pos,1000,1,0.94,0.94
ru,pos,1000,1,0.944,0.944
ru,pos,1000,1,0.932,0.933
ru,pos,1000,2,0.996,0.996
ru,syl,1000,1,0.928,0.928
ru,pos,1000,2,0.988,0.988
ru,syl,1000,1,0.968,0.968
ru,pos,1000,2,0.98,0.98
ru,pos,1000,2,1,1
ru,syl,1000,1,0.964,0.964
ru,pos,1000,2,0.98,0.98
ru,syl,1000,1,0.956,0.957
ru,syl,1000,1,0.956,0.956
ru,syl,1000,2,1,1
ru,syl,1000,2,1,1
ru,pos_syl,1000,1,1,1
ru,syl,1000,2,1,1
ru,pos_syl,1000,1,1,1
ru,syl,1000,2,1,1
ru,syl,1000,2,1,1
ru,pos_syl,1000,1,1,1
ru,pos_syl,1000,1,1,1
ru,pos_syl,1000,1,1,1
ru,pos_syl,1000,2,1,1
ru,token,25,1,0.236,0.235
ru,pos_syl,1000,2,1,1
ru,pos_syl,1000,2,1,1
ru,pos_syl,1000,2,1,1
ru,pos_syl,1000,2,1,1
ru,token,25,2,0.248,0.186
ru,pos,25,1,0.28,0.282
ru,token,25,1,0.416,0.407
ru,token,25,1,0.304,0.289
ru,token,25,1,0.34,0.337
ru,token,25,1,0.356,0.363
ru,pos,25,2,0.244,0.252
ru,syl,25,1,0.288,0.283
ru,token,25,2,0.268,0.238
ru,token,25,2,0.256,NaN
ru,syl,25,2,0.52,0.516
ru,token,25,2,0.256,0.249
ru,token,25,2,0.256,0.183
ru,pos,25,1,0.236,0.236
ru,pos,25,1,0.292,0.293
ru,pos,25,1,0.344,0.338
ru,pos,25,1,0.424,0.416
ru,pos_syl,25,1,0.376,0.378
ru,pos,25,2,0.44,0.442
ru,pos,25,2,0.268,0.276
ru,pos,25,2,0.244,0.251
ru,pos,25,2,0.32,0.334
ru,syl,25,1,0.276,0.255
ru,syl,25,1,0.228,0.222
ru,syl,25,1,0.264,0.251
ru,syl,25,1,0.32,0.307
ru,syl,25,2,0.444,0.416
ru,syl,25,2,0.336,0.332
ru,syl,25,2,0.496,0.492
ru,syl,25,2,0.56,0.555
ru,pos_syl,25,1,0.364,NaN
ru,pos_syl,25,1,0.488,0.485
ru,pos_syl,25,1,0.46,0.465
ru,pos_syl,25,1,0.376,0.382
ru,pos_syl,25,2,0.512,0.505
ru,token,50,1,0.248,0.248
ru,pos_syl,25,2,0.56,0.56
ru,pos_syl,25,2,0.524,0.537
ru,pos_syl,25,2,0.516,0.524
ru,pos_syl,25,2,0.48,0.489
ru,token,50,2,0.264,0.276
ru,token,50,1,0.34,0.346
ru,pos,50,1,0.26,0.251
ru,token,50,1,0.176,0.185
ru,token,50,1,0.36,0.369
ru,token,50,1,0.292,0.295
ru,pos,50,2,0.404,0.393
ru,syl,50,1,0.436,0.422
ru,token,50,2,0.308,0.287
ru,pos,50,1,0.408,0.409
ru,token,50,2,0.3,0.292
ru,syl,50,2,0.588,0.59
ru,token,50,2,0.28,0.279
ru,token,50,2,0.368,0.347
ru,pos,50,1,0.604,0.593
ru,pos,50,1,0.304,0.29
ru,pos,50,1,0.38,0.372
ru,pos_syl,50,1,0.348,0.352
ru,pos,50,2,0.424,0.428
ru,syl,50,1,0.5,0.494
ru,pos,50,2,0.584,0.574
ru,pos,50,2,0.496,0.499
ru,syl,50,1,0.408,0.404
ru,pos,50,2,0.432,0.443
ru,syl,50,2,0.608,0.598
ru,syl,50,1,0.564,0.564
ru,syl,50,1,0.448,0.432
ru,pos_syl,50,2,0.572,0.566
ru,syl,50,2,0.62,0.612
ru,pos_syl,50,1,0.412,0.405
ru,syl,50,2,0.656,0.653
ru,syl,50,2,0.544,0.552
ru,pos_syl,50,1,0.544,0.551
ru,pos_syl,50,1,0.528,0.524
ru,pos_syl,50,1,0.5,0.495
ru,token,100,1,0.356,0.358
ru,pos_syl,50,2,0.632,0.634
ru,pos_syl,50,2,0.624,0.614
ru,pos_syl,50,2,0.628,0.624
ru,pos_syl,50,2,0.592,0.593
ru,token,100,1,0.472,0.479
ru,token,100,2,0.264,0.263
ru,pos,100,1,0.332,0.325
ru,token,100,1,0.428,0.431
ru,token,100,1,0.604,0.605
ru,token,100,1,0.508,0.505
ru,pos,100,2,0.4,0.395
ru,token,100,2,0.248,0.249
ru,syl,100,1,0.52,0.518
ru,pos,100,1,0.308,0.304
ru,token,100,2,0.264,0.262
ru,syl,100,2,0.868,0.867
ru,token,100,2,0.292,0.294
ru,token,100,2,0.28,0.274
ru,pos,100,1,0.332,0.321
ru,pos,100,1,0.492,0.47
ru,pos,100,1,0.452,0.444
ru,pos_syl,100,1,0.66,0.659
ru,pos,100,2,0.6,0.601
ru,syl,100,1,0.504,0.481
ru,pos,100,2,0.48,0.481
ru,pos,100,2,0.476,0.465
ru,syl,100,1,0.472,0.47
ru,pos,100,2,0.556,0.564
ru,syl,100,2,0.812,0.813
ru,syl,100,1,0.46,0.45
ru,syl,100,1,0.556,0.544
ru,pos_syl,100,2,0.816,0.813
ru,pos_syl,100,1,0.58,0.571
ru,syl,100,2,0.748,0.744
ru,syl,100,2,0.768,0.756
ru,syl,100,2,0.82,0.817
ru,pos_syl,100,1,0.724,0.724
ru,pos_syl,100,1,0.704,0.702
ru,pos_syl,100,1,0.712,0.712
ru,token,200,1,0.768,0.766
ru,pos_syl,100,2,0.792,0.788
ru,pos_syl,100,2,0.832,0.833
ru,pos_syl,100,2,0.808,0.805
ru,pos_syl,100,2,0.832,0.831
ru,token,200,1,0.6,0.599
ru,token,200,2,0.476,0.47
ru,token,200,1,0.64,0.635
ru,token,200,1,0.768,0.768
ru,token,200,1,0.72,0.718
ru,pos,200,1,0.724,0.713
ru,token,200,2,0.332,0.336
ru,pos,200,2,0.728,0.724
ru,pos,200,1,0.488,0.5
ru,syl,200,1,0.808,0.81
ru,token,200,2,0.408,0.413
ru,token,200,2,0.356,0.344
ru,token,200,2,0.424,0.426
ru,pos,200,1,0.528,0.529
ru,pos,200,1,0.556,0.55
ru,pos,200,1,0.556,0.558
ru,syl,200,2,0.956,0.956
ru,pos,200,2,0.688,0.681
ru,pos_syl,200,1,0.892,0.89
ru,syl,200,1,0.768,0.769
ru,pos,200,2,0.736,0.735
ru,pos,200,2,0.816,0.813
ru,pos,200,2,0.692,0.694
ru,syl,200,1,0.736,0.733
ru,syl,200,1,0.652,0.638
ru,syl,200,1,0.684,0.663
ru,syl,200,2,0.932,0.931
ru,pos_syl,200,1,0.784,0.784
ru,pos_syl,200,2,0.972,0.972
ru,syl,200,2,0.972,0.972
ru,syl,200,2,0.932,0.931
ru,syl,200,2,0.924,0.922
ru,pos_syl,200,1,0.864,0.862
ru,pos_syl,200,1,0.9,0.899
ru,pos_syl,200,1,0.84,0.832
ru,token,300,1,0.748,0.752
ru,pos_syl,200,2,0.956,0.956
ru,pos_syl,200,2,0.944,0.942
ru,pos_syl,200,2,0.94,0.94
ru,pos_syl,200,2,0.988,0.988
ru,token,300,1,0.704,0.695
ru,token,300,1,0.664,0.666
ru,token,300,1,0.748,0.752
ru,token,300,1,0.792,0.794
ru,token,300,2,0.516,0.509
ru,pos,300,1,0.668,0.663
ru,token,300,2,0.348,0.354
ru,pos,300,1,0.616,0.603
ru,pos,300,2,0.872,0.871
ru,token,300,2,0.472,0.47
ru,token,300,2,0.516,0.514
ru,token,300,2,0.476,0.467
ru,syl,300,1,0.732,0.731
ru,pos,300,1,0.724,0.717
ru,pos,300,1,0.624,0.618
ru,pos,300,1,0.684,0.682
ru,syl,300,2,0.984,0.984
ru,pos,300,2,0.768,0.766
ru,syl,300,1,0.88,0.877
ru,pos_syl,300,1,0.984,0.984
ru,pos,300,2,0.832,0.831
ru,pos,300,2,0.784,0.767
ru,pos,300,2,0.736,0.734
ru,syl,300,1,0.744,0.744
ru,syl,300,1,0.832,0.831
ru,syl,300,1,0.744,0.718
ru,syl,300,2,0.996,0.996
ru,pos_syl,300,1,0.972,0.972
ru,syl,300,2,0.972,0.972
ru,syl,300,2,0.928,0.93
ru,syl,300,2,0.908,0.909
ru,pos_syl,300,2,0.984,0.984
ru,pos_syl,300,1,0.92,0.92
ru,pos_syl,300,1,0.912,0.91
ru,pos_syl,300,1,0.96,0.96
ru,pos_syl,300,2,0.992,0.992
ru,token,500,1,0.952,0.951
ru,pos_syl,300,2,1,1
ru,pos_syl,300,2,0.996,0.996
ru,pos_syl,300,2,0.972,0.972
ru,token,500,1,0.864,0.861
ru,token,500,1,0.868,0.863
ru,token,500,1,0.832,0.832
ru,token,500,1,0.812,0.814
ru,token,500,2,0.664,0.661
ru,pos,500,1,0.768,0.761
ru,token,500,2,0.724,0.721
ru,pos,500,1,0.732,0.725
ru,token,500,2,0.556,0.557
ru,token,500,2,0.6,0.593
ru,pos,500,1,0.828,0.829
ru,token,500,2,0.628,0.629
ru,pos,500,1,0.764,0.765
ru,pos,500,2,0.94,0.937
ru,pos,500,1,0.716,0.712
ru,syl,500,1,0.856,0.852
ru,pos,500,2,0.956,0.956
ru,syl,500,1,0.848,0.85
ru,syl,500,2,1,1
ru,pos,500,2,0.936,0.935
ru,pos,500,2,0.968,0.968
ru,syl,500,1,0.928,0.926
ru,syl,500,1,0.872,0.871
ru,pos_syl,500,1,0.992,0.992
ru,pos,500,2,0.808,0.808
ru,syl,500,1,0.844,0.845
ru,syl,500,2,1,1
ru,pos_syl,500,1,0.992,0.992
ru,syl,500,2,1,1
ru,syl,500,2,0.968,0.968
ru,syl,500,2,1,1
ru,pos_syl,500,1,0.976,0.976
ru,pos_syl,500,1,0.984,0.984
ru,pos_syl,500,1,0.98,0.98
ru,pos_syl,500,2,0.988,0.988
ru,pos_syl,500,2,0.996,0.996
ru,token,750,1,0.96,0.96
ru,pos_syl,500,2,0.988,0.988
ru,pos_syl,500,2,0.988,0.988
ru,pos_syl,500,2,1,1
ru,token,750,1,0.94,0.94
ru,token,750,1,0.976,0.976
ru,token,750,1,0.98,0.98
ru,token,750,1,0.92,0.916
ru,token,750,2,0.744,0.737
ru,pos,750,1,0.908,0.908
ru,token,750,2,0.716,0.718
ru,pos,750,1,0.848,0.842
ru,token,750,2,0.812,0.81
ru,token,750,2,0.72,0.723
ru,pos,750,1,0.936,0.935
ru,pos,750,1,0.916,0.916
ru,token,750,2,0.692,0.692
ru,pos,750,1,0.912,0.91
ru,pos,750,2,0.964,0.964
ru,syl,750,1,0.932,0.929
ru,pos,750,2,0.956,0.955
ru,syl,750,1,0.956,0.956
ru,pos,750,2,0.988,0.988
ru,pos,750,2,0.944,0.944
ru,syl,750,1,0.924,0.925
ru,syl,750,1,0.896,0.894
ru,pos,750,2,0.932,0.93
ru,syl,750,2,1,1
ru,syl,750,1,0.972,0.972
ru,pos_syl,750,1,1,1
ru,syl,750,2,1,1
ru,pos_syl,750,1,0.996,0.996
ru,syl,750,2,1,1
ru,syl,750,2,1,1
ru,syl,750,2,1,1
ru,pos_syl,750,1,0.996,0.996
ru,pos_syl,750,1,1,1
ru,pos_syl,750,1,1,1
ru,pos_syl,750,2,1,1
ru,pos_syl,750,2,1,1
ru,token,1000,1,0.94,0.94
ru,pos_syl,750,2,1,1
ru,pos_syl,750,2,1,1
ru,pos_syl,750,2,1,1
ru,token,1000,1,0.948,0.947
ru,token,1000,1,0.964,0.964
ru,token,1000,1,0.964,0.963
ru,token,1000,1,0.948,0.946
ru,token,1000,2,0.812,0.81
ru,pos,1000,1,0.98,0.98
ru,token,1000,2,0.784,0.779
ru,pos,1000,1,0.964,0.964
ru,token,1000,2,0.808,0.807
ru,token,1000,2,0.824,0.823
ru,pos,1000,1,0.956,0.956
ru,pos,1000,1,0.856,0.854
ru,token,1000,2,0.808,0.809
ru,pos,1000,1,0.9,0.9
ru,pos,1000,2,0.996,0.996
ru,syl,1000,1,0.872,0.871
ru,pos,1000,2,0.988,0.988
ru,syl,1000,1,0.932,0.931
ru,pos,1000,2,0.98,0.98
ru,syl,1000,1,0.944,0.944
ru,pos,1000,2,0.972,0.972
ru,pos,1000,2,0.992,0.992
ru,syl,1000,1,0.936,0.936
ru,syl,1000,1,0.936,0.936
ru,syl,1000,2,1,1
ru,pos_syl,1000,1,0.988,0.988
ru,syl,1000,2,1,1
ru,pos_syl,1000,1,1,1
ru,syl,1000,2,1,1
ru,syl,1000,2,1,1
ru,pos_syl,1000,1,1,1
ru,syl,1000,2,1,1
ru,pos_syl,1000,1,1,1
ru,pos_syl,1000,1,1,1
ru,pos_syl,1000,2,1,1
ru,token,25,1,0.28,0.283
ru,pos_syl,1000,2,1,1
ru,token,25,2,0.256,0.243
ru,pos_syl,1000,2,1,1
ru,pos_syl,1000,2,1,1
ru,pos,25,1,0.196,0.192
ru,token,25,1,0.388,0.386
ru,pos_syl,1000,2,1,1
ru,pos,25,2,0.328,0.314
ru,syl,25,1,0.272,0.259
ru,token,25,2,0.284,0.278
ru,pos,25,1,0.288,0.289
ru,syl,25,2,0.416,0.413
ru,token,25,1,0.32,0.321
ru,token,25,1,0.36,0.354
ru,token,25,1,0.228,0.219
ru,pos_syl,25,1,0.38,0.378
ru,pos,25,2,0.272,0.273
ru,syl,25,1,0.48,0.483
ru,token,25,2,0.292,0.215
ru,token,25,2,0.36,0.334
ru,token,25,2,0.2,0.191
ru,pos,25,1,0.288,0.282
ru,syl,25,2,0.696,0.692
ru,pos,25,1,0.312,0.308
ru,pos,25,1,0.252,0.249
ru,pos_syl,25,1,0.296,0.295
ru,pos,25,2,0.336,0.328
ru,pos,25,2,0.248,0.25
ru,pos,25,2,0.396,0.392
ru,syl,25,1,0.284,0.286
ru,syl,25,1,0.304,0.289
ru,syl,25,1,0.256,0.246
ru,syl,25,2,0.524,0.521
ru,syl,25,2,0.46,0.463
ru,syl,25,2,0.488,0.488
ru,pos_syl,25,1,0.312,0.317
ru,pos_syl,25,1,0.256,0.26
ru,pos_syl,25,1,0.404,0.404
ru,pos_syl,25,2,0.472,0.465
ru,token,50,1,0.38,0.354
ru,pos_syl,25,2,0.496,0.49
ru,token,50,2,0.224,0.208
ru,token,50,1,0.444,0.443
ru,pos_syl,25,2,0.576,0.582
ru,pos,50,1,0.296,0.3
ru,pos_syl,25,2,0.484,0.461
ru,pos_syl,25,2,0.632,0.626
ru,pos,50,2,0.336,0.339
ru,token,50,1,0.46,0.453
ru,syl,50,1,0.372,0.365
ru,token,50,1,0.432,0.429
ru,token,50,2,0.364,0.365
ru,token,50,1,0.436,0.433
ru,pos,50,1,0.308,0.299
ru,syl,50,2,0.648,0.642
ru,pos_syl,50,1,0.54,0.546
ru,token,50,2,0.212,0.206
ru,pos,50,2,0.452,0.455
ru,token,50,2,0.288,0.283
ru,pos,50,1,0.408,0.407
ru,syl,50,1,0.532,0.507
ru,pos,50,1,0.42,0.424
ru,token,50,2,0.344,0.336
ru,pos,50,1,0.36,0.348
ru,syl,50,2,0.776,0.773
ru,pos_syl,50,2,0.748,0.751
ru,pos,50,2,0.396,0.401
ru,pos_syl,50,1,0.604,0.599
ru,syl,50,1,0.516,0.51
ru,pos,50,2,0.552,0.55
ru,pos,50,2,0.444,0.449
ru,syl,50,1,0.42,0.406
ru,syl,50,1,0.448,0.453
ru,syl,50,2,0.608,0.593
ru,token,100,1,0.544,0.543
ru,syl,50,2,0.672,0.668
ru,syl,50,2,0.524,0.526
ru,pos_syl,50,1,0.616,0.617
ru,pos_syl,50,2,0.712,0.717
ru,pos_syl,50,1,0.508,0.508
ru,pos_syl,50,1,0.532,0.514
ru,token,100,1,0.484,0.496
ru,pos_syl,50,2,0.644,0.639
ru,token,100,2,0.336,0.336
ru,pos,100,1,0.424,0.403
ru,pos_syl,50,2,0.64,0.642
ru,pos_syl,50,2,0.736,0.737
ru,token,100,1,0.476,0.475
ru,pos,100,2,0.608,0.607
ru,token,100,1,0.468,0.47
ru,token,100,2,0.34,0.336
ru,token,100,1,0.56,0.556
ru,syl,100,1,0.576,0.571
ru,pos,100,1,0.424,0.419
ru,syl,100,2,0.808,0.807
ru,pos_syl,100,1,0.636,0.636
ru,token,100,2,0.42,0.417
ru,pos,100,2,0.524,0.518
ru,pos,100,1,0.552,0.546
ru,token,100,2,0.288,0.297
ru,syl,100,1,0.676,0.672
ru,token,100,2,0.348,0.333
ru,pos,100,1,0.472,0.47
ru,pos,100,1,0.568,0.558
ru,syl,100,2,0.804,0.807
ru,pos_syl,100,2,0.872,0.871
ru,pos,100,2,0.46,0.456
ru,pos_syl,100,1,0.76,0.761
ru,syl,100,1,0.604,0.608
ru,pos,100,2,0.64,0.642
ru,pos,100,2,0.488,0.487
ru,syl,100,1,0.46,0.448
ru,syl,100,1,0.588,0.584
ru,syl,100,2,0.796,0.795
ru,token,200,1,0.608,0.609
ru,syl,100,2,0.824,0.818
ru,syl,100,2,0.792,0.792
ru,pos_syl,100,1,0.708,0.704
ru,pos_syl,100,2,0.792,0.782
ru,pos_syl,100,1,0.692,0.688
ru,pos_syl,100,1,0.696,0.689
ru,token,200,1,0.624,0.627
ru,pos_syl,100,2,0.84,0.831
ru,pos_syl,100,2,0.844,0.845
ru,pos_syl,100,2,0.792,0.789
ru,token,200,2,0.476,0.473
ru,pos,200,1,0.46,0.453
ru,token,200,1,0.708,0.7
ru,token,200,1,0.648,0.642
ru,token,200,1,0.696,0.693
ru,token,200,2,0.364,0.364
ru,pos,200,1,0.612,0.596
ru,pos,200,2,0.672,0.676
ru,syl,200,1,0.7,0.677
ru,token,200,2,0.392,0.38
ru,syl,200,2,0.912,0.906
ru,pos,200,1,0.708,0.704
ru,token,200,2,0.368,0.365
ru,pos,200,2,0.684,0.681
ru,token,200,2,0.336,0.334
ru,pos_syl,200,1,0.948,0.948
ru,pos,200,1,0.6,0.592
ru,syl,200,1,0.584,0.554
ru,pos,200,1,0.64,0.643
ru,syl,200,2,0.952,0.951
ru,pos,200,2,0.684,0.68
ru,syl,200,1,0.764,0.764
ru,pos_syl,200,1,0.8,0.778
ru,pos,200,2,0.664,0.665
ru,pos,200,2,0.74,0.737
ru,pos_syl,200,2,0.944,0.944
ru,syl,200,1,0.7,0.701
ru,syl,200,1,0.664,0.662
ru,syl,200,2,0.964,0.964
ru,syl,200,2,0.924,0.925
ru,syl,200,2,0.904,0.903
ru,pos_syl,200,1,0.912,0.912
ru,token,300,1,0.792,0.787
ru,pos_syl,200,1,0.88,0.877
ru,pos_syl,200,2,0.928,0.928
ru,pos_syl,200,1,0.876,0.872
ru,token,300,1,0.776,0.775
ru,pos_syl,200,2,0.932,0.931
ru,pos_syl,200,2,0.936,0.936
ru,pos_syl,200,2,0.956,0.956
ru,token,300,2,0.564,0.562
ru,token,300,1,0.788,0.788
ru,pos,300,1,0.58,0.577
ru,token,300,1,0.796,0.793
ru,token,300,1,0.728,0.722
ru,token,300,2,0.444,0.422
ru,pos,300,1,0.552,0.545
ru,pos,300,2,0.768,0.761
ru,syl,300,1,0.832,0.83
ru,token,300,2,0.58,0.582
ru,pos,300,1,0.672,0.67
ru,token,300,2,0.58,0.581
ru,token,300,2,0.42,0.402
ru,syl,300,2,0.996,0.996
ru,pos,300,1,0.64,0.633
ru,pos,300,2,0.788,0.785
ru,pos,300,1,0.712,0.705
ru,syl,300,1,0.84,0.841
ru,pos_syl,300,1,0.96,0.96
ru,syl,300,2,0.96,0.959
ru,pos,300,2,0.932,0.931
ru,syl,300,1,0.816,0.805
ru,pos,300,2,0.728,0.726
ru,pos_syl,300,1,0.956,0.956
ru,pos,300,2,0.68,0.682
ru,syl,300,1,0.728,0.71
ru,syl,300,1,0.796,0.795
ru,pos_syl,300,2,0.988,0.988
ru,syl,300,2,0.992,0.992
ru,syl,300,2,0.96,0.96
ru,syl,300,2,0.928,0.928
ru,pos_syl,300,1,0.96,0.96
ru,pos_syl,300,1,0.932,0.931
ru,pos_syl,300,1,0.964,0.963
ru,pos_syl,300,2,0.996,0.996
ru,token,500,1,0.92,0.92
ru,pos_syl,300,2,0.992,0.992
ru,token,500,1,0.808,0.801
ru,pos_syl,300,2,0.984,0.984
ru,pos_syl,300,2,0.972,0.972
ru,token,500,1,0.828,0.821
ru,token,500,1,0.836,0.833
ru,token,500,1,0.888,0.887
ru,token,500,2,0.716,0.713
ru,pos,500,1,0.916,0.915
ru,token,500,2,0.716,0.714
ru,pos,500,1,0.836,0.834
ru,pos,500,2,0.976,0.976
ru,token,500,2,0.692,0.687
ru,syl,500,1,0.848,0.846
ru,pos,500,1,0.812,0.811
ru,token,500,2,0.828,0.827
ru,token,500,2,0.676,0.672
ru,pos,500,1,0.804,0.798
ru,pos,500,1,0.76,0.757
ru,pos,500,2,0.944,0.943
ru,syl,500,1,0.836,0.837
ru,syl,500,2,1,1
ru,pos_syl,500,1,0.968,0.967
ru,pos,500,2,0.96,0.96
ru,syl,500,1,0.864,0.858
ru,syl,500,2,1,1
ru,pos,500,2,0.904,0.901
ru,pos,500,2,0.908,0.907
ru,syl,500,1,0.896,0.896
ru,syl,500,1,0.812,0.813
ru,pos_syl,500,1,0.992,0.992
ru,syl,500,2,1,1
ru,pos_syl,500,2,1,1
ru,syl,500,2,0.992,0.992
ru,pos_syl,500,1,0.992,0.992
ru,syl,500,2,1,1
ru,pos_syl,500,1,0.976,0.976
ru,pos_syl,500,1,0.98,0.98
ru,pos_syl,500,2,1,1
ru,token,750,1,0.952,0.951
ru,pos_syl,500,2,1,1
ru,token,750,1,0.936,0.935
ru,pos_syl,500,2,0.996,0.996
ru,pos_syl,500,2,1,1
ru,token,750,1,0.956,0.956
ru,token,750,1,0.976,0.976
ru,token,750,1,0.94,0.939
ru,token,750,2,0.808,0.81
ru,pos,750,1,0.972,0.972
ru,token,750,2,0.816,0.816
ru,pos,750,1,0.872,0.872
ru,token,750,2,0.792,0.79
ru,token,750,2,0.772,0.766
ru,pos,750,1,0.86,0.859
ru,pos,750,1,0.868,0.87
ru,token,750,2,0.752,0.751
ru,pos,750,2,0.992,0.992
ru,pos,750,1,0.932,0.932
ru,syl,750,1,0.932,0.93
ru,pos,750,2,0.96,0.96
ru,syl,750,1,0.876,0.879
ru,pos,750,2,0.968,0.968
ru,syl,750,1,0.936,0.933
ru,syl,750,2,0.996,0.996
ru,pos,750,2,0.976,0.976
ru,syl,750,1,0.928,0.928
ru,pos,750,2,1,1
ru,pos_syl,750,1,1,1
ru,syl,750,1,0.908,0.909
ru,syl,750,2,1,1
ru,pos_syl,750,1,0.984,0.984
ru,syl,750,2,1,1
ru,syl,750,2,1,1
ru,pos_syl,750,1,1,1
ru,syl,750,2,0.996,0.996
ru,pos_syl,750,1,0.996,0.996
ru,pos_syl,750,1,1,1
ru,pos_syl,750,2,1,1
ru,pos_syl,750,2,1,1
ru,token,1000,1,0.948,0.948
ru,pos_syl,750,2,1,1
ru,pos_syl,750,2,1,1
ru,token,1000,1,0.96,0.96
ru,pos_syl,750,2,1,1
ru,token,1000,1,0.964,0.964
ru,token,1000,1,0.956,0.956
ru,token,1000,1,0.996,0.996
ru,token,1000,2,0.74,0.739
ru,pos,1000,1,0.916,0.916
ru,token,1000,2,0.904,0.904
ru,pos,1000,1,0.932,0.929
ru,token,1000,2,0.776,0.774
ru,pos,1000,1,0.924,0.924
ru,token,1000,2,0.88,0.88
ru,token,1000,2,0.868,0.869
ru,pos,1000,1,0.928,0.929
ru,pos,1000,1,0.964,0.964
ru,pos,1000,2,0.996,0.996
ru,syl,1000,1,0.952,0.952
ru,pos,1000,2,1,1
ru,syl,1000,1,0.932,0.931
ru,pos,1000,2,0.984,0.984
ru,syl,1000,1,0.904,0.905
ru,pos,1000,2,1,1
ru,pos,1000,2,0.98,0.98
ru,syl,1000,1,0.972,0.972
ru,syl,1000,1,0.94,0.939
ru,syl,1000,2,1,1
ru,pos_syl,1000,1,0.996,0.996
ru,syl,1000,2,1,1
ru,syl,1000,2,1,1
ru,pos_syl,1000,1,0.98,0.98
ru,pos_syl,1000,1,0.996,0.996
ru,syl,1000,2,1,1
ru,syl,1000,2,1,1
ru,pos_syl,1000,1,1,1
ru,pos_syl,1000,1,1,1
ru,pos_syl,1000,2,1,1
ru,pos_syl,1000,2,1,1
ru,token,25,1,0.336,0.337
ru,pos_syl,1000,2,1,1
ru,token,25,2,0.284,0.284
ru,pos_syl,1000,2,1,1
ru,token,25,1,0.244,0.239
ru,pos,25,1,0.212,0.204
ru,pos_syl,1000,2,1,1
ru,token,25,1,0.24,0.248
ru,token,25,2,0.292,NaN
ru,pos,25,2,0.384,0.395
ru,pos,25,1,0.332,0.329
ru,syl,25,1,0.356,0.341
ru,token,25,2,0.364,0.364
ru,syl,25,2,0.552,0.551
ru,pos,25,1,0.296,0.294
ru,pos,25,2,0.356,0.369
ru,pos_syl,25,1,0.36,0.361
ru,syl,25,1,0.324,0.302
ru,syl,25,2,0.58,0.576
ru,pos,25,2,0.228,0.222
ru,syl,25,1,0.404,0.39
ru,pos_syl,25,1,0.448,0.449
ru,syl,25,2,0.568,0.555
ru,pos_syl,25,1,0.38,0.373
ru,token,25,1,0.4,0.398
ru,token,25,1,0.316,0.309
ru,pos_syl,25,2,0.548,0.552
ru,token,25,2,0.248,0.239
ru,token,25,2,0.252,0.239
ru,pos,25,1,0.156,0.165
ru,pos,25,1,0.332,0.326
ru,token,50,1,0.388,0.393
ru,pos_syl,25,2,0.456,0.46
ru,pos,25,2,0.416,0.411
ru,pos,25,2,0.492,0.502
ru,syl,25,1,0.26,0.26
ru,pos_syl,25,2,0.46,0.462
ru,syl,25,1,0.464,0.453
ru,syl,25,2,0.408,0.404
ru,syl,25,2,0.544,0.544
ru,token,50,1,0.396,0.39
ru,pos_syl,25,1,0.428,0.428
ru,token,50,2,0.368,0.353
ru,pos_syl,25,1,0.392,0.39
ru,token,50,1,0.38,0.391
ru,pos,50,1,0.368,0.313
ru,token,50,2,0.28,0.221
ru,pos,50,2,0.348,0.344
ru,pos,50,1,0.368,0.364
ru,syl,50,1,0.284,0.277
ru,token,50,2,0.32,0.316
ru,pos,50,1,0.312,0.314
ru,syl,50,2,0.652,0.652
ru,pos,50,2,0.4,0.401
ru,pos_syl,50,1,0.456,0.461
ru,syl,50,1,0.456,0.446
ru,pos,50,2,0.484,0.486
ru,syl,50,2,0.64,0.637
ru,syl,50,1,0.376,0.359
ru,pos_syl,50,1,0.596,0.596
ru,syl,50,2,0.688,0.686
ru,pos_syl,50,2,0.656,0.656
ru,pos_syl,25,2,0.58,0.58
ru,pos_syl,25,2,0.488,0.496
ru,pos_syl,50,1,0.528,0.519
ru,token,50,1,0.276,0.276
ru,pos_syl,50,2,0.684,0.682
ru,token,100,1,0.52,0.52
ru,token,50,1,0.376,0.368
ru,pos_syl,50,2,0.792,0.791
ru,token,100,1,0.508,0.516
ru,token,50,2,0.288,0.295
ru,token,50,2,0.248,0.251
ru,token,100,2,0.28,0.275
ru,pos,50,1,0.28,0.276
ru,token,100,1,0.54,0.537
ru,pos,50,1,0.4,0.403
ru,pos,100,1,0.66,0.645
ru,pos,50,2,0.476,0.482
ru,token,100,2,0.28,0.285
ru,pos,50,2,0.416,0.42
ru,syl,50,1,0.372,0.369
ru,pos,100,1,0.508,0.507
ru,syl,50,1,0.4,0.382
ru,pos,100,2,0.568,0.577
ru,syl,100,1,0.684,0.677
ru,token,100,2,0.288,0.275
ru,syl,50,2,0.68,0.671
ru,syl,50,2,0.644,0.644
ru,pos,100,1,0.424,0.422
ru,pos_syl,50,1,0.392,0.387
ru,syl,100,2,0.8,0.795
ru,pos_syl,50,1,0.636,0.637
ru,pos,100,2,0.512,0.518
ru,pos_syl,100,1,0.752,0.749
ru,syl,100,1,0.484,0.47
ru,pos,100,2,0.552,0.541
ru,syl,100,1,0.56,0.562
ru,syl,100,2,0.808,0.8
ru,pos_syl,50,2,0.612,0.603
ru,pos_syl,50,2,0.656,0.656
ru,syl,100,2,0.892,0.887
ru,pos_syl,100,1,0.768,0.768
ru,pos_syl,100,2,0.76,0.745
ru,pos_syl,100,1,0.64,0.634
ru,token,100,1,0.64,0.636
ru,token,100,1,0.412,0.411
ru,token,200,1,0.588,0.601
ru,pos_syl,100,2,0.792,0.79
ru,pos_syl,100,2,0.812,0.813
ru,token,100,2,0.368,0.365
ru,token,100,2,0.48,0.479
ru,token,200,1,0.764,0.759
ru,pos,100,1,0.36,0.348
ru,pos,100,1,0.456,0.445
ru,token,200,1,0.736,0.741
ru,token,200,2,0.404,0.406
ru,pos,100,2,0.556,0.556
ru,pos,200,1,0.524,0.505
ru,pos,100,2,0.56,0.554
ru,syl,100,1,0.416,0.404
ru,syl,100,1,0.432,0.416
ru,syl,100,2,0.784,0.788
ru,token,200,2,0.504,0.498
ru,syl,100,2,0.68,0.666
ru,pos,200,1,0.588,0.584
ru,pos_syl,100,1,0.72,0.714
ru,token,200,2,0.4,0.409
ru,pos,200,2,0.744,0.741
ru,pos_syl,100,1,0.66,0.654
ru,syl,200,1,0.684,0.639
ru,pos,200,1,0.572,0.569
ru,syl,200,2,0.96,0.96
ru,pos,200,2,0.772,0.772
ru,pos_syl,100,2,0.948,0.947
ru,syl,200,1,0.6,0.583
ru,pos_syl,100,2,0.764,0.75
ru,pos_syl,200,1,0.884,0.882
ru,pos,200,2,0.804,0.805
ru,syl,200,1,0.712,0.71
ru,syl,200,2,0.968,0.967
ru,token,200,1,0.58,0.573
ru,token,200,1,0.8,0.803
ru,syl,200,2,0.912,0.911
ru,pos_syl,200,1,0.88,0.879
ru,pos_syl,200,1,0.904,0.901
ru,pos_syl,200,2,0.96,0.96
ru,pos_syl,200,2,0.976,0.976
ru,token,300,1,0.74,0.73
ru,token,200,2,0.568,0.567
ru,token,200,2,0.304,0.297
ru,pos_syl,200,2,0.996,0.996
ru,pos,200,1,0.468,0.472
ru,pos,200,1,0.512,0.514
ru,token,300,1,0.736,0.732
ru,token,300,1,0.776,0.774
ru,pos,200,2,0.696,0.702
ru,syl,200,1,0.752,0.745
ru,pos,200,2,0.688,0.691
ru,syl,200,1,0.78,0.761
ru,token,300,2,0.536,0.537
ru,pos,300,1,0.548,0.547
ru,syl,200,2,0.92,0.919
ru,syl,200,2,0.904,0.905
ru,pos_syl,200,1,0.896,0.896
ru,pos_syl,200,1,0.888,0.885
ru,token,300,2,0.536,0.534
ru,pos,300,1,0.592,0.582
ru,token,300,2,0.516,0.508
ru,pos,300,1,0.752,0.749
ru,pos,300,2,0.796,0.796
ru,syl,300,1,0.788,0.78
ru,pos_syl,200,2,0.956,0.956
ru,pos_syl,200,2,0.948,0.948
ru,pos,300,2,0.76,0.763
ru,syl,300,1,0.856,0.847
ru,syl,300,2,0.984,0.984
ru,pos,300,2,0.812,0.814
ru,token,300,1,0.708,0.695
ru,syl,300,1,0.712,0.708
ru,pos_syl,300,1,0.988,0.988
ru,token,300,1,0.68,0.68
ru,syl,300,2,0.96,0.96
ru,pos_syl,300,1,0.952,0.952
ru,syl,300,2,0.988,0.988
ru,pos_syl,300,1,0.952,0.952
ru,pos_syl,300,2,0.976,0.976
ru,token,300,2,0.612,0.597
ru,pos,300,1,0.688,0.686
ru,token,300,2,0.496,0.481
ru,pos,300,1,0.632,0.631
ru,pos_syl,300,2,0.952,0.951
ru,token,500,1,0.892,0.891
ru,pos_syl,300,2,0.972,0.971
ru,pos,300,2,0.804,0.803
ru,syl,300,1,0.76,0.757
ru,token,500,1,0.82,0.819
ru,pos,300,2,0.86,0.86
ru,syl,300,1,0.704,0.701
ru,token,500,1,0.904,0.903
ru,syl,300,2,0.972,0.972
ru,pos_syl,300,1,0.928,0.927
ru,syl,300,2,0.976,0.976
ru,pos_syl,300,1,0.976,0.976
ru,token,500,2,0.56,0.559
ru,pos,500,1,0.736,0.734
ru,pos_syl,300,2,1,1
ru,token,500,2,0.608,0.61
ru,pos,500,1,0.828,0.827
ru,token,500,2,0.724,0.724
ru,pos_syl,300,2,0.952,0.952
ru,pos,500,1,0.828,0.827
ru,token,500,1,0.8,0.8
ru,pos,500,2,0.908,0.908
ru,syl,500,1,0.792,0.791
ru,token,500,1,0.872,0.871
ru,pos,500,2,0.952,0.952
ru,syl,500,1,0.884,0.884
ru,pos,500,2,0.976,0.976
ru,syl,500,1,0.872,0.869
ru,syl,500,2,1,1
ru,pos_syl,500,1,0.988,0.988
ru,syl,500,2,0.98,0.98
ru,token,500,2,0.764,0.761
ru,syl,500,2,1,1
ru,pos_syl,500,1,0.992,0.992
ru,pos,500,1,0.824,0.825
ru,token,500,2,0.724,0.721
ru,pos_syl,500,1,0.992,0.992
ru,pos,500,1,0.804,0.804
ru,pos_syl,500,2,1,1
ru,pos,500,2,0.876,0.876
ru,pos_syl,500,2,0.992,0.992
ru,syl,500,1,0.856,0.855
ru,pos_syl,500,2,0.996,0.996
ru,pos,500,2,0.912,0.91
ru,token,750,1,0.912,0.909
ru,syl,500,1,0.832,0.833
ru,token,750,1,0.968,0.968
ru,syl,500,2,0.992,0.992
ru,token,750,1,0.964,0.963
ru,pos_syl,500,1,0.948,0.947
ru,syl,500,2,1,1
ru,pos_syl,500,1,0.996,0.996
ru,pos_syl,500,2,0.996,0.996
ru,token,750,2,0.872,0.873
ru,pos_syl,500,2,1,1
ru,pos,750,1,0.888,0.888
ru,token,750,2,0.864,0.865
ru,pos,750,1,0.924,0.924
ru,token,750,1,0.956,0.955
ru,token,750,2,0.808,0.806
ru,pos,750,1,0.908,0.907
ru,token,750,1,0.884,0.885
ru,pos,750,2,0.964,0.964
ru,syl,750,1,0.928,0.928
ru,pos,750,2,0.98,0.98
ru,syl,750,1,0.948,0.947
ru,pos,750,2,0.972,0.972
ru,syl,750,1,0.916,0.914
ru,token,750,2,0.708,0.706
ru,syl,750,2,1,1
ru,pos,750,1,0.932,0.931
ru,token,750,2,0.784,0.782
ru,pos_syl,750,1,1,1
ru,pos,750,1,0.892,0.891
ru,syl,750,2,0.992,0.992
ru,syl,750,2,1,1
ru,pos_syl,750,1,1,1
ru,pos_syl,750,1,1,1
ru,pos,750,2,0.976,0.976
ru,syl,750,1,0.92,0.918
ru,pos_syl,750,2,1,1
ru,pos,750,2,0.98,0.98
ru,syl,750,1,0.904,0.902
ru,pos_syl,750,2,0.988,0.988
ru,pos_syl,750,2,1,1
ru,token,1000,1,0.96,0.96
ru,syl,750,2,1,1
ru,pos_syl,750,1,1,1
ru,syl,750,2,1,1
ru,token,1000,1,0.98,0.98
ru,pos_syl,750,1,1,1
ru,token,1000,1,0.948,0.946
ru,pos_syl,750,2,1,1
ru,pos_syl,750,2,1,1
ru,token,1000,2,0.872,0.871
ru,pos,1000,1,0.968,0.968
ru,token,1000,1,0.96,0.96
ru,token,1000,1,0.976,0.976
ru,token,1000,2,0.912,0.911
ru,pos,1000,1,0.956,0.956
ru,token,1000,2,0.86,0.858
ru,pos,1000,1,0.972,0.972
ru,pos,1000,2,0.968,0.968
ru,syl,1000,1,0.956,0.956
ru,pos,1000,2,1,1
ru,syl,1000,1,0.936,0.936
ru,token,1000,2,0.892,0.891
ru,pos,1000,2,0.996,0.996
ru,pos,1000,1,0.932,0.932
ru,token,1000,2,0.816,0.816
ru,syl,1000,1,0.932,0.932
ru,syl,1000,2,1,1
ru,pos,1000,1,0.936,0.935
ru,pos_syl,1000,1,1,1
ru,syl,1000,2,1,1
ru,syl,1000,2,1,1
ru,pos_syl,1000,1,1,1
ru,pos_syl,1000,1,1,1
ru,pos,1000,2,0.968,0.967
ru,syl,1000,1,0.96,0.96
ru,pos,1000,2,0.984,0.984
ru,syl,1000,1,0.9,0.898
ru,pos_syl,1000,2,1,1
ru,token,25,1,0.42,0.414
ru,syl,1000,2,1,1
ru,token,25,2,0.324,0.325
ru,pos,25,1,0.392,0.387
ru,pos_syl,1000,2,1,1
ru,syl,1000,2,1,1
ru,pos_syl,1000,2,1,1
ru,pos_syl,1000,1,1,1
ru,pos_syl,1000,1,1,1
ru,pos,25,2,0.388,0.39
ru,syl,25,1,0.328,0.322
ru,syl,25,2,0.46,0.454
ru,pos_syl,25,1,0.468,0.444
ru,token,25,1,0.22,0.221
ru,token,25,1,0.368,0.371
ru,token,25,2,0.316,0.299
ru,token,25,2,0.252,0.207
ru,pos,25,1,0.268,0.26
ru,pos,25,1,0.32,0.314
ru,pos_syl,1000,2,1,1
ru,pos_syl,1000,2,1,1
ru,pos,25,2,0.456,0.458
ru,pos,25,2,0.476,0.477
ru,syl,25,1,0.3,0.301
ru,syl,25,1,0.332,0.325
ru,syl,25,2,0.52,0.52
ru,syl,25,2,0.512,0.512
ru,token,25,1,0.308,0.313
ru,pos_syl,25,1,0.572,0.572
ru,pos_syl,25,1,0.432,0.429
ru,pos_syl,25,2,0.548,0.551
ru,token,25,2,0.24,0.246
ru,pos,25,1,0.172,NaN
ru,token,50,1,0.452,0.451
ru,pos,25,2,0.328,0.335
ru,syl,25,1,0.356,0.356
ru,syl,25,2,0.584,0.58
ru,token,50,2,0.264,0.256
ru,pos_syl,25,1,0.244,0.231
ru,pos,50,1,0.324,0.32
ru,token,25,1,0.308,0.312
ru,pos_syl,25,2,0.608,0.601
ru,pos_syl,25,2,0.524,0.519
ru,token,25,2,0.296,0.279
ru,pos,50,2,0.432,0.432
ru,syl,50,1,0.48,0.475
ru,pos,25,1,0.292,NaN
ru,token,50,1,0.36,0.36
ru,syl,50,2,0.508,0.514
ru,token,50,1,0.404,0.414
ru,pos,25,2,0.484,0.48
ru,pos_syl,50,1,0.564,0.562
ru,syl,25,1,0.4,0.4
ru,syl,25,2,0.46,0.462
ru,token,50,2,0.324,0.314
ru,pos_syl,25,1,0.392,0.389
ru,token,50,2,0.252,0.24
ru,pos,50,1,0.404,0.4
ru,pos_syl,50,2,0.6,0.611
ru,pos,50,1,0.312,0.306
ru,pos_syl,25,2,0.428,0.415
ru,pos,50,2,0.428,0.423
ru,pos,50,2,0.476,0.489
ru,syl,50,1,0.372,0.373
ru,token,100,1,0.428,0.43
ru,syl,50,1,0.324,0.305
ru,token,50,1,0.296,0.282
ru,syl,50,2,0.748,0.749
ru,syl,50,2,0.66,0.651
ru,pos_syl,50,1,0.508,0.501
ru,pos_syl,50,1,0.56,0.557
ru,token,100,2,0.176,0.178
ru,pos,100,1,0.316,0.311
ru,token,50,2,0.224,0.226
ru,pos_syl,50,2,0.58,0.582
ru,pos,50,1,0.336,0.331
ru,pos_syl,50,2,0.708,0.707
ru,pos_syl,25,2,0.484,0.48
ru,pos,100,2,0.628,0.63
ru,pos,50,2,0.492,0.493
ru,token,100,1,0.6,0.602
ru,syl,100,1,0.456,0.454
ru,syl,50,1,0.444,0.425
ru,token,100,1,0.54,0.538
ru,token,50,1,0.42,0.419
ru,syl,50,2,0.552,0.547
ru,syl,100,2,0.896,0.896
ru,pos_syl,50,1,0.392,0.384
ru,pos_syl,100,1,0.66,0.655
ru,token,100,2,0.416,0.402
ru,token,50,2,0.364,0.349
ru,token,100,2,0.376,0.366
ru,pos,100,1,0.452,0.438
ru,pos,50,1,0.268,0.267
ru,pos,100,1,0.408,0.408
ru,pos_syl,50,2,0.504,0.5
ru,pos_syl,100,2,0.872,0.872
ru,pos,50,2,0.364,0.372
ru,pos,100,2,0.576,0.577
ru,syl,50,1,0.268,0.261
ru,pos,100,2,0.476,0.477
ru,syl,100,1,0.476,0.476
ru,token,100,1,0.416,0.415
ru,syl,100,1,0.48,0.473
ru,syl,50,2,0.676,0.677
ru,token,200,1,0.684,0.682
ru,syl,100,2,0.688,0.678
ru,syl,100,2,0.752,0.744
ru,pos_syl,50,1,0.468,0.465
ru,pos_syl,100,1,0.632,0.633
ru,pos_syl,100,1,0.628,0.623
ru,token,100,2,0.412,0.4
ru,pos,100,1,0.364,0.361
ru,pos_syl,50,2,0.56,0.558
ru,pos_syl,100,2,0.856,0.854
ru,token,200,2,0.42,0.411
ru,pos_syl,100,2,0.844,0.844
ru,pos,200,1,0.564,0.559
ru,pos,100,2,0.564,0.564
ru,token,100,1,0.396,0.411
ru,syl,100,1,0.528,0.517
ru,token,200,1,0.732,0.721
ru,token,200,1,0.744,0.744
ru,syl,100,2,0.812,0.808
ru,pos,200,2,0.72,0.717
ru,pos_syl,100,1,0.708,0.706
ru,syl,200,1,0.628,0.626
ru,token,100,2,0.268,0.269
ru,pos,100,1,0.304,0.311
ru,syl,200,2,0.972,0.972
ru,token,200,2,0.448,0.447
ru,pos_syl,100,2,0.848,0.849
ru,token,200,2,0.436,0.426
ru,pos,200,1,0.616,0.615
ru,pos_syl,200,1,0.896,0.893
ru,pos,200,1,0.568,0.568
ru,pos,100,2,0.544,0.542
ru,syl,100,1,0.484,0.482
ru,token,200,1,0.628,0.631
ru,syl,100,2,0.872,0.872
ru,pos,200,2,0.632,0.635
ru,pos_syl,200,2,0.924,0.924
ru,pos,200,2,0.764,0.759
ru,pos_syl,100,1,0.58,0.574
ru,syl,200,1,0.78,0.78
ru,syl,200,1,0.752,0.741
ru,syl,200,2,0.924,0.923
ru,syl,200,2,0.936,0.935
ru,token,300,1,0.744,0.744
ru,pos_syl,200,1,0.904,0.899
ru,pos_syl,100,2,0.808,0.808
ru,token,200,2,0.388,0.381
ru,pos_syl,200,1,0.788,0.784
ru,pos,200,1,0.484,0.471
ru,token,200,1,0.756,0.752
ru,pos_syl,200,2,0.972,0.972
ru,pos,200,2,0.668,0.668
ru,pos_syl,200,2,0.968,0.968
ru,syl,200,1,0.744,0.74
ru,token,300,2,0.532,0.532
ru,pos,300,1,0.74,0.73
ru,syl,200,2,0.972,0.972
ru,token,300,1,0.716,0.716
ru,token,300,1,0.72,0.719
ru,token,200,2,0.48,0.472
ru,pos_syl,200,1,0.9,0.899
ru,pos,200,1,0.54,0.522
ru,pos,300,2,0.796,0.785
ru,syl,300,1,0.772,0.764
ru,pos_syl,200,2,0.948,0.948
ru,pos,200,2,0.66,0.661
ru,syl,200,1,0.712,0.711
ru,token,300,2,0.496,0.478
ru,syl,300,2,0.976,0.976
ru,pos,300,1,0.74,0.735
ru,token,300,2,0.4,0.385
ru,pos,300,1,0.76,0.757
ru,syl,200,2,0.94,0.94
ru,pos_syl,300,1,0.908,0.905
ru,token,300,1,0.78,0.768
ru,pos_syl,200,1,0.892,0.886
ru,pos,300,2,0.844,0.841
ru,syl,300,1,0.76,0.76
ru,pos,300,2,0.872,0.872
ru,syl,300,1,0.78,0.778
ru,pos_syl,300,2,0.996,0.996
ru,pos_syl,200,2,0.98,0.98
ru,syl,300,2,0.996,0.996
ru,token,300,2,0.476,0.47
ru,syl,300,2,1,1
ru,pos,300,1,0.684,0.678
ru,pos_syl,300,1,0.908,0.907
ru,token,300,1,0.796,0.794
ru,pos_syl,300,1,0.948,0.947
ru,token,500,1,0.8,0.796
ru,pos,300,2,0.844,0.837
ru,syl,300,1,0.804,0.805
ru,pos_syl,300,2,0.996,0.996
ru,pos_syl,300,2,0.992,0.992
ru,token,300,2,0.424,0.386
ru,syl,300,2,0.96,0.96
ru,pos,300,1,0.732,0.728
ru,token,500,1,0.848,0.845
ru,pos_syl,300,1,0.924,0.923
ru,token,500,1,0.84,0.838
ru,token,500,2,0.672,0.668
ru,pos,500,1,0.824,0.824
ru,pos,300,2,0.72,0.722
ru,syl,300,1,0.812,0.8
ru,pos_syl,300,2,0.976,0.976
ru,syl,300,2,0.992,0.992
ru,pos,500,2,0.924,0.923
ru,syl,500,1,0.84,0.843
ru,pos_syl,300,1,0.96,0.96
ru,token,500,2,0.688,0.686
ru,token,500,1,0.784,0.773
ru,pos,500,1,0.832,0.831
ru,token,500,2,0.788,0.786
ru,pos,500,1,0.748,0.74
ru,syl,500,2,1,1
ru,pos_syl,300,2,0.984,0.984
ru,pos_syl,500,1,1,1
ru,pos,500,2,0.92,0.919
ru,syl,500,1,0.892,0.889
ru,pos,500,2,0.9,0.901
ru,syl,500,1,0.84,0.839
ru,token,500,1,0.912,0.91
ru,token,500,2,0.724,0.728
ru,pos,500,1,0.76,0.753
ru,syl,500,2,1,1
ru,pos_syl,500,2,0.988,0.988
ru,syl,500,2,0.988,0.988
ru,pos_syl,500,1,0.976,0.976
ru,pos_syl,500,1,0.932,0.931
ru,pos,500,2,0.836,0.835
ru,token,750,1,0.912,0.909
ru,syl,500,1,0.832,0.833
ru,token,500,2,0.68,0.676
ru,pos,500,1,0.924,0.924
ru,pos_syl,500,2,1,1
ru,pos_syl,500,2,1,1
ru,syl,500,2,0.984,0.984
ru,pos_syl,500,1,0.984,0.984
ru,token,750,1,0.904,0.902
ru,pos,500,2,0.924,0.924
ru,syl,500,1,0.832,0.836
ru,token,750,1,0.94,0.939
ru,token,750,2,0.7,0.698
ru,pos_syl,500,2,1,1
ru,pos,750,1,0.936,0.936
ru,syl,500,2,1,1
ru,pos_syl,500,1,0.992,0.992
ru,token,750,1,0.94,0.939
ru,token,750,2,0.828,0.829
ru,pos,750,1,0.9,0.901
ru,pos,750,2,0.972,0.972
ru,pos_syl,500,2,1,1
ru,token,750,2,0.788,0.786
ru,syl,750,1,0.924,0.922
ru,pos,750,1,0.928,0.927
ru,token,750,1,0.972,0.972
ru,syl,750,2,1,1
ru,pos_syl,750,1,1,1
ru,pos,750,2,0.972,0.972
ru,token,750,2,0.8,0.801
ru,syl,750,1,0.932,0.928
ru,pos,750,2,0.972,0.972
ru,pos,750,1,0.892,0.892
ru,syl,750,1,0.928,0.924
ru,syl,750,2,0.996,0.996
ru,syl,750,2,1,1
ru,pos_syl,750,2,1,1
ru,token,750,2,0.748,0.749
ru,pos,750,2,0.952,0.952
ru,pos_syl,750,1,1,1
ru,pos,750,1,0.836,0.836
ru,syl,750,1,0.888,0.887
ru,pos_syl,750,1,0.984,0.984
ru,token,1000,1,0.936,0.935
ru,syl,750,2,1,1
ru,pos_syl,750,1,0.992,0.992
ru,pos_syl,750,2,1,1
ru,pos,750,2,0.992,0.992
ru,pos_syl,750,2,1,1
ru,syl,750,1,0.94,0.94
ru,token,1000,1,0.96,0.959
ru,token,1000,1,0.976,0.976
ru,syl,750,2,1,1
ru,pos_syl,750,2,1,1
ru,pos_syl,750,1,1,1
ru,token,1000,1,0.956,0.955
ru,token,1000,2,0.912,0.911
ru,pos,1000,1,0.92,0.92
ru,pos_syl,750,2,1,1
ru,token,1000,2,0.876,0.875
ru,token,1000,2,0.832,0.827
ru,pos,1000,1,0.884,0.885
ru,pos,1000,1,0.928,0.928
ru,pos,1000,2,0.996,0.996
ru,token,1000,1,0.932,0.93
ru,syl,1000,1,0.94,0.94
ru,token,1000,2,0.856,0.855
ru,pos,1000,1,0.9,0.9
ru,syl,1000,2,1,1
ru,pos,1000,2,0.996,0.996
ru,syl,1000,1,0.956,0.956
ru,pos_syl,1000,1,0.984,0.984
ru,pos,1000,2,0.996,0.996
ru,syl,1000,1,0.932,0.932
ru,token,1000,2,0.828,0.826
ru,pos,1000,2,0.992,0.992
ru,pos,1000,1,0.908,0.906
ru,syl,1000,1,0.932,0.93
ru,syl,1000,2,1,1
ru,syl,1000,2,1,1
ru,pos_syl,1000,1,1,1
ru,pos_syl,1000,1,1,1
ru,pos_syl,1000,2,1,1
ru,token,25,1,0.316,0.324
ru,syl,1000,2,1,1
ru,token,25,2,0.216,0.176
ru,pos,25,1,0.22,0.226
ru,pos_syl,1000,1,1,1
ru,pos,1000,2,0.984,0.984
ru,syl,1000,1,0.972,0.972
ru,pos_syl,1000,2,1,1
ru,pos,25,2,0.452,0.462
ru,syl,25,1,0.328,0.317
ru,pos_syl,1000,2,1,1
ru,syl,25,2,0.372,0.374
ru,pos_syl,25,1,0.332,0.317
ru,token,25,1,0.364,0.351
ru,token,25,1,0.392,0.388
ru,syl,1000,2,1,1
ru,token,25,2,0.292,0.252
ru,token,25,2,0.272,0.273
ru,pos_syl,1000,2,1,1
ru,pos,25,1,0.428,0.42
ru,pos_syl,1000,1,1,1
ru,pos,25,1,0.296,0.292
ru,pos,25,2,0.38,0.39
ru,pos,25,2,0.376,0.372
ru,syl,25,1,0.304,0.297
ru,syl,25,1,0.388,0.379
ru,syl,25,2,0.512,0.5
ru,syl,25,2,0.484,0.483
ru,pos_syl,25,2,0.448,0.454
ru,pos_syl,25,1,0.516,0.517
ru,pos_syl,25,1,0.584,0.592
ru,token,50,1,0.364,0.371
ru,pos_syl,1000,2,1,1
ru,token,50,2,0.2,0.201
ru,token,25,1,0.384,0.384
ru,pos,50,1,0.36,0.364
ru,token,25,1,0.388,0.386
ru,token,25,2,0.324,0.307
ru,pos,50,2,0.364,0.366
ru,pos_syl,25,2,0.596,0.596
ru,pos,25,1,0.264,0.263
ru,pos_syl,25,2,0.544,0.552
ru,syl,50,1,0.248,0.238
ru,token,25,2,0.176,0.174
ru,syl,50,2,0.7,0.693
ru,pos,25,1,0.236,0.23
ru,pos,25,2,0.312,0.314
ru,token,50,1,0.348,0.343
ru,pos_syl,50,1,0.456,0.452
ru,token,50,1,0.352,0.348
ru,syl,25,1,0.304,0.302
ru,pos,25,2,0.448,0.455
ru,syl,25,2,0.444,0.444
ru,syl,25,1,0.292,0.278
ru,pos_syl,25,1,0.448,0.452
ru,syl,25,2,0.352,0.354
ru,pos_syl,50,2,0.508,0.52
ru,pos_syl,25,1,0.408,0.41
ru,token,50,2,0.244,0.24
ru,token,50,2,0.368,0.366
ru,pos,50,1,0.384,0.37
ru,pos,50,1,0.384,0.382
ru,token,100,1,0.616,0.608
ru,pos,50,2,0.356,0.355
ru,pos,50,2,0.464,0.468
ru,syl,50,1,0.432,0.428
ru,syl,50,1,0.276,0.26
ru,syl,50,2,0.676,0.675
ru,syl,50,2,0.616,0.616
ru,pos_syl,50,1,0.568,0.568
ru,pos_syl,50,1,0.592,0.588
ru,token,100,2,0.292,0.272
ru,pos,100,1,0.632,0.626
ru,pos_syl,25,2,0.528,0.532
ru,pos_syl,50,2,0.624,0.613
ru,pos_syl,50,2,0.644,0.645
ru,pos_syl,25,2,0.488,0.495
ru,pos,100,2,0.644,0.645
ru,syl,100,1,0.536,0.527
ru,token,50,1,0.404,0.382
ru,syl,100,2,0.852,0.854
ru,token,100,1,0.512,0.513
ru,token,100,1,0.432,0.423
ru,token,50,1,0.464,0.468
ru,pos_syl,100,1,0.844,0.843
ru,token,50,2,0.244,0.23
ru,pos,50,1,0.336,0.33
ru,token,50,2,0.308,0.3
ru,token,100,2,0.284,0.281
ru,token,100,2,0.4,0.382
ru,pos,50,1,0.412,0.399
ru,pos_syl,100,2,0.848,0.846
ru,pos,100,1,0.516,0.513
ru,pos,100,1,0.672,0.669
ru,pos,50,2,0.376,0.378
ru,syl,50,1,0.4,0.388
ru,pos,50,2,0.528,0.523
ru,syl,50,2,0.6,0.602
ru,syl,50,1,0.58,0.573
ru,token,200,1,0.744,0.741
ru,pos,100,2,0.54,0.552
ru,pos,100,2,0.596,0.583
ru,pos_syl,50,1,0.592,0.591
ru,syl,100,1,0.344,0.338
ru,syl,100,1,0.5,0.496
ru,syl,50,2,0.632,0.633
ru,syl,100,2,0.772,0.775
ru,syl,100,2,0.816,0.815
ru,pos_syl,50,1,0.564,0.554
ru,pos_syl,100,1,0.744,0.744
ru,pos_syl,100,1,0.88,0.881
ru,pos_syl,50,2,0.604,0.591
ru,token,200,2,0.392,0.392
ru,pos_syl,50,2,0.716,0.722
ru,pos,200,1,0.632,0.63
ru,token,100,1,0.496,0.499
ru,pos_syl,100,2,0.852,0.851
ru,pos_syl,100,2,0.86,0.858
ru,token,100,1,0.504,0.509
ru,pos,200,2,0.576,0.576
ru,token,200,1,0.756,0.756
ru,syl,200,1,0.664,0.658
ru,token,200,1,0.772,0.775
ru,token,100,2,0.444,0.445
ru,pos,100,1,0.488,0.481
ru,syl,200,2,0.96,0.96
ru,token,100,2,0.344,0.345
ru,pos,100,1,0.464,0.465
ru,pos_syl,200,1,0.848,0.849
ru,pos,100,2,0.512,0.515
ru,syl,100,1,0.692,0.687
ru,token,200,2,0.296,0.291
ru,pos,200,1,0.512,0.512
ru,token,200,2,0.444,0.444
ru,pos,100,2,0.52,0.526
ru,syl,100,2,0.764,0.75
ru,pos,200,1,0.66,0.655
ru,syl,100,1,0.46,0.455
ru,pos_syl,100,1,0.68,0.672
ru,pos_syl,200,2,0.936,0.936
ru,syl,100,2,0.864,0.864
ru,pos_syl,100,1,0.636,0.639
ru,pos,200,2,0.616,0.616
ru,syl,200,1,0.784,0.78
ru,pos,200,2,0.752,0.755
ru,syl,200,1,0.716,0.699
ru,pos_syl,100,2,0.788,0.78
ru,token,300,1,0.644,0.641
ru,syl,200,2,0.972,0.972
ru,syl,200,2,0.896,0.895
ru,pos_syl,100,2,0.876,0.875
ru,pos_syl,200,1,0.872,0.871
ru,token,200,1,0.756,0.757
ru,pos_syl,200,1,0.896,0.897
ru,token,200,1,0.576,0.568
ru,token,300,2,0.468,0.465
ru,pos_syl,200,2,0.912,0.911
ru,pos,300,1,0.556,0.559
ru,pos_syl,200,2,0.988,0.988
ru,token,200,2,0.336,0.341
ru,pos,200,1,0.596,0.59
ru,token,200,2,0.424,0.429
ru,token,300,1,0.772,0.772
ru,token,300,1,0.664,0.663
ru,pos,200,1,0.504,0.496
ru,pos,300,2,0.732,0.728
ru,syl,300,1,0.908,0.907
ru,pos,200,2,0.736,0.736
ru,syl,200,1,0.576,0.556
ru,pos,200,2,0.624,0.612
ru,syl,300,2,0.984,0.984
ru,syl,200,1,0.508,0.484
ru,syl,200,2,0.952,0.952
ru,pos_syl,300,1,0.92,0.917
ru,pos_syl,200,1,0.724,0.721
ru,token,300,2,0.54,0.54
ru,token,300,2,0.484,0.468
ru,syl,200,2,0.956,0.956
ru,pos,300,1,0.704,0.703
ru,pos,300,1,0.788,0.787
ru,pos_syl,200,1,0.8,0.802
ru,pos_syl,200,2,0.96,0.96
ru,pos_syl,300,2,1,1
ru,pos,300,2,0.828,0.828
ru,pos,300,2,0.88,0.879
ru,syl,300,1,0.776,0.766
ru,syl,300,1,0.796,0.79
ru,pos_syl,200,2,0.908,0.905
ru,token,300,1,0.7,0.696
ru,syl,300,2,0.976,0.976
ru,token,500,1,0.904,0.904
ru,syl,300,2,0.952,0.951
ru,token,300,1,0.732,0.732
ru,pos_syl,300,1,0.96,0.959
ru,pos_syl,300,1,0.96,0.96
ru,token,300,2,0.576,0.567
ru,pos_syl,300,2,1,1
ru,pos_syl,300,2,1,1
ru,pos,300,1,0.772,0.766
ru,token,300,2,0.492,0.482
ru,pos,300,1,0.624,0.616
ru,token,500,2,0.696,0.692
ru,pos,500,1,0.792,0.776
ru,token,500,1,0.844,0.84
ru,token,500,1,0.844,0.836
ru,pos,300,2,0.784,0.783
ru,syl,300,1,0.808,0.805
ru,pos,300,2,0.788,0.79
ru,syl,300,1,0.74,0.726
ru,syl,300,2,0.98,0.98
ru,pos,500,2,0.956,0.956
ru,pos_syl,300,1,0.948,0.949
ru,syl,500,1,0.836,0.826
ru,syl,300,2,0.992,0.992
ru,pos_syl,300,1,0.924,0.92
ru,token,500,2,0.752,0.752
ru,token,500,2,0.6,0.586
ru,pos,500,1,0.596,0.588
ru,pos,500,1,0.824,0.82
ru,syl,500,2,0.996,0.996
ru,pos_syl,300,2,0.984,0.984
ru,pos_syl,500,1,0.98,0.98
ru,pos_syl,300,2,0.996,0.996
ru,token,500,1,0.852,0.851
ru,pos,500,2,0.912,0.911
ru,syl,500,1,0.956,0.956
ru,pos,500,2,0.936,0.935
ru,token,500,1,0.964,0.964
ru,syl,500,1,0.88,0.883
ru,pos_syl,500,2,1,1
ru,syl,500,2,1,1
ru,syl,500,2,1,1
ru,pos_syl,500,1,0.992,0.992
ru,pos_syl,500,1,0.992,0.992
ru,token,750,1,0.904,0.904
ru,token,500,2,0.76,0.756
ru,pos,500,1,0.812,0.812
ru,token,500,2,0.68,0.675
ru,pos,500,1,0.852,0.854
ru,pos_syl,500,2,1,1
ru,pos_syl,500,2,1,1
ru,pos,500,2,0.904,0.904
ru,syl,500,1,0.82,0.822
ru,pos,500,2,0.976,0.976
ru,token,750,1,0.916,0.915
ru,syl,500,1,0.832,0.827
ru,token,750,1,0.924,0.922
ru,token,750,2,0.792,0.785
ru,syl,500,2,1,1
ru,pos,750,1,0.9,0.899
ru,pos_syl,500,1,0.98,0.98
ru,syl,500,2,1,1
ru,pos_syl,500,1,1,1
ru,pos_syl,500,2,1,1
ru,pos,750,2,0.968,0.967
ru,syl,750,1,0.944,0.943
ru,token,750,2,0.864,0.863
ru,token,750,2,0.744,0.738
ru,pos,750,1,0.936,0.936
ru,pos_syl,500,2,1,1
ru,pos,750,1,0.944,0.943
ru,token,750,1,0.892,0.891
ru,syl,750,2,1,1
ru,token,750,1,0.956,0.956
ru,pos_syl,750,1,1,1
ru,pos,750,2,0.996,0.996
ru,syl,750,1,0.888,0.89
ru,pos,750,2,0.996,0.996
ru,syl,750,1,0.964,0.964
ru,token,750,2,0.74,0.74
ru,pos,750,1,0.848,0.849
ru,pos_syl,750,2,1,1
ru,syl,750,2,1,1
ru,syl,750,2,1,1
ru,pos_syl,750,1,0.984,0.984
ru,pos_syl,750,1,1,1
ru,token,750,2,0.752,0.753
ru,pos,750,1,0.836,0.835
ru,token,1000,1,0.96,0.96
ru,pos,750,2,0.972,0.972
ru,syl,750,1,0.928,0.928
ru,pos_syl,750,2,1,1
ru,pos_syl,750,2,1,1
ru,pos,750,2,1,1
ru,syl,750,1,0.92,0.919
ru,syl,750,2,1,1
ru,token,1000,1,0.984,0.984
ru,pos_syl,750,1,1,1
ru,token,1000,1,0.984,0.984
ru,syl,750,2,1,1
ru,pos_syl,750,1,1,1
ru,token,1000,2,0.78,0.776
ru,pos,1000,1,0.948,0.948
ru,pos_syl,750,2,1,1
ru,pos_syl,750,2,1,1
ru,token,1000,1,0.972,0.972
ru,token,1000,2,0.856,0.856
ru,pos,1000,1,0.916,0.915
ru,pos,1000,2,0.96,0.96
ru,syl,1000,1,0.976,0.976
ru,token,1000,2,0.916,0.915
ru,pos,1000,1,0.992,0.992
ru,token,1000,1,0.972,0.972
ru,syl,1000,2,1,1
ru,pos,1000,2,0.968,0.968
ru,pos_syl,1000,1,1,1
ru,syl,1000,1,0.888,0.888
ru,pos,1000,2,0.98,0.98
ru,syl,1000,1,0.972,0.972
ru,token,1000,2,0.932,0.932
ru,pos,1000,1,0.96,0.96
ru,token,1000,2,0.82,0.816
ru,pos,1000,1,0.932,0.931
ru,syl,1000,2,1,1
ru,syl,1000,2,1,1
ru,pos_syl,1000,1,1,1
ru,pos_syl,1000,1,1,1
ru,pos_syl,1000,2,1,1
ru,pos,1000,2,0.984,0.984
ru,syl,1000,1,0.964,0.964
ru,token,25,1,0.38,0.36
ru,token,25,2,0.176,0.174
ru,pos,1000,2,1,1
ru,pos,25,1,0.284,0.28
ru,syl,1000,1,0.976,0.976
ru,pos,25,2,0.392,0.387
ru,pos_syl,1000,2,1,1
ru,syl,1000,2,1,1
ru,syl,25,1,0.352,0.352
ru,pos_syl,1000,2,1,1
ru,pos_syl,1000,1,1,1
ru,syl,25,2,0.568,0.568
ru,pos_syl,25,1,0.492,0.484
ru,syl,1000,2,1,1
ru,token,25,1,0.216,0.213
ru,token,25,1,0.24,0.241
ru,pos_syl,1000,1,1,1
ru,token,25,2,0.232,0.217
ru,token,25,2,0.116,0.106
ru,pos,25,1,0.312,0.307
ru,pos,25,1,0.136,NaN
ru,pos_syl,1000,2,1,1
ru,pos,25,2,0.412,0.409
ru,pos_syl,25,2,0.492,0.489
ru,pos,25,2,0.34,0.348
ru,syl,25,1,0.348,0.342
ru,syl,25,1,0.216,0.209
ru,syl,25,2,0.388,0.389
ru,token,25,1,0.308,0.308
ru,syl,25,2,0.464,0.461
ru,token,50,1,0.26,0.259
ru,pos_syl,25,1,0.368,0.381
ru,pos_syl,25,1,0.388,0.373
ru,token,25,2,0.192,NaN
ru,pos,25,1,0.288,0.297
ru,pos_syl,1000,2,1,1
ru,token,50,2,0.324,0.319
ru,pos,25,2,0.36,0.367
ru,pos,50,1,0.324,0.315
ru,syl,25,1,0.3,0.27
ru,syl,25,2,0.516,0.515
ru,token,25,1,0.272,0.27
ru,pos,50,2,0.348,0.362
ru,pos_syl,25,1,0.42,0.417
ru,syl,50,1,0.428,0.427
ru,syl,50,2,0.576,0.566
ru,token,25,2,0.216,NaN
ru,pos,25,1,0.38,0.356
ru,pos_syl,50,1,0.444,0.431
ru,pos_syl,25,2,0.536,0.544
ru,pos_syl,25,2,0.528,0.521
ru,pos,25,2,0.404,0.397
ru,syl,25,1,0.356,0.337
ru,token,50,1,0.296,0.301
ru,pos_syl,50,2,0.588,0.588
ru,syl,25,2,0.464,0.446
ru,token,50,1,0.372,0.363
ru,pos_syl,25,1,0.46,0.458
ru,token,100,1,0.436,0.436
ru,token,50,2,0.24,0.247
ru,pos_syl,25,2,0.468,0.483
ru,pos,50,1,0.336,0.341
ru,token,50,2,0.364,0.349
ru,pos,50,1,0.336,0.323
ru,token,50,1,0.276,0.279
ru,pos,50,2,0.484,0.49
ru,token,100,2,0.372,0.371
ru,syl,50,1,0.468,0.46
ru,pos,100,1,0.496,0.493
ru,pos,50,2,0.388,0.394
ru,syl,50,2,0.66,0.655
ru,syl,50,1,0.436,0.43
ru,pos_syl,50,1,0.56,0.561
ru,syl,50,2,0.604,0.61
ru,token,50,2,0.292,0.294
ru,pos,100,2,0.516,0.518
ru,pos_syl,50,1,0.472,0.464
ru,pos,50,1,0.292,0.276
ru,syl,100,1,0.496,0.491
ru,pos_syl,25,2,0.5,0.491
ru,syl,100,2,0.776,0.768
ru,pos_syl,50,2,0.628,0.631
ru,pos,50,2,0.38,0.376
ru,pos_syl,100,1,0.672,0.669
ru,token,50,1,0.368,0.361
ru,pos_syl,50,2,0.624,0.621
ru,syl,50,1,0.38,0.342
ru,syl,50,2,0.652,0.645
ru,token,100,1,0.576,0.577
ru,pos_syl,50,1,0.516,0.506
ru,token,100,1,0.52,0.525
ru,pos_syl,100,2,0.796,0.795
ru,token,50,2,0.332,0.336
ru,pos,50,1,0.336,0.326
ru,pos_syl,50,2,0.636,0.638
ru,token,100,2,0.36,0.366
ru,token,200,1,0.628,0.626
ru,pos,100,1,0.464,0.458
ru,token,100,2,0.424,0.42
ru,pos,50,2,0.46,0.46
ru,pos,100,1,0.412,0.41
ru,syl,50,1,0.364,0.359
ru,token,100,1,0.484,0.495
ru,syl,50,2,0.632,0.625
ru,pos,100,2,0.608,0.605
ru,syl,100,1,0.556,0.56
ru,pos_syl,50,1,0.392,0.381
ru,pos,100,2,0.576,0.579
ru,syl,100,1,0.524,0.524
ru,syl,100,2,0.828,0.829
ru,token,200,2,0.424,0.422
ru,pos,200,1,0.648,0.651
ru,syl,100,2,0.72,0.717
ru,token,100,2,0.376,0.387
ru,pos_syl,100,1,0.664,0.651
ru,pos_syl,50,2,0.62,0.622
ru,pos,100,1,0.492,0.488
ru,pos_syl,100,1,0.752,0.75
ru,token,100,1,0.424,0.42
ru,pos,200,2,0.808,0.806
ru,pos,100,2,0.532,0.529
ru,pos_syl,100,2,0.852,0.85
ru,syl,200,1,0.692,0.689
ru,syl,100,1,0.512,0.502
ru,pos_syl,100,2,0.836,0.836
ru,syl,100,2,0.748,0.744
ru,syl,200,2,0.9,0.898
ru,token,200,1,0.736,0.735
ru,pos_syl,100,1,0.6,0.594
ru,pos_syl,200,1,0.932,0.932
ru,token,100,2,0.388,0.38
ru,token,200,1,0.656,0.659
ru,pos,100,1,0.648,0.645
ru,pos_syl,100,2,0.816,0.809
ru,pos,100,2,0.568,0.562
ru,pos_syl,200,2,0.948,0.948
ru,syl,100,1,0.54,0.53
ru,token,200,2,0.624,0.624
ru,pos,200,1,0.556,0.55
ru,token,200,2,0.42,0.417
ru,syl,100,2,0.86,0.86
ru,pos,200,1,0.412,0.398
ru,token,200,1,0.616,0.608
ru,pos_syl,100,1,0.68,0.674
ru,token,300,1,0.78,0.773
ru,pos,200,2,0.7,0.703
ru,syl,200,1,0.584,0.574
ru,pos,200,2,0.832,0.833
ru,syl,200,1,0.716,0.714
ru,pos_syl,100,2,0.82,0.813
ru,syl,200,2,0.944,0.944
ru,token,200,2,0.512,0.515
ru,pos,200,1,0.592,0.584
ru,pos_syl,200,1,0.828,0.825
ru,syl,200,2,0.904,0.903
ru,token,200,1,0.724,0.724
ru,pos_syl,200,1,0.868,0.866
ru,token,300,2,0.42,0.419
ru,pos,300,1,0.704,0.693
ru,pos,200,2,0.648,0.65
ru,syl,200,1,0.724,0.725
ru,pos_syl,200,2,0.98,0.98
ru,pos_syl,200,2,0.96,0.96
ru,syl,200,2,0.94,0.94
ru,token,200,2,0.356,0.347
ru,pos,300,2,0.792,0.792
ru,pos,200,1,0.496,0.482
ru,syl,300,1,0.664,0.652
ru,pos_syl,200,1,0.848,0.844
ru,token,300,1,0.812,0.813
ru,token,300,1,0.836,0.837
ru,syl,300,2,0.992,0.992
ru,pos,200,2,0.648,0.646
ru,syl,200,1,0.684,0.685
ru,pos_syl,300,1,0.896,0.891
ru,pos_syl,200,2,0.972,0.972
ru,syl,200,2,0.968,0.968
ru,token,300,2,0.488,0.489
ru,pos,300,1,0.852,0.852
ru,token,300,1,0.744,0.74
ru,pos_syl,200,1,0.836,0.833
ru,token,300,2,0.444,0.444
ru,pos,300,1,0.656,0.643
ru,pos_syl,300,2,1,1
ru,pos,300,2,0.884,0.882
ru,pos_syl,200,2,0.976,0.976
ru,syl,300,1,0.868,0.865
ru,token,500,1,0.884,0.882
ru,pos,300,2,0.732,0.728
ru,token,300,2,0.684,0.68
ru,syl,300,1,0.768,0.766
ru,pos,300,1,0.676,0.673
ru,token,300,1,0.784,0.787
ru,syl,300,2,0.992,0.992
ru,pos_syl,300,1,0.908,0.908
ru,syl,300,2,0.968,0.968
ru,pos_syl,300,1,0.932,0.932
ru,pos,300,2,0.82,0.817
ru,syl,300,1,0.88,0.877
ru,pos_syl,300,2,1,1
ru,token,500,2,0.724,0.728
ru,token,300,2,0.472,0.462
ru,pos,500,1,0.884,0.884
ru,syl,300,2,0.996,0.996
ru,pos,300,1,0.648,0.642
ru,pos_syl,300,2,0.976,0.976
ru,pos_syl,300,1,0.932,0.932
ru,token,500,1,0.808,0.796
ru,token,500,1,0.832,0.824
ru,pos,300,2,0.808,0.807
ru,syl,300,1,0.872,0.87
ru,pos,500,2,0.96,0.96
ru,pos_syl,300,2,0.984,0.984
ru,syl,500,1,0.848,0.846
ru,syl,300,2,0.988,0.988
ru,pos_syl,300,1,0.94,0.939
ru,token,500,1,0.86,0.858
ru,syl,500,2,0.992,0.992
ru,token,500,2,0.664,0.65
ru,pos_syl,500,1,0.996,0.996
ru,pos,500,1,0.78,0.78
ru,token,500,2,0.552,0.555
ru,pos,500,1,0.764,0.765
ru,pos_syl,300,2,0.992,0.992
ru,pos,500,2,0.928,0.927
ru,pos_syl,500,2,1,1
ru,syl,500,1,0.896,0.894
ru,token,500,1,0.828,0.822
ru,token,500,2,0.656,0.65
ru,pos,500,1,0.776,0.776
ru,pos,500,2,0.932,0.932
ru,syl,500,1,0.956,0.956
ru,token,750,1,0.968,0.968
ru,syl,500,2,0.996,0.996
ru,pos_syl,500,1,0.96,0.96
ru,syl,500,2,1,1
ru,pos,500,2,0.936,0.936
ru,syl,500,1,0.916,0.913
ru,pos_syl,500,1,0.972,0.972
ru,token,500,2,0.616,0.615
ru,pos,500,1,0.844,0.843
ru,syl,500,2,1,1
ru,pos_syl,500,2,0.984,0.984
ru,pos_syl,500,1,0.992,0.992
ru,pos_syl,500,2,1,1
ru,pos,500,2,0.964,0.964
ru,token,750,1,0.86,0.847
ru,syl,500,1,0.948,0.948
ru,token,750,2,0.752,0.741
ru,pos,750,1,0.868,0.869
ru,token,750,1,0.976,0.976
ru,pos_syl,500,2,1,1
ru,syl,500,2,1,1
ru,pos_syl,500,1,0.992,0.992
ru,token,750,1,0.884,0.884
ru,pos,750,2,0.98,0.98
ru,syl,750,1,0.916,0.913
ru,token,750,2,0.728,0.723
ru,pos_syl,500,2,0.996,0.996
ru,pos,750,1,0.92,0.918
ru,syl,750,2,1,1
ru,token,750,2,0.824,0.823
ru,pos,750,1,0.784,0.785
ru,pos_syl,750,1,1,1
ru,token,750,1,0.944,0.941
ru,token,750,2,0.788,0.786
ru,pos,750,1,0.904,0.905
ru,pos,750,2,0.92,0.918
ru,syl,750,1,0.928,0.924
ru,pos,750,2,0.968,0.968
ru,syl,750,1,0.896,0.893
ru,pos_syl,750,2,1,1
ru,syl,750,2,1,1
ru,pos_syl,750,1,0.996,0.996
ru,pos,750,2,0.956,0.955
ru,token,750,2,0.876,0.875
ru,syl,750,1,0.984,0.984
ru,token,1000,1,0.952,0.951
ru,pos,750,1,0.804,0.806
ru,syl,750,2,1,1
ru,pos_syl,750,1,1,1
ru,syl,750,2,1,1
ru,pos_syl,750,2,1,1
ru,pos_syl,750,1,1,1
ru,pos,750,2,0.968,0.968
ru,syl,750,1,0.944,0.944
ru,pos_syl,750,2,1,1
ru,token,1000,1,0.976,0.976
ru,syl,750,2,1,1
ru,token,1000,1,0.912,0.908
ru,token,1000,2,0.924,0.925
ru,pos_syl,750,2,1,1
ru,pos,1000,1,0.948,0.947
ru,pos_syl,750,1,1,1
ru,token,1000,1,0.984,0.984
ru,pos_syl,750,2,1,1
ru,pos,1000,2,0.996,0.996
ru,syl,1000,1,0.924,0.924
ru,token,1000,2,0.872,0.872
ru,pos,1000,1,0.972,0.972
ru,token,1000,1,0.968,0.968
ru,token,1000,2,0.796,0.795
ru,pos,1000,1,0.912,0.911
ru,syl,1000,2,1,1
ru,pos_syl,1000,1,1,1
ru,token,1000,2,0.9,0.9
ru,pos,1000,1,0.852,0.851
ru,pos,1000,2,1,1
ru,syl,1000,1,0.912,0.913
ru,pos,1000,2,0.996,0.996
ru,syl,1000,1,0.964,0.964
ru,pos_syl,1000,2,1,1
ru,token,1000,2,0.812,0.813
ru,syl,1000,2,1,1
ru,pos,1000,1,0.96,0.959
ru,pos,1000,2,0.996,0.996
ru,syl,1000,1,0.956,0.956
ru,token,25,1,0.18,0.179
ru,pos_syl,1000,1,1,1
ru,token,25,2,0.18,0.165
ru,syl,1000,2,1,1
ru,pos,25,1,0.284,0.28
ru,pos_syl,1000,1,1,1
ru,pos,25,2,0.348,0.357
ru,syl,25,1,0.36,0.35
ru,syl,25,2,0.376,0.38
ru,syl,1000,2,1,1
ru,pos_syl,25,1,0.36,0.353
ru,pos,1000,2,0.984,0.984
ru,syl,1000,1,0.912,0.913
ru,pos_syl,1000,1,1,1
ru,pos_syl,1000,2,1,1
ru,token,25,1,0.316,0.294
ru,pos_syl,1000,2,1,1
ru,token,25,2,0.248,0.24
ru,pos,25,1,0.256,0.248
ru,token,25,1,0.348,0.348
ru,syl,1000,2,1,1
ru,pos_syl,25,2,0.452,0.456
ru,pos_syl,1000,1,1,1
ru,pos,25,2,0.416,0.405
ru,token,25,2,0.256,0.214
ru,pos_syl,1000,2,1,1
ru,syl,25,1,0.204,0.198
ru,pos,25,1,0.224,0.218
ru,token,50,1,0.408,0.412
ru,syl,25,2,0.54,0.542
ru,pos_syl,25,1,0.408,0.4
ru,pos,25,2,0.268,0.261
ru,syl,25,1,0.352,0.332
ru,syl,25,2,0.524,0.508
ru,token,50,2,0.276,0.281
ru,pos,50,1,0.34,0.335
ru,pos_syl,25,1,0.436,0.422
ru,pos,50,2,0.504,0.5
ru,syl,50,1,0.456,0.452
ru,pos_syl,1000,2,1,1
ru,syl,50,2,0.664,0.656
ru,token,25,1,0.252,0.241
ru,pos_syl,50,1,0.548,0.543
ru,pos_syl,25,2,0.548,0.551
ru,token,25,2,0.152,0.15
ru,pos,25,1,0.344,0.339
ru,pos_syl,50,2,0.632,0.634
ru,token,25,1,0.304,0.306
ru,token,50,1,0.276,0.278
ru,pos_syl,25,2,0.508,0.519
ru,pos,25,2,0.404,0.413
ru,syl,25,1,0.364,0.36
ru,token,25,2,0.24,0.233
ru,token,100,1,0.508,0.513
ru,syl,25,2,0.504,0.488
ru,pos,25,1,0.308,0.307
ru,token,50,1,0.412,0.413
ru,pos_syl,25,1,0.424,0.416
ru,token,50,2,0.316,0.293
ru,pos,50,1,0.3,0.295
ru,pos,25,2,0.496,0.503
ru,syl,25,1,0.296,0.29
ru,token,100,2,0.3,0.295
ru,syl,25,2,0.396,0.408
ru,pos,50,2,0.444,0.449
ru,token,50,2,0.288,0.255
ru,pos,100,1,0.408,0.411
ru,syl,50,1,0.344,0.341
ru,pos_syl,25,1,0.484,0.479
ru,pos,50,1,0.212,0.21
ru,syl,50,2,0.636,0.638
ru,pos,100,2,0.516,0.502
ru,pos_syl,50,1,0.592,0.588
ru,pos,50,2,0.372,0.379
ru,syl,100,1,0.524,0.495
ru,syl,50,1,0.448,0.45
ru,syl,50,2,0.62,0.621
ru,syl,100,2,0.752,0.759
ru,pos_syl,50,1,0.524,0.531
ru,pos_syl,25,2,0.468,0.473
ru,pos_syl,100,1,0.724,0.724
ru,pos_syl,50,2,0.628,0.628
ru,token,50,1,0.532,0.532
ru,token,100,1,0.48,0.468
ru,pos_syl,50,2,0.588,0.587
ru,pos_syl,100,2,0.796,0.795
ru,pos_syl,25,2,0.584,0.589
ru,token,100,1,0.52,0.515
ru,token,50,1,0.336,0.326
ru,token,200,1,0.712,0.708
ru,token,50,2,0.34,0.337
ru,token,100,2,0.38,0.379
ru,pos,100,1,0.392,0.389
ru,pos,50,1,0.3,0.299
ru,token,100,2,0.368,0.369
ru,pos,50,2,0.464,0.46
ru,token,50,2,0.244,0.259
ru,pos,100,2,0.652,0.645
ru,syl,50,1,0.324,0.321
ru,pos,100,1,0.44,0.431
ru,pos,50,1,0.32,0.308
ru,syl,100,1,0.524,0.512
ru,token,200,2,0.492,0.478
ru,syl,50,2,0.724,0.725
ru,pos,200,1,0.568,0.564
ru,syl,100,2,0.84,0.84
ru,pos_syl,50,1,0.528,0.524
ru,pos,50,2,0.424,0.424
ru,pos,100,2,0.564,0.575
ru,syl,50,1,0.364,0.354
ru,pos_syl,100,1,0.636,0.636
ru,syl,100,1,0.448,0.428
ru,syl,50,2,0.58,0.585
ru,syl,100,2,0.812,0.81
ru,pos,200,2,0.744,0.736
ru,pos_syl,50,2,0.648,0.645
ru,pos_syl,50,1,0.388,0.392
ru,syl,200,1,0.752,0.737
ru,pos_syl,100,1,0.644,0.646
ru,pos_syl,100,2,0.804,0.805
ru,syl,200,2,0.944,0.944
ru,token,100,1,0.54,0.541
ru,pos_syl,50,2,0.664,0.666
ru,pos_syl,200,1,0.844,0.839
ru,pos_syl,100,2,0.836,0.833
ru,token,200,1,0.708,0.703
ru,token,100,1,0.492,0.489
ru,token,100,2,0.36,0.359
ru,token,200,1,0.624,0.631
ru,pos,100,1,0.32,0.319
ru,pos_syl,200,2,0.956,0.956
ru,token,200,2,0.536,0.536
ru,token,100,2,0.368,0.358
ru,pos,200,1,0.6,0.604
ru,pos,100,2,0.548,0.549
ru,pos,100,1,0.428,0.419
ru,syl,100,1,0.596,0.589
ru,token,300,1,0.86,0.859
ru,token,200,2,0.592,0.588
ru,syl,100,2,0.848,0.843
ru,pos,200,1,0.456,0.456
ru,pos_syl,100,1,0.764,0.76
ru,pos,100,2,0.548,0.549
ru,pos,200,2,0.752,0.752
ru,syl,100,1,0.5,0.497
ru,syl,200,1,0.508,0.501
ru,syl,100,2,0.844,0.837
ru,syl,200,2,0.88,0.878
ru,pos,200,2,0.6,0.592
ru,pos_syl,100,2,0.884,0.884
ru,pos_syl,100,1,0.724,0.723
ru,syl,200,1,0.84,0.837
ru,token,300,2,0.58,0.569
ru,pos_syl,200,1,0.824,0.824
ru,pos,300,1,0.74,0.737
ru,syl,200,2,0.988,0.988
ru,token,200,1,0.68,0.68
ru,pos_syl,100,2,0.796,0.794
ru,pos_syl,200,1,0.884,0.882
ru,pos_syl,200,2,0.956,0.956
ru,pos,300,2,0.784,0.784
ru,syl,300,1,0.808,0.808
ru,token,200,1,0.716,0.715
ru,token,300,1,0.76,0.754
ru,token,200,2,0.328,0.317
ru,pos_syl,200,2,0.968,0.968
ru,pos,200,1,0.696,0.691
ru,syl,300,2,0.972,0.972
ru,pos_syl,300,1,0.968,0.968
ru,token,300,1,0.776,0.772
ru,token,200,2,0.42,0.407
ru,pos,200,2,0.64,0.644
ru,pos,200,1,0.532,0.528
ru,syl,200,1,0.664,0.643
ru,token,300,2,0.544,0.543
ru,pos,300,1,0.848,0.848
ru,syl,200,2,0.952,0.952
ru,pos_syl,300,2,0.936,0.936
ru,pos,200,2,0.684,0.684
ru,pos_syl,200,1,0.872,0.865
ru,syl,200,1,0.66,0.643
ru,token,300,2,0.52,0.518
ru,pos,300,1,0.668,0.658
ru,token,500,1,0.908,0.907
ru,syl,200,2,0.94,0.94
ru,pos,300,2,0.924,0.923
ru,syl,300,1,0.696,0.701
ru,pos_syl,200,1,0.796,0.791
ru,pos_syl,200,2,0.96,0.96
ru,syl,300,2,0.972,0.972
ru,pos,300,2,0.844,0.841
ru,syl,300,1,0.708,0.708
ru,token,300,1,0.876,0.876
ru,pos_syl,300,1,0.964,0.964
ru,pos_syl,200,2,0.928,0.928
ru,syl,300,2,0.98,0.98
ru,token,500,2,0.752,0.751
ru,pos_syl,300,1,0.968,0.968
ru,token,300,1,0.748,0.747
ru,pos,500,1,0.812,0.813
ru,pos_syl,300,2,1,1
ru,token,300,2,0.588,0.567
ru,pos,300,1,0.732,0.732
ru,token,500,1,0.872,0.873
ru,pos_syl,300,2,0.992,0.992
ru,token,300,2,0.604,0.604
ru,pos,500,2,0.86,0.861
ru,pos,300,1,0.684,0.68
ru,syl,500,1,0.956,0.957
ru,pos,300,2,0.788,0.788
ru,syl,300,1,0.652,0.646
ru,token,500,1,0.84,0.834
ru,syl,300,2,0.992,0.992
ru,pos,300,2,0.808,0.81
ru,syl,500,2,0.996,0.996
ru,syl,300,1,0.684,0.674
ru,pos_syl,300,1,0.896,0.895
ru,pos_syl,500,1,0.996,0.996
ru,token,500,2,0.668,0.667
ru,pos,500,1,0.808,0.805
ru,syl,300,2,0.992,0.992
ru,pos_syl,300,1,0.944,0.944
ru,pos_syl,300,2,0.976,0.976
ru,token,500,2,0.76,0.749
ru,pos,500,1,0.72,0.714
ru,pos_syl,500,2,1,1
ru,pos,500,2,0.956,0.956
ru,pos_syl,300,2,0.992,0.992
ru,syl,500,1,0.872,0.871
ru,token,500,1,0.916,0.916
ru,token,750,1,0.896,0.895
ru,pos,500,2,0.908,0.908
ru,syl,500,1,0.888,0.89
ru,token,500,1,0.856,0.853
ru,syl,500,2,1,1
ru,pos_syl,500,1,0.992,0.992
ru,syl,500,2,0.992,0.992
ru,token,500,2,0.66,0.663
ru,pos_syl,500,1,1,1
ru,pos,500,1,0.772,0.775
ru,pos_syl,500,2,1,1
ru,token,500,2,0.664,0.667
ru,pos,500,1,0.812,0.808
ru,token,750,2,0.764,0.761
ru,pos,500,2,0.936,0.935
ru,pos,750,1,0.836,0.835
ru,pos_syl,500,2,1,1
ru,syl,500,1,0.88,0.881
ru,token,750,1,0.916,0.913
ru,pos,500,2,0.892,0.893
ru,syl,500,1,0.876,0.877
ru,token,750,1,0.94,0.938
ru,syl,500,2,1,1
ru,pos_syl,500,1,0.988,0.988
ru,pos,750,2,0.904,0.903
ru,syl,750,1,0.904,0.902
ru,syl,500,2,0.996,0.996
ru,pos_syl,500,1,0.98,0.98
ru,pos_syl,500,2,1,1
ru,token,750,2,0.768,0.768
ru,syl,750,2,1,1
ru,pos,750,1,0.88,0.88
ru,pos_syl,750,1,0.996,0.996
ru,pos_syl,500,2,0.984,0.984
ru,token,750,1,0.912,0.91
ru,token,750,2,0.792,0.792
ru,pos,750,1,0.86,0.857
ru,token,750,1,0.896,0.896
ru,pos,750,2,0.976,0.976
ru,syl,750,1,0.924,0.923
ru,pos_syl,750,2,1,1
ru,pos,750,2,0.984,0.984
ru,syl,750,1,0.932,0.931
ru,syl,750,2,1,1
ru,token,1000,1,0.968,0.968
ru,pos_syl,750,1,1,1
ru,token,750,2,0.716,0.714
ru,pos,750,1,0.888,0.886
ru,syl,750,2,1,1
ru,token,750,2,0.808,0.805
ru,pos_syl,750,1,0.996,0.996
ru,pos,750,1,0.904,0.904
ru,pos_syl,750,2,1,1
ru,pos,750,2,0.976,0.976
ru,syl,750,1,0.8,0.791
ru,pos,750,2,0.98,0.98
ru,pos_syl,750,2,1,1
ru,syl,750,1,0.952,0.952
ru,token,1000,1,0.948,0.947
ru,token,1000,2,0.816,0.816
ru,syl,750,2,0.996,0.996
ru,pos,1000,1,0.956,0.956
ru,pos_syl,750,1,0.996,0.996
ru,token,1000,1,0.972,0.972
ru,syl,750,2,1,1
ru,pos_syl,750,1,0.992,0.992
ru,pos,1000,2,1,1
ru,pos_syl,750,2,1,1
ru,syl,1000,1,0.948,0.948
ru,pos_syl,750,2,1,1
ru,token,1000,2,0.82,0.819
ru,pos,1000,1,0.908,0.909
ru,token,1000,1,0.956,0.956
ru,token,1000,2,0.888,0.891
ru,token,1000,1,0.948,0.946
ru,syl,1000,2,1,1
ru,pos,1000,1,0.96,0.959
ru,pos_syl,1000,1,1,1
ru,pos,1000,2,0.992,0.992
ru,syl,1000,1,0.952,0.953
ru,pos,1000,2,0.976,0.976
ru,syl,1000,1,0.944,0.944
ru,pos_syl,1000,2,1,1
ru,token,1000,2,0.828,0.827
ru,pos,1000,1,0.94,0.94
ru,token,25,1,0.292,0.287
ru,syl,1000,2,1,1
ru,token,1000,2,0.876,0.874
ru,pos,1000,1,0.968,0.968
ru,pos_syl,1000,1,1,1
ru,token,25,2,0.128,0.117
ru,pos,25,1,0.272,0.257
ru,syl,1000,2,1,1
ru,pos_syl,1000,1,1,1
ru,pos,25,2,0.416,0.421
ru,syl,25,1,0.236,0.235
ru,syl,25,2,0.412,0.409
ru,pos,1000,2,0.98,0.98
ru,pos_syl,25,1,0.372,0.377
ru,syl,1000,1,0.98,0.98
ru,pos,1000,2,0.996,0.996
ru,syl,1000,1,0.96,0.96
ru,pos_syl,1000,2,1,1
ru,token,25,1,0.204,0.199
ru,pos_syl,1000,2,1,1
ru,syl,1000,2,1,1
ru,token,25,2,0.316,0.294
ru,pos,25,1,0.14,0.15
ru,pos_syl,1000,1,1,1
ru,token,25,1,0.364,0.369
ru,pos_syl,25,2,0.584,0.583
ru,syl,1000,2,1,1
ru,pos,25,2,0.332,0.333
ru,pos_syl,1000,1,1,1
ru,token,25,2,0.232,0.225
ru,syl,25,1,0.388,0.357
ru,token,50,1,0.356,0.363
ru,pos,25,1,0.288,0.287
ru,syl,25,2,0.5,0.495
ru,pos_syl,25,1,0.256,0.256
ru,pos,25,2,0.484,0.49
ru,syl,25,1,0.364,0.353
ru,token,50,2,0.348,0.342
ru,syl,25,2,0.46,0.458
ru,pos,50,1,0.38,0.381
ru,pos_syl,25,1,0.46,0.448
ru,pos,50,2,0.364,0.362
ru,pos_syl,1000,2,1,1
ru,syl,50,1,0.344,0.331
ru,syl,50,2,0.516,0.5
ru,pos_syl,1000,2,1,1
ru,pos_syl,50,1,0.5,0.496
ru,pos_syl,25,2,0.456,0.458
ru,token,25,1,0.224,0.223
ru,pos_syl,50,2,0.652,0.652
ru,token,25,1,0.348,0.354
ru,token,50,1,0.356,0.35
ru,token,25,2,0.26,0.242
ru,pos,25,1,0.188,0.186
ru,pos_syl,25,2,0.612,0.611
ru,token,25,2,0.188,0.182
ru,token,100,1,0.492,0.49
ru,pos,25,2,0.308,0.319
ru,pos,25,1,0.2,0.194
ru,syl,25,1,0.328,0.318
ru,token,50,2,0.284,0.277
ru,token,50,1,0.404,0.4
ru,syl,25,2,0.416,0.418
ru,pos,50,1,0.336,0.341
ru,pos,25,2,0.348,0.363
ru,pos_syl,25,1,0.232,0.227
ru,syl,25,1,0.404,0.395
ru,token,100,2,0.304,0.301
ru,pos,50,2,0.436,0.436
ru,syl,25,2,0.608,0.608
ru,pos,100,1,0.48,0.468
ru,syl,50,1,0.512,0.5
ru,token,50,2,0.264,0.261
ru,pos_syl,25,1,0.38,0.379
ru,pos,50,1,0.512,0.504
ru,syl,50,2,0.768,0.763
ru,pos_syl,50,1,0.508,0.509
ru,pos,100,2,0.568,0.565
ru,syl,100,1,0.476,0.474
ru,pos,50,2,0.524,0.522
ru,syl,50,1,0.424,0.411
ru,syl,100,2,0.836,0.831
ru,syl,50,2,0.576,0.57
ru,pos_syl,50,2,0.688,0.688
ru,pos_syl,100,1,0.676,0.669
ru,pos_syl,50,1,0.572,0.56
ru,pos_syl,25,2,0.488,0.477
ru,token,100,1,0.388,0.397
ru,pos_syl,100,2,0.856,0.856
ru,pos_syl,50,2,0.668,0.661
ru,pos_syl,25,2,0.524,0.528
ru,token,50,1,0.324,0.333
ru,token,200,1,0.728,0.729
ru,token,100,1,0.472,0.479
ru,token,50,1,0.348,0.351
ru,token,100,2,0.328,0.33
ru,pos,100,1,0.352,0.342
ru,token,50,2,0.24,0.231
ru,pos,50,1,0.484,0.48
ru,pos,100,2,0.532,0.528
ru,token,50,2,0.228,0.23
ru,token,100,2,0.26,0.262
ru,syl,100,1,0.5,0.5
ru,pos,50,2,0.452,0.453
ru,pos,50,1,0.28,NaN
ru,pos,100,1,0.484,0.483
ru,syl,50,1,0.372,0.351
ru,token,200,2,0.332,0.313
ru,pos,200,1,0.668,0.665
ru,syl,100,2,0.792,0.794
ru,syl,50,2,0.716,0.709
ru,pos_syl,100,1,0.612,0.612
ru,pos,50,2,0.56,0.556
ru,pos_syl,50,1,0.528,0.519
ru,pos,100,2,0.548,0.549
ru,syl,50,1,0.284,0.261
ru,syl,100,1,0.444,0.432
ru,syl,50,2,0.66,0.651
ru,pos,200,2,0.692,0.685
ru,syl,100,2,0.868,0.868
ru,syl,200,1,0.764,0.76
ru,pos_syl,50,1,0.472,0.465
ru,pos_syl,100,2,0.78,0.778
ru,pos_syl,50,2,0.656,0.653
ru,pos_syl,100,1,0.744,0.742
ru,syl,200,2,0.904,0.903
ru,token,100,1,0.524,0.518
ru,pos_syl,50,2,0.708,0.708
ru,pos_syl,200,1,0.872,0.872
ru,token,200,1,0.656,0.652
ru,pos_syl,100,2,0.84,0.842
ru,token,100,1,0.5,0.502
ru,token,200,1,0.62,0.622
ru,token,100,2,0.3,0.304
ru,pos_syl,200,2,0.944,0.944
ru,pos,100,1,0.46,0.455
ru,token,200,2,0.452,0.451
ru,pos,200,1,0.448,0.438
ru,token,100,2,0.4,0.398
ru,pos,100,2,0.584,0.582
ru,token,300,1,0.58,0.559
ru,pos,100,1,0.516,0.516
ru,syl,100,1,0.544,0.523
ru,token,200,2,0.364,0.35
ru,syl,100,2,0.916,0.915
ru,pos,200,1,0.64,0.639
ru,pos,200,2,0.62,0.618
ru,pos,100,2,0.584,0.586
ru,syl,200,1,0.588,0.571
ru,pos_syl,100,1,0.632,0.628
ru,syl,100,1,0.716,0.712
ru,syl,100,2,0.86,0.854
ru,syl,200,2,0.868,0.868
ru,pos,200,2,0.744,0.732
ru,pos_syl,100,1,0.796,0.796
ru,token,300,2,0.576,0.571
ru,pos_syl,200,1,0.816,0.812
ru,syl,200,1,0.744,0.739
ru,pos_syl,100,2,0.82,0.816
ru,pos,300,1,0.684,0.674
ru,syl,200,2,0.904,0.903
ru,token,200,1,0.756,0.754
ru,pos_syl,100,2,0.82,0.821
ru,pos_syl,200,1,0.744,0.733
ru,pos_syl,200,2,0.936,0.936
ru,pos,300,2,0.78,0.775
ru,syl,300,1,0.856,0.853
ru,token,200,1,0.692,0.683
ru,token,300,1,0.716,0.715
ru,pos_syl,200,2,0.912,0.911
ru,syl,300,2,0.936,0.935
ru,token,200,2,0.36,0.359
ru,pos,200,1,0.644,0.646
ru,pos_syl,300,1,0.9,0.889
ru,token,300,1,0.724,0.72
ru,token,200,2,0.512,0.503
ru,pos,200,1,0.516,0.52
ru,pos,200,2,0.652,0.647
ru,syl,200,1,0.56,0.547
ru,token,300,2,0.516,0.513
ru,pos_syl,300,2,0.976,0.976
ru,pos,300,1,0.616,0.611
ru,syl,200,2,0.904,0.902
ru,pos,200,2,0.668,0.667
ru,syl,200,1,0.724,0.716
ru,pos_syl,200,1,0.84,0.838
ru,token,300,2,0.444,0.448
ru,token,500,1,0.756,0.755
ru,pos,300,1,0.68,0.679
ru,syl,200,2,0.952,0.953
ru,pos,300,2,0.9,0.9
ru,syl,300,1,0.772,0.77
ru,pos_syl,200,1,0.812,0.81
ru,pos_syl,200,2,0.916,0.912
ru,syl,300,2,0.964,0.964
ru,pos,300,2,0.792,0.79
ru,syl,300,1,0.836,0.827
ru,pos_syl,300,1,0.928,0.928
ru,pos_syl,200,2,0.94,0.939
ru,token,300,1,0.728,0.726
ru,syl,300,2,0.992,0.992
ru,token,500,2,0.72,0.72
ru,token,300,1,0.808,0.809
ru,pos_syl,300,1,0.908,0.903
ru,pos,500,1,0.784,0.781
ru,pos_syl,300,2,0.976,0.976
ru,token,300,2,0.54,0.534
ru,pos,300,1,0.816,0.816
ru,token,500,1,0.888,0.885
ru,pos_syl,300,2,0.984,0.984
ru,pos,500,2,0.916,0.913
ru,token,300,2,0.464,0.458
ru,syl,500,1,0.896,0.897
ru,pos,300,1,0.604,0.597
ru,pos,300,2,0.86,0.86
ru,token,500,1,0.852,0.849
ru,syl,300,1,0.672,0.661
ru,syl,500,2,0.984,0.984
ru,pos,300,2,0.84,0.839
ru,syl,300,2,1,1
ru,syl,300,1,0.768,0.765
ru,pos_syl,500,1,0.992,0.992
ru,token,500,2,0.608,0.603
ru,pos_syl,300,1,0.936,0.935
ru,pos,500,1,0.824,0.818
ru,syl,300,2,0.968,0.968
ru,pos_syl,300,1,0.944,0.945
ru,token,500,2,0.716,0.711
ru,pos,500,1,0.752,0.751
ru,pos_syl,300,2,0.992,0.992
ru,pos_syl,500,2,1,1
ru,pos,500,2,0.904,0.905
ru,syl,500,1,0.956,0.956
ru,pos_syl,300,2,0.992,0.992
ru,token,500,1,0.884,0.884
ru,token,750,1,0.912,0.91
ru,pos,500,2,0.94,0.939
ru,syl,500,2,1,1
ru,syl,500,1,0.84,0.839
ru,token,500,1,0.776,0.767
ru,pos_syl,500,1,0.964,0.964
ru,syl,500,2,1,1
ru,pos_syl,500,1,0.984,0.984
ru,token,500,2,0.812,0.81
ru,pos,500,1,0.732,0.73
ru,pos_syl,500,2,1,1
ru,token,500,2,0.612,0.606
ru,pos,500,1,0.744,0.744
ru,token,750,2,0.744,0.745
ru,pos,750,1,0.904,0.903
ru,pos_syl,500,2,0.992,0.992
ru,token,750,1,0.924,0.923
ru,pos,500,2,0.908,0.907
ru,syl,500,1,0.884,0.878
ru,token,750,1,0.884,0.881
ru,pos,500,2,0.82,0.814
ru,syl,500,1,0.792,0.783
ru,syl,500,2,1,1
ru,pos_syl,500,1,0.98,0.98
ru,pos,750,2,0.972,0.972
ru,syl,750,1,0.944,0.945
ru,syl,500,2,0.988,0.988
ru,pos_syl,500,1,0.972,0.972
ru,token,750,2,0.792,0.789
ru,pos,750,1,0.952,0.951
ru,pos_syl,500,2,0.996,0.996
ru,syl,750,2,1,1
ru,pos_syl,750,1,0.988,0.988
ru,token,750,2,0.772,0.764
ru,pos,750,1,0.976,0.976
ru,pos_syl,500,2,0.992,0.992
ru,token,750,1,0.864,0.856
ru,pos,750,2,0.972,0.972
ru,syl,750,1,0.888,0.887
ru,token,750,1,0.948,0.947
ru,pos_syl,750,2,1,1
ru,pos,750,2,0.968,0.968
ru,syl,750,1,0.896,0.895
ru,syl,750,2,1,1
ru,token,1000,1,0.98,0.98
ru,pos_syl,750,1,1,1
ru,token,750,2,0.796,0.796
ru,pos,750,1,0.88,0.88
ru,syl,750,2,1,1
ru,pos_syl,750,1,1,1
ru,token,750,2,0.82,0.821
ru,pos,750,1,0.92,0.92
ru,pos_syl,750,2,1,1
ru,pos,750,2,0.956,0.956
ru,syl,750,1,0.904,0.903
ru,pos_syl,750,2,1,1
ru,token,1000,1,0.948,0.947
ru,pos,750,2,0.988,0.988
ru,syl,750,1,0.964,0.964
ru,token,1000,2,0.856,0.857
ru,pos,1000,1,0.972,0.972
ru,syl,750,2,1,1
ru,token,1000,1,0.96,0.96
ru,pos_syl,750,1,0.984,0.984
ru,syl,750,2,0.992,0.992
ru,pos_syl,750,1,1,1
ru,pos,1000,2,0.996,0.996
ru,syl,1000,1,0.924,0.925
ru,pos_syl,750,2,1,1
ru,token,1000,2,0.876,0.876
ru,pos,1000,1,0.92,0.92
ru,pos_syl,750,2,1,1
ru,token,1000,1,0.988,0.988
ru,syl,1000,2,1,1
ru,token,1000,2,0.784,0.785
ru,pos,1000,1,0.956,0.956
ru,pos_syl,1000,1,1,1
ru,token,1000,1,0.928,0.928
ru,pos,1000,2,0.98,0.98
ru,syl,1000,1,0.952,0.951
ru,pos,1000,2,0.988,0.988
ru,syl,1000,1,0.968,0.968
ru,pos_syl,1000,2,1,1
ru,token,1000,2,0.84,0.84
ru,pos,1000,1,0.956,0.955
ru,token,25,1,0.396,0.398
ru,syl,1000,2,1,1
ru,pos_syl,1000,1,1,1
ru,token,25,2,0.232,0.22
ru,token,1000,2,0.836,0.834
ru,pos,25,1,0.168,0.169
ru,pos,1000,1,0.888,0.888
ru,syl,1000,2,1,1
ru,pos,25,2,0.368,0.368
ru,pos_syl,1000,1,1,1
ru,syl,25,1,0.452,0.437
ru,syl,25,2,0.608,0.606
ru,pos_syl,25,1,0.292,0.295
ru,pos,1000,2,0.996,0.996
ru,syl,1000,1,0.976,0.976
ru,pos_syl,1000,2,1,1
ru,pos,1000,2,0.988,0.988
ru,syl,1000,1,0.948,0.947
ru,token,25,1,0.336,0.32
ru,pos_syl,1000,2,1,1
ru,token,25,2,0.208,0.187
ru,pos,25,1,0.296,0.285
ru,syl,1000,2,1,1
ru,pos_syl,25,2,0.536,0.539
ru,token,25,1,0.312,0.287
ru,pos_syl,1000,1,0.996,0.996
ru,pos,25,2,0.372,0.363
ru,syl,25,1,0.344,0.346
ru,syl,25,2,0.504,0.515
ru,syl,1000,2,1,1
ru,token,25,2,0.252,NaN
ru,token,50,1,0.376,0.374
ru,pos,25,1,0.24,0.236
ru,pos_syl,25,1,0.516,0.522
ru,pos_syl,1000,1,1,1
ru,pos,25,2,0.48,0.483
ru,syl,25,1,0.44,0.44
ru,token,50,2,0.148,0.17
ru,syl,25,2,0.56,0.555
ru,pos,50,1,0.348,0.335
ru,pos_syl,25,1,0.336,0.339
ru,pos,50,2,0.464,0.474
ru,syl,50,1,0.396,0.373
ru,pos_syl,1000,2,1,1
ru,syl,50,2,0.644,0.648
ru,pos_syl,50,1,0.488,0.486
ru,pos_syl,25,2,0.66,0.668
ru,token,25,1,0.28,0.272
ru,pos_syl,1000,2,1,1
ru,token,25,2,0.264,0.263
ru,pos_syl,50,2,0.716,0.718
ru,token,50,1,0.324,0.322
ru,pos,25,1,0.144,0.141
ru,pos_syl,25,2,0.572,0.566
ru,token,25,1,0.308,0.303
ru,pos,25,2,0.372,0.366
ru,token,100,1,0.484,0.481
ru,syl,25,1,0.34,0.328
ru,token,50,2,0.276,0.255
ru,token,50,1,0.464,0.47
ru,syl,25,2,0.532,0.529
ru,token,25,2,0.26,0.223
ru,pos,50,1,0.34,0.329
ru,pos,25,1,0.248,0.246
ru,pos_syl,25,1,0.304,0.293
ru,pos,50,2,0.44,0.444
ru,token,100,2,0.268,0.264
ru,pos,25,2,0.34,0.333
ru,syl,50,1,0.348,0.326
ru,pos,100,1,0.488,0.474
ru,syl,25,1,0.344,NaN
ru,token,50,2,0.4,0.372
ru,pos,50,1,0.42,0.418
ru,syl,25,2,0.444,0.44
ru,syl,50,2,0.636,0.619
ru,pos_syl,25,1,0.34,0.319
ru,pos_syl,50,1,0.512,0.506
ru,pos,100,2,0.644,0.633
ru,pos,50,2,0.484,0.484
ru,syl,100,1,0.428,0.41
ru,syl,50,1,0.48,0.461
ru,syl,100,2,0.796,0.789
ru,syl,50,2,0.644,0.64
ru,pos_syl,50,2,0.596,0.589
ru,pos_syl,100,1,0.688,0.676
ru,pos_syl,50,1,0.444,0.439
ru,pos_syl,25,2,0.532,0.523
ru,token,100,1,0.584,0.582
ru,pos_syl,50,2,0.532,0.535
ru,token,50,1,0.392,0.375
ru,pos_syl,100,2,0.836,0.828
ru,pos_syl,25,2,0.544,0.552
ru,token,100,1,0.392,0.388
ru,token,100,2,0.396,0.383
ru,token,200,1,0.684,0.685
ru,pos,100,1,0.416,0.407
ru,token,50,2,0.212,0.218
ru,pos,50,1,0.36,0.351
ru,token,50,1,0.328,0.319
ru,pos,100,2,0.612,0.613
ru,token,100,2,0.34,0.333
ru,syl,100,1,0.656,0.649
ru,pos,50,2,0.444,0.45
ru,pos,100,1,0.46,0.473
ru,syl,50,1,0.444,0.435
ru,token,200,2,0.472,0.475
ru,syl,100,2,0.832,0.829
ru,token,50,2,0.316,0.32
ru,syl,50,2,0.556,0.549
ru,pos,200,1,0.56,0.556
ru,pos,50,1,0.388,0.39
ru,pos_syl,100,1,0.692,0.687
ru,pos_syl,50,1,0.572,0.565
ru,pos,100,2,0.472,0.48
ru,syl,100,1,0.508,0.489
ru,pos,50,2,0.48,0.487
ru,syl,50,1,0.428,0.417
ru,syl,100,2,0.68,0.681
ru,pos,200,2,0.776,0.769
ru,pos_syl,50,2,0.672,0.673
ru,syl,200,1,0.636,0.618
ru,pos_syl,100,2,0.836,0.832
ru,syl,50,2,0.664,0.666
ru,pos_syl,100,1,0.66,0.656
ru,pos_syl,50,1,0.604,0.596
ru,syl,200,2,0.888,0.885
ru,token,100,1,0.42,0.417
ru,token,200,1,0.772,0.773
ru,pos_syl,200,1,0.908,0.907
ru,pos_syl,100,2,0.824,0.823
ru,pos_syl,50,2,0.58,0.58
ru,token,100,2,0.3,0.298
ru,token,200,1,0.66,0.663
ru,token,100,1,0.504,0.506
ru,pos,100,1,0.392,0.391
ru,pos_syl,200,2,0.968,0.968
ru,token,200,2,0.464,0.459
ru,pos,200,1,0.608,0.607
ru,pos,100,2,0.476,0.486
ru,syl,100,1,0.576,0.575
ru,token,300,1,0.752,0.752
ru,token,100,2,0.356,0.349
ru,pos,100,1,0.508,0.507
ru,token,200,2,0.476,0.479
ru,syl,100,2,0.832,0.833
ru,pos,200,2,0.712,0.705
ru,pos,200,1,0.552,0.54
ru,syl,200,1,0.728,0.721
ru,pos_syl,100,1,0.652,0.647
ru,pos,100,2,0.572,0.578
ru,syl,200,2,0.916,0.915
ru,syl,100,1,0.536,0.518
ru,pos,200,2,0.584,0.58
ru,pos_syl,200,1,0.924,0.923
ru,syl,200,1,0.712,0.708
ru,syl,100,2,0.816,0.809
ru,pos_syl,100,2,0.824,0.823
ru,token,300,2,0.548,0.525
ru,pos,300,1,0.704,0.696
ru,pos_syl,100,1,0.652,0.646
ru,syl,200,2,0.916,0.916
ru,token,200,1,0.552,0.546
ru,pos_syl,200,1,0.836,0.833
ru,pos_syl,200,2,0.976,0.976
ru,pos_syl,100,2,0.84,0.838
ru,pos,300,2,0.708,0.709
ru,syl,300,1,0.844,0.84
ru,token,300,1,0.672,0.67
ru,pos_syl,200,2,0.92,0.92
ru,token,200,1,0.716,0.722
ru,token,200,2,0.448,0.448
ru,syl,300,2,0.976,0.976
ru,pos,200,1,0.512,0.508
ru,pos_syl,300,1,0.964,0.964
ru,token,300,1,0.732,0.725
ru,pos,200,2,0.644,0.643
ru,syl,200,1,0.628,0.625
ru,token,200,2,0.444,0.433
ru,token,300,2,0.416,0.411
ru,pos,200,1,0.56,0.546
ru,pos,300,1,0.74,0.74
ru,pos_syl,300,2,0.984,0.984
ru,syl,200,2,0.892,0.892
ru,pos_syl,200,1,0.872,0.871
ru,token,300,2,0.44,0.436
ru,pos,200,2,0.688,0.677
ru,pos,300,1,0.628,0.621
ru,syl,200,1,0.664,0.653
ru,pos,300,2,0.836,0.837
ru,token,500,1,0.86,0.859
ru,syl,300,1,0.812,0.803
ru,syl,200,2,0.932,0.932
ru,pos_syl,200,2,0.912,0.912
ru,pos_syl,200,1,0.888,0.888
ru,syl,300,2,0.968,0.968
ru,pos,300,2,0.788,0.785
ru,syl,300,1,0.816,0.814
ru,pos_syl,300,1,0.964,0.963
ru,token,300,1,0.752,0.741
ru,pos_syl,200,2,0.928,0.927
ru,syl,300,2,0.976,0.976
ru,pos_syl,300,1,0.896,0.892
ru,token,500,2,0.608,0.606
ru,pos_syl,300,2,0.992,0.992
ru,pos,500,1,0.76,0.756
ru,token,300,1,0.88,0.879
ru,token,300,2,0.496,0.486
ru,pos,300,1,0.708,0.703
ru,token,500,1,0.892,0.891
ru,pos_syl,300,2,0.988,0.988
ru,pos,500,2,0.952,0.952
ru,syl,500,1,0.884,0.885
ru,token,300,2,0.5,0.495
ru,pos,300,2,0.848,0.847
ru,token,500,1,0.908,0.906
ru,pos,300,1,0.812,0.812
ru,syl,300,1,0.876,0.876
ru,syl,500,2,0.996,0.996
ru,syl,300,2,0.996,0.996
ru,pos_syl,500,1,1,1
ru,token,500,2,0.608,0.607
ru,pos_syl,300,1,0.94,0.939
ru,pos,300,2,0.876,0.877
ru,pos,500,1,0.8,0.802
ru,syl,300,1,0.844,0.842
ru,syl,300,2,0.968,0.968
ru,token,500,2,0.628,0.625
ru,pos,500,1,0.78,0.778
ru,pos_syl,300,2,0.992,0.992
ru,pos_syl,300,1,0.94,0.94
ru,pos_syl,500,2,0.996,0.996
ru,pos,500,2,0.876,0.878
ru,syl,500,1,0.864,0.86
ru,token,500,1,0.836,0.832
ru,pos_syl,300,2,0.992,0.992
ru,token,750,1,0.908,0.907
ru,pos,500,2,0.968,0.968
ru,syl,500,1,0.872,0.872
ru,syl,500,2,1,1
ru,pos_syl,500,1,0.972,0.972
ru,token,500,1,0.92,0.919
ru,syl,500,2,1,1
ru,pos_syl,500,1,0.968,0.968
ru,token,500,2,0.668,0.665
ru,pos,500,1,0.812,0.812
ru,pos_syl,500,2,1,1
ru,token,500,2,0.612,0.592
ru,token,750,2,0.84,0.839
ru,pos_syl,500,2,0.996,0.996
ru,pos,500,1,0.82,0.82
ru,pos,750,1,0.932,0.932
ru,token,750,1,0.932,0.932
ru,pos,500,2,0.876,0.873
ru,syl,500,1,0.832,0.829
ru,token,750,1,0.976,0.976
ru,pos,500,2,0.928,0.927
ru,syl,500,2,1,1
ru,syl,500,1,0.848,0.85
ru,pos,750,2,0.996,0.996
ru,pos_syl,500,1,0.984,0.984
ru,syl,750,1,0.928,0.927
ru,syl,500,2,1,1
ru,pos_syl,500,1,0.992,0.992
ru,token,750,2,0.756,0.759
ru,syl,750,2,1,1
ru,pos_syl,500,2,0.996,0.996
ru,pos,750,1,0.872,0.871
ru,pos_syl,750,1,1,1
ru,token,750,2,0.796,0.791
ru,pos,750,1,0.912,0.912
ru,token,750,1,0.928,0.926
ru,pos_syl,500,2,1,1
ru,pos,750,2,0.948,0.948
ru,token,750,1,0.94,0.939
ru,pos_syl,750,2,1,1
ru,syl,750,1,0.808,0.802
ru,pos,750,2,1,1
ru,syl,750,1,0.972,0.972
ru,token,1000,1,0.968,0.967
ru,syl,750,2,1,1
ru,pos_syl,750,1,0.972,0.972
ru,token,750,2,0.716,0.714
ru,syl,750,2,1,1
ru,pos,750,1,0.908,0.908
ru,pos_syl,750,1,1,1
ru,token,750,2,0.824,0.823
ru,pos,750,1,0.908,0.905
ru,pos_syl,750,2,1,1
ru,pos,750,2,0.952,0.952
ru,syl,750,1,0.892,0.887
ru,pos_syl,750,2,1,1
ru,token,1000,2,0.848,0.844
ru,pos,750,2,0.98,0.98
ru,token,1000,1,0.924,0.923
ru,pos,1000,1,0.896,0.895
ru,syl,750,1,0.92,0.92
ru,token,1000,1,0.984,0.984
ru,syl,750,2,1,1
ru,pos_syl,750,1,1,1
ru,syl,750,2,0.992,0.992
ru,pos_syl,750,1,1,1
ru,pos,1000,2,0.984,0.984
ru,syl,1000,1,0.92,0.919
ru,pos_syl,750,2,1,1
ru,token,1000,2,0.876,0.875
ru,pos,1000,1,0.904,0.903
ru,pos_syl,750,2,1,1
ru,token,1000,1,0.92,0.918
ru,token,1000,2,0.876,0.874
ru,syl,1000,2,1,1
ru,pos,1000,1,0.924,0.924
ru,pos_syl,1000,1,1,1
ru,token,1000,1,0.984,0.984
ru,pos,1000,2,0.992,0.992
ru,syl,1000,1,0.94,0.938
ru,pos,1000,2,0.988,0.988
ru,syl,1000,1,0.98,0.98
ru,pos_syl,1000,2,1,1
ru,token,25,1,0.324,0.33
ru,token,1000,2,0.888,0.887
ru,syl,1000,2,1,1
ru,pos,1000,1,0.932,0.932
ru,token,25,2,0.24,0.23
ru,pos_syl,1000,1,1,1
ru,pos,25,1,0.336,0.329
ru,token,1000,2,0.868,0.865
ru,pos,1000,1,0.932,0.932
ru,syl,1000,2,1,1
ru,pos_syl,1000,1,1,1
ru,pos,25,2,0.356,0.347
ru,syl,25,1,0.356,0.351
ru,syl,25,2,0.508,0.494
ru,pos_syl,25,1,0.42,0.414
ru,pos,1000,2,0.996,0.996
ru,syl,1000,1,1,1
ru,pos_syl,1000,2,1,1
ru,pos,1000,2,0.996,0.996
ru,syl,1000,1,0.948,0.946
ru,token,25,1,0.332,0.324
ru,pos_syl,1000,2,1,1
ru,pos_syl,25,2,0.684,0.684
ru,token,25,2,0.288,0.284
ru,pos,25,1,0.268,0.258
ru,token,25,1,0.468,0.469
ru,syl,1000,2,1,1
ru,token,50,1,0.496,0.487
ru,pos,25,2,0.276,0.295
ru,pos_syl,1000,1,1,1
ru,syl,25,1,0.356,0.354
ru,token,25,2,0.24,NaN
ru,syl,1000,2,1,1
ru,pos,25,1,0.34,NaN
ru,syl,25,2,0.5,0.493
ru,pos_syl,25,1,0.372,0.378
ru,pos_syl,1000,1,1,1
ru,token,50,2,0.236,0.225
ru,pos,25,2,0.372,0.358
ru,pos,50,1,0.336,0.315
ru,syl,25,1,0.344,0.333
ru,syl,25,2,0.392,0.368
ru,pos,50,2,0.452,0.454
ru,pos_syl,25,1,0.38,0.38
ru,syl,50,1,0.424,0.411
ru,syl,50,2,0.772,0.77
ru,pos_syl,50,1,0.668,0.661
ru,pos_syl,1000,2,1,1
ru,pos_syl,25,2,0.48,0.494
ru,pos_syl,50,2,0.724,0.727
ru,token,25,1,0.36,0.361
ru,pos_syl,1000,2,1,1
ru,token,25,2,0.212,0.208
ru,token,100,1,0.616,0.617
ru,pos_syl,25,2,0.58,0.58
ru,token,50,1,0.348,0.349
ru,pos,25,1,0.312,0.292
ru,token,25,1,0.24,0.248
ru,pos,25,2,0.368,0.374
ru,token,50,1,0.448,0.451
ru,syl,25,1,0.184,0.18
ru,syl,25,2,0.568,0.557
ru,token,50,2,0.264,0.244
ru,token,100,2,0.316,0.309
ru,token,25,2,0.236,0.183
ru,pos,50,1,0.364,0.325
ru,pos,100,1,0.464,0.461
ru,pos_syl,25,1,0.34,0.336
ru,pos,25,1,0.3,0.283
ru,token,50,2,0.296,0.278
ru,pos,50,1,0.488,0.487
ru,pos,50,2,0.356,0.361
ru,pos,25,2,0.368,0.369
ru,syl,50,1,0.288,0.276
ru,pos,100,2,0.524,0.526
ru,syl,100,1,0.532,0.523
ru,syl,25,1,0.292,0.274
ru,syl,50,2,0.712,0.713
ru,syl,25,2,0.38,0.379
ru,pos,50,2,0.52,0.525
ru,syl,100,2,0.852,0.843
ru,syl,50,1,0.38,0.379
ru,pos_syl,50,1,0.376,0.37
ru,pos_syl,25,1,0.344,0.347
ru,pos_syl,100,1,0.784,0.776
ru,syl,50,2,0.696,0.692
ru,pos_syl,50,1,0.496,0.499
ru,pos_syl,50,2,0.62,0.618
ru,pos_syl,100,2,0.852,0.85
ru,pos_syl,25,2,0.548,0.55
ru,pos_syl,50,2,0.78,0.78
ru,token,100,1,0.556,0.55
ru,token,50,1,0.404,0.399
ru,token,200,1,0.616,0.608
ru,token,100,1,0.528,0.527
ru,pos_syl,25,2,0.428,0.428
ru,token,100,2,0.4,0.405
ru,pos,100,1,0.484,0.478
ru,token,50,2,0.396,0.395
ru,pos,50,1,0.416,0.411
ru,token,100,2,0.288,0.287
ru,token,200,2,0.396,0.391
ru,token,50,1,0.228,0.227
ru,pos,100,1,0.332,0.331
ru,pos,200,1,0.496,0.481
ru,pos,100,2,0.404,0.412
ru,pos,50,2,0.516,0.513
ru,syl,100,1,0.628,0.62
ru,syl,50,1,0.436,0.426
ru,syl,100,2,0.86,0.861
ru,pos,100,2,0.448,0.451
ru,syl,50,2,0.612,0.609
ru,syl,100,1,0.576,0.568
ru,token,50,2,0.172,0.159
ru,pos,200,2,0.656,0.645
ru,pos_syl,100,1,0.648,0.645
ru,pos_syl,50,1,0.636,0.619
ru,syl,200,1,0.708,0.706
ru,pos,50,1,0.252,0.257
ru,syl,100,2,0.652,0.644
ru,pos_syl,100,1,0.564,0.554
ru,syl,200,2,0.884,0.884
ru,pos,50,2,0.38,0.388
ru,syl,50,1,0.412,0.4
ru,pos_syl,50,2,0.604,0.603
ru,pos_syl,100,2,0.796,0.793
ru,pos_syl,200,1,0.86,0.86
ru,syl,50,2,0.696,0.691
ru,pos_syl,100,2,0.692,0.687
ru,pos_syl,50,1,0.444,0.434
ru,token,100,1,0.624,0.623
ru,token,200,1,0.692,0.698
ru,pos_syl,200,2,0.892,0.889
ru,token,200,1,0.628,0.626
ru,pos_syl,50,2,0.704,0.704
ru,token,100,2,0.376,0.373
ru,pos,100,1,0.46,0.447
ru,token,300,1,0.8,0.798
ru,token,100,1,0.584,0.58
ru,token,200,2,0.404,0.389
ru,pos,200,1,0.564,0.561
ru,token,200,2,0.388,0.387
ru,pos,100,2,0.544,0.544
ru,syl,100,1,0.5,0.495
ru,pos,200,1,0.644,0.637
ru,token,100,2,0.356,0.354
ru,syl,100,2,0.772,0.774
ru,pos,200,2,0.828,0.828
ru,pos,100,1,0.404,0.4
ru,syl,200,1,0.608,0.593
ru,pos_syl,100,1,0.8,0.785
ru,token,300,2,0.416,0.403
ru,pos,200,2,0.652,0.652
ru,pos,300,1,0.732,0.732
ru,syl,200,1,0.58,0.568
ru,syl,200,2,0.932,0.933
ru,pos,100,2,0.644,0.638
ru,syl,100,1,0.68,0.661
ru,pos_syl,200,1,0.776,0.77
ru,syl,200,2,0.98,0.98
ru,pos_syl,100,2,0.876,0.875
ru,syl,100,2,0.752,0.748
ru,pos_syl,200,1,0.872,0.875
ru,pos_syl,100,1,0.668,0.661
ru,pos,300,2,0.92,0.92
ru,syl,300,1,0.784,0.79
ru,token,200,1,0.772,0.77
ru,pos_syl,200,2,0.928,0.927
ru,pos_syl,100,2,0.772,0.765
ru,pos_syl,200,2,0.884,0.883
ru,syl,300,2,0.976,0.976
ru,pos_syl,300,1,0.936,0.935
ru,token,300,1,0.724,0.723
ru,token,200,1,0.616,0.617
ru,token,200,2,0.6,0.6
ru,token,300,1,0.684,0.68
ru,pos,200,1,0.608,0.606
ru,pos_syl,300,2,0.992,0.992
ru,pos,200,2,0.772,0.772
ru,token,300,2,0.504,0.505
ru,syl,200,1,0.764,0.757
ru,token,200,2,0.396,0.394
ru,pos,300,1,0.616,0.62
ru,pos,200,1,0.56,0.553
ru,token,300,2,0.564,0.559
ru,token,500,1,0.868,0.867
ru,syl,200,2,0.96,0.96
ru,pos,300,1,0.724,0.725
ru,pos_syl,200,1,0.912,0.91
ru,pos,200,2,0.824,0.82
ru,pos,300,2,0.864,0.862
ru,syl,200,1,0.696,0.693
ru,syl,300,1,0.72,0.721
ru,pos,300,2,0.804,0.806
ru,syl,200,2,0.932,0.932
ru,syl,300,1,0.852,0.851
ru,pos_syl,200,2,0.96,0.96
ru,syl,300,2,1,1
ru,pos_syl,200,1,0.924,0.923
ru,pos_syl,300,1,0.948,0.948
ru,syl,300,2,0.992,0.992
ru,token,500,2,0.656,0.652
ru,token,300,1,0.764,0.766
ru,pos,500,1,0.812,0.812
ru,pos_syl,300,1,0.944,0.943
ru,pos_syl,200,2,0.944,0.943
ru,pos_syl,300,2,1,1
ru,token,300,1,0.764,0.764
ru,pos_syl,300,2,0.992,0.992
ru,pos,500,2,0.96,0.96
ru,token,300,2,0.484,0.485
ru,syl,500,1,0.904,0.903
ru,token,500,1,0.884,0.883
ru,pos,300,1,0.728,0.717
ru,token,500,1,0.94,0.94
ru,syl,500,2,0.984,0.984
ru,pos,300,2,0.816,0.817
ru,token,300,2,0.516,0.503
ru,pos_syl,500,1,0.988,0.988
ru,syl,300,1,0.8,0.8
ru,pos,300,1,0.756,0.749
ru,syl,300,2,0.976,0.976
ru,token,500,2,0.6,0.597
ru,pos,500,1,0.844,0.844
ru,pos_syl,300,1,0.944,0.944
ru,pos,300,2,0.852,0.849
ru,syl,300,1,0.756,0.748
ru,token,500,2,0.74,0.74
ru,pos_syl,500,2,1,1
ru,pos,500,1,0.836,0.836
ru,syl,300,2,0.872,0.87
ru,pos_syl,300,2,0.98,0.98
ru,pos_syl,300,1,0.956,0.956
ru,pos,500,2,0.9,0.902
ru,syl,500,1,0.94,0.94
ru,token,750,1,0.948,0.947
ru,pos,500,2,0.844,0.842
ru,syl,500,1,0.944,0.943
ru,token,500,1,0.796,0.795
ru,pos_syl,300,2,0.992,0.992
ru,syl,500,2,1,1
ru,pos_syl,500,1,0.984,0.984
ru,syl,500,2,1,1
ru,token,500,1,0.888,0.887
ru,pos_syl,500,1,0.992,0.992
ru,token,500,2,0.632,0.635
ru,pos_syl,500,2,1,1
ru,pos,500,1,0.844,0.846
ru,token,750,2,0.716,0.715
ru,pos,750,1,0.828,0.828
ru,pos_syl,500,2,0.996,0.996
ru,token,750,1,0.904,0.902
ru,token,500,2,0.684,0.675
ru,pos,500,1,0.868,0.869
ru,pos,500,2,0.904,0.904
ru,token,750,1,0.952,0.951
ru,syl,500,1,0.84,0.84
ru,pos,750,2,1,1
ru,syl,750,1,0.888,0.879
ru,syl,500,2,1,1
ru,pos,500,2,0.908,0.908
ru,syl,500,1,0.912,0.911
ru,pos_syl,500,1,0.996,0.996
ru,syl,500,2,0.996,0.996
ru,syl,750,2,1,1
ru,token,750,2,0.792,0.792
ru,pos_syl,750,1,1,1
ru,pos_syl,500,1,0.968,0.967
ru,pos,750,1,0.948,0.948
ru,pos_syl,500,2,1,1
ru,token,750,2,0.74,0.732
ru,pos,750,1,0.868,0.869
ru,token,750,1,0.952,0.952
ru,pos_syl,500,2,1,1
ru,pos,750,2,0.996,0.996
ru,pos_syl,750,2,1,1
ru,syl,750,1,0.816,0.818
ru,pos,750,2,0.972,0.972
ru,syl,750,1,0.932,0.931
ru,token,750,1,0.928,0.925
ru,token,1000,1,0.952,0.952
ru,syl,750,2,1,1
ru,pos_syl,750,1,0.996,0.996
ru,syl,750,2,1,1
ru,token,750,2,0.772,0.767
ru,pos_syl,750,1,1,1
ru,pos,750,1,0.872,0.873
ru,token,750,2,0.792,0.791
ru,pos,750,1,0.848,0.847
ru,pos_syl,750,2,1,1
ru,pos,750,2,0.944,0.944
ru,syl,750,1,0.908,0.91
ru,pos_syl,750,2,1,1
ru,token,1000,2,0.816,0.811
ru,token,1000,1,0.928,0.929
ru,pos,1000,1,0.944,0.944
ru,token,1000,1,0.976,0.976
ru,pos,750,2,0.984,0.984
ru,syl,750,1,0.944,0.943
ru,syl,750,2,1,1
ru,pos_syl,750,1,1,1
ru,syl,750,2,1,1
ru,pos,1000,2,0.996,0.996
ru,syl,1000,1,0.964,0.964
ru,pos_syl,750,1,0.992,0.992
ru,pos_syl,750,2,1,1
ru,token,1000,2,0.832,0.833
ru,pos,1000,1,0.948,0.949
ru,token,1000,1,0.956,0.956
ru,token,1000,2,0.924,0.923
ru,pos,1000,1,0.948,0.948
ru,syl,1000,2,1,1
ru,pos_syl,750,2,1,1
ru,pos_syl,1000,1,1,1
ru,token,1000,1,0.984,0.984
ru,pos,1000,2,0.996,0.996
ru,syl,1000,1,0.94,0.939
ru,pos,1000,2,1,1
ru,syl,1000,1,1,1
ru,pos_syl,1000,2,1,1
ru,token,1000,2,0.76,0.758
ru,pos,1000,1,0.988,0.988
ru,token,25,1,0.332,0.322
ru,syl,1000,2,1,1
ru,syl,1000,2,1,1
ru,token,25,2,0.2,0.198
ru,pos_syl,1000,1,1,1
ru,pos,25,1,0.244,0.247
ru,pos_syl,1000,1,0.996,0.996
ru,token,1000,2,0.884,0.881
ru,pos,25,2,0.388,0.386
ru,pos,1000,1,0.92,0.92
ru,syl,25,1,0.344,0.338
ru,syl,25,2,0.564,0.559
ru,pos_syl,25,1,0.36,0.359
ru,pos,1000,2,1,1
ru,syl,1000,1,0.96,0.96
ru,pos_syl,1000,2,1,1
ru,pos_syl,1000,2,1,1
ru,pos,1000,2,0.988,0.988
ru,token,25,1,0.26,0.258
ru,syl,1000,1,0.952,0.952
ru,token,25,1,0.356,0.341
ru,pos_syl,25,2,0.428,0.43
ru,token,25,2,0.268,0.254
ru,token,25,2,0.26,0.227
ru,pos,25,1,0.38,0.383
ru,syl,1000,2,1,1
ru,pos,25,1,0.288,0.279
ru,pos_syl,1000,1,1,1
ru,token,50,1,0.288,0.288
ru,pos,25,2,0.396,0.384
ru,pos,25,2,0.312,0.319
ru,syl,25,1,0.196,0.193
ru,syl,25,1,0.252,0.25
ru,syl,25,2,0.436,0.428
ru,syl,25,2,0.528,0.525
ru,syl,1000,2,1,1
ru,pos_syl,25,1,0.304,0.305
ru,pos_syl,25,1,0.304,0.283
ru,token,50,2,0.192,0.181
ru,pos,50,1,0.236,0.224
ru,pos_syl,1000,1,1,1
ru,pos,50,2,0.324,0.328
ru,syl,50,1,0.336,0.332
ru,syl,50,2,0.592,0.593
ru,pos_syl,1000,2,1,1
ru,pos_syl,50,1,0.54,0.539
ru,token,25,1,0.312,0.309
ru,pos_syl,25,2,0.436,0.457
ru,pos_syl,50,2,0.644,0.649
ru,pos_syl,25,2,0.52,0.523
ru,token,25,2,0.252,0.227
ru,pos_syl,1000,2,1,1
ru,pos,25,1,0.28,0.279
ru,token,50,1,0.312,0.308
ru,token,50,1,0.304,0.3
ru,token,100,1,0.376,0.375
ru,pos,25,2,0.368,0.366
ru,syl,25,1,0.444,0.432
ru,syl,25,2,0.492,0.491
ru,token,50,2,0.296,0.289
ru,pos_syl,25,1,0.328,0.328
ru,token,50,2,0.28,0.283
ru,pos,50,1,0.348,0.344
ru,token,100,2,0.268,0.279
ru,pos,50,1,0.308,0.279
ru,pos,100,1,0.384,0.381
ru,pos,50,2,0.428,0.433
ru,pos,50,2,0.44,0.446
ru,syl,50,1,0.372,0.372
ru,syl,50,1,0.4,0.396
ru,pos,100,2,0.696,0.691
ru,syl,50,2,0.748,0.738
ru,syl,100,1,0.412,0.4
ru,syl,50,2,0.68,0.675
ru,pos_syl,50,1,0.464,0.459
ru,pos_syl,50,1,0.604,0.603
ru,syl,100,2,0.888,0.888
ru,pos_syl,100,1,0.736,0.729
ru,pos_syl,50,2,0.556,0.555
ru,pos_syl,50,2,0.612,0.617
ru,pos_syl,25,2,0.436,0.447
ru,pos_syl,100,2,0.88,0.879
ru,token,100,1,0.508,0.494
ru,token,100,1,0.524,0.529
ru,token,50,1,0.344,0.344
ru,token,200,1,0.744,0.747
ru,token,100,2,0.26,0.265
ru,token,50,2,0.276,0.262
ru,token,100,2,0.488,0.494
ru,pos,100,1,0.612,0.611
ru,pos,50,1,0.456,0.451
ru,pos,100,1,0.356,0.361
ru,token,25,1,0.156,0.16
ru,pos,100,2,0.536,0.534
ru,token,200,2,0.316,0.311
ru,pos,50,2,0.396,0.399
ru,syl,100,1,0.452,0.435
ru,pos,200,1,0.568,0.555
ru,pos,100,2,0.64,0.639
ru,syl,50,1,0.5,0.491
ru,token,25,2,0.288,0.276
ru,syl,100,1,0.444,0.423
ru,pos,25,1,0.224,0.227
ru,syl,50,2,0.652,0.635
ru,syl,100,2,0.868,0.866
ru,syl,100,2,0.8,0.798
ru,pos_syl,50,1,0.496,0.499
ru,pos_syl,100,1,0.716,0.716
ru,pos,25,2,0.428,0.434
ru,pos_syl,100,1,0.72,0.72
ru,syl,25,1,0.416,0.412
ru,pos,200,2,0.672,0.666
ru,syl,200,1,0.796,0.793
ru,syl,25,2,0.632,0.63
ru,pos_syl,50,2,0.684,0.677
ru,pos_syl,25,1,0.524,0.527
ru,pos_syl,100,2,0.768,0.762
ru,syl,200,2,0.96,0.96
ru,pos_syl,100,2,0.844,0.842
ru,pos_syl,200,1,0.932,0.932
ru,token,100,1,0.404,0.404
ru,token,200,1,0.632,0.623
ru,token,200,1,0.68,0.679
ru,pos_syl,200,2,0.868,0.865
ru,token,100,2,0.276,0.276
ru,pos,100,1,0.376,0.365
ru,token,200,2,0.472,0.467
ru,pos_syl,25,2,0.444,0.442
ru,pos,200,1,0.56,0.558
ru,token,300,1,0.772,0.772
ru,token,200,2,0.384,0.376
ru,pos,200,1,0.492,0.473
ru,pos,100,2,0.496,0.502
ru,syl,100,1,0.432,0.396
ru,token,50,1,0.432,0.43
ru,syl,100,2,0.752,0.749
ru,pos,200,2,0.756,0.759
ru,syl,200,1,0.58,0.563
ru,pos,200,2,0.552,0.545
ru,pos_syl,100,1,0.716,0.711
ru,syl,200,1,0.684,0.658
ru,syl,200,2,0.936,0.936
ru,token,50,2,0.332,0.329
ru,token,300,2,0.576,0.577
ru,pos,50,1,0.348,0.354
ru,syl,200,2,0.956,0.956
ru,pos,300,1,0.572,0.568
ru,pos_syl,200,1,0.824,0.818
ru,pos_syl,100,2,0.9,0.898
ru,pos_syl,200,1,0.788,0.784
ru,pos,50,2,0.504,0.509
ru,syl,50,1,0.404,0.392
ru,syl,50,2,0.788,0.78
ru,token,200,1,0.772,0.774
ru,pos_syl,200,2,0.972,0.972
ru,pos,300,2,0.892,0.892
ru,syl,300,1,0.776,0.766
ru,pos_syl,50,1,0.56,0.555
ru,pos_syl,200,2,0.908,0.905
ru,syl,300,2,0.972,0.972
ru,token,300,1,0.772,0.772
ru,pos_syl,50,2,0.632,0.63
ru,token,300,1,0.708,0.706
ru,pos_syl,300,1,0.832,0.823
ru,token,200,2,0.36,0.362
ru,pos,200,1,0.452,0.451
ru,token,100,1,0.56,0.546
ru,pos,200,2,0.772,0.771
ru,pos_syl,300,2,0.988,0.988
ru,token,300,2,0.508,0.504
ru,syl,200,1,0.716,0.713
ru,pos,300,1,0.672,0.668
ru,token,100,2,0.356,0.368
ru,token,300,2,0.536,0.537
ru,pos,100,1,0.364,0.354
ru,pos,300,1,0.496,0.48
ru,syl,200,2,0.964,0.963
ru,token,500,1,0.82,0.811
ru,pos_syl,200,1,0.864,0.863
ru,pos,100,2,0.472,0.465
ru,pos,300,2,0.884,0.884
ru,syl,100,1,0.456,0.455
ru,syl,300,1,0.868,0.862
ru,pos,300,2,0.856,0.855
ru,syl,100,2,0.88,0.878
ru,syl,300,1,0.82,0.814
ru,pos_syl,200,2,0.98,0.98
ru,pos_syl,100,1,0.748,0.746
ru,syl,300,2,0.988,0.988
ru,syl,300,2,0.984,0.984
ru,pos_syl,300,1,0.968,0.968
ru,pos_syl,300,1,0.856,0.846
ru,token,300,1,0.708,0.712
ru,pos_syl,100,2,0.812,0.807
ru,token,500,2,0.6,0.588
ru,pos,500,1,0.724,0.719
ru,pos_syl,300,2,0.996,0.996
ru,token,200,1,0.6,0.608
ru,pos_syl,300,2,0.996,0.996
ru,token,300,2,0.544,0.551
ru,token,500,1,0.936,0.935
ru,pos,300,1,0.612,0.605
ru,pos,500,2,0.88,0.878
ru,syl,500,1,0.8,0.792
ru,token,500,1,0.856,0.853
ru,token,200,2,0.312,0.314
ru,pos,200,1,0.496,0.489
ru,pos,300,2,0.812,0.804
ru,syl,500,2,0.976,0.976
ru,syl,300,1,0.72,0.71
ru,pos,200,2,0.7,0.7
ru,syl,200,1,0.668,0.668
ru,pos_syl,500,1,0.992,0.992
ru,syl,300,2,0.976,0.976
ru,syl,200,2,0.944,0.943
ru,token,500,2,0.592,0.577
ru,pos_syl,300,1,0.92,0.917
ru,pos,500,1,0.764,0.761
ru,token,500,2,0.716,0.715
ru,pos_syl,200,1,0.86,0.861
ru,pos,500,1,0.936,0.936
ru,pos_syl,500,2,1,1
ru,pos_syl,200,2,0.972,0.972
ru,pos_syl,300,2,0.992,0.992
ru,pos,500,2,0.924,0.925
ru,syl,500,1,0.86,0.861
ru,pos,500,2,0.96,0.96
ru,syl,500,1,0.812,0.806
ru,token,750,1,0.912,0.91
ru,token,300,1,0.824,0.825
ru,token,500,1,0.808,0.804
ru,syl,500,2,1,1
ru,syl,500,2,0.988,0.988
ru,pos_syl,500,1,0.988,0.988
ru,pos_syl,500,1,1,1
ru,token,300,2,0.472,0.461
ru,pos,300,1,0.676,0.669
ru,token,500,2,0.632,0.626
ru,pos,500,1,0.784,0.785
ru,pos_syl,500,2,1,1
ru,pos_syl,500,2,1,1
ru,pos,300,2,0.82,0.824
ru,token,750,2,0.86,0.857
ru,syl,300,1,0.812,0.807
ru,pos,750,1,0.852,0.851
ru,token,750,1,0.936,0.934
ru,syl,300,2,0.976,0.976
ru,token,750,1,0.924,0.923
ru,pos_syl,300,1,0.94,0.939
ru,pos,500,2,0.888,0.887
ru,syl,500,1,0.888,0.887
ru,pos,750,2,0.976,0.976
ru,syl,750,1,0.9,0.901
ru,pos_syl,300,2,0.976,0.976
ru,syl,500,2,1,1
ru,pos_syl,500,1,0.992,0.992
ru,token,500,1,0.788,0.781
ru,syl,750,2,1,1
ru,token,750,2,0.704,0.703
ru,token,750,2,0.804,0.804
ru,pos,750,1,0.896,0.896
ru,pos_syl,750,1,1,1
ru,pos,750,1,0.848,0.849
ru,pos_syl,500,2,1,1
ru,token,750,1,0.944,0.944
ru,token,500,2,0.688,0.69
ru,pos,500,1,0.848,0.847
ru,pos,750,2,0.984,0.984
ru,pos,750,2,0.96,0.96
ru,pos_syl,750,2,1,1
ru,syl,750,1,0.9,0.902
ru,syl,750,1,0.836,0.83
ru,pos,500,2,0.84,0.836
ru,token,1000,1,0.944,0.944
ru,syl,500,1,0.892,0.893
ru,syl,750,2,1,1
ru,syl,750,2,1,1
ru,pos_syl,750,1,1,1
ru,pos_syl,750,1,0.972,0.972
ru,syl,500,2,0.984,0.984
ru,token,750,2,0.84,0.84
ru,pos,750,1,0.872,0.871
ru,pos_syl,500,1,0.988,0.988
ru,pos_syl,750,2,0.996,0.996
ru,pos_syl,750,2,1,1
ru,pos_syl,500,2,0.98,0.98
ru,pos,750,2,0.952,0.952
ru,syl,750,1,0.908,0.908
ru,token,1000,1,0.948,0.946
ru,token,1000,2,0.888,0.888
ru,token,1000,1,0.956,0.956
ru,pos,1000,1,0.952,0.952
ru,token,750,1,0.912,0.909
ru,syl,750,2,1,1
ru,pos_syl,750,1,1,1
ru,pos,1000,2,1,1
ru,syl,1000,1,0.944,0.944
ru,pos_syl,750,2,0.996,0.996
ru,token,750,2,0.836,0.835
ru,token,1000,2,0.748,0.746
ru,pos,750,1,0.872,0.868
ru,pos,1000,1,0.948,0.948
ru,token,1000,2,0.884,0.886
ru,pos,1000,1,0.868,0.869
ru,token,1000,1,0.972,0.972
ru,syl,1000,2,1,1
ru,pos_syl,1000,1,1,1
ru,pos,750,2,0.972,0.971
ru,syl,750,1,0.9,0.9
ru,pos,1000,2,0.996,0.996
ru,syl,1000,1,0.956,0.955
ru,pos,1000,2,1,1
ru,syl,1000,1,0.912,0.91
ru,syl,750,2,1,1
ru,pos_syl,1000,2,1,1
ru,pos_syl,750,1,0.976,0.976
ru,syl,1000,2,1,1
ru,token,1000,2,0.808,0.807
ru,token,25,1,0.276,0.294
ru,pos_syl,1000,1,1,1
ru,pos,1000,1,0.984,0.984
ru,syl,1000,2,1,1
ru,pos_syl,1000,1,1,1
ru,token,25,2,0.212,0.165
ru,pos,25,1,0.364,0.362
ru,pos,25,2,0.304,0.311
ru,pos_syl,750,2,1,1
ru,syl,25,1,0.344,0.341
ru,syl,25,2,0.396,0.393
ru,pos_syl,25,1,0.504,0.497
ru,pos,1000,2,0.972,0.972
ru,token,1000,1,0.924,0.922
ru,pos_syl,1000,2,1,1
ru,syl,1000,1,0.96,0.96
ru,pos_syl,1000,2,1,1
ru,token,25,1,0.256,0.248
ru,token,25,1,0.264,0.264
ru,token,25,2,0.32,0.314
ru,pos,25,1,0.312,0.318
ru,token,25,2,0.316,NaN
ru,pos_syl,25,2,0.536,0.541
ru,pos,25,1,0.124,0.122
ru,syl,1000,2,1,1
ru,pos_syl,1000,1,1,1
ru,pos,25,2,0.364,0.37
ru,syl,25,1,0.352,0.349
ru,pos,25,2,0.328,0.332
ru,token,50,1,0.508,0.509
ru,syl,25,1,0.208,0.209
ru,syl,25,2,0.504,0.498
ru,syl,25,2,0.4,0.381
ru,pos_syl,25,1,0.372,0.362
ru,pos_syl,25,1,0.344,0.341
ru,token,50,2,0.284,0.283
ru,pos,50,1,0.252,0.246
ru,token,1000,2,0.836,0.837
ru,pos,1000,1,0.948,0.948
ru,pos,50,2,0.416,0.407
ru,syl,50,1,0.36,0.356
ru,pos_syl,1000,2,1,1
ru,syl,50,2,0.796,0.796
ru,pos_syl,50,1,0.496,0.495
ru,pos_syl,25,2,0.576,0.576
ru,token,25,1,0.288,0.28
ru,pos_syl,25,2,0.492,0.494
ru,pos_syl,50,2,0.62,0.621
ru,token,25,2,0.24,0.223
ru,token,50,1,0.432,0.436
ru,pos,25,1,0.124,0.123
ru,token,50,1,0.388,0.381
ru,pos,1000,2,0.988,0.988
ru,syl,1000,1,0.932,0.933
ru,token,100,1,0.468,0.467
ru,pos,25,2,0.392,0.396
ru,syl,25,1,0.352,0.346
ru,token,50,2,0.348,0.339
ru,syl,25,2,0.528,0.532
ru,pos,50,1,0.412,0.415
ru,token,50,2,0.308,0.262
ru,pos_syl,25,1,0.356,0.348
ru,pos,50,1,0.372,0.375
ru,token,100,2,0.352,0.352
ru,pos,50,2,0.456,0.461
ru,pos,100,1,0.508,0.488
ru,syl,50,1,0.5,NaN
ru,pos,50,2,0.364,0.374
ru,syl,50,1,0.416,0.413
ru,syl,50,2,0.68,0.675
ru,syl,50,2,0.704,0.701
ru,pos_syl,50,1,0.564,0.555
ru,syl,1000,2,1,1
ru,pos,100,2,0.696,0.697
ru,syl,100,1,0.508,0.501
ru,pos_syl,50,1,0.648,0.644
ru,pos_syl,1000,1,1,1
ru,syl,100,2,0.808,0.807
ru,pos_syl,50,2,0.816,0.817
ru,pos_syl,100,1,0.62,0.612
ru,pos_syl,50,2,0.62,0.616
ru,pos_syl,25,2,0.564,0.556
ru,token,100,1,0.468,0.467
ru,token,100,1,0.444,0.451
ru,pos_syl,100,2,0.712,0.708
ru,token,50,1,0.376,0.366
ru,token,100,2,0.408,0.397
ru,token,200,1,0.704,0.7
ru,pos,100,1,0.5,0.498
ru,token,100,2,0.308,0.307
ru,pos_syl,1000,2,1,1
ru,token,50,2,0.296,0.304
ru,pos,100,1,0.348,0.344
ru,pos,50,1,0.292,0.287
ru,pos,100,2,0.584,0.589
ru,syl,100,1,0.384,0.372
ru,pos,50,2,0.488,0.481
ru,pos,100,2,0.676,0.672
ru,syl,50,1,0.48,0.468
ru,syl,100,1,0.488,0.468
ru,token,200,2,0.46,0.46
ru,syl,100,2,0.9,0.898
ru,pos,200,1,0.536,0.529
ru,syl,50,2,0.72,0.702
ru,pos_syl,100,1,0.6,0.598
ru,syl,100,2,0.732,0.728
ru,pos_syl,50,1,0.64,0.635
ru,pos_syl,100,1,0.712,0.704
ru,pos,200,2,0.7,0.695
ru,syl,200,1,0.732,0.719
ru,pos_syl,100,2,0.812,0.805
ru,pos_syl,50,2,0.7,0.698
ru,pos_syl,100,2,0.82,0.82
ru,syl,200,2,0.92,0.921
ru,token,200,1,0.704,0.704
ru,pos_syl,200,1,0.924,0.923
ru,token,100,1,0.4,0.405
ru,token,200,1,0.772,0.772
ru,pos_syl,200,2,0.968,0.968
ru,token,100,2,0.264,0.266
ru,token,200,2,0.576,0.567
ru,token,25,1,0.348,0.345
ru,pos,100,1,0.456,0.456
ru,pos,200,1,0.58,0.564
ru,token,200,2,0.352,0.356
ru,pos,200,1,0.552,0.524
ru,token,25,2,0.156,0.145
ru,token,300,1,0.752,0.752
ru,pos,25,1,0.304,0.302
ru,pos,100,2,0.576,0.577
ru,syl,100,1,0.504,0.481
ru,pos,200,2,0.608,0.589
ru,syl,200,1,0.648,0.639
ru,syl,100,2,0.864,0.862
ru,pos,25,2,0.352,0.347
ru,pos,200,2,0.712,0.71
ru,syl,25,1,0.328,0.301
ru,syl,200,1,0.716,0.708
ru,pos_syl,100,1,0.668,0.661
ru,syl,25,2,0.404,0.388
ru,syl,200,2,0.944,0.944
ru,pos_syl,25,1,0.272,0.269
ru,pos_syl,200,1,0.808,0.801
ru,syl,200,2,0.904,0.903
ru,token,300,2,0.496,0.493
ru,pos,300,1,0.6,0.592
ru,pos_syl,100,2,0.88,0.88
ru,pos_syl,200,1,0.804,0.805
ru,pos_syl,200,2,0.94,0.939
ru,token,200,1,0.656,0.649
ru,pos,300,2,0.796,0.797
ru,pos_syl,200,2,0.932,0.932
ru,syl,300,1,0.708,0.704
ru,token,300,1,0.78,0.777
ru,syl,300,2,0.96,0.96
ru,token,300,1,0.704,0.7
ru,pos_syl,25,2,0.444,0.456
ru,token,200,2,0.46,0.45
ru,pos_syl,300,1,0.952,0.952
ru,pos,200,1,0.452,0.428
ru,token,50,1,0.316,0.327
ru,token,300,2,0.688,0.691
ru,pos,300,1,0.68,0.666
ru,pos,200,2,0.712,0.705
ru,syl,200,1,0.66,0.654
ru,pos_syl,300,2,0.996,0.996
ru,token,300,2,0.588,0.582
ru,token,50,2,0.28,0.281
ru,pos,300,1,0.712,0.704
ru,pos,50,1,0.332,0.329
ru,syl,200,2,0.96,0.96
ru,pos_syl,200,1,0.776,0.763
ru,pos,300,2,0.772,0.77
ru,pos,50,2,0.452,0.455
ru,token,500,1,0.828,0.83
ru,syl,300,1,0.864,0.863
ru,syl,50,1,0.432,0.411
ru,syl,50,2,0.732,0.735
ru,pos,300,2,0.868,0.867
ru,syl,300,1,0.792,0.789
ru,pos_syl,50,1,0.484,0.474
ru,syl,300,2,1,1
ru,pos_syl,200,2,0.956,0.956
ru,pos_syl,300,1,0.94,0.939
ru,syl,300,2,0.992,0.992
ru,pos_syl,50,2,0.648,0.651
ru,pos_syl,300,1,0.924,0.924
ru,token,300,1,0.716,0.716
ru,token,100,1,0.512,0.511
ru,token,500,2,0.78,0.779
ru,pos_syl,300,2,0.992,0.992
ru,pos,500,1,0.808,0.804
ru,pos_syl,300,2,0.996,0.996
ru,token,100,2,0.332,0.329
ru,token,500,1,0.864,0.865
ru,token,300,2,0.576,0.574
ru,pos,100,1,0.42,0.407
ru,pos,300,1,0.644,0.634
ru,token,500,1,0.804,0.803
ru,pos,500,2,0.936,0.936
ru,syl,500,1,0.884,0.883
ru,pos,100,2,0.488,0.477
ru,syl,100,1,0.424,0.425
ru,pos,300,2,0.788,0.789
ru,syl,100,2,0.828,0.827
ru,syl,300,1,0.7,0.683
ru,pos_syl,100,1,0.784,0.779
ru,syl,500,2,1,1
ru,pos_syl,500,1,1,1
ru,syl,300,2,0.96,0.96
ru,token,500,2,0.596,0.59
ru,pos,500,1,0.92,0.919
ru,pos_syl,300,1,0.932,0.932
ru,pos_syl,100,2,0.812,0.797
ru,token,500,2,0.736,0.735
ru,pos,500,1,0.728,0.726
ru,token,200,1,0.672,0.668
ru,pos_syl,500,2,1,1
ru,pos_syl,300,2,0.992,0.992
ru,pos,500,2,0.968,0.968
ru,syl,500,1,0.872,0.871
ru,pos,500,2,0.852,0.849
ru,syl,500,1,0.816,0.812
ru,token,500,1,0.876,0.874
ru,token,200,2,0.496,0.48
ru,token,750,1,0.924,0.922
ru,pos,200,1,0.536,0.532
ru,syl,500,2,1,1
ru,pos_syl,500,1,0.972,0.972
ru,syl,500,2,0.992,0.992
ru,pos,200,2,0.728,0.719
ru,pos_syl,500,1,0.944,0.943
ru,syl,200,1,0.652,0.651
ru,syl,200,2,0.888,0.888
ru,pos_syl,200,1,0.844,0.842
ru,pos_syl,500,2,1,1
ru,token,500,2,0.704,0.709
ru,pos,500,1,0.9,0.899
ru,pos_syl,500,2,0.98,0.98
ru,pos_syl,200,2,0.936,0.935
ru,token,750,1,0.964,0.964
ru,token,750,2,0.88,0.878
ru,pos,750,1,0.976,0.976
ru,token,750,1,0.864,0.861
ru,pos,500,2,0.968,0.968
ru,syl,500,1,0.876,0.871
ru,token,300,1,0.756,0.756
ru,syl,500,2,0.964,0.964
ru,pos,750,2,0.984,0.984
ru,syl,750,1,0.9,0.9
ru,pos_syl,500,1,0.992,0.992
ru,token,300,2,0.64,0.641
ru,pos,300,1,0.716,0.71
ru,token,750,2,0.768,0.762
ru,pos,750,1,0.928,0.927
ru,pos,300,2,0.86,0.86
ru,token,750,2,0.744,0.741
ru,syl,750,2,1,1
ru,syl,300,1,0.86,0.858
ru,pos,750,1,0.828,0.827
ru,pos_syl,500,2,1,1
ru,pos_syl,750,1,1,1
ru,syl,300,2,0.992,0.992
ru,pos_syl,300,1,0.936,0.936
ru,token,750,1,0.944,0.944
ru,pos,750,2,0.992,0.992
ru,syl,750,1,0.9,0.9
ru,pos,750,2,0.972,0.972
ru,syl,750,1,0.936,0.935
ru,pos_syl,300,2,0.98,0.98
ru,pos_syl,750,2,1,1
ru,syl,750,2,1,1
ru,token,500,1,0.752,0.746
ru,syl,750,2,1,1
ru,token,1000,1,0.944,0.943
ru,pos_syl,750,1,1,1
ru,pos_syl,750,1,1,1
ru,token,750,2,0.78,0.781
ru,pos,750,1,0.892,0.892
ru,token,500,2,0.68,0.68
ru,pos_syl,750,2,1,1
ru,pos_syl,750,2,1,1
ru,pos,500,1,0.78,0.779
ru,pos,750,2,0.932,0.931
ru,syl,750,1,0.908,0.909
ru,token,1000,1,0.968,0.968
ru,token,1000,1,0.952,0.952
ru,pos,500,2,0.964,0.963
ru,syl,500,1,0.832,0.827
ru,token,1000,2,0.868,0.868
ru,pos,1000,1,0.972,0.972
ru,syl,750,2,1,1
ru,pos_syl,750,1,1,1
ru,syl,500,2,0.996,0.996
ru,pos_syl,500,1,0.992,0.992
ru,pos,1000,2,0.968,0.968
ru,syl,1000,1,0.972,0.972
ru,token,1000,2,0.888,0.887
ru,token,1000,2,0.864,0.864
ru,pos_syl,500,2,1,1
ru,pos,1000,1,0.964,0.964
ru,pos,1000,1,0.924,0.922
ru,pos_syl,750,2,0.996,0.996
ru,token,750,1,0.972,0.972
ru,token,1000,1,0.952,0.952
ru,syl,1000,2,1,1
ru,pos_syl,1000,1,1,1
ru,pos,1000,2,0.988,0.988
ru,pos,1000,2,0.992,0.992
ru,syl,1000,1,0.916,0.913
ru,syl,1000,1,0.976,0.976
ru,token,750,2,0.84,0.841
ru,pos,750,1,0.88,0.88
ru,pos_syl,1000,2,1,1
ru,syl,1000,2,1,1
ru,syl,1000,2,1,1
ru,pos_syl,1000,1,1,1
ru,token,25,1,0.284,NaN
ru,pos_syl,1000,1,1,1
ru,token,1000,2,0.828,0.825
ru,pos,1000,1,0.916,0.915
ru,token,25,2,0.196,0.202
ru,pos,25,1,0.288,0.286
ru,pos,750,2,0.988,0.988
ru,syl,750,1,0.904,0.905
ru,pos,25,2,0.364,0.37
ru,syl,25,1,0.284,0.288
ru,syl,25,2,0.536,0.521
ru,pos_syl,25,1,0.428,0.433
ru,pos_syl,1000,2,1,1
ru,pos_syl,1000,2,1,1
ru,pos,1000,2,0.956,0.956
ru,syl,750,2,1,1
ru,syl,1000,1,0.988,0.988
ru,token,25,1,0.36,0.352
ru,pos_syl,750,1,0.996,0.996
ru,token,25,1,0.372,0.361
ru,token,25,2,0.3,0.266
ru,pos,25,1,0.188,0.187
ru,token,25,2,0.264,0.227
ru,pos,25,1,0.284,0.283
ru,pos,25,2,0.36,0.363
ru,syl,25,1,0.288,0.285
ru,pos_syl,25,2,0.636,0.63
ru,pos,25,2,0.4,0.403
ru,syl,25,2,0.444,0.44
ru,syl,25,1,0.316,0.309
ru,syl,1000,2,1,1
ru,pos_syl,25,1,0.292,0.275
ru,syl,25,2,0.484,0.469
ru,pos_syl,750,2,1,1
ru,pos_syl,1000,1,0.984,0.984
ru,token,50,1,0.368,0.364
ru,pos_syl,25,1,0.476,0.472
ru,token,1000,1,0.912,0.91
ru,token,50,2,0.316,0.275
ru,pos,50,1,0.428,0.43
ru,pos,50,2,0.496,0.503
ru,syl,50,1,0.248,0.244
ru,pos_syl,25,2,0.632,0.635
ru,syl,50,2,0.624,0.613
ru,pos_syl,1000,2,1,1
ru,pos_syl,50,1,0.668,0.668
ru,pos_syl,25,2,0.672,0.678
ru,token,50,1,0.384,0.387
ru,token,50,1,0.536,0.528
ru,pos_syl,50,2,0.772,0.77
ru,token,50,2,0.32,0.309
ru,pos,50,1,0.432,0.426
ru,token,25,1,0.384,0.384
ru,token,100,1,0.4,0.396
ru,token,50,2,0.292,0.274
ru,pos,50,1,0.252,0.243
ru,pos,50,2,0.46,0.465
ru,token,25,2,0.116,NaN
ru,syl,50,1,0.352,0.352
ru,pos,25,1,0.416,0.413
ru,token,1000,2,0.904,0.904
ru,syl,50,2,0.636,0.629
ru,pos,50,2,0.392,0.4
ru,pos,1000,1,0.848,0.848
ru,token,100,2,0.38,0.382
ru,pos_syl,50,1,0.536,0.532
ru,syl,50,1,0.352,0.351
ru,pos,25,2,0.484,0.495
ru,pos,100,1,0.304,0.292
ru,syl,25,1,0.5,0.491
ru,syl,50,2,0.656,0.66
ru,syl,25,2,0.5,0.483
ru,pos_syl,50,1,0.424,0.428
ru,pos_syl,25,1,0.548,0.547
ru,pos,100,2,0.6,0.605
ru,pos_syl,50,2,0.58,0.578
ru,syl,100,1,0.46,0.449
ru,syl,100,2,0.832,0.833
ru,pos_syl,50,2,0.648,0.649
ru,token,100,1,0.504,0.5
ru,pos_syl,100,1,0.66,0.655
ru,token,100,1,0.536,0.524
ru,pos,1000,2,1,1
ru,syl,1000,1,0.92,0.921
ru,pos_syl,100,2,0.84,0.84
ru,token,100,2,0.192,0.189
ru,pos,100,1,0.536,0.529
ru,pos_syl,25,2,0.548,0.552
ru,token,100,2,0.232,0.232
ru,token,200,1,0.632,0.629
ru,pos,100,1,0.512,0.501
ru,pos,100,2,0.528,0.522
ru,syl,100,1,0.504,0.491
ru,token,50,1,0.388,0.391
ru,syl,100,2,0.692,0.686
ru,pos,100,2,0.6,0.607
ru,syl,100,1,0.628,0.626
ru,syl,1000,2,1,1
ru,pos_syl,100,1,0.7,0.694
ru,syl,100,2,0.88,0.88
ru,pos_syl,1000,1,1,1
ru,token,200,2,0.492,0.486
ru,token,50,2,0.208,0.208
ru,pos,200,1,0.524,0.52
ru,pos,50,1,0.344,0.339
ru,pos_syl,100,1,0.608,0.6
ru,pos_syl,100,2,0.808,0.803
ru,pos,50,2,0.532,0.527
ru,syl,50,1,0.364,0.354
ru,pos,200,2,0.716,0.711
ru,pos_syl,100,2,0.884,0.882
ru,syl,200,1,0.552,0.549
ru,syl,50,2,0.636,0.633
ru,token,200,1,0.72,0.712
ru,pos_syl,50,1,0.516,0.506
ru,syl,200,2,0.932,0.933
ru,token,200,1,0.78,0.781
ru,pos_syl,200,1,0.832,0.821
ru,pos_syl,1000,2,1,1
ru,pos_syl,50,2,0.68,0.68
ru,token,200,2,0.312,0.302
ru,pos,200,1,0.764,0.768
ru,token,100,1,0.584,0.58
ru,pos_syl,200,2,0.932,0.932
ru,token,200,2,0.572,0.571
ru,pos,200,1,0.5,0.491
ru,pos,200,2,0.712,0.71
ru,token,300,1,0.696,0.693
ru,syl,200,1,0.744,0.734
ru,token,100,2,0.4,0.394
ru,pos,200,2,0.612,0.62
ru,pos,100,1,0.452,0.445
ru,syl,200,1,0.712,0.699
ru,syl,200,2,0.956,0.957
ru,pos_syl,200,1,0.916,0.915
ru,token,25,1,0.332,0.339
ru,syl,200,2,0.936,0.936
ru,pos,100,2,0.524,0.51
ru,syl,100,1,0.58,0.575
ru,pos_syl,200,1,0.852,0.85
ru,token,25,2,0.228,0.203
ru,token,300,2,0.488,0.482
ru,syl,100,2,0.784,0.782
ru,pos,25,1,0.168,0.158
ru,pos,300,1,0.752,0.741
ru,pos_syl,100,1,0.68,0.675
ru,pos_syl,200,2,0.948,0.948
ru,pos,25,2,0.436,0.453
ru,pos_syl,200,2,0.92,0.918
ru,syl,25,1,0.276,0.258
ru,syl,25,2,0.484,0.473
ru,token,300,1,0.792,0.79
ru,pos_syl,100,2,0.82,0.818
ru,pos,300,2,0.824,0.817
ru,syl,300,1,0.82,0.814
ru,pos_syl,25,1,0.328,0.314
ru,token,300,1,0.76,0.755
ru,token,200,1,0.74,0.742
ru,syl,300,2,1,1
ru,pos_syl,300,1,0.896,0.893
ru,token,300,2,0.516,0.519
ru,pos,300,1,0.576,0.573
ru,token,300,2,0.508,0.498
ru,token,200,2,0.452,0.451
ru,pos,300,1,0.704,0.699
ru,pos,200,1,0.6,0.599
ru,pos_syl,300,2,0.984,0.984
ru,pos_syl,25,2,0.524,0.519
ru,pos,300,2,0.796,0.792
ru,syl,300,1,0.772,0.766
ru,pos,200,2,0.684,0.681
ru,token,50,1,0.48,0.477
ru,pos,300,2,0.872,0.869
ru,syl,200,1,0.684,0.663
ru,syl,300,1,0.824,0.823
ru,token,500,1,0.864,0.864
ru,syl,300,2,1,1
ru,syl,200,2,0.964,0.963
ru,pos_syl,300,1,1,1
ru,syl,300,2,0.988,0.988
ru,pos_syl,200,1,0.844,0.843
ru,token,50,2,0.276,0.272
ru,pos,50,1,0.4,0.374
ru,pos_syl,300,1,0.908,0.906
ru,pos,50,2,0.492,0.491
ru,syl,50,1,0.336,0.322
ru,pos_syl,300,2,1,1
ru,pos_syl,200,2,0.9,0.899
ru,syl,50,2,0.592,0.589
ru,token,500,2,0.66,0.651
ru,pos_syl,300,2,0.996,0.996
ru,pos_syl,50,1,0.56,0.556
ru,pos,500,1,0.772,0.771
ru,token,500,1,0.9,0.899
ru,token,300,1,0.844,0.844
ru,pos_syl,50,2,0.62,0.628
ru,token,500,1,0.836,0.833
ru,pos,500,2,0.948,0.949
ru,token,100,1,0.576,0.569
ru,syl,500,1,0.884,0.881
ru,token,300,2,0.384,0.388
ru,pos,300,1,0.66,0.66
ru,token,500,2,0.652,0.648
ru,token,100,2,0.344,0.341
ru,syl,500,2,1,1
ru,pos,500,1,0.776,0.771
ru,pos,100,1,0.4,0.387
ru,pos_syl,500,1,1,1
ru,token,500,2,0.688,0.675
ru,pos,500,1,0.792,0.792
ru,pos,300,2,0.804,0.805
ru,syl,300,1,0.848,0.844
ru,pos,100,2,0.488,0.476
ru,syl,100,1,0.536,0.527
ru,syl,100,2,0.82,0.812
ru,syl,300,2,0.952,0.952
ru,pos,500,2,0.904,0.904
ru,syl,500,1,0.92,0.917
ru,pos_syl,100,1,0.704,0.7
ru,pos_syl,300,1,0.9,0.898
ru,pos_syl,500,2,1,1
ru,pos,500,2,0.888,0.886
ru,syl,500,1,0.844,0.839
ru,pos_syl,100,2,0.768,0.761
ru,syl,500,2,1,1
ru,token,750,1,0.972,0.972
ru,pos_syl,500,1,0.992,0.992
ru,pos_syl,300,2,0.988,0.988
ru,syl,500,2,0.96,0.96
ru,token,200,1,0.604,0.604
ru,pos_syl,500,1,0.984,0.984
ru,token,500,1,0.872,0.87
ru,pos_syl,500,2,1,1
ru,token,200,2,0.408,0.403
ru,pos,200,1,0.516,0.518
ru,pos_syl,500,2,1,1
ru,token,750,1,0.94,0.939
ru,pos,200,2,0.604,0.6
ru,syl,200,1,0.748,0.749
ru,token,750,2,0.784,0.779
ru,token,750,1,0.88,0.877
ru,pos,750,1,0.836,0.836
ru,token,500,2,0.752,0.752
ru,pos,500,1,0.88,0.879
ru,syl,200,2,0.964,0.964
ru,pos_syl,200,1,0.812,0.81
ru,pos,500,2,0.932,0.931
ru,pos_syl,200,2,0.968,0.968
ru,syl,500,1,0.88,0.882
ru,pos,750,2,0.976,0.976
ru,syl,750,1,0.972,0.972
ru,token,300,1,0.82,0.822
ru,token,750,2,0.7,0.703
ru,pos,750,1,0.892,0.892
ru,syl,500,2,0.996,0.996
ru,token,750,2,0.804,0.799
ru,pos_syl,500,1,0.96,0.96
ru,pos,750,1,0.872,0.872
ru,syl,750,2,1,1
ru,pos_syl,750,1,0.996,0.996
ru,token,300,2,0.536,0.529
ru,pos,300,1,0.848,0.845
ru,pos,750,2,0.988,0.988
ru,pos_syl,500,2,1,1
ru,syl,750,1,0.9,0.899
ru,pos,750,2,0.964,0.964
ru,syl,750,1,0.944,0.944
ru,pos,300,2,0.832,0.829
ru,syl,300,1,0.76,0.755
ru,token,750,1,0.92,0.919
ru,pos_syl,750,2,1,1
ru,syl,750,2,1,1
ru,syl,300,2,1,1
ru,pos_syl,750,1,1,1
ru,pos_syl,300,1,0.932,0.931
ru,syl,750,2,0.992,0.992
ru,pos_syl,750,1,1,1
ru,token,1000,1,0.98,0.98
ru,pos_syl,300,2,1,1
ru,pos_syl,750,2,1,1
ru,token,750,2,0.816,0.815
ru,token,500,1,0.812,0.809
ru,pos,750,1,0.86,0.86
ru,pos_syl,750,2,1,1
ru,token,1000,1,0.96,0.96
ru,token,1000,1,0.984,0.984
ru,pos,750,2,0.992,0.992
ru,token,1000,2,0.944,0.944
ru,token,500,2,0.692,0.688
ru,syl,750,1,0.916,0.915
ru,pos,1000,1,0.94,0.941
ru,pos,500,1,0.76,0.759
ru,pos,500,2,0.9,0.9
ru,syl,500,1,0.94,0.94
ru,syl,750,2,1,1
ru,pos_syl,750,1,1,1
ru,token,1000,2,0.856,0.856
ru,pos,1000,2,1,1
ru,syl,1000,1,0.98,0.98
ru,pos,1000,1,0.948,0.948
ru,syl,500,2,1,1
ru,pos_syl,500,1,1,1
ru,token,1000,2,0.904,0.904
ru,pos,1000,1,0.904,0.904
ru,pos_syl,750,2,1,1
ru,syl,1000,2,1,1
ru,pos_syl,500,2,1,1
ru,pos_syl,1000,1,1,1
ru,pos,1000,2,0.996,0.996
ru,syl,1000,1,0.928,0.927
ru,token,1000,1,0.952,0.952
ru,token,750,1,0.98,0.98
ru,pos,1000,2,0.988,0.988
ru,syl,1000,1,0.936,0.934
ru,pos_syl,1000,2,1,1
ru,syl,1000,2,1,1
ru,pos_syl,1000,1,1,1
ru,token,25,1,0.296,0.294
ru,syl,1000,2,1,1
ru,pos_syl,1000,1,1,1
ru,token,25,2,0.336,0.308
ru,token,750,2,0.84,0.838
ru,pos,25,1,0.34,0.314
ru,pos,750,1,0.98,0.98
ru,token,1000,2,0.824,0.825
ru,pos,25,2,0.36,NaN
ru,pos,1000,1,0.908,0.908
ru,syl,25,1,0.344,0.333
ru,syl,25,2,0.556,0.541
ru,pos_syl,25,1,0.424,0.406
ru,pos_syl,1000,2,1,1
ru,pos,750,2,0.992,0.992
ru,token,25,1,0.348,0.339
ru,pos_syl,1000,2,1,1
ru,syl,750,1,0.928,0.929
ru,token,25,2,0.236,0.217
ru,pos,25,1,0.276,0.278
ru,pos,1000,2,1,1
ru,syl,1000,1,0.98,0.98
ru,token,25,1,0.336,0.329
ru,pos,25,2,0.368,NaN
ru,syl,25,1,0.352,0.339
ru,syl,750,2,1,1
ru,syl,25,2,0.5,NaN
ru,pos_syl,25,2,0.496,0.496
ru,token,25,2,0.228,0.224
ru,pos_syl,25,1,0.42,0.417
ru,pos_syl,750,1,1,1
ru,pos,25,1,0.232,0.237
ru,token,50,1,0.4,0.405
ru,pos,25,2,0.216,0.228
ru,syl,25,1,0.172,0.158
ru,syl,25,2,0.504,0.504
ru,syl,1000,2,1,1
ru,pos_syl,25,1,0.324,0.315
ru,pos_syl,1000,1,0.992,0.992
ru,token,50,2,0.3,0.285
ru,pos,50,1,0.372,0.372
ru,pos_syl,750,2,1,1
ru,pos,50,2,0.416,0.417
ru,syl,50,1,0.408,0.399
ru,pos_syl,25,2,0.56,0.56
ru,syl,50,2,0.604,0.598
ru,pos_syl,50,1,0.548,0.536
ru,token,50,1,0.404,0.396
ru,token,1000,1,0.952,0.951
ru,pos_syl,25,2,0.488,0.5
ru,pos_syl,50,2,0.592,0.589
ru,token,50,2,0.184,NaN
ru,pos_syl,1000,2,1,1
ru,pos,50,1,0.292,0.295
ru,token,50,1,0.376,0.359
ru,token,100,1,0.42,0.421
ru,pos,50,2,0.476,0.475
ru,syl,50,1,0.376,0.375
ru,token,50,2,0.324,0.313
ru,syl,50,2,0.596,0.587
ru,pos,50,1,0.256,0.247
ru,token,100,2,0.368,0.363
ru,pos_syl,50,1,0.44,0.448
ru,pos,100,1,0.424,0.424
ru,token,25,1,0.304,0.294
ru,pos,50,2,0.488,0.478
ru,syl,50,1,0.352,0.351
ru,pos_syl,50,2,0.704,0.698
ru,pos,100,2,0.632,0.638
ru,syl,50,2,0.704,0.694
ru,token,25,2,0.276,0.267
ru,syl,100,1,0.464,0.447
ru,pos,25,1,0.184,0.181
ru,pos_syl,50,1,0.508,0.504
ru,syl,100,2,0.796,0.797
ru,token,1000,2,0.876,0.873
ru,token,100,1,0.52,0.51
ru,pos_syl,100,1,0.74,0.74
ru,pos,25,2,0.376,0.375
ru,pos,1000,1,0.92,0.92
ru,syl,25,1,0.276,0.274
ru,pos_syl,50,2,0.492,0.495
ru,syl,25,2,0.576,0.568
ru,pos_syl,25,1,0.44,0.438
ru,pos_syl,100,2,0.824,0.823
ru,token,100,2,0.444,0.435
ru,token,100,1,0.544,0.544
ru,pos,100,1,0.504,0.505
ru,token,200,1,0.78,0.78
ru,pos,100,2,0.516,0.514
ru,syl,100,1,0.62,0.62
ru,token,100,2,0.372,0.372
ru,pos,100,1,0.444,0.431
ru,syl,100,2,0.892,0.891
ru,pos,1000,2,0.98,0.98
ru,syl,1000,1,0.988,0.988
ru,pos_syl,100,1,0.744,0.745
ru,pos,100,2,0.528,0.517
ru,token,200,2,0.292,0.297
ru,syl,100,1,0.62,0.615
ru,pos_syl,25,2,0.536,0.54
ru,pos,200,1,0.452,0.453
ru,syl,100,2,0.756,0.753
ru,pos_syl,100,2,0.852,0.853
ru,pos_syl,100,1,0.784,0.783
ru,token,50,1,0.352,0.359
ru,pos,200,2,0.568,0.56
ru,syl,200,1,0.672,0.669
ru,token,200,1,0.788,0.781
ru,syl,1000,2,1,1
ru,pos_syl,100,2,0.852,0.849
ru,token,50,2,0.188,0.182
ru,syl,200,2,0.892,0.892
ru,pos_syl,1000,1,1,1
ru,pos,50,1,0.46,0.459
ru,pos_syl,200,1,0.884,0.877
ru,token,200,1,0.644,0.644
ru,pos,50,2,0.468,0.471
ru,token,200,2,0.468,0.468
ru,syl,50,1,0.424,0.401
ru,pos,200,1,0.488,0.489
ru,syl,50,2,0.64,0.63
ru,pos_syl,200,2,0.98,0.98
ru,pos_syl,50,1,0.56,0.562
ru,pos,200,2,0.804,0.801
ru,token,200,2,0.408,0.405
ru,syl,200,1,0.772,0.768
ru,pos,200,1,0.652,0.64
ru,token,300,1,0.844,0.842
ru,pos_syl,50,2,0.64,0.63
ru,pos_syl,1000,2,1,1
ru,syl,200,2,0.936,0.936
ru,pos_syl,200,1,0.784,0.776
ru,pos,200,2,0.808,0.805
ru,token,100,1,0.48,0.481
ru,syl,200,1,0.712,0.715
ru,syl,200,2,0.984,0.984
ru,token,25,1,0.268,0.259
ru,token,300,2,0.488,0.496
ru,pos_syl,200,1,0.804,0.797
ru,pos,300,1,0.5,0.504
ru,pos_syl,200,2,0.992,0.992
ru,token,100,2,0.356,0.355
ru,pos,100,1,0.44,0.427
ru,token,25,2,0.224,NaN
ru,pos,25,1,0.424,0.42
ru,token,300,1,0.664,0.663
ru,pos,100,2,0.532,0.529
ru,pos,25,2,0.4,0.399
ru,pos_syl,200,2,0.984,0.984
ru,pos,300,2,0.848,0.845
ru,syl,100,1,0.568,0.561
ru,syl,25,1,0.236,0.23
ru,syl,300,1,0.752,0.753
ru,syl,25,2,0.572,0.559
ru,syl,100,2,0.896,0.898
ru,pos_syl,25,1,0.336,0.328
ru,pos_syl,100,1,0.664,0.659
ru,token,300,1,0.804,0.803
ru,syl,300,2,1,1
ru,pos_syl,300,1,0.912,0.906
ru,token,300,2,0.504,0.495
ru,pos_syl,100,2,0.804,0.799
ru,pos,300,1,0.656,0.657
ru,token,300,2,0.564,0.567
ru,token,200,1,0.596,0.592
ru,pos_syl,300,2,0.996,0.996
ru,pos,300,1,0.772,0.769
ru,pos,300,2,0.756,0.751
ru,syl,300,1,0.8,0.777
ru,pos_syl,25,2,0.528,0.53
ru,token,500,1,0.876,0.876
ru,syl,300,2,0.984,0.984
ru,pos,300,2,0.74,0.741
ru,token,50,1,0.384,0.377
ru,token,200,2,0.452,0.445
ru,syl,300,1,0.736,0.716
ru,pos_syl,300,1,0.9,0.895
ru,pos,200,1,0.568,0.563
ru,syl,300,2,1,1
ru,token,50,2,0.296,0.28
ru,pos_syl,300,1,0.932,0.933
ru,pos,50,1,0.464,0.472
ru,pos,200,2,0.724,0.721
ru,syl,200,1,0.704,0.696
ru,pos_syl,300,2,0.996,0.996
ru,pos,50,2,0.476,0.47
ru,syl,200,2,0.952,0.951
ru,syl,50,1,0.344,0.333
ru,token,500,2,0.616,0.612
ru,pos,500,1,0.86,0.86
ru,pos_syl,200,1,0.864,0.858
ru,syl,50,2,0.712,0.706
ru,token,500,1,0.916,0.914
ru,pos_syl,300,2,0.972,0.972
ru,pos_syl,50,1,0.592,0.586
ru,pos_syl,200,2,0.932,0.932
ru,pos_syl,50,2,0.716,0.718
ru,token,500,1,0.748,0.738
ru,pos,500,2,0.9,0.898
ru,syl,500,1,0.868,0.867
ru,token,100,1,0.46,0.464
ru,token,300,1,0.824,0.822
ru,token,500,2,0.58,0.575
ru,pos,500,1,0.9,0.901
ru,syl,500,2,0.996,0.996
ru,token,100,2,0.324,0.317
ru,pos_syl,500,1,0.992,0.992
ru,pos,100,1,0.424,0.408
ru,token,500,2,0.612,0.619
ru,pos,500,1,0.868,0.869
ru,token,300,2,0.432,0.414
ru,pos,300,1,0.644,0.64
ru,pos,100,2,0.552,0.549
ru,pos,500,2,0.988,0.988
ru,syl,100,1,0.572,0.578
ru,syl,500,1,0.892,0.89
ru,syl,100,2,0.872,0.872
ru,pos_syl,500,2,1,1
ru,pos_syl,100,1,0.58,0.577
ru,pos,300,2,0.812,0.814
ru,pos,500,2,0.956,0.956
ru,syl,300,1,0.784,0.788
ru,syl,500,1,0.944,0.944
ru,syl,500,2,1,1
ru,pos_syl,500,1,0.996,0.996
ru,pos_syl,100,2,0.784,0.772
ru,token,750,1,0.912,0.91
ru,syl,300,2,0.996,0.996
ru,pos_syl,300,1,0.988,0.988
ru,syl,500,2,1,1
ru,token,200,1,0.72,0.717
ru,pos_syl,500,1,0.992,0.992
ru,pos_syl,500,2,1,1
ru,pos_syl,300,2,0.984,0.984
ru,token,200,2,0.496,0.493
ru,pos,200,1,0.54,0.531
ru,pos_syl,500,2,0.996,0.996
ru,token,750,1,0.892,0.891
ru,token,500,1,0.876,0.874
ru,token,750,2,0.848,0.848
ru,pos,200,2,0.828,0.826
ru,pos,750,1,0.848,0.839
ru,syl,200,1,0.636,0.618
ru,token,750,1,0.924,0.921
ru,syl,200,2,0.92,0.92
ru,pos_syl,200,1,0.872,0.872
ru,token,500,2,0.656,0.655
ru,pos,500,1,0.808,0.808
ru,pos,750,2,0.932,0.933
ru,syl,750,1,0.916,0.915
ru,pos_syl,200,2,0.948,0.948
ru,token,750,2,0.716,0.715
ru,pos,750,1,0.912,0.912
ru,token,300,1,0.78,0.78
ru,token,750,2,0.792,0.794
ru,pos,750,1,0.908,0.909
ru,pos,500,2,0.916,0.915
ru,syl,500,1,0.936,0.935
ru,syl,750,2,1,1
ru,pos_syl,750,1,0.996,0.996
ru,pos,750,2,0.944,0.944
ru,syl,750,1,0.976,0.976
ru,token,300,2,0.616,0.615
ru,pos,300,1,0.572,0.554
ru,syl,500,2,1,1
ru,pos_syl,500,1,0.996,0.996
ru,pos,750,2,0.996,0.996
ru,syl,750,1,0.896,0.896
ru,pos,300,2,0.788,0.786
ru,syl,300,1,0.716,0.679
ru,syl,750,2,1,1
ru,pos_syl,750,2,1,1
ru,pos_syl,750,1,0.996,0.996
ru,pos_syl,500,2,1,1
ru,syl,300,2,0.968,0.968
ru,pos_syl,300,1,0.948,0.947
ru,syl,750,2,1,1
ru,token,1000,1,0.908,0.904
ru,pos_syl,750,1,1,1
ru,token,750,1,0.984,0.984
ru,pos_syl,750,2,1,1
ru,pos_syl,300,2,1,1
ru,token,500,1,0.8,0.796
ru,token,1000,1,0.984,0.984
ru,pos_syl,750,2,1,1
ru,token,750,2,0.812,0.808
ru,token,1000,1,0.964,0.963
ru,pos,750,1,0.876,0.875
ru,token,1000,2,0.864,0.864
ru,pos,1000,1,0.976,0.976
ru,token,500,2,0.584,0.58
ru,pos,500,1,0.752,0.744
ru,pos,750,2,0.988,0.988
ru,syl,750,1,0.904,0.905
ru,token,1000,2,0.824,0.823
ru,pos,500,2,0.892,0.89
ru,pos,1000,1,0.988,0.988
ru,syl,500,1,0.848,0.848
ru,pos,1000,2,1,1
ru,syl,1000,1,0.944,0.943
ru,token,1000,2,0.796,0.794
ru,syl,500,2,1,1
ru,pos,1000,1,0.972,0.972
ru,syl,750,2,1,1
ru,pos_syl,500,1,0.972,0.972
ru,pos_syl,750,1,1,1
ru,pos,1000,2,1,1
ru,syl,1000,1,0.976,0.976
ru,syl,1000,2,1,1
ru,pos_syl,1000,1,0.996,0.996
ru,pos_syl,500,2,1,1
ru,pos,1000,2,1,1
ru,syl,1000,1,0.936,0.937
ru,pos_syl,750,2,1,1
ru,token,750,1,0.892,0.891
ru,syl,1000,2,1,1
ru,pos_syl,1000,1,1,1
ru,token,1000,1,0.944,0.944
ru,pos_syl,1000,2,1,1
ru,syl,1000,2,1,1
ru,pos_syl,1000,1,1,1
ru,token,25,1,0.296,0.296
ru,token,25,2,0.292,0.302
ru,pos,25,1,0.48,0.471
ru,token,750,2,0.76,0.755
ru,pos_syl,1000,2,1,1
ru,pos,750,1,0.896,0.896
ru,pos,25,2,0.488,0.479
ru,syl,25,1,0.324,0.323
ru,token,25,1,0.296,0.299
ru,syl,25,2,0.5,0.495
ru,pos_syl,25,1,0.536,0.534
ru,pos_syl,1000,2,1,1
ru,token,25,2,0.18,0.178
ru,pos,25,1,0.388,0.397
ru,token,1000,2,0.82,0.817
ru,pos,1000,1,0.876,0.876
ru,token,25,1,0.296,0.298
ru,pos,750,2,1,1
ru,pos,25,2,0.316,0.314
ru,syl,750,1,0.94,0.937
ru,syl,25,1,0.284,0.274
ru,syl,25,2,0.44,0.433
ru,token,25,2,0.192,0.19
ru,pos,25,1,0.276,0.271
ru,pos_syl,25,1,0.38,0.364
ru,pos,25,2,0.312,0.319
ru,pos_syl,25,2,0.584,0.577
ru,syl,25,1,0.356,0.346
ru,syl,750,2,1,1
ru,syl,25,2,0.396,0.378
ru,token,50,1,0.28,0.271
ru,pos_syl,750,1,1,1
ru,pos_syl,25,1,0.468,0.475
ru,pos,1000,2,0.98,0.98
ru,syl,1000,1,0.944,0.943
ru,token,50,2,0.2,0.171
ru,pos,50,1,0.296,0.296
ru,pos_syl,25,2,0.504,0.511
ru,pos,50,2,0.324,0.319
ru,token,50,1,0.272,0.254
ru,syl,50,1,0.384,0.384
ru,pos_syl,750,2,1,1
ru,syl,50,2,0.8,0.799
ru,syl,1000,2,1,1
ru,pos_syl,25,2,0.62,0.623
ru,pos_syl,50,1,0.604,0.606
ru,pos_syl,1000,1,1,1
ru,token,50,2,0.18,0.163
ru,pos,50,1,0.352,0.349
ru,token,50,1,0.432,0.422
ru,pos_syl,50,2,0.72,0.713
ru,token,1000,1,0.972,0.972
ru,pos,50,2,0.344,0.348
ru,syl,50,1,0.536,0.541
ru,token,100,1,0.56,0.555
ru,token,50,2,0.332,0.322
ru,syl,50,2,0.668,0.66
ru,pos,50,1,0.316,0.315
ru,pos_syl,50,1,0.408,0.411
ru,pos,50,2,0.36,0.362
ru,syl,50,1,0.444,0.442
ru,token,100,2,0.292,0.303
ru,pos_syl,1000,2,1,1
ru,pos_syl,50,2,0.672,0.672
ru,pos,100,1,0.428,0.432
ru,syl,50,2,0.712,0.7
ru,pos_syl,50,1,0.48,0.454
ru,token,100,1,0.576,0.571
ru,pos,100,2,0.4,0.398
ru,syl,100,1,0.552,0.547
ru,pos_syl,50,2,0.632,0.641
ru,syl,100,2,0.728,0.723
ru,pos_syl,100,1,0.712,0.715
ru,token,100,2,0.312,0.313
ru,token,100,1,0.5,0.493
ru,token,1000,2,0.896,0.896
ru,pos,100,1,0.368,0.366
ru,pos,1000,1,0.968,0.967
ru,pos_syl,100,2,0.824,0.82
ru,pos,100,2,0.356,0.358
ru,syl,100,1,0.524,0.493
ru,token,100,2,0.232,0.234
ru,pos,100,1,0.512,0.506
ru,syl,100,2,0.796,0.79
ru,token,200,1,0.744,0.741
ru,pos_syl,100,1,0.644,0.644
ru,pos,100,2,0.604,0.607
ru,syl,100,1,0.564,0.556
ru,syl,100,2,0.852,0.848
ru,token,25,1,0.312,0.304
ru,pos_syl,100,2,0.748,0.743
ru,pos,1000,2,0.988,0.988
ru,token,200,2,0.472,0.466
ru,pos_syl,100,1,0.732,0.729
ru,syl,1000,1,0.972,0.972
ru,pos,200,1,0.58,0.562
ru,token,25,2,0.256,0.24
ru,pos,25,1,0.22,0.215
ru,token,200,1,0.568,0.573
ru,pos_syl,100,2,0.916,0.916
ru,pos,200,2,0.652,0.647
ru,pos,25,2,0.412,0.427
ru,syl,200,1,0.788,0.789
ru,syl,25,1,0.368,0.351
ru,syl,25,2,0.448,0.443
ru,token,200,1,0.744,0.746
ru,syl,200,2,0.96,0.96
ru,pos_syl,25,1,0.304,0.291
ru,syl,1000,2,1,1
ru,token,200,2,0.404,0.402
ru,pos_syl,200,1,0.852,0.849
ru,pos,200,1,0.568,0.569
ru,pos_syl,1000,1,1,1
ru,token,200,2,0.408,0.404
ru,pos,200,2,0.708,0.705
ru,pos_syl,200,2,0.916,0.916
ru,pos,200,1,0.564,0.561
ru,syl,200,1,0.68,0.673
ru,syl,200,2,0.908,0.908
ru,token,300,1,0.752,0.748
ru,pos,200,2,0.668,0.669
ru,pos_syl,200,1,0.808,0.804
ru,syl,200,1,0.64,0.631
ru,pos_syl,25,2,0.652,0.65
ru,pos_syl,1000,2,1,1
ru,syl,200,2,0.932,0.932
ru,token,50,1,0.408,0.41
ru,pos_syl,200,1,0.848,0.845
ru,pos_syl,200,2,0.964,0.964
ru,token,25,1,0.372,0.375
ru,token,300,2,0.504,0.5
ru,pos,300,1,0.688,0.677
ru,token,50,2,0.296,0.286
ru,token,25,2,0.24,0.195
ru,token,300,1,0.8,0.798
ru,pos,50,1,0.308,0.307
ru,pos_syl,200,2,0.98,0.98
ru,pos,25,1,0.256,0.253
ru,pos,50,2,0.452,0.455
ru,pos,25,2,0.416,0.42
ru,pos,300,2,0.788,0.786
ru,syl,50,1,0.26,0.262
ru,syl,25,1,0.32,0.308
ru,syl,300,1,0.848,0.848
ru,token,300,1,0.544,0.543
ru,syl,50,2,0.676,0.669
ru,syl,25,2,0.456,0.436
ru,pos_syl,50,1,0.484,0.486
ru,pos_syl,25,1,0.304,0.304
ru,token,300,2,0.512,0.518
ru,syl,300,2,0.968,0.968
ru,pos,300,1,0.696,0.691
ru,pos_syl,300,1,0.916,0.912
ru,pos_syl,50,2,0.568,0.562
ru,token,300,2,0.404,0.389
ru,pos,300,1,0.612,0.608
ru,pos,300,2,0.852,0.851
ru,token,100,1,0.56,0.565
ru,syl,300,1,0.82,0.818
ru,pos_syl,300,2,0.992,0.992
ru,syl,300,2,0.984,0.984
ru,pos_syl,25,2,0.492,0.485
ru,pos,300,2,0.764,0.756
ru,syl,300,1,0.784,0.784
ru,token,100,2,0.368,0.366
ru,pos_syl,300,1,0.952,0.951
ru,token,500,1,0.952,0.952
ru,pos,100,1,0.288,0.289
ru,token,50,1,0.42,0.419
ru,syl,300,2,0.968,0.968
ru,pos,100,2,0.588,0.596
ru,syl,100,1,0.544,0.541
ru,pos_syl,300,1,0.968,0.968
ru,pos_syl,300,2,0.992,0.992
ru,syl,100,2,0.712,0.712
ru,token,50,2,0.256,0.26
ru,pos,50,1,0.472,0.47
ru,pos_syl,100,1,0.72,0.72
ru,token,500,1,0.896,0.893
ru,pos_syl,300,2,0.996,0.996
ru,pos,50,2,0.464,0.473
ru,token,500,2,0.704,0.701
ru,syl,50,1,0.404,0.408
ru,pos,500,1,0.848,0.849
ru,pos_syl,100,2,0.86,0.86
ru,syl,50,2,0.62,0.615
ru,pos_syl,50,1,0.532,0.534
ru,token,500,1,0.888,0.884
ru,token,200,1,0.672,0.667
ru,pos_syl,50,2,0.5,0.504
ru,pos,500,2,0.924,0.924
ru,syl,500,1,0.928,0.928
ru,token,500,2,0.784,0.783
ru,token,100,1,0.46,0.465
ru,token,200,2,0.392,0.4
ru,pos,500,1,0.836,0.831
ru,pos,200,1,0.632,0.625
ru,syl,500,2,1,1
ru,token,500,2,0.624,0.626
ru,pos_syl,500,1,0.936,0.934
ru,token,100,2,0.38,0.381
ru,pos,500,1,0.78,0.782
ru,pos,100,1,0.444,0.443
ru,pos,200,2,0.688,0.677
ru,syl,200,1,0.76,0.749
ru,pos,500,2,0.924,0.922
ru,syl,500,1,0.948,0.948
ru,pos,100,2,0.552,0.552
ru,syl,200,2,0.916,0.916
ru,syl,100,1,0.82,0.813
ru,pos_syl,200,1,0.868,0.866
ru,syl,100,2,0.856,0.853
ru,pos,500,2,0.968,0.968
ru,pos_syl,500,2,1,1
ru,syl,500,1,0.768,0.762
ru,pos_syl,100,1,0.788,0.784
ru,syl,500,2,1,1
ru,pos_syl,500,1,1,1
ru,pos_syl,200,2,0.948,0.947
ru,pos_syl,100,2,0.884,0.884
ru,token,750,1,0.948,0.948
ru,syl,500,2,1,1
ru,pos_syl,500,1,0.948,0.946
ru,token,300,1,0.812,0.803
ru,token,200,1,0.592,0.591
ru,pos_syl,500,2,1,1
ru,pos_syl,500,2,1,1
ru,token,200,2,0.46,0.453
ru,token,300,2,0.428,0.418
ru,token,750,1,0.944,0.942
ru,pos,200,1,0.516,0.505
ru,pos,300,1,0.648,0.64
ru,token,750,1,0.92,0.919
ru,token,750,2,0.8,0.802
ru,pos,200,2,0.604,0.604
ru,pos,750,1,0.896,0.895
ru,syl,200,1,0.716,0.719
ru,pos,300,2,0.784,0.78
ru,syl,300,1,0.828,0.814
ru,syl,200,2,0.916,0.917
ru,pos_syl,200,1,0.78,0.776
ru,syl,300,2,0.984,0.984
ru,pos_syl,300,1,0.908,0.907
ru,pos,750,2,0.968,0.968
ru,token,750,2,0.752,0.743
ru,syl,750,1,0.864,0.861
ru,pos_syl,200,2,0.944,0.943
ru,pos,750,1,0.844,0.841
ru,pos_syl,300,2,0.972,0.972
ru,token,300,1,0.796,0.789
ru,token,750,2,0.708,0.702
ru,pos,750,1,0.868,0.866
ru,token,500,1,0.864,0.856
ru,syl,750,2,1,1
ru,pos_syl,750,1,1,1
ru,pos,750,2,0.952,0.952
ru,syl,750,1,0.908,0.907
ru,token,300,2,0.508,0.507
ru,pos,300,1,0.712,0.704
ru,pos,750,2,0.992,0.992
ru,syl,750,1,0.864,0.865
ru,syl,750,2,1,1
ru,pos,300,2,0.8,0.796
ru,token,500,2,0.616,0.62
ru,pos_syl,750,2,1,1
ru,syl,300,1,0.9,0.9
ru,pos_syl,750,1,0.98,0.98
ru,pos,500,1,0.812,0.81
ru,syl,300,2,0.98,0.98
ru,syl,750,2,0.996,0.996
ru,pos_syl,300,1,0.904,0.901
ru,token,1000,1,0.936,0.935
ru,pos_syl,750,1,0.996,0.996
ru,pos,500,2,0.928,0.927
ru,syl,500,1,0.912,0.911
ru,pos_syl,750,2,1,1
ru,pos_syl,300,2,0.992,0.992
ru,syl,500,2,1,1
ru,pos_syl,500,1,0.98,0.98
ru,token,500,1,0.864,0.864
ru,pos_syl,750,2,1,1
ru,token,1000,1,1,1
ru,token,1000,1,0.956,0.955
ru,pos_syl,500,2,1,1
ru,token,1000,2,0.844,0.844
ru,pos,1000,1,0.884,0.883
ru,token,500,2,0.616,0.605
ru,pos,500,1,0.868,0.865
ru,token,750,1,0.9,0.9
ru,pos,500,2,0.972,0.972
ru,token,1000,2,0.804,0.803
ru,syl,500,1,0.892,0.892
ru,pos,1000,1,0.928,0.928
ru,pos,1000,2,0.988,0.988
ru,syl,1000,1,0.936,0.935
ru,token,1000,2,0.872,0.872
ru,syl,500,2,0.984,0.984
ru,pos,1000,1,0.92,0.919
ru,pos_syl,500,1,0.984,0.984
ru,token,750,2,0.684,0.684
ru,pos,750,1,0.888,0.888
ru,pos,1000,2,0.972,0.972
ru,syl,1000,2,1,1
ru,syl,1000,1,0.956,0.956
ru,pos_syl,1000,1,1,1
ru,pos_syl,500,2,1,1
ru,pos,1000,2,0.968,0.968
ru,syl,1000,1,0.96,0.959
ru,pos,750,2,0.992,0.992
ru,syl,750,1,0.916,0.914
ru,token,750,1,0.86,0.856
ru,syl,1000,2,1,1
ru,pos_syl,1000,1,1,1
ru,pos_syl,1000,2,1,1
ru,syl,750,2,1,1
ru,syl,1000,2,1,1
ru,pos_syl,750,1,1,1
ru,token,25,1,0.324,0.327
ru,pos_syl,1000,1,1,1
ru,token,25,2,0.236,0.243
ru,pos,25,1,0.36,0.35
ru,token,750,2,0.696,0.692
ru,pos,750,1,0.928,0.928
ru,pos,25,2,0.436,0.44
ru,syl,25,1,0.284,0.272
ru,pos_syl,1000,2,1,1
ru,syl,25,2,0.572,0.557
ru,pos_syl,25,1,0.432,0.428
ru,pos_syl,750,2,1,1
ru,pos_syl,1000,2,1,1
ru,token,25,1,0.196,NaN
ru,pos,750,2,0.98,0.98
ru,syl,750,1,0.94,0.938
ru,token,1000,1,0.952,0.952
ru,token,25,2,0.344,0.323
ru,token,25,1,0.464,0.458
ru,pos,25,1,0.24,NaN
ru,token,25,2,0.128,NaN
ru,pos,25,2,0.292,0.279
ru,pos,25,1,0.328,0.324
ru,syl,25,1,0.332,0.312
ru,pos_syl,25,2,0.492,0.497
ru,syl,25,2,0.412,0.408
ru,pos,25,2,0.452,0.444
ru,syl,750,2,1,1
ru,pos_syl,25,1,0.38,0.377
ru,syl,25,1,0.292,0.297
ru,syl,25,2,0.536,0.524
ru,token,50,1,0.26,0.26
ru,pos_syl,750,1,0.984,0.984
ru,pos_syl,25,1,0.412,0.403
ru,token,50,2,0.192,0.182
ru,pos,50,1,0.36,0.36
ru,pos,50,2,0.556,0.548
ru,syl,50,1,0.412,0.397
ru,pos_syl,750,2,1,1
ru,token,1000,2,0.832,0.831
ru,pos_syl,25,2,0.504,0.502
ru,syl,50,2,0.58,0.574
ru,pos,1000,1,0.984,0.984
ru,pos_syl,50,1,0.564,0.564
ru,pos_syl,25,2,0.556,0.547
ru,token,50,1,0.316,0.314
ru,token,50,1,0.348,0.358
ru,token,1000,1,0.948,0.947
ru,pos_syl,50,2,0.584,0.582
ru,token,50,2,0.372,0.363
ru,pos,50,1,0.24,0.233
ru,token,100,1,0.584,0.586
ru,token,50,2,0.288,0.276
ru,pos,50,1,0.36,0.358
ru,pos,50,2,0.376,0.376
ru,pos,1000,2,0.988,0.988
ru,syl,50,1,0.392,0.381
ru,syl,1000,1,0.936,0.936
ru,pos,50,2,0.54,0.535
ru,syl,50,2,0.564,0.545
ru,token,100,2,0.292,0.282
ru,syl,50,1,0.296,0.301
ru,pos,100,1,0.456,0.454
ru,pos_syl,50,1,0.46,0.453
ru,syl,50,2,0.572,0.554
ru,pos_syl,50,1,0.496,0.493
ru,pos,100,2,0.536,0.539
ru,syl,100,1,0.484,0.471
ru,pos_syl,50,2,0.56,0.563
ru,syl,100,2,0.748,0.741
ru,pos_syl,50,2,0.596,0.581
ru,syl,1000,2,1,1
ru,pos_syl,100,1,0.756,0.754
ru,token,100,1,0.496,0.503
ru,pos_syl,1000,1,1,1
ru,token,1000,2,0.804,0.801
ru,pos,1000,1,0.968,0.968
ru,token,100,1,0.512,0.51
ru,pos_syl,100,2,0.852,0.853
ru,token,100,2,0.344,0.324
ru,pos,100,1,0.436,0.434
ru,token,100,2,0.472,0.471
ru,pos,100,1,0.472,0.48
ru,token,200,1,0.712,0.712
ru,pos,100,2,0.552,0.553
ru,syl,100,1,0.568,0.563
ru,pos,100,2,0.66,0.66
ru,syl,100,1,0.54,0.518
ru,syl,100,2,0.872,0.869
ru,pos_syl,1000,2,1,1
ru,pos,1000,2,0.976,0.976
ru,syl,1000,1,0.976,0.976
ru,syl,100,2,0.872,0.871
ru,pos_syl,100,1,0.64,0.634
ru,token,200,2,0.496,0.493
ru,pos_syl,100,1,0.696,0.689
ru,pos,200,1,0.524,0.524
ru,pos_syl,100,2,0.892,0.891
ru,pos_syl,100,2,0.828,0.829
ru,pos,200,2,0.64,0.644
ru,syl,200,1,0.776,0.775
ru,token,25,1,0.32,0.31
ru,token,200,1,0.516,0.521
ru,syl,1000,2,1,1
ru,token,200,1,0.608,0.61
ru,syl,200,2,0.92,0.92
ru,token,25,2,0.252,0.26
ru,pos,25,1,0.332,0.328
ru,pos_syl,1000,1,1,1
ru,pos_syl,200,1,0.84,0.839
ru,pos,25,2,0.492,0.488
ru,syl,25,1,0.336,0.314
ru,token,200,2,0.376,0.368
ru,pos,200,1,0.596,0.592
ru,syl,25,2,0.448,0.441
ru,token,200,2,0.452,0.454
ru,pos_syl,200,2,0.948,0.948
ru,pos_syl,25,1,0.436,0.43
ru,pos,200,1,0.62,0.621
ru,pos,200,2,0.744,0.738
ru,syl,200,1,0.616,0.603
ru,token,300,1,0.764,0.761
ru,pos,200,2,0.808,0.809
ru,syl,200,1,0.612,0.611
ru,syl,200,2,0.884,0.885
ru,pos_syl,1000,2,1,1
ru,syl,200,2,0.892,0.894
ru,pos_syl,200,1,0.86,0.858
ru,pos_syl,200,1,0.868,0.865
ru,pos_syl,25,2,0.472,0.472
ru,token,300,2,0.512,0.5
ru,token,25,1,0.3,0.297
ru,pos,300,1,0.616,0.61
ru,pos_syl,200,2,0.96,0.96
ru,token,50,1,0.436,0.444
ru,pos_syl,200,2,1,1
ru,token,25,2,0.16,NaN
ru,pos,25,1,0.208,0.209
ru,token,300,1,0.816,0.813
ru,pos,300,2,0.864,0.864
ru,token,300,1,0.784,0.774
ru,pos,25,2,0.304,0.295
ru,token,50,2,0.3,0.302
ru,syl,300,1,0.736,0.722
ru,syl,25,1,0.54,0.518
ru,pos,50,1,0.324,0.325
ru,syl,25,2,0.52,0.512
ru,pos_syl,25,1,0.576,0.573
ru,syl,300,2,0.948,0.948
ru,pos,50,2,0.5,0.488
ru,syl,50,1,0.4,0.4
ru,pos_syl,300,1,0.876,0.876
ru,token,300,2,0.42,0.422
ru,syl,50,2,0.672,0.67
ru,pos,300,1,0.632,0.628
ru,pos_syl,50,1,0.46,0.463
ru,token,300,2,0.608,0.587
ru,pos,300,1,0.668,0.662
ru,pos_syl,300,2,0.956,0.956
ru,pos_syl,50,2,0.616,0.622
ru,pos,300,2,0.808,0.809
ru,syl,300,1,0.672,0.662
ru,pos,300,2,0.916,0.915
ru,syl,300,1,0.792,0.792
ru,token,100,1,0.608,0.605
ru,pos_syl,25,2,0.66,0.665
ru,token,500,1,0.908,0.908
ru,syl,300,2,0.972,0.972
ru,pos_syl,300,1,0.936,0.934
ru,syl,300,2,0.992,0.992
ru,token,50,1,0.392,0.404
ru,pos_syl,300,1,0.912,0.911
ru,token,100,2,0.324,0.317
ru,pos,100,1,0.376,0.369
ru,token,50,2,0.312,0.298
ru,pos,50,1,0.32,0.31
ru,pos_syl,300,2,0.968,0.968
ru,pos,100,2,0.524,0.512
ru,syl,100,1,0.528,0.506
ru,pos_syl,300,2,0.984,0.984
ru,token,500,2,0.66,0.665
ru,syl,100,2,0.768,0.763
ru,pos,50,2,0.496,0.491
ru,pos,500,1,0.88,0.882
ru,syl,50,1,0.416,0.414
ru,pos_syl,100,1,0.612,0.602
ru,token,500,1,0.888,0.886
ru,syl,50,2,0.612,0.608
ru,token,500,1,0.928,0.928
ru,pos_syl,50,1,0.58,0.578
ru,pos_syl,100,2,0.86,0.856
ru,pos_syl,50,2,0.564,0.562
ru,pos,500,2,0.96,0.96
ru,syl,500,1,0.888,0.886
ru,token,200,1,0.712,0.715
ru,token,100,1,0.444,0.44
ru,token,500,2,0.608,0.605
ru,token,500,2,0.724,0.722
ru,syl,500,2,1,1
ru,pos,500,1,0.784,0.784
ru,pos,500,1,0.828,0.827
ru,pos_syl,500,1,0.992,0.992
ru,token,200,2,0.488,0.479
ru,token,100,2,0.356,0.357
ru,pos,200,1,0.604,0.604
ru,pos,100,1,0.432,0.422
ru,pos,100,2,0.624,0.624
ru,pos,500,2,0.928,0.928
ru,syl,100,1,0.612,0.6
ru,syl,500,1,0.86,0.86
ru,pos,500,2,0.932,0.93
ru,pos,200,2,0.692,0.674
ru,syl,500,1,0.832,0.83
ru,syl,200,1,0.728,0.73
ru,syl,100,2,0.796,0.791
ru,pos_syl,500,2,1,1
ru,pos_syl,100,1,0.784,0.783
ru,syl,200,2,0.916,0.917
ru,syl,500,2,0.988,0.988
ru,pos_syl,200,1,0.844,0.842
ru,syl,500,2,1,1
ru,token,750,1,0.976,0.976
ru,pos_syl,500,1,0.992,0.992
ru,pos_syl,500,1,0.98,0.98
ru,pos_syl,100,2,0.804,0.804
ru,pos_syl,200,2,0.972,0.972
ru,token,200,1,0.696,0.687
ru,pos_syl,500,2,1,1
ru,token,300,1,0.724,0.719
ru,pos_syl,500,2,1,1
ru,token,200,2,0.444,0.441
ru,pos,200,1,0.58,0.57
ru,token,750,1,0.916,0.915
ru,token,750,1,0.94,0.94
ru,token,750,2,0.852,0.849
ru,token,300,2,0.484,0.478
ru,pos,750,1,0.872,0.872
ru,pos,300,1,0.632,0.63
ru,pos,200,2,0.684,0.679
ru,syl,200,1,0.756,0.74
ru,syl,200,2,0.924,0.925
ru,pos,300,2,0.796,0.794
ru,pos_syl,200,1,0.864,0.864
ru,syl,300,1,0.856,0.857
ru,pos,750,2,0.984,0.984
ru,syl,750,1,0.924,0.924
ru,syl,300,2,1,1
ru,pos_syl,200,2,0.964,0.964
ru,token,750,2,0.788,0.787
ru,pos_syl,300,1,0.948,0.946
ru,pos,750,1,0.888,0.888
ru,token,750,2,0.772,0.772
ru,pos,750,1,0.884,0.882
ru,token,300,1,0.756,0.755
ru,syl,750,2,1,1
ru,pos_syl,300,2,0.984,0.984
ru,pos_syl,750,1,1,1
ru,pos,750,2,0.984,0.984
ru,syl,750,1,0.864,0.864
ru,token,500,1,0.884,0.883
ru,pos,750,2,0.96,0.96
ru,token,300,2,0.616,0.616
ru,syl,750,1,0.9,0.901
ru,pos,300,1,0.676,0.674
ru,pos_syl,750,2,1,1
ru,pos,300,2,0.752,0.751
ru,syl,750,2,1,1
ru,syl,300,1,0.9,0.901
ru,syl,750,2,1,1
ru,pos_syl,750,1,0.988,0.988
ru,pos_syl,750,1,0.988,0.988
ru,token,500,2,0.64,0.644
ru,syl,300,2,0.988,0.988
ru,token,1000,1,0.988,0.988
ru,pos,500,1,0.804,0.802
ru,pos_syl,300,1,0.948,0.946
ru,pos_syl,300,2,1,1
ru,pos,500,2,0.912,0.913
ru,syl,500,1,0.908,0.901
ru,pos_syl,750,2,1,1
ru,pos_syl,750,2,1,1
ru,token,500,1,0.832,0.83
ru,syl,500,2,1,1
ru,token,1000,1,0.992,0.992
ru,token,1000,1,0.956,0.955
ru,pos_syl,500,1,0.984,0.984
ru,token,1000,2,0.832,0.834
ru,pos,1000,1,0.896,0.896
ru,pos_syl,500,2,0.996,0.996
ru,token,500,2,0.58,0.574
ru,pos,500,1,0.828,0.822
ru,token,750,1,0.956,0.956
ru,pos,500,2,0.932,0.933
ru,pos,1000,2,1,1
ru,syl,500,1,0.856,0.851
ru,syl,1000,1,0.972,0.972
ru,token,1000,2,0.86,0.861
ru,token,1000,2,0.852,0.851
ru,pos,1000,1,0.992,0.992
ru,pos,1000,1,0.976,0.976
ru,syl,500,2,1,1
ru,pos_syl,500,1,0.996,0.996
ru,syl,1000,2,1,1
ru,token,750,2,0.836,0.835
ru,pos_syl,1000,1,1,1
ru,pos,750,1,0.932,0.932
ru,pos,1000,2,0.988,0.988
ru,pos,1000,2,1,1
ru,syl,1000,1,0.984,0.984
ru,syl,1000,1,0.932,0.933
ru,pos_syl,500,2,1,1
ru,token,750,1,0.868,0.862
ru,pos,750,2,0.996,0.996
ru,syl,750,1,0.94,0.941
ru,syl,1000,2,1,1
ru,syl,1000,2,1,1
ru,pos_syl,1000,2,1,1
ru,pos_syl,1000,1,1,1
ru,pos_syl,1000,1,0.98,0.98
ru,syl,750,2,1,1
ru,token,25,1,0.284,0.293
ru,pos_syl,750,1,0.996,0.996
ru,token,25,2,0.224,0.229
ru,pos,25,1,0.296,0.291
ru,token,750,2,0.852,0.853
ru,pos,25,2,0.3,0.31
ru,pos,750,1,0.928,0.928
ru,syl,25,1,0.316,0.283
ru,pos_syl,1000,2,1,1
ru,pos_syl,1000,2,1,1
ru,syl,25,2,0.336,0.337
ru,pos_syl,25,1,0.436,0.432
ru,pos_syl,750,2,1,1
ru,token,25,1,0.248,0.25
ru,token,25,1,0.264,0.253
ru,pos,750,2,0.984,0.984
ru,syl,750,1,0.952,0.952
ru,token,25,2,0.208,NaN
ru,token,25,2,0.312,0.323
ru,token,1000,1,0.968,0.968
ru,pos,25,1,0.368,0.357
ru,pos,25,1,0.292,0.287
ru,pos,25,2,0.436,0.43
ru,pos,25,2,0.396,0.399
ru,syl,25,1,0.38,0.367
ru,pos_syl,25,2,0.552,0.557
ru,syl,25,1,0.344,0.338
ru,syl,25,2,0.428,0.425
ru,syl,25,2,0.54,0.538
ru,pos_syl,25,1,0.364,0.344
ru,token,50,1,0.412,0.424
ru,syl,750,2,1,1
ru,pos_syl,25,1,0.528,0.531
ru,pos_syl,750,1,1,1
ru,token,50,2,0.272,0.26
ru,pos,50,1,0.372,0.359
ru,pos,50,2,0.412,0.415
ru,syl,50,1,0.32,0.313
ru,pos_syl,25,2,0.62,0.622
ru,syl,50,2,0.644,0.635
ru,token,1000,2,0.812,0.811
ru,pos_syl,750,2,1,1
ru,pos_syl,50,1,0.484,0.486
ru,pos_syl,25,2,0.508,0.513
ru,pos,1000,1,0.872,0.871
ru,token,50,1,0.328,0.336
ru,token,50,1,0.316,0.329
ru,pos_syl,50,2,0.768,0.767
ru,token,1000,1,0.96,0.96
ru,token,50,2,0.232,NaN
ru,pos,50,1,0.52,0.492
ru,token,100,1,0.42,0.416
ru,token,50,2,0.284,0.285
ru,pos,50,1,0.32,0.314
ru,pos,50,2,0.516,0.508
ru,syl,50,1,0.456,0.446
ru,pos,50,2,0.404,0.415
ru,pos,1000,2,0.996,0.996
ru,syl,50,2,0.644,0.636
ru,syl,50,1,0.348,0.35
ru,syl,1000,1,0.848,0.851
ru,token,100,2,0.3,0.302
ru,pos,100,1,0.356,0.351
ru,syl,50,2,0.58,0.562
ru,pos_syl,50,1,0.516,0.509
ru,pos_syl,50,1,0.432,0.422
ru,pos,100,2,0.512,0.51
ru,syl,100,1,0.456,0.446
ru,pos_syl,50,2,0.744,0.732
ru,pos_syl,50,2,0.664,0.663
ru,syl,100,2,0.804,0.801
ru,pos_syl,100,1,0.68,0.68
ru,token,100,1,0.512,0.508
ru,syl,1000,2,1,1
ru,token,100,1,0.424,0.427
ru,pos_syl,1000,1,1,1
ru,token,1000,2,0.904,0.904
ru,pos,1000,1,0.9,0.899
ru,pos_syl,100,2,0.816,0.812
ru,token,100,2,0.32,0.321
ru,pos,100,1,0.348,0.343
ru,token,100,2,0.352,0.35
ru,pos,100,1,0.504,0.501
ru,token,200,1,0.64,0.638
ru,pos,100,2,0.54,0.541
ru,syl,100,1,0.552,0.546
ru,pos,100,2,0.596,0.592
ru,syl,100,1,0.648,0.644
ru,syl,100,2,0.764,0.762
ru,syl,100,2,0.872,0.868
ru,pos_syl,100,1,0.768,0.768
ru,token,200,2,0.424,0.413
ru,pos_syl,1000,2,1,1
ru,pos_syl,100,1,0.74,0.738
ru,pos,200,1,0.6,0.596
ru,pos,1000,2,0.98,0.98
ru,syl,1000,1,1,1
ru,pos_syl,100,2,0.82,0.82
ru,pos_syl,100,2,0.82,0.822
ru,pos,200,2,0.632,0.631
ru,syl,200,1,0.584,0.579
ru,token,200,1,0.708,0.706
ru,token,200,1,0.7,0.688
ru,syl,200,2,0.916,0.917
ru,pos_syl,200,1,0.772,0.771
ru,syl,1000,2,1,1
ru,pos_syl,1000,1,1,1
ru,token,25,1,0.388,0.396
ru,token,200,2,0.492,0.49
ru,pos,200,1,0.476,0.474
ru,token,200,2,0.38,0.384
ru,pos,200,1,0.46,0.456
ru,pos_syl,200,2,0.928,0.927
ru,token,25,2,0.292,0.276
ru,pos,25,1,0.268,NaN
ru,pos,200,2,0.772,0.76
ru,syl,200,1,0.604,0.603
ru,pos,25,2,0.288,0.27
ru,token,300,1,0.748,0.734
ru,pos,200,2,0.624,0.628
ru,syl,25,1,0.36,0.359
ru,syl,200,1,0.62,0.628
ru,syl,25,2,0.5,0.501
ru,syl,200,2,0.988,0.988
ru,pos_syl,25,1,0.296,0.279
ru,syl,200,2,0.908,0.907
ru,pos_syl,200,1,0.78,0.776
ru,pos_syl,1000,2,1,1
ru,pos_syl,200,1,0.852,0.849
ru,token,300,2,0.556,0.557
ru,pos,300,1,0.756,0.747
ru,pos_syl,200,2,0.956,0.956
ru,pos_syl,200,2,0.968,0.968
ru,token,25,1,0.26,0.26
ru,token,300,1,0.844,0.841
ru,pos,300,2,0.884,0.884
ru,token,300,1,0.768,0.773
ru,token,25,2,0.22,0.209
ru,syl,300,1,0.82,0.814
ru,pos_syl,25,2,0.528,0.537
ru,pos,25,1,0.38,0.372
ru,pos,25,2,0.352,0.357
ru,syl,300,2,0.964,0.963
ru,syl,25,1,0.172,0.166
ru,token,50,1,0.34,0.333
ru,syl,25,2,0.516,0.512
ru,pos_syl,300,1,0.908,0.905
ru,token,300,2,0.432,0.433
ru,pos_syl,25,1,0.316,0.315
ru,pos,300,1,0.664,0.665
ru,token,300,2,0.544,0.538
ru,pos,300,1,0.74,0.739
ru,token,50,2,0.248,0.253
ru,pos,50,1,0.236,0.231
ru,pos_syl,300,2,0.996,0.996
ru,pos,300,2,0.864,0.863
ru,pos,50,2,0.484,0.466
ru,syl,300,1,0.7,0.686
ru,syl,50,1,0.38,0.351
ru,pos,300,2,0.824,0.827
ru,syl,300,1,0.684,0.681
ru,syl,50,2,0.568,0.545
ru,token,500,1,0.86,0.859
ru,pos_syl,50,1,0.384,0.363
ru,syl,300,2,0.976,0.976
ru,syl,300,2,0.976,0.976
ru,pos_syl,300,1,0.928,0.928
ru,pos_syl,25,2,0.632,0.623
ru,pos_syl,300,1,0.932,0.931
ru,pos_syl,50,2,0.636,0.629
ru,token,50,1,0.252,0.26
ru,token,100,1,0.504,0.5
ru,pos_syl,300,2,0.976,0.976
ru,pos_syl,300,2,0.996,0.996
ru,token,50,2,0.268,0.272
ru,token,500,2,0.68,0.675
ru,pos,50,1,0.148,0.147
ru,pos,500,1,0.76,0.756
ru,token,100,2,0.376,0.384
ru,token,500,1,0.832,0.826
ru,pos,100,1,0.412,0.411
ru,token,500,1,0.884,0.881
ru,pos,50,2,0.408,0.395
ru,syl,50,1,0.4,0.403
ru,syl,50,2,0.648,0.642
ru,pos,100,2,0.468,0.467
ru,syl,100,1,0.58,0.572
ru,pos_syl,50,1,0.56,0.563
ru,pos,500,2,0.864,0.863
ru,syl,500,1,0.956,0.956
ru,syl,100,2,0.744,0.745
ru,pos_syl,100,1,0.696,0.693
ru,pos_syl,50,2,0.656,0.657
ru,token,500,2,0.52,0.523
ru,pos,500,1,0.776,0.773
ru,token,500,2,0.708,0.708
ru,syl,500,2,1,1
ru,token,100,1,0.372,0.378
ru,pos,500,1,0.78,0.779
ru,pos_syl,100,2,0.84,0.84
ru,pos_syl,500,1,0.956,0.955
ru,token,200,1,0.572,0.573
ru,token,100,2,0.488,0.487
ru,pos,100,1,0.368,0.357
ru,pos,500,2,0.92,0.92
ru,syl,500,1,0.88,0.877
ru,pos,500,2,0.944,0.943
ru,syl,500,1,0.888,0.886
ru,pos_syl,500,2,1,1
ru,pos,100,2,0.444,0.448
ru,syl,100,1,0.5,0.498
ru,token,200,2,0.572,0.574
ru,pos,200,1,0.656,0.652
ru,syl,100,2,0.752,0.755
ru,syl,500,2,1,1
ru,syl,500,2,1,1
ru,pos_syl,100,1,0.648,0.649
ru,token,750,1,0.892,0.892
ru,pos_syl,500,1,0.98,0.98
ru,pos_syl,500,1,0.992,0.992
ru,pos,200,2,0.712,0.716
ru,syl,200,1,0.664,0.667
ru,pos_syl,100,2,0.74,0.742
ru,syl,200,2,0.916,0.915
ru,pos_syl,200,1,0.84,0.836
ru,token,200,1,0.56,0.554
ru,pos_syl,500,2,0.996,0.996
ru,pos_syl,500,2,1,1
ru,pos_syl,200,2,0.952,0.951
ru,token,750,1,0.924,0.924
ru,token,750,1,0.932,0.931
ru,token,200,2,0.396,0.39
ru,pos,200,1,0.672,0.664
ru,token,750,2,0.808,0.804
ru,token,300,1,0.724,0.724
ru,pos,750,1,0.848,0.846
ru,pos,200,2,0.72,0.72
ru,syl,200,1,0.744,0.741
ru,syl,200,2,0.9,0.901
ru,token,300,2,0.6,0.601
ru,pos_syl,200,1,0.816,0.81
ru,pos,300,1,0.62,0.614
ru,pos,750,2,0.94,0.94
ru,syl,750,1,0.992,0.992
ru,token,750,2,0.872,0.872
ru,pos,750,1,0.896,0.895
ru,token,750,2,0.72,0.718
ru,pos_syl,200,2,0.932,0.931
ru,pos,750,1,0.984,0.984
ru,pos,300,2,0.884,0.884
ru,syl,300,1,0.744,0.739
ru,token,300,1,0.672,0.668
ru,syl,750,2,1,1
ru,syl,300,2,0.964,0.965
ru,pos_syl,750,1,0.992,0.992
ru,pos_syl,300,1,0.932,0.932
ru,pos,750,2,0.956,0.956
ru,syl,750,1,0.892,0.888
ru,pos,750,2,0.96,0.96
ru,syl,750,1,0.88,0.882
ru,token,300,2,0.56,0.557
ru,pos_syl,300,2,0.976,0.976
ru,pos,300,1,0.684,0.681
ru,pos_syl,750,2,1,1
ru,syl,750,2,1,1
ru,token,500,1,0.876,0.873
ru,pos_syl,750,1,1,1
ru,pos,300,2,0.84,0.836
ru,syl,750,2,1,1
ru,syl,300,1,0.752,0.747
ru,pos_syl,750,1,1,1
ru,token,1000,1,0.932,0.93
ru,syl,300,2,0.968,0.968
ru,pos_syl,300,1,0.96,0.96
ru,token,500,2,0.568,0.555
ru,pos_syl,750,2,1,1
ru,pos,500,1,0.816,0.816
ru,pos_syl,300,2,0.984,0.984
ru,pos_syl,750,2,1,1
ru,token,1000,1,0.948,0.948
ru,token,500,1,0.86,0.856
ru,pos,500,2,0.96,0.96
ru,token,1000,1,0.996,0.996
ru,syl,500,1,0.788,0.784
ru,token,1000,2,0.936,0.936
ru,syl,500,2,0.988,0.988
ru,pos,1000,1,0.928,0.927
ru,pos_syl,500,1,0.944,0.944
ru,token,500,2,0.716,0.7
ru,pos,500,1,0.728,0.73
ru,pos_syl,500,2,1,1
ru,pos,1000,2,0.988,0.988
ru,token,1000,2,0.832,0.831
ru,pos,500,2,0.968,0.968
ru,syl,1000,1,0.988,0.988
ru,pos,1000,1,0.9,0.9
ru,syl,500,1,0.828,0.815
ru,token,1000,2,0.832,0.83
ru,pos,1000,1,0.924,0.924
ru,token,750,1,0.916,0.915
ru,syl,500,2,1,1
ru,pos_syl,500,1,0.984,0.984
ru,syl,1000,2,1,1
ru,pos_syl,1000,1,1,1
ru,pos,1000,2,0.988,0.988
ru,syl,1000,1,0.872,0.87
ru,pos,1000,2,1,1
ru,syl,1000,1,0.968,0.968
ru,pos_syl,500,2,1,1
ru,token,750,2,0.864,0.864
ru,pos,750,1,0.896,0.897
ru,token,750,1,0.944,0.941
ru,syl,1000,2,1,1
ru,pos_syl,1000,2,1,1
ru,pos_syl,1000,1,0.992,0.992
ru,syl,1000,2,1,1
ru,pos_syl,1000,1,1,1
ru,token,25,1,0.292,0.283
ru,pos,750,2,0.988,0.988
ru,syl,750,1,0.912,0.913
ru,token,25,2,0.216,0.21
ru,pos,25,1,0.292,0.28
ru,pos,25,2,0.28,0.276
ru,syl,25,1,0.304,0.298
ru,token,750,2,0.768,0.771
ru,syl,750,2,1,1
ru,syl,25,2,0.472,0.476
ru,pos,750,1,0.868,0.865
ru,pos_syl,1000,2,1,1
ru,pos_syl,25,1,0.456,0.458
ru,pos_syl,750,1,1,1
ru,pos_syl,1000,2,1,1
ru,token,25,1,0.26,0.257
ru,token,25,1,0.276,0.279
ru,pos,750,2,0.956,0.956
ru,token,25,2,0.156,0.112
ru,syl,750,1,0.98,0.98
ru,token,25,2,0.184,NaN
ru,pos,25,1,0.264,0.258
ru,pos,25,1,0.332,0.323
ru,pos_syl,750,2,1,1
ru,pos,25,2,0.264,0.272
ru,pos_syl,25,2,0.616,0.62
ru,pos,25,2,0.364,0.362
ru,syl,25,1,0.42,0.41
ru,syl,25,1,0.472,0.463
ru,syl,25,2,0.5,0.488
ru,syl,25,2,0.468,0.461
ru,pos_syl,25,1,0.38,0.378
ru,token,50,1,0.328,0.328
ru,token,1000,1,0.96,0.96
ru,syl,750,2,1,1
ru,pos_syl,25,1,0.444,0.441
ru,pos_syl,750,1,1,1
ru,token,50,2,0.236,0.232
ru,pos,50,1,0.356,0.347
ru,pos,50,2,0.44,0.421
ru,syl,50,1,0.472,0.459
ru,syl,50,2,0.656,0.647
ru,pos_syl,25,2,0.5,0.491
ru,pos_syl,750,2,1,1
ru,pos_syl,50,1,0.62,0.61
ru,pos_syl,25,2,0.528,0.53
ru,token,50,1,0.36,0.376
ru,token,50,1,0.376,0.379
ru,pos_syl,50,2,0.568,0.563
ru,token,1000,1,0.98,0.98
ru,token,1000,2,0.916,0.915
ru,token,100,1,0.424,0.434
ru,token,50,2,0.284,0.26
ru,pos,1000,1,0.916,0.915
ru,pos,50,1,0.38,0.377
ru,token,50,2,0.34,0.332
ru,pos,50,1,0.464,0.462
ru,pos,50,2,0.504,0.49
ru,syl,50,1,0.548,0.538
ru,pos,50,2,0.512,0.505
ru,token,100,2,0.328,0.332
ru,syl,50,1,0.3,NaN
ru,syl,50,2,0.616,0.613
ru,pos,100,1,0.48,0.472
ru,syl,50,2,0.616,0.615
ru,pos_syl,50,1,0.668,0.653
ru,pos_syl,50,1,0.604,0.594
ru,pos,100,2,0.496,0.48
ru,syl,100,1,0.38,0.378
ru,pos_syl,50,2,0.688,0.691
ru,pos,1000,2,0.972,0.972
ru,syl,100,2,0.76,0.764
ru,pos_syl,50,2,0.612,0.611
ru,syl,1000,1,0.924,0.923
ru,pos_syl,100,1,0.604,0.6
ru,token,100,1,0.46,0.461
ru,token,100,1,0.508,0.504
ru,token,1000,2,0.868,0.865
ru,pos,1000,1,0.968,0.968
ru,pos_syl,100,2,0.764,0.762
ru,token,100,2,0.316,0.315
ru,token,100,2,0.268,0.264
ru,pos,100,1,0.368,0.371
ru,token,200,1,0.628,0.628
ru,pos,100,1,0.488,0.49
ru,syl,1000,2,1,1
ru,pos_syl,1000,1,1,1
ru,pos,100,2,0.512,0.516
ru,syl,100,1,0.472,0.438
ru,pos,100,2,0.588,0.592
ru,syl,100,1,0.468,0.453
ru,syl,100,2,0.864,0.862
ru,syl,100,2,0.852,0.851
ru,token,200,2,0.456,0.451
ru,pos_syl,100,1,0.712,0.713
ru,pos,200,1,0.58,0.577
ru,pos,1000,2,1,1
ru,pos_syl,100,1,0.708,0.705
ru,syl,1000,1,0.924,0.925
ru,pos_syl,100,2,0.86,0.857
ru,pos,200,2,0.712,0.709
ru,pos_syl,100,2,0.796,0.795
ru,syl,200,1,0.684,0.689
ru,token,200,1,0.692,0.69
ru,pos_syl,1000,2,1,1
ru,syl,200,2,0.952,0.952
ru,token,200,1,0.584,0.578
ru,pos_syl,200,1,0.864,0.863
ru,syl,1000,2,1,1
ru,pos_syl,1000,1,1,1
ru,token,200,2,0.456,0.45
ru,pos,200,1,0.688,0.686
ru,pos_syl,200,2,0.956,0.955
ru,token,25,1,0.288,0.279
ru,token,200,2,0.324,0.321
ru,pos,200,1,0.62,0.617
ru,token,25,2,0.252,0.231
ru,token,300,1,0.684,0.675
ru,pos,25,1,0.22,0.21
ru,pos,200,2,0.712,0.717
ru,syl,200,1,0.644,0.622
ru,pos,200,2,0.728,0.728
ru,syl,200,1,0.736,0.73
ru,pos,25,2,0.368,0.371
ru,syl,200,2,0.9,0.898
ru,syl,25,1,0.392,0.389
ru,syl,25,2,0.572,0.548
ru,syl,200,2,0.948,0.948
ru,pos_syl,200,1,0.82,0.818
ru,pos_syl,1000,2,1,1
ru,pos_syl,200,1,0.924,0.923
ru,pos_syl,25,1,0.488,0.491
ru,token,300,2,0.488,0.476
ru,token,25,1,0.264,0.24
ru,pos,300,1,0.596,0.585
ru,pos_syl,200,2,0.932,0.932
ru,token,25,2,0.244,NaN
ru,pos_syl,200,2,0.972,0.972
ru,pos,25,1,0.3,0.294
ru,pos,300,2,0.82,0.816
ru,token,300,1,0.884,0.883
ru,pos,25,2,0.368,0.378
ru,syl,300,1,0.836,0.835
ru,syl,25,1,0.172,NaN
ru,token,300,1,0.76,0.755
ru,syl,25,2,0.396,0.391
ru,pos_syl,25,1,0.364,0.368
ru,syl,300,2,0.984,0.984
ru,pos_syl,25,2,0.468,0.475
ru,pos_syl,300,1,0.948,0.948
ru,token,50,1,0.364,0.379
ru,token,300,2,0.696,0.697
ru,pos,300,1,0.708,0.712
ru,token,300,2,0.54,0.542
ru,pos,300,1,0.712,0.705
ru,pos_syl,300,2,0.984,0.984
ru,token,50,2,0.48,0.471
ru,pos,50,1,0.492,0.491
ru,pos,300,2,0.788,0.788
ru,syl,300,1,0.896,0.896
ru,pos_syl,25,2,0.56,0.558
ru,pos,300,2,0.752,0.754
ru,token,500,1,0.852,0.847
ru,pos,50,2,0.524,0.523
ru,syl,300,1,0.796,0.785
ru,syl,50,1,0.58,0.565
ru,syl,300,2,0.948,0.948
ru,syl,50,2,0.648,0.643
ru,token,50,1,0.448,0.449
ru,pos_syl,300,1,0.948,0.947
ru,pos_syl,50,1,0.488,0.482
ru,syl,300,2,0.98,0.98
ru,pos_syl,300,1,0.944,0.944
ru,token,50,2,0.256,0.222
ru,pos_syl,50,2,0.672,0.672
ru,pos,50,1,0.34,0.335
ru,pos_syl,300,2,0.976,0.976
ru,token,500,2,0.716,0.719
ru,token,100,1,0.504,0.506
ru,pos,50,2,0.428,0.444
ru,pos_syl,300,2,0.992,0.992
ru,pos,500,1,0.76,0.758
ru,syl,50,1,0.544,NaN
ru,syl,50,2,0.656,0.654
ru,token,500,1,0.864,0.863
ru,pos_syl,50,1,0.544,0.546
ru,token,100,2,0.324,0.33
ru,token,500,1,0.816,0.81
ru,pos,100,1,0.488,0.492
ru,pos_syl,50,2,0.596,0.581
ru,pos,500,2,0.948,0.947
ru,syl,500,1,0.868,0.867
ru,pos,100,2,0.592,0.595
ru,syl,100,1,0.548,0.544
ru,token,100,1,0.456,0.46
ru,syl,100,2,0.808,0.806
ru,pos_syl,100,1,0.64,0.641
ru,token,500,2,0.74,0.735
ru,syl,500,2,1,1
ru,pos,500,1,0.892,0.893
ru,pos_syl,500,1,1,1
ru,token,500,2,0.824,0.827
ru,token,100,2,0.304,0.295
ru,pos,500,1,0.712,0.706
ru,pos_syl,100,2,0.836,0.835
ru,pos,100,1,0.5,0.501
ru,pos,500,2,0.884,0.88
ru,token,200,1,0.732,0.731
ru,pos,100,2,0.46,0.446
ru,syl,500,1,0.776,0.779
ru,syl,100,1,0.624,0.603
ru,pos_syl,500,2,1,1
ru,pos,500,2,0.948,0.948
ru,syl,100,2,0.7,0.688
ru,syl,500,1,0.944,0.944
ru,pos_syl,100,1,0.776,0.764
ru,syl,500,2,0.996,0.996
ru,token,200,2,0.404,0.4
ru,token,750,1,0.924,0.923
ru,pos_syl,500,1,0.984,0.984
ru,pos,200,1,0.608,0.609
ru,syl,500,2,1,1
ru,pos_syl,100,2,0.748,0.744
ru,pos_syl,500,1,0.964,0.964
ru,pos,200,2,0.684,0.687
ru,syl,200,1,0.68,0.682
ru,token,200,1,0.684,0.685
ru,pos_syl,500,2,1,1
ru,syl,200,2,0.932,0.932
ru,pos_syl,200,1,0.884,0.884
ru,pos_syl,500,2,1,1
ru,token,200,2,0.432,0.432
ru,pos,200,1,0.508,0.497
ru,token,750,1,0.98,0.98
ru,token,750,2,0.76,0.753
ru,pos_syl,200,2,0.94,0.94
ru,pos,750,1,0.872,0.873
ru,token,750,1,0.9,0.895
ru,pos,200,2,0.636,0.64
ru,syl,200,1,0.684,0.69
ru,token,300,1,0.772,0.764
ru,syl,200,2,0.912,0.911
ru,pos_syl,200,1,0.788,0.777
ru,pos,750,2,0.992,0.992
ru,syl,750,1,0.912,0.913
ru,token,300,2,0.472,0.484
ru,pos_syl,200,2,0.952,0.952
ru,token,750,2,0.824,0.827
ru,pos,300,1,0.728,0.722
ru,pos,750,1,0.9,0.901
ru,token,750,2,0.772,0.767
ru,token,300,1,0.836,0.829
ru,pos,750,1,0.9,0.896
ru,syl,750,2,1,1
ru,pos,300,2,0.776,0.773
ru,syl,300,1,0.82,0.816
ru,pos_syl,750,1,1,1
ru,syl,300,2,0.968,0.968
ru,pos,750,2,0.98,0.98
ru,syl,750,1,0.944,0.944
ru,pos_syl,300,1,0.944,0.942
ru,token,300,2,0.52,0.517
ru,pos,300,1,0.592,0.587
ru,pos,750,2,0.996,0.996
ru,syl,750,1,0.828,0.825
ru,pos_syl,750,2,1,1
ru,pos_syl,300,2,1,1
ru,pos,300,2,0.776,0.772
ru,syl,750,2,1,1
ru,syl,300,1,0.816,0.815
ru,pos_syl,750,1,1,1
ru,syl,750,2,0.996,0.996
ru,token,500,1,0.916,0.914
ru,syl,300,2,1,1
ru,token,1000,1,0.972,0.972
ru,pos_syl,750,1,1,1
ru,pos_syl,300,1,0.928,0.928
ru,pos_syl,300,2,0.992,0.992
ru,pos_syl,750,2,1,1
ru,pos_syl,750,2,1,1
ru,token,500,2,0.708,0.707
ru,pos,500,1,0.792,0.79
ru,token,500,1,0.86,0.857
ru,token,1000,1,0.992,0.992
ru,token,1000,1,0.964,0.964
ru,pos,500,2,0.924,0.923
ru,syl,500,1,0.904,0.902
ru,token,1000,2,0.86,0.86
ru,pos,1000,1,0.976,0.976
ru,token,500,2,0.732,0.732
ru,pos,500,1,0.868,0.867
ru,syl,500,2,1,1
ru,pos_syl,500,1,0.992,0.992
ru,pos,500,2,0.956,0.956
ru,syl,500,1,0.948,0.948
ru,token,1000,2,0.776,0.773
ru,pos,1000,2,0.964,0.964
ru,syl,1000,1,0.944,0.944
ru,pos,1000,1,0.94,0.94
ru,pos_syl,500,2,0.996,0.996
ru,token,1000,2,0.82,0.819
ru,pos,1000,1,0.916,0.916
ru,syl,500,2,1,1
ru,pos_syl,500,1,0.976,0.976
ru,token,750,1,0.952,0.952
ru,syl,1000,2,1,1
ru,pos_syl,1000,1,1,1
ru,pos,1000,2,1,1
ru,syl,1000,1,0.976,0.976
ru,pos_syl,500,2,0.996,0.996
ru,pos,1000,2,0.996,0.996
ru,syl,1000,1,0.912,0.91
ru,token,750,1,0.868,0.866
ru,token,750,2,0.864,0.864
ru,pos,750,1,0.94,0.94
ru,syl,1000,2,1,1
ru,pos_syl,1000,1,1,1
ru,pos_syl,1000,2,1,1
ru,syl,1000,2,1,1
ru,pos_syl,1000,1,1,1
ru,token,25,1,0.228,0.234
ru,pos,750,2,0.932,0.931
ru,token,25,2,0.224,0.2
ru,syl,750,1,0.912,0.911
ru,pos,25,1,0.232,0.217
ru,token,750,2,0.728,0.724
ru,pos,750,1,0.868,0.868
ru,pos,25,2,0.384,0.377
ru,pos_syl,1000,2,1,1
ru,syl,25,1,0.304,0.3
ru,syl,25,2,0.54,0.543
ru,pos_syl,1000,2,1,1
ru,pos_syl,25,1,0.372,0.375
ru,syl,750,2,1,1
ru,pos_syl,750,1,1,1
ru,token,25,1,0.352,0.357
ru,token,25,1,0.256,0.25
ru,pos,750,2,0.968,0.968
ru,syl,750,1,0.908,0.909
ru,token,25,2,0.26,0.221
ru,token,25,2,0.228,0.189
ru,pos,25,1,0.224,0.224
ru,pos,25,1,0.216,0.209
ru,pos,25,2,0.412,0.417
ru,pos,25,2,0.368,0.361
ru,syl,25,1,0.348,0.334
ru,syl,25,1,0.244,0.215
ru,syl,25,2,0.608,0.596
ru,syl,25,2,0.452,0.446
ru,pos_syl,750,2,1,1
ru,syl,750,2,0.996,0.996
ru,pos_syl,25,2,0.448,0.452
ru,pos_syl,25,1,0.376,0.377
ru,pos_syl,25,1,0.328,0.335
ru,pos_syl,750,1,0.996,0.996
ru,token,50,1,0.328,0.333
ru,token,1000,1,0.944,0.944
ru,token,50,2,0.308,0.275
ru,pos,50,1,0.46,0.455
ru,pos_syl,750,2,1,1
ru,pos_syl,25,2,0.568,0.563
ru,pos,50,2,0.42,0.419
ru,pos_syl,25,2,0.436,0.44
ru,syl,50,1,0.412,0.397
ru,syl,50,2,0.704,0.703
ru,token,50,1,0.212,0.217
ru,token,50,1,0.52,0.528
ru,pos_syl,50,1,0.6,0.594
ru,token,1000,1,0.968,0.967
ru,pos_syl,50,2,0.66,0.657
ru,token,50,2,0.252,0.25
ru,token,50,2,0.272,NaN
ru,pos,50,1,0.408,0.416
ru,pos,50,1,0.284,0.275
ru,token,1000,2,0.784,0.784
ru,token,100,1,0.508,0.508
ru,pos,1000,1,0.88,0.88
ru,pos,50,2,0.464,0.468
ru,pos,50,2,0.532,0.536
ru,syl,50,1,0.448,0.436
ru,syl,50,1,0.372,0.378
ru,syl,50,2,0.536,0.531
ru,syl,50,2,0.752,0.732
ru,pos_syl,50,1,0.576,0.578
ru,pos_syl,50,1,0.664,0.649
ru,token,100,2,0.4,0.401
ru,pos,100,1,0.472,0.46
ru,pos_syl,50,2,0.648,0.645
ru,pos_syl,50,2,0.612,0.618
ru,pos,100,2,0.58,0.59
ru,syl,100,1,0.5,0.48
ru,token,100,1,0.508,0.51
ru,syl,100,2,0.82,0.812
ru,pos,1000,2,0.976,0.976
ru,token,100,1,0.568,0.566
ru,token,1000,2,0.848,0.845
ru,syl,1000,1,0.948,0.948
ru,pos_syl,100,1,0.644,0.639
ru,pos,1000,1,0.964,0.964
ru,token,100,2,0.248,0.244
ru,token,100,2,0.28,0.289
ru,pos_syl,100,2,0.86,0.858
ru,pos,100,1,0.436,0.431
ru,pos,100,1,0.264,0.247
ru,pos,100,2,0.496,0.503
ru,token,200,1,0.596,0.598
ru,pos,100,2,0.624,0.625
ru,syl,100,1,0.452,0.436
ru,syl,100,1,0.448,0.433
ru,syl,1000,2,1,1
ru,syl,100,2,0.868,0.863
ru,syl,100,2,0.748,0.741
ru,pos_syl,1000,1,1,1
ru,pos,1000,2,0.984,0.984
ru,pos_syl,100,1,0.708,0.71
ru,syl,1000,1,0.896,0.896
ru,pos_syl,100,1,0.62,0.617
ru,token,200,2,0.464,0.466
ru,pos,200,1,0.508,0.51
ru,pos_syl,100,2,0.764,0.76
ru,pos_syl,100,2,0.852,0.851
ru,pos,200,2,0.7,0.696
ru,token,200,1,0.6,0.602
ru,token,200,1,0.7,0.703
ru,syl,200,1,0.748,0.746
ru,syl,1000,2,1,1
ru,pos_syl,1000,2,1,1
ru,syl,200,2,0.96,0.96
ru,pos_syl,1000,1,0.996,0.996
ru,pos_syl,200,1,0.868,0.867
ru,token,200,2,0.404,0.394
ru,token,200,2,0.508,0.507
ru,pos,200,1,0.652,0.644
ru,pos,200,1,0.476,0.471
ru,token,25,1,0.228,0.216
ru,pos_syl,200,2,0.964,0.964
ru,token,25,2,0.36,0.357
ru,pos,25,1,0.26,0.254
ru,pos,200,2,0.752,0.746
ru,pos,200,2,0.672,0.676
ru,syl,200,1,0.64,0.636
ru,syl,200,1,0.736,0.731
ru,token,300,1,0.616,0.598
ru,pos,25,2,0.364,0.374
ru,syl,25,1,0.472,0.465
ru,syl,200,2,0.968,0.968
ru,pos_syl,1000,2,1,1
ru,syl,200,2,0.96,0.96
ru,syl,25,2,0.484,0.49
ru,pos_syl,200,1,0.812,0.806
ru,pos_syl,200,1,0.804,0.803
ru,pos_syl,25,1,0.42,0.423
ru,token,300,2,0.54,0.536
ru,pos_syl,200,2,0.956,0.956
ru,pos_syl,200,2,0.94,0.94
ru,pos,300,1,0.728,0.717
ru,token,25,1,0.408,0.405
ru,token,300,1,0.832,0.824
ru,token,300,1,0.764,0.765
ru,token,25,2,0.2,0.222
ru,pos,300,2,0.812,0.81
ru,syl,300,1,0.768,0.772
ru,pos,25,1,0.316,0.31
ru,pos_syl,25,2,0.544,0.535
ru,pos,25,2,0.356,0.364
ru,syl,25,1,0.296,0.284
ru,syl,300,2,0.976,0.976
ru,token,50,1,0.332,0.334
ru,syl,25,2,0.296,0.289
ru,token,300,2,0.64,0.635
ru,pos_syl,300,1,0.912,0.91
ru,token,300,2,0.436,0.428
ru,pos,300,1,0.624,0.618
ru,pos_syl,25,1,0.4,0.39
ru,pos,300,1,0.78,0.781
ru,token,50,2,0.316,0.291
ru,pos,50,1,0.436,0.431
ru,pos,300,2,0.88,0.879
ru,pos_syl,300,2,0.984,0.984
ru,pos,300,2,0.828,0.828
ru,syl,300,1,0.84,0.837
ru,syl,300,1,0.796,0.787
ru,pos,50,2,0.468,0.475
ru,syl,50,1,0.36,0.36
ru,syl,50,2,0.612,0.615
ru,syl,300,2,0.98,0.98
ru,syl,300,2,0.968,0.967
ru,token,500,1,0.936,0.935
ru,pos_syl,50,1,0.436,0.436
ru,pos_syl,300,1,0.956,0.956
ru,pos_syl,300,1,0.896,0.889
ru,pos_syl,25,2,0.552,0.552
ru,pos_syl,50,2,0.716,0.714
ru,token,50,1,0.384,0.386
ru,pos_syl,300,2,0.992,0.992
ru,pos_syl,300,2,0.996,0.996
ru,token,100,1,0.38,0.387
ru,token,50,2,0.252,0.253
ru,pos,50,1,0.276,0.27
ru,token,500,2,0.704,0.696
ru,token,500,1,0.832,0.831
ru,token,500,1,0.816,0.814
ru,pos,500,1,0.8,0.802
ru,token,100,2,0.348,0.348
ru,pos,50,2,0.484,0.477
ru,pos,100,1,0.492,0.495
ru,syl,50,1,0.496,0.494
ru,syl,50,2,0.708,0.707
ru,pos_syl,50,1,0.468,0.465
ru,pos,100,2,0.516,0.525
ru,syl,100,1,0.624,0.618
ru,pos,500,2,0.952,0.952
ru,syl,500,1,0.812,0.811
ru,syl,100,2,0.784,0.781
ru,pos_syl,50,2,0.6,0.605
ru,pos_syl,100,1,0.68,0.67
ru,token,500,2,0.652,0.644
ru,token,500,2,0.564,0.565
ru,pos,500,1,0.74,0.738
ru,pos,500,1,0.916,0.915
ru,token,100,1,0.516,0.501
ru,syl,500,2,0.992,0.992
ru,pos_syl,100,2,0.852,0.851
ru,pos_syl,500,1,0.98,0.98
ru,token,200,1,0.596,0.591
ru,token,100,2,0.416,0.408
ru,pos,100,1,0.436,0.442
ru,pos,500,2,0.932,0.931
ru,pos,500,2,0.94,0.94
ru,syl,500,1,0.904,0.903
ru,syl,500,1,0.852,0.854
ru,pos,100,2,0.532,0.53
ru,pos_syl,500,2,0.996,0.996
ru,syl,100,1,0.416,0.405
ru,token,200,2,0.48,0.485
ru,syl,100,2,0.736,0.733
ru,pos,200,1,0.528,0.529
ru,syl,500,2,1,1
ru,syl,500,2,0.996,0.996
ru,pos_syl,100,1,0.692,0.691
ru,pos_syl,500,1,0.98,0.98
ru,pos_syl,500,1,0.968,0.968
ru,token,750,1,0.924,0.924
ru,pos,200,2,0.768,0.77
ru,syl,200,1,0.676,0.676
ru,pos_syl,100,2,0.852,0.853
ru,syl,200,2,0.86,0.857
ru,pos_syl,500,2,1,1
ru,pos_syl,200,1,0.808,0.802
ru,token,200,1,0.656,0.656
ru,pos_syl,500,2,1,1
ru,token,750,1,0.968,0.967
ru,pos_syl,200,2,0.952,0.952
ru,token,750,1,0.796,0.763
ru,token,200,2,0.452,0.441
ru,pos,200,1,0.488,0.485
ru,token,750,2,0.88,0.88
ru,token,300,1,0.792,0.789
ru,pos,750,1,0.912,0.912
ru,pos,200,2,0.744,0.742
ru,syl,200,1,0.676,0.679
ru,syl,200,2,0.936,0.936
ru,pos_syl,200,1,0.832,0.827
ru,token,300,2,0.596,0.592
ru,pos,300,1,0.696,0.694
ru,pos,750,2,0.988,0.988
ru,syl,750,1,0.972,0.972
ru,token,750,2,0.852,0.854
ru,token,750,2,0.856,0.852
ru,pos,750,1,0.9,0.899
ru,pos,750,1,0.884,0.886
ru,pos_syl,200,2,0.952,0.952
ru,pos,300,2,0.808,0.802
ru,syl,300,1,0.792,0.773
ru,token,300,1,0.784,0.781
ru,syl,750,2,1,1
ru,syl,300,2,1,1
ru,pos_syl,750,1,1,1
ru,pos_syl,300,1,0.824,0.817
ru,pos,750,2,0.928,0.926
ru,pos,750,2,0.976,0.976
ru,syl,750,1,0.972,0.972
ru,syl,750,1,0.868,0.869
ru,token,300,2,0.652,0.65
ru,pos,300,1,0.692,0.693
ru,pos_syl,300,2,1,1
ru,syl,750,2,1,1
ru,syl,750,2,1,1
ru,pos_syl,750,2,1,1
ru,pos_syl,750,1,1,1
ru,token,500,1,0.816,0.813
ru,pos_syl,750,1,1,1
ru,pos,300,2,0.808,0.806
ru,syl,300,1,0.808,0.813
ru,token,1000,1,0.96,0.96
ru,syl,300,2,1,1
ru,pos_syl,300,1,0.912,0.911
ru,pos_syl,750,2,1,1
ru,pos_syl,750,2,1,1
ru,token,500,2,0.696,0.691
ru,pos,500,1,0.832,0.83
ru,pos_syl,300,2,0.976,0.976
ru,token,1000,1,0.976,0.976
ru,token,1000,1,0.956,0.956
ru,token,500,1,0.852,0.851
ru,pos,500,2,0.812,0.813
ru,syl,500,1,0.804,0.8
ru,token,1000,2,0.852,0.852
ru,pos,1000,1,0.916,0.914
ru,syl,500,2,0.996,0.996
ru,pos_syl,500,1,0.996,0.996
ru,token,500,2,0.636,0.633
ru,pos,500,1,0.688,0.681
ru,pos_syl,500,2,1,1
ru,token,1000,2,0.9,0.899
ru,pos,1000,1,0.956,0.956
ru,token,1000,2,0.86,0.858
ru,pos,500,2,0.872,0.872
ru,pos,1000,1,0.86,0.861
ru,pos,1000,2,0.968,0.968
ru,syl,500,1,0.908,0.908
ru,syl,1000,1,0.904,0.902
ru,token,750,1,0.916,0.914
ru,syl,500,2,1,1
ru,pos_syl,500,1,0.984,0.984
ru,syl,1000,2,1,1
ru,pos,1000,2,1,1
ru,syl,1000,1,0.932,0.931
ru,pos,1000,2,0.996,0.996
ru,syl,1000,1,0.98,0.98
ru,pos_syl,1000,1,0.956,0.955
ru,pos_syl,500,2,1,1
ru,token,750,2,0.744,0.742
ru,pos,750,1,0.912,0.91
ru,token,750,1,0.928,0.927
ru,syl,1000,2,1,1
ru,syl,1000,2,1,1
ru,pos_syl,1000,1,1,1
ru,pos_syl,1000,1,1,1
ru,pos_syl,1000,2,1,1
ru,pos,750,2,0.972,0.972
ru,syl,750,1,0.952,0.952
ru,pos_syl,1000,2,1,1
ru,pos_syl,1000,2,1,1
ru,token,750,2,0.744,0.739
ru,pos,750,1,0.912,0.912
ru,syl,750,2,0.996,0.996
ru,pos_syl,750,1,1,1
ru,pos,750,2,0.984,0.984
ru,syl,750,1,0.928,0.927
ru,pos_syl,750,2,1,1
ru,syl,750,2,1,1
ru,token,1000,1,0.92,0.918
ru,pos_syl,750,1,1,1
ru,pos_syl,750,2,1,1
ru,token,1000,1,0.952,0.95
ru,token,1000,2,0.844,0.843
ru,pos,1000,1,0.948,0.949
ru,pos,1000,2,0.992,0.992
ru,syl,1000,1,0.968,0.968
ru,token,1000,2,0.808,0.806
ru,pos,1000,1,0.968,0.968
ru,syl,1000,2,1,1
ru,pos_syl,1000,1,1,1
ru,pos,1000,2,0.992,0.992
ru,syl,1000,1,0.976,0.976
ru,pos_syl,1000,2,1,1
ru,syl,1000,2,1,1
ru,pos_syl,1000,1,1,1
ru,pos_syl,1000,2,1,1
